invoice_id,buyer_id,country_code,invoice_date,payment_method,terms_days,currency,amount_ccy,amount_usd,fx_krw_at_invoice,amount_krw_at_invoice,due_date,advance_pct,ksure_insured,dispute_flag,dispute_type,lc_discrepancy_days,settled_date,status,amount_krw_at_settle,fx_reval_krw,fx_gain_loss_krw
INV-2310-0001,B036,VNM,2023-10-01,TT_ADV,0,USD,15070.0,15070.0,1347.86,20312250.0,2023-10-01,1.0,N,0,,,2023-09-10,paid,20085748.0,,-226502.0
INV-2310-0002,B044,THA,2023-10-01,DA,90,USD,17740.0,17740.0,1347.86,23911036.0,2023-12-30,0.0,N,0,,,2024-01-03,paid,23152474.0,,-758562.0
INV-2310-0003,B050,USA,2023-10-01,OA,60,USD,4860.0,4860.0,1347.86,6550600.0,2023-11-30,0.0,Y,1,PRICE,,2023-11-26,paid,6347549.0,,-203051.0
INV-2310-0004,B050,USA,2023-10-01,OA,60,USD,14700.0,14700.0,1347.86,19813542.0,2023-11-30,0.0,Y,1,DOCS,,2023-12-07,paid,19292639.0,,-520903.0
INV-2310-0005,B135,TUR,2023-10-01,TT_SPLIT_30_70,30,USD,51890.0,51890.0,1347.86,69940455.0,2023-10-31,0.3,Y,0,,,2023-10-15,paid,69829878.0,,-110577.0
INV-2310-0006,B148,ARE,2023-10-02,OA,60,USD,6700.0,6700.0,1351.67,9056189.0,2023-12-01,0.0,N,0,,,2023-12-01,paid,8746515.0,,-309674.0
INV-2310-0007,B150,GBR,2023-10-02,TT_ADV,0,USD,20050.0,20050.0,1351.67,27100984.0,2023-10-02,1.0,N,0,,,2023-09-18,paid,26546000.0,,-554984.0
INV-2310-0008,B012,IDN,2023-10-03,DP,0,USD,3760.0,3760.0,1360.62,5115931.0,2023-10-17,0.0,N,0,,,2023-10-17,paid,5089536.0,,-26395.0
INV-2310-0009,B041,TUR,2023-10-03,OA,30,USD,2210.0,2210.0,1360.62,3006970.0,2023-11-02,0.0,Y,0,,,2023-10-24,paid,2967323.0,,-39647.0
INV-2310-0010,B060,IDN,2023-10-03,TT_ADV,0,USD,5770.0,5770.0,1360.62,7850777.0,2023-10-03,1.0,N,0,,,2023-09-22,paid,7712067.0,,-138710.0
INV-2310-0011,B064,USA,2023-10-03,TT_SPLIT_30_70,30,USD,16410.0,16410.0,1360.62,22327774.0,2023-11-02,0.3,Y,0,,,2023-11-02,paid,21953364.0,,-374410.0
INV-2310-0012,B140,USA,2023-10-03,OA,60,USD,5470.0,5470.0,1360.62,7442591.0,2023-12-02,0.0,Y,0,,,2023-11-29,paid,7071288.0,,-371303.0
INV-2310-0013,B022,IDN,2023-10-04,OA,90,USD,24190.0,24190.0,1362.94,32969519.0,2024-01-02,0.0,Y,0,,,2023-12-29,paid,31228564.0,,-1740955.0
INV-2310-0014,B041,TUR,2023-10-04,OA,30,USD,4820.0,4820.0,1362.94,6569371.0,2023-11-03,0.0,Y,0,,,2023-11-02,paid,6472226.0,,-97145.0
INV-2310-0015,B056,USA,2023-10-04,OA,90,USD,11150.0,11150.0,1362.94,15196781.0,2024-01-02,0.0,Y,0,,,2024-01-02,paid,14500798.0,,-695983.0
INV-2310-0016,B095,EGY,2023-10-04,OA,30,USD,20680.0,20680.0,1362.94,28185599.0,2023-11-03,0.0,Y,0,,,2023-11-03,paid,27339787.0,,-845812.0
INV-2310-0017,B101,IND,2023-10-04,DA,60,USD,15050.0,15050.0,1362.94,20512247.0,2023-12-03,0.0,Y,0,,,2023-12-03,paid,19647022.0,,-865224.0
INV-2310-0018,B102,GBR,2023-10-04,OA,60,USD,1590.0,1590.0,1362.94,2167075.0,2023-12-03,0.0,Y,0,,,2023-12-03,paid,2075666.0,,-91410.0
INV-2310-0019,B103,SAU,2023-10-04,OA,30,USD,30510.0,30510.0,1362.94,41583299.0,2023-11-03,0.0,Y,0,,,2023-11-03,paid,40335440.0,,-1247859.0
INV-2310-0020,B001,NLD,2023-10-05,OA,90,EUR,2560.0,2694.92,1421.38,3638733.0,2024-01-03,0.0,N,0,,,2024-01-03,paid,3644749.0,,6016.0
INV-2310-0021,B029,CHN,2023-10-05,OA,60,USD,6190.0,6190.0,1350.22,8357862.0,2023-12-04,0.0,Y,0,,,2024-01-02,paid,8050219.0,,-307643.0
INV-2310-0022,B087,TWN,2023-10-05,TT_SPLIT_30_70,30,USD,44040.0,44040.0,1350.22,59463689.0,2023-11-04,0.3,Y,0,,,2023-10-31,paid,59308448.0,,-155241.0
INV-2310-0023,B028,JPN,2023-10-06,OA,90,JPY,1225000.0,8217.08,9.0567,11094458.0,2024-01-04,0.0,Y,0,,,2024-01-03,paid,11137210.0,,42752.0
INV-2310-0024,B040,IND,2023-10-06,TT_ADV,0,USD,9550.0,9550.0,1350.17,12894124.0,2023-10-06,1.0,N,0,,,2023-09-19,paid,12683642.0,,-210482.0
INV-2310-0025,B041,TUR,2023-10-06,OA,30,USD,14770.0,14770.0,1350.17,19942011.0,2023-11-05,0.0,Y,0,,,2023-11-05,paid,19526531.0,,-415480.0
INV-2310-0026,B071,TWN,2023-10-06,OA,60,USD,8330.0,8330.0,1350.17,11246916.0,2023-12-05,0.0,Y,0,,,2023-11-20,paid,10758028.0,,-488888.0
INV-2310-0027,B131,NGA,2023-10-06,LC_SIGHT,0,USD,28890.0,28890.0,1350.17,39006411.0,2023-10-14,0.0,N,0,,0,2023-10-14,paid,38991388.0,,-15022.0
INV-2310-0028,B003,IDN,2023-10-07,DA,90,USD,11960.0,11960.0,1350.17,16148033.0,2024-01-05,0.0,N,0,,,2023-12-25,paid,15578378.0,,-569655.0
INV-2310-0029,B087,TWN,2023-10-07,TT_SPLIT_30_70,30,USD,15360.0,15360.0,1350.17,20738611.0,2023-11-06,0.3,Y,0,,,2023-11-06,paid,20097132.0,,-641479.0
INV-2310-0030,B106,TUR,2023-10-07,LC_SIGHT,0,USD,15770.0,15770.0,1350.17,21292181.0,2023-10-13,0.0,N,0,,0,2023-10-13,paid,21283980.0,,-8200.0
INV-2310-0031,B126,GBR,2023-10-07,OA,60,USD,4410.0,4410.0,1350.17,5954250.0,2023-12-06,0.0,N,0,,,2024-01-08,paid,5801708.0,,-152542.0
INV-2310-0032,B030,TUR,2023-10-08,TT_ADV,0,USD,5880.0,5880.0,1350.17,7939000.0,2023-10-08,1.0,N,0,,,2023-09-20,paid,7822399.0,,-116601.0
INV-2310-0033,B030,TUR,2023-10-08,OA,60,USD,3240.0,3240.0,1350.17,4374551.0,2023-12-07,0.0,N,0,,,2023-12-30,paid,4182743.0,,-191808.0
INV-2310-0034,B042,BRA,2023-10-08,TT_ADV,0,USD,14680.0,14680.0,1350.17,19820496.0,2023-10-08,1.0,N,0,,,2023-09-13,paid,19519996.0,,-300500.0
INV-2310-0035,B075,DEU,2023-10-08,OA,60,EUR,9990.0,10585.4,1430.64,14292094.0,2023-12-07,0.0,Y,0,,,2023-12-04,paid,14105081.0,,-187013.0
INV-2310-0036,B066,ARE,2023-10-09,DA,60,USD,7220.0,7220.0,1350.17,9748227.0,2023-12-08,0.0,Y,0,,,2023-12-20,paid,9380368.0,,-367859.0
INV-2310-0037,B070,POL,2023-10-09,OA,60,EUR,4350.0,4609.26,1430.64,6223284.0,2023-12-08,0.0,Y,0,,,2023-12-01,paid,6177304.0,,-45980.0
INV-2310-0038,B078,VNM,2023-10-09,TT_ADV,0,USD,8660.0,8660.0,1350.17,11692472.0,2023-10-09,1.0,N,0,,,2023-09-19,paid,11501606.0,,-190866.0
INV-2310-0039,B099,TUR,2023-10-09,TT_SPLIT_30_70,30,USD,20780.0,20780.0,1350.17,28056533.0,2023-11-08,0.3,Y,0,,,2023-11-07,paid,27486828.0,,-569705.0
INV-2310-0040,B012,IDN,2023-10-10,DP,0,USD,8330.0,8330.0,1349.79,11243751.0,2023-10-23,0.0,N,0,,,2023-10-23,paid,11276321.0,,32570.0
INV-2310-0041,B050,USA,2023-10-10,OA,60,USD,34550.0,34550.0,1349.79,46635244.0,2023-12-09,0.0,Y,0,,,2023-12-13,paid,45761300.0,,-873944.0
INV-2310-0042,B017,EGY,2023-10-11,TT_SPLIT_30_70,30,USD,2580.0,2580.0,1339.31,3455420.0,2023-11-10,0.3,N,0,,,2023-11-05,paid,3432636.0,,-22784.0
INV-2310-0043,B087,TWN,2023-10-11,TT_SPLIT_30_70,30,USD,13600.0,13600.0,1339.31,18214616.0,2023-11-10,0.3,Y,0,,,2023-11-07,paid,17864933.0,,-349683.0
INV-2310-0044,B096,USA,2023-10-11,TT_ADV,0,USD,24670.0,24670.0,1339.31,33040778.0,2023-10-11,1.0,N,0,,,2023-10-01,paid,33251706.0,,210928.0
INV-2310-0045,B140,USA,2023-10-11,OA,60,USD,15010.0,15010.0,1339.31,20103043.0,2023-12-10,0.0,Y,0,,,2023-12-10,paid,19619721.0,,-483322.0
INV-2310-0046,B026,THA,2023-10-12,TT_ADV,0,USD,21940.0,21940.0,1338.21,29360327.0,2023-10-12,1.0,N,0,,,2023-09-16,paid,29090027.0,,-270300.0
INV-2310-0047,B067,BRA,2023-10-12,DP,0,USD,5570.0,5570.0,1338.21,7453830.0,2023-10-22,0.0,N,0,,,2023-10-22,paid,7535764.0,,81934.0
INV-2310-0048,B107,DEU,2023-10-12,OA,60,EUR,7950.0,8389.62,1412.21,11227070.0,2023-12-11,0.0,Y,1,PRICE,,2023-12-11,paid,11246944.0,,19874.0
INV-2310-0049,B041,TUR,2023-10-13,OA,30,USD,15890.0,15890.0,1349.65,21445938.0,2023-11-12,0.0,Y,1,DOCS,,2023-11-17,paid,20787521.0,,-658417.0
INV-2310-0050,B087,TWN,2023-10-13,TT_SPLIT_30_70,30,USD,2830.0,2830.0,1349.65,3819510.0,2023-11-12,0.3,Y,0,,,2023-11-09,paid,3741186.0,,-78324.0
INV-2310-0051,B095,EGY,2023-10-13,OA,30,USD,7460.0,7460.0,1349.65,10068389.0,2023-11-12,0.0,Y,0,,,2023-11-06,paid,9682632.0,,-385757.0
INV-2310-0052,B023,IDN,2023-10-14,TT_ADV,0,USD,10260.0,10260.0,1349.65,13847409.0,2023-10-14,1.0,N,0,,,2023-09-22,paid,13713311.0,,-134098.0
INV-2310-0053,B024,USA,2023-10-14,OA,30,USD,52220.0,52220.0,1349.65,70478723.0,2023-11-13,0.0,Y,0,,,2023-11-13,paid,69189933.0,,-1288790.0
INV-2310-0054,B084,POL,2023-10-14,OA,90,EUR,9020.0,9472.79,1417.4,12784948.0,2024-01-12,0.0,N,0,,,2024-01-11,paid,12960477.0,,175529.0
INV-2310-0055,B114,JPN,2023-10-14,OA,90,JPY,277000.0,1851.35,9.0205,2498678.0,2024-01-12,0.0,N,1,QUANTITY,,2024-01-05,paid,2521642.0,,22964.0
INV-2310-0056,B127,VNM,2023-10-14,DP,0,USD,10230.0,10230.0,1349.65,13806920.0,2023-10-29,0.0,N,0,,,2023-10-29,paid,13863184.0,,56264.0
INV-2310-0057,B115,CHN,2023-10-15,DA,60,CNY,17300.0,2368.28,184.76,3196348.0,2023-12-14,0.0,Y,1,PRICE,,2023-12-28,paid,3143807.0,,-52541.0
INV-2310-0058,B125,MEX,2023-10-15,DA,60,USD,21900.0,21900.0,1349.65,29557335.0,2023-12-14,0.0,Y,1,QUALITY,,2023-12-25,paid,28472565.0,,-1084770.0
INV-2310-0059,B145,GBR,2023-10-15,TT_ADV,0,USD,10720.0,10720.0,1349.65,14468248.0,2023-10-15,1.0,N,0,,,2023-10-06,paid,14473822.0,,5574.0
INV-2310-0060,B005,VNM,2023-10-16,OA,90,USD,14990.0,14990.0,1353.67,20291513.0,2024-01-14,0.0,Y,0,,,2024-01-14,paid,19701386.0,,-590127.0
INV-2310-0061,B140,USA,2023-10-16,OA,60,USD,4590.0,4590.0,1353.67,6213345.0,2023-12-15,0.0,Y,0,,,2023-12-15,paid,5948273.0,,-265072.0
INV-2310-0062,B014,USA,2023-10-17,LC_USANCE,90,USD,12700.0,12700.0,1353.6,17190720.0,2024-01-15,0.0,N,0,,10,2024-01-25,paid,16967200.0,,-223520.0
INV-2310-0063,B022,IDN,2023-10-17,OA,90,USD,14640.0,14640.0,1353.6,19816704.0,2024-01-15,0.0,Y,0,,,2024-01-15,paid,19228322.0,,-588382.0
INV-2310-0064,B036,VNM,2023-10-17,TT_ADV,0,USD,16270.0,16270.0,1353.6,22023072.0,2023-10-17,1.0,N,0,,,2023-09-17,paid,21572230.0,,-450842.0
INV-2310-0065,B053,DEU,2023-10-17,OA,60,EUR,12960.0,13728.54,1433.87,18582955.0,2023-12-16,0.0,N,0,,,2023-12-16,paid,18316757.0,,-266198.0
INV-2310-0066,B087,TWN,2023-10-17,TT_SPLIT_30_70,30,USD,50650.0,50650.0,1353.6,68559840.0,2023-11-16,0.3,Y,0,,,2023-11-11,paid,66792965.0,,-1766875.0
INV-2310-0067,B149,CHN,2023-10-17,OA,90,USD,23070.0,23070.0,1353.6,31227552.0,2024-01-15,0.0,Y,0,,,2024-01-10,paid,30462089.0,,-765463.0
INV-2310-0068,B005,VNM,2023-10-18,OA,90,USD,6050.0,6050.0,1349.45,8164172.0,2024-01-16,0.0,Y,0,,,2024-01-14,paid,7946131.0,,-218041.0
INV-2310-0069,B087,TWN,2023-10-18,TT_SPLIT_30_70,30,USD,6450.0,6450.0,1349.45,8703952.0,2023-11-17,0.3,Y,0,,,2023-11-17,paid,8489677.0,,-214275.0
INV-2310-0070,B111,TWN,2023-10-18,DA,90,USD,13190.0,13190.0,1349.45,17799246.0,2024-01-16,0.0,N,1,PRICE,,2024-01-16,paid,17562485.0,,-236761.0
INV-2310-0071,B117,CHN,2023-10-18,OA,30,USD,7360.0,7360.0,1349.45,9931952.0,2023-11-17,0.0,Y,0,,,2023-11-05,paid,9730214.0,,-201738.0
INV-2310-0072,B069,ARE,2023-10-19,TT_ADV,0,USD,6630.0,6630.0,1357.5,9000225.0,2023-10-19,1.0,N,0,,,2023-09-24,paid,8861525.0,,-138700.0
INV-2310-0073,B071,TWN,2023-10-19,OA,60,USD,20430.0,20430.0,1357.5,27733725.0,2023-12-18,0.0,Y,0,,,2023-12-18,paid,26510581.0,,-1223144.0
INV-2310-0074,B121,IND,2023-10-19,DA,90,USD,9970.0,9970.0,1357.5,13534275.0,2024-01-17,0.0,Y,0,,,2024-01-16,paid,13275055.0,,-259220.0
INV-2310-0075,B138,CHN,2023-10-19,OA,90,CNY,84100.0,11500.79,185.64,15612324.0,2024-01-17,0.0,Y,0,,,2024-01-17,paid,15709880.0,,97556.0
INV-2310-0076,B142,IND,2023-10-19,OA,30,USD,1240.0,1240.0,1357.5,1683300.0,2023-11-18,0.0,Y,0,,,2023-11-18,paid,1607300.0,,-76000.0
INV-2310-0077,B148,ARE,2023-10-19,TT_ADV,0,USD,5300.0,5300.0,1357.5,7194750.0,2023-10-19,1.0,N,0,,,2023-10-03,paid,7211286.0,,16536.0
INV-2310-0078,B101,IND,2023-10-20,DA,60,USD,12950.0,12950.0,1352.92,17520314.0,2023-12-19,0.0,Y,0,,,2023-12-19,paid,16937952.0,,-582362.0
INV-2310-0079,B132,IDN,2023-10-20,OA,60,USD,3830.0,3830.0,1352.92,5181684.0,2023-12-19,0.0,Y,0,,,2023-12-19,paid,5009448.0,,-172236.0
INV-2310-0080,B005,VNM,2023-10-21,OA,90,USD,25400.0,25400.0,1352.92,34364168.0,2024-01-19,0.0,Y,0,,,2024-01-19,paid,33998662.0,,-365506.0
INV-2310-0081,B035,TWN,2023-10-21,TT_ADV,0,USD,15480.0,15480.0,1352.92,20943202.0,2023-10-21,1.0,N,0,,,2023-10-01,paid,20864873.0,,-78329.0
INV-2310-0082,B050,USA,2023-10-21,OA,60,USD,25640.0,25640.0,1352.92,34688869.0,2023-12-20,0.0,Y,0,,,2023-12-17,paid,33722784.0,,-966085.0
INV-2310-0083,B066,ARE,2023-10-21,DA,60,USD,20120.0,20120.0,1352.92,27220750.0,2023-12-20,0.0,Y,1,DOCS,,2024-01-05,paid,26470274.0,,-750476.0
INV-2310-0084,B095,EGY,2023-10-21,OA,30,USD,30750.0,30750.0,1352.92,41602290.0,2023-11-20,0.0,Y,0,,,2023-11-15,paid,39985455.0,,-1616835.0
INV-2310-0085,B099,TUR,2023-10-21,DA,60,USD,11690.0,11690.0,1352.92,15815635.0,2023-12-20,0.0,Y,1,PRICE,,2023-12-20,paid,15187882.0,,-627753.0
INV-2310-0086,B099,TUR,2023-10-21,DA,60,USD,13460.0,13460.0,1352.92,18210303.0,2023-12-20,0.0,Y,1,QUALITY,,2023-12-30,paid,17477621.0,,-732682.0
INV-2310-0087,B095,EGY,2023-10-22,OA,30,USD,21520.0,21520.0,1352.92,29114838.0,2023-11-21,0.0,Y,0,,,2023-11-21,paid,27746597.0,,-1368241.0
INV-2310-0088,B101,IND,2023-10-22,DA,60,USD,6040.0,6040.0,1352.92,8171637.0,2023-12-21,0.0,Y,1,PRICE,,2024-01-01,paid,7797459.0,,-374178.0
INV-2310-0089,B123,POL,2023-10-22,OA,60,EUR,5050.0,5348.95,1433.01,7236700.0,2023-12-21,0.0,Y,1,DOCS,,2023-12-16,paid,7137316.0,,-99384.0
INV-2310-0090,B048,CHN,2023-10-23,OA,30,USD,6730.0,6730.0,1353.7,9110401.0,2023-11-22,0.0,Y,0,,,2023-11-21,paid,8677258.0,,-433143.0
INV-2310-0091,B120,JPN,2023-10-23,OA,60,JPY,2694000.0,17986.34,9.0379,24348103.0,2023-12-22,0.0,N,0,,,2023-12-19,paid,24534258.0,,186155.0
INV-2310-0092,B140,USA,2023-10-23,OA,60,USD,7990.0,7990.0,1353.7,10816063.0,2023-12-22,0.0,Y,1,DOCS,,2023-12-17,paid,10354401.0,,-461662.0
INV-2310-0093,B143,MYS,2023-10-23,OA,30,USD,10340.0,10340.0,1353.7,13997258.0,2023-11-22,0.0,Y,0,,,2023-11-22,paid,13442620.0,,-554638.0
INV-2310-0094,B028,JPN,2023-10-24,OA,90,JPY,955000.0,6373.49,8.9608,8557564.0,2024-01-22,0.0,Y,1,QUALITY,,2024-01-16,paid,8649626.0,,92062.0
INV-2310-0095,B052,VNM,2023-10-24,LC_SIGHT,0,USD,47790.0,47790.0,1342.68,64166677.0,2023-11-03,0.0,N,0,,0,2023-11-03,paid,63180292.0,,-986385.0
INV-2310-0096,B066,ARE,2023-10-24,DA,60,USD,7550.0,7550.0,1342.68,10137234.0,2023-12-23,0.0,Y,0,,,2024-01-22,paid,10103788.0,,-33446.0
INV-2310-0097,B071,TWN,2023-10-24,OA,60,USD,7070.0,7070.0,1342.68,9492748.0,2023-12-23,0.0,Y,0,,,2023-12-20,paid,9185485.0,,-307263.0
INV-2310-0098,B089,NGA,2023-10-24,LC_SIGHT,0,USD,4920.0,4920.0,1342.68,6605986.0,2023-10-29,0.0,N,0,,5,2023-11-03,paid,6504437.0,,-101549.0
INV-2310-0099,B146,BRA,2023-10-24,OA,60,USD,4490.0,4490.0,1342.68,6028633.0,2023-12-23,0.0,N,0,,,2023-12-17,paid,5818681.0,,-209952.0
INV-2310-0100,B024,USA,2023-10-25,OA,30,USD,2850.0,2850.0,1349.07,3844850.0,2023-11-24,0.0,Y,1,PRICE,,2023-11-24,paid,3722328.0,,-122522.0
INV-2310-0101,B070,POL,2023-10-25,OA,60,EUR,33310.0,35251.95,1427.72,47557353.0,2023-12-24,0.0,Y,0,,,2023-12-23,paid,47761210.0,,203857.0
INV-2310-0102,B026,THA,2023-10-26,OA,60,USD,9120.0,9120.0,1359.32,12396998.0,2023-12-25,0.0,Y,1,QUANTITY,,2023-12-21,paid,11899958.0,,-497040.0
INV-2310-0103,B041,TUR,2023-10-26,OA,30,USD,22020.0,22020.0,1359.32,29932226.0,2023-11-25,0.0,Y,0,,,2023-12-15,paid,28536158.0,,-1396068.0
INV-2310-0104,B049,ARE,2023-10-26,DA,90,USD,37540.0,37540.0,1359.32,51028873.0,2024-01-24,0.0,N,0,,,2024-01-24,paid,50218760.0,,-810113.0
INV-2310-0105,B090,USA,2023-10-26,OA,60,USD,1830.0,1830.0,1359.32,2487556.0,2023-12-25,0.0,N,1,QUALITY,,2023-12-25,paid,2383648.0,,-103908.0
INV-2310-0106,B097,SAU,2023-10-26,OA,30,USD,28010.0,28010.0,1359.32,38074553.0,2023-11-25,0.0,Y,1,PRICE,,2023-11-18,paid,36306842.0,,-1767711.0
INV-2310-0107,B041,TUR,2023-10-27,TT_ADV,0,USD,15420.0,15420.0,1355.15,20896413.0,2023-10-27,1.0,N,0,,,2023-10-16,paid,20873591.0,,-22822.0
INV-2310-0108,B064,USA,2023-10-27,TT_SPLIT_30_70,30,USD,6770.0,6770.0,1355.15,9174366.0,2023-11-26,0.3,Y,0,,,2023-11-22,paid,8902123.0,,-272243.0
INV-2310-0109,B107,DEU,2023-10-27,TT_ADV,0,EUR,9340.0,9892.89,1435.37,13406356.0,2023-10-27,1.0,N,0,,,2023-10-16,paid,13333597.0,,-72759.0
INV-2310-0110,B040,IND,2023-10-28,LC_USANCE,90,USD,9040.0,9040.0,1355.15,12250556.0,2024-01-26,0.0,N,0,,0,2024-01-26,paid,12078163.0,,-172393.0
INV-2310-0111,B053,DEU,2023-10-28,OA,60,EUR,7680.0,8134.63,1435.37,11023642.0,2023-12-27,0.0,N,1,DOCS,,2023-12-24,paid,11011891.0,,-11751.0
INV-2310-0112,B013,CHN,2023-10-29,TT_ADV,0,USD,9640.0,9640.0,1355.15,13063646.0,2023-10-29,1.0,N,0,,,2023-10-16,paid,13049379.0,,-14267.0
INV-2310-0113,B022,IDN,2023-10-29,OA,90,USD,3340.0,3340.0,1355.15,4526201.0,2024-01-27,0.0,Y,0,,,2024-01-20,paid,4470690.0,,-55511.0
INV-2310-0114,B087,TWN,2023-10-29,TT_SPLIT_30_70,30,USD,4180.0,4180.0,1355.15,5664527.0,2023-11-28,0.3,Y,0,,,2023-11-17,paid,5498928.0,,-165599.0
INV-2310-0115,B129,CHN,2023-10-29,OA,30,USD,11000.0,11000.0,1355.15,14906650.0,2023-11-28,0.0,Y,1,QUANTITY,,2023-11-25,paid,14366880.0,,-539770.0
INV-2310-0116,B016,IND,2023-10-30,LC_SIGHT,0,USD,2110.0,2110.0,1350.98,2850568.0,2023-11-05,0.0,N,0,,0,2023-11-05,paid,2789504.0,,-61064.0
INV-2310-0117,B024,USA,2023-10-30,OA,30,USD,22910.0,22910.0,1350.98,30950952.0,2023-11-29,0.0,Y,0,,,2023-11-29,paid,29616673.0,,-1334279.0
INV-2310-0118,B028,JPN,2023-10-30,OA,90,JPY,2337000.0,15683.56,9.0664,21188177.0,2024-01-28,0.0,Y,0,,,2024-01-28,paid,21105914.0,,-82263.0
INV-2310-0119,B087,TWN,2023-10-30,TT_SPLIT_30_70,30,USD,11600.0,11600.0,1350.98,15671368.0,2023-11-29,0.3,Y,0,,,2023-11-17,paid,15222007.0,,-449361.0
INV-2310-0120,B089,NGA,2023-10-30,LC_SIGHT,0,USD,4400.0,4400.0,1350.98,5944312.0,2023-11-05,0.0,N,0,,0,2023-11-05,paid,5816976.0,,-127336.0
INV-2310-0121,B132,IDN,2023-10-30,OA,60,USD,6280.0,6280.0,1350.98,8484154.0,2023-12-29,0.0,Y,0,,,2023-12-29,paid,8107292.0,,-376862.0
INV-2310-0122,B148,ARE,2023-10-30,OA,60,USD,95390.0,95390.0,1350.98,128869982.0,2023-12-29,0.0,N,0,,,2023-12-24,paid,124249291.0,,-4620691.0
INV-2310-0123,B148,ARE,2023-10-30,OA,60,USD,31760.0,31760.0,1350.98,42907125.0,2023-12-29,0.0,N,0,,,2023-12-29,paid,41001207.0,,-1905918.0
INV-2310-0124,B003,IDN,2023-10-31,DA,90,USD,15130.0,15130.0,1351.03,20441084.0,2024-01-29,0.0,N,0,,,2024-01-19,paid,20251959.0,,-189125.0
INV-2310-0125,B011,IND,2023-10-31,LC_SIGHT,0,USD,25750.0,25750.0,1351.03,34789022.0,2023-11-05,0.0,N,0,,0,2023-11-05,paid,34042530.0,,-746492.0
INV-2310-0126,B018,NLD,2023-10-31,OA,30,EUR,17320.0,18303.8,1427.77,24728976.0,2023-11-30,0.0,Y,0,,,2023-11-30,paid,24370626.0,,-358350.0
INV-2310-0127,B040,IND,2023-10-31,LC_USANCE,90,USD,16420.0,16420.0,1351.03,22183913.0,2024-01-29,0.0,N,0,,0,2024-01-29,paid,21928910.0,,-255003.0
INV-2310-0128,B046,USA,2023-10-31,OA,30,USD,27210.0,27210.0,1351.03,36761526.0,2023-11-30,0.0,N,0,,,2023-11-24,paid,35538437.0,,-1223089.0
INV-2310-0129,B087,TWN,2023-10-31,TT_SPLIT_30_70,30,USD,5830.0,5830.0,1351.03,7876505.0,2023-11-30,0.3,Y,0,,,2023-11-26,paid,7663942.0,,-212563.0
INV-2310-0130,B087,TWN,2023-10-31,TT_SPLIT_30_70,30,USD,10070.0,10070.0,1351.03,13604872.0,2023-11-30,0.3,Y,0,,,2023-11-29,paid,13221855.0,,-383017.0
INV-2310-0131,B099,TUR,2023-10-31,DA,60,USD,18400.0,18400.0,1351.03,24858952.0,2023-12-30,0.0,Y,0,,,2024-01-02,paid,23805800.0,,-1053152.0
INV-2310-0132,B147,THA,2023-10-31,DA,60,USD,32490.0,32490.0,1351.03,43894965.0,2023-12-30,0.0,N,1,PRICE,,2024-01-18,paid,43050214.0,,-844750.0
INV-2311-0001,B028,JPN,2023-11-01,OA,90,JPY,928000.0,6147.3,8.9887,8341514.0,2024-01-30,0.0,Y,0,,,2024-01-29,paid,8393760.0,,52246.0
INV-2311-0002,B147,THA,2023-11-01,DA,60,USD,9320.0,9320.0,1356.94,12646681.0,2023-12-31,0.0,N,0,,,2024-01-18,paid,12476964.0,,-169717.0
INV-2311-0003,B087,TWN,2023-11-02,TT_SPLIT_30_70,30,USD,1890.0,1890.0,1342.91,2538100.0,2023-12-02,0.3,Y,0,,,2023-11-29,paid,2471595.0,,-66505.0
INV-2311-0004,B053,DEU,2023-11-03,TT_SPLIT_30_70,30,EUR,68310.0,73317.35,1418.95,96928474.0,2023-12-03,0.3,N,0,,,2023-12-03,paid,97221593.0,,293119.0
INV-2311-0005,B102,GBR,2023-11-03,OA,60,USD,27300.0,27300.0,1322.04,36091692.0,2024-01-02,0.0,Y,0,,,2023-12-24,paid,35559342.0,,-532350.0
INV-2311-0006,B076,POL,2023-11-04,OA,60,EUR,1970.0,2114.41,1418.95,2795332.0,2024-01-03,0.0,Y,0,,,2024-01-03,paid,2804748.0,,9416.0
INV-2311-0007,B087,TWN,2023-11-04,TT_SPLIT_30_70,30,USD,29740.0,29740.0,1322.04,39317470.0,2023-12-04,0.3,Y,0,,,2023-12-05,paid,39263757.0,,-53713.0
INV-2311-0008,B032,EGY,2023-11-05,OA,30,USD,46080.0,46080.0,1322.04,60919603.0,2023-12-05,0.0,Y,0,,,2023-12-05,paid,60432538.0,,-487065.0
INV-2311-0009,B084,POL,2023-11-05,OA,90,EUR,26600.0,28549.87,1418.95,37744070.0,2024-02-03,0.0,N,0,,,2024-02-03,paid,37929738.0,,185668.0
INV-2311-0010,B087,TWN,2023-11-05,TT_SPLIT_30_70,30,USD,26240.0,26240.0,1322.04,34690330.0,2023-12-05,0.3,Y,0,,,2023-12-10,paid,34684352.0,,-5978.0
INV-2311-0011,B087,TWN,2023-11-05,TT_SPLIT_30_70,30,USD,29470.0,29470.0,1322.04,38960519.0,2023-12-05,0.3,Y,0,,,2023-12-15,paid,38874075.0,,-86444.0
INV-2311-0012,B137,ARE,2023-11-05,TT_ADV,0,USD,10380.0,10380.0,1322.04,13722775.0,2023-11-05,1.0,N,0,,,2023-10-25,paid,14003347.0,,280572.0
INV-2311-0013,B148,ARE,2023-11-05,OA,60,USD,9960.0,9960.0,1322.04,13167518.0,2024-01-04,0.0,N,0,,,2024-01-02,paid,12953179.0,,-214339.0
INV-2311-0014,B040,IND,2023-11-06,LC_USANCE,90,USD,14900.0,14900.0,1297.94,19339306.0,2024-02-04,0.0,N,0,,0,2024-02-04,paid,19696310.0,,357004.0
INV-2311-0015,B101,IND,2023-11-06,DA,60,USD,12730.0,12730.0,1297.94,16522776.0,2024-01-05,0.0,Y,0,,,2024-01-06,paid,16582934.0,,60158.0
INV-2311-0016,B140,USA,2023-11-07,OA,60,USD,14020.0,14020.0,1308.33,18342787.0,2024-01-06,0.0,Y,0,,,2024-01-06,paid,18307733.0,,-35054.0
INV-2311-0017,B005,VNM,2023-11-08,OA,90,USD,2530.0,2530.0,1309.98,3314249.0,2024-02-06,0.0,Y,0,,,2024-02-01,paid,3369403.0,,55154.0
INV-2311-0018,B036,VNM,2023-11-08,TT_ADV,0,USD,19870.0,19870.0,1309.98,26029303.0,2023-11-08,1.0,N,0,,,2023-10-19,paid,26973525.0,,944222.0
INV-2311-0019,B044,THA,2023-11-08,DA,90,USD,3960.0,3960.0,1309.98,5187521.0,2024-02-06,0.0,N,0,,,2024-02-01,paid,5273849.0,,86328.0
INV-2311-0020,B099,TUR,2023-11-08,DA,60,USD,41080.0,41080.0,1309.98,53813978.0,2024-01-07,0.0,Y,0,,,2024-01-07,paid,53951295.0,,137317.0
INV-2311-0021,B099,TUR,2023-11-08,DA,60,USD,6250.0,6250.0,1309.98,8187375.0,2024-01-07,0.0,Y,0,,,2024-01-07,paid,8222625.0,,35250.0
INV-2311-0022,B140,USA,2023-11-08,OA,60,USD,9090.0,9090.0,1309.98,11907718.0,2024-01-07,0.0,Y,0,,,2024-01-06,paid,11958986.0,,51268.0
INV-2311-0023,B066,ARE,2023-11-09,DA,60,USD,16170.0,16170.0,1309.89,21180921.0,2024-01-08,0.0,Y,1,PRICE,,2024-01-26,paid,21623119.0,,442198.0
INV-2311-0024,B012,IDN,2023-11-10,DP,0,USD,7710.0,7710.0,1309.89,10099252.0,2023-11-24,0.0,N,0,,,2023-11-24,paid,10069877.0,,-29375.0
INV-2311-0025,B029,CHN,2023-11-10,OA,60,USD,16480.0,16480.0,1309.89,21586987.0,2024-01-09,0.0,Y,0,,,2024-02-01,paid,21626069.0,,39082.0
INV-2311-0026,B044,THA,2023-11-10,DA,90,USD,4670.0,4670.0,1309.89,6117186.0,2024-02-08,0.0,N,0,,,2024-02-09,paid,6225577.0,,108391.0
INV-2311-0027,B064,USA,2023-11-10,TT_SPLIT_30_70,30,USD,7110.0,7110.0,1309.89,9313318.0,2023-12-10,0.3,Y,0,,,2023-12-04,paid,9382683.0,,69365.0
INV-2311-0028,B070,POL,2023-11-10,OA,60,EUR,7190.0,7700.48,1402.89,10086779.0,2024-01-09,0.0,Y,0,,,2024-01-09,paid,10346122.0,,259343.0
INV-2311-0029,B084,POL,2023-11-10,OA,90,EUR,14530.0,15561.61,1402.89,20383992.0,2024-02-08,0.0,N,1,PRICE,,2024-02-08,paid,20790396.0,,406404.0
INV-2311-0030,B087,TWN,2023-11-10,TT_SPLIT_30_70,30,USD,27320.0,27320.0,1309.89,35786195.0,2023-12-10,0.3,Y,0,,,2023-12-20,paid,35939338.0,,153142.0
INV-2311-0031,B087,TWN,2023-11-10,TT_SPLIT_30_70,30,USD,4060.0,4060.0,1309.89,5318153.0,2023-12-10,0.3,Y,0,,,2023-12-20,paid,5340240.0,,22087.0
INV-2311-0032,B126,GBR,2023-11-10,TT_ADV,0,USD,16790.0,16790.0,1309.89,21993053.0,2023-11-10,1.0,N,0,,,2023-11-01,paid,22783023.0,,789970.0
INV-2311-0033,B005,VNM,2023-11-11,TT_ADV,0,USD,1960.0,1960.0,1309.89,2567384.0,2023-11-11,1.0,N,0,,,2023-11-02,paid,2632104.0,,64720.0
INV-2311-0034,B028,JPN,2023-11-11,OA,90,JPY,731000.0,4839.79,8.6725,6339598.0,2024-02-09,0.0,Y,0,,,2024-02-09,paid,6523590.0,,183992.0
INV-2311-0035,B040,IND,2023-11-11,LC_USANCE,90,USD,17080.0,17080.0,1309.89,22372921.0,2024-02-09,0.0,N,0,,0,2024-02-09,paid,22769348.0,,396427.0
INV-2311-0036,B101,IND,2023-11-11,DA,60,USD,5050.0,5050.0,1309.89,6614945.0,2024-01-10,0.0,Y,1,QUALITY,,2024-02-13,paid,6734084.0,,119139.0
INV-2311-0037,B115,CHN,2023-11-11,DA,60,CNY,104200.0,14306.03,179.84,18739328.0,2024-01-10,0.0,Y,0,,,2024-01-07,paid,19186346.0,,447018.0
INV-2311-0038,B017,EGY,2023-11-12,OA,90,USD,9660.0,9660.0,1309.89,12653537.0,2024-02-10,0.0,N,0,,,2024-02-03,paid,12769554.0,,116017.0
INV-2311-0039,B047,MEX,2023-11-12,OA,90,USD,6630.0,6630.0,1309.89,8684571.0,2024-02-10,0.0,Y,0,,,2024-02-03,paid,8764197.0,,79626.0
INV-2311-0040,B074,MYS,2023-11-12,OA,30,USD,4050.0,4050.0,1309.89,5305054.0,2023-12-12,0.0,N,0,,,2023-12-12,paid,5320688.0,,15634.0
INV-2311-0041,B026,THA,2023-11-13,OA,60,USD,4230.0,4230.0,1324.97,5604623.0,2024-01-12,0.0,Y,0,,,2024-01-12,paid,5555724.0,,-48899.0
INV-2311-0042,B036,VNM,2023-11-13,TT_ADV,0,USD,13310.0,13310.0,1324.97,17635351.0,2023-11-13,1.0,N,0,,,2023-10-24,paid,17871071.0,,235720.0
INV-2311-0043,B056,USA,2023-11-13,OA,90,USD,7340.0,7340.0,1324.97,9725280.0,2024-02-11,0.0,Y,0,,,2024-02-04,paid,9702746.0,,-22534.0
INV-2311-0044,B082,JPN,2023-11-13,OA,60,JPY,3173000.0,20935.57,8.7422,27739001.0,2024-01-12,0.0,Y,0,,,2023-12-29,paid,29067853.0,,1328852.0
INV-2311-0045,B096,USA,2023-11-13,OA,90,USD,6670.0,6670.0,1324.97,8837550.0,2024-02-11,0.0,Y,0,,,2024-01-28,paid,8911654.0,,74104.0
INV-2311-0046,B040,IND,2023-11-14,LC_USANCE,90,USD,5810.0,5810.0,1328.74,7719979.0,2024-02-12,0.0,N,0,,0,2024-02-12,paid,7735260.0,,15281.0
INV-2311-0047,B107,DEU,2023-11-14,OA,60,EUR,3280.0,3562.4,1443.14,4733499.0,2024-01-13,0.0,Y,0,,,2024-01-17,paid,4787357.0,,53858.0
INV-2311-0048,B129,CHN,2023-11-14,OA,30,USD,17610.0,17610.0,1328.74,23399111.0,2023-12-14,0.0,Y,0,,,2023-11-30,paid,22822639.0,,-576472.0
INV-2311-0049,B137,ARE,2023-11-14,TT_ADV,0,USD,10840.0,10840.0,1328.74,14403542.0,2023-11-14,1.0,N,0,,,2023-10-17,paid,14673024.0,,269482.0
INV-2311-0050,B144,TUR,2023-11-14,OA,60,USD,41240.0,41240.0,1328.74,54797238.0,2024-01-13,0.0,N,0,,,2023-12-27,paid,53338991.0,,-1458247.0
INV-2311-0051,B149,CHN,2023-11-14,TT_ADV,0,USD,17950.0,17950.0,1328.74,23850883.0,2023-11-14,1.0,N,0,,,2023-11-01,paid,24357073.0,,506190.0
INV-2311-0052,B126,GBR,2023-11-15,OA,60,USD,4580.0,4580.0,1300.34,5955557.0,2024-01-14,0.0,N,1,DOCS,,2024-01-13,paid,6015787.0,,60230.0
INV-2311-0053,B029,CHN,2023-11-16,OA,60,USD,1380.0,1380.0,1297.1,1789998.0,2024-01-15,0.0,Y,0,,,2024-02-01,paid,1837856.0,,47858.0
INV-2311-0054,B036,VNM,2023-11-16,TT_ADV,0,USD,10890.0,10890.0,1297.1,14125419.0,2023-11-16,1.0,N,0,,,2023-11-05,paid,14397016.0,,271597.0
INV-2311-0055,B042,BRA,2023-11-16,TT_ADV,0,USD,5020.0,5020.0,1297.1,6511442.0,2023-11-16,1.0,N,0,,,2023-10-26,paid,6823786.0,,312344.0
INV-2311-0056,B126,GBR,2023-11-16,OA,60,USD,2590.0,2590.0,1297.1,3359489.0,2024-01-15,0.0,N,1,QUALITY,,2024-01-31,paid,3457391.0,,97902.0
INV-2311-0057,B099,TUR,2023-11-17,DA,60,USD,15820.0,15820.0,1296.21,20506042.0,2024-01-16,0.0,Y,0,,,2024-01-07,paid,20813108.0,,307066.0
INV-2311-0058,B101,IND,2023-11-17,TT_SPLIT_30_70,30,USD,9550.0,9550.0,1296.21,12378806.0,2023-12-17,0.3,Y,0,,,2023-12-12,paid,12658535.0,,279729.0
INV-2311-0059,B012,IDN,2023-11-18,TT_ADV,0,USD,4080.0,4080.0,1296.21,5288537.0,2023-11-18,1.0,N,0,,,2023-11-07,paid,5337986.0,,49449.0
INV-2311-0060,B063,CHN,2023-11-18,TT_ADV,0,CNY,18500.0,2565.17,179.73,3325005.0,2023-11-18,1.0,N,0,,,2023-11-12,paid,3327040.0,,2035.0
INV-2311-0061,B116,GBR,2023-11-18,OA,60,USD,4610.0,4610.0,1296.21,5975528.0,2024-01-17,0.0,Y,0,,,2024-01-11,paid,6053114.0,,77586.0
INV-2311-0062,B140,USA,2023-11-18,TT_SPLIT_30_70,30,USD,5290.0,5290.0,1296.21,6856951.0,2023-12-18,0.3,Y,0,,,2023-12-17,paid,6953144.0,,96193.0
INV-2311-0063,B149,CHN,2023-11-18,OA,90,USD,19490.0,19490.0,1296.21,25263133.0,2024-02-16,0.0,Y,1,QUALITY,,2024-02-16,paid,26018370.0,,755237.0
INV-2311-0064,B148,ARE,2023-11-19,OA,60,USD,12890.0,12890.0,1296.21,16708147.0,2024-01-18,0.0,N,0,,,2024-01-15,paid,16929855.0,,221708.0
INV-2311-0065,B005,VNM,2023-11-20,OA,90,USD,7900.0,7900.0,1291.48,10202692.0,2024-02-18,0.0,Y,0,,,2024-02-06,paid,10481957.0,,279265.0
INV-2311-0066,B037,SAU,2023-11-20,DA,90,USD,11580.0,11580.0,1291.48,14955338.0,2024-02-18,0.0,Y,1,QUANTITY,,2024-02-11,paid,15437298.0,,481960.0
INV-2311-0067,B063,CHN,2023-11-20,TT_ADV,0,CNY,51000.0,7114.84,180.17,9188670.0,2023-11-20,1.0,N,0,,,2023-11-10,paid,9171840.0,,-16830.0
INV-2311-0068,B019,USA,2023-11-21,DA,90,USD,1910.0,1910.0,1289.34,2462639.0,2024-02-19,0.0,Y,0,,,2024-02-08,paid,2536614.0,,73975.0
INV-2311-0069,B084,POL,2023-11-21,OA,90,EUR,10850.0,11851.49,1408.35,15280597.0,2024-02-19,0.0,N,0,,,2024-02-11,paid,15595247.0,,314650.0
INV-2311-0070,B087,TWN,2023-11-21,TT_SPLIT_30_70,30,USD,32600.0,32600.0,1289.34,42032484.0,2023-12-21,0.3,Y,0,,,2023-12-21,paid,42960743.0,,928259.0
INV-2311-0071,B087,TWN,2023-11-21,TT_SPLIT_30_70,30,USD,8850.0,8850.0,1289.34,11410659.0,2023-12-21,0.3,Y,0,,,2023-12-21,paid,11670345.0,,259686.0
INV-2311-0072,B144,TUR,2023-11-21,OA,60,USD,9310.0,9310.0,1289.34,12003755.0,2024-01-20,0.0,N,1,DOCS,,2024-01-13,paid,12227847.0,,224092.0
INV-2311-0073,B014,USA,2023-11-22,LC_USANCE,90,USD,15700.0,15700.0,1300.06,20410942.0,2024-02-20,0.0,N,0,,0,2024-02-20,paid,20994825.0,,583883.0
INV-2311-0074,B069,ARE,2023-11-22,OA,60,USD,20470.0,20470.0,1300.06,26612228.0,2024-01-21,0.0,N,0,,,2024-01-23,paid,27302067.0,,689839.0
INV-2311-0075,B073,BRA,2023-11-22,TT_ADV,0,USD,3410.0,3410.0,1300.06,4433205.0,2023-11-22,1.0,N,0,,,2023-11-11,paid,4466725.0,,33520.0
INV-2311-0076,B107,DEU,2023-11-22,OA,60,EUR,2320.0,2522.08,1413.3,3278856.0,2024-01-21,0.0,Y,1,DOCS,,2024-01-26,paid,3374853.0,,95997.0
INV-2311-0077,B009,CHN,2023-11-23,DA,90,CNY,45900.0,6415.11,181.7,8340030.0,2024-02-21,0.0,Y,0,,,2024-02-16,paid,8519040.0,,179010.0
INV-2311-0078,B022,IDN,2023-11-23,TT_ADV,0,USD,8220.0,8220.0,1300.06,10686493.0,2023-11-23,1.0,N,0,,,2023-10-28,paid,11139333.0,,452840.0
INV-2311-0079,B033,VNM,2023-11-23,LC_SIGHT,0,USD,13940.0,13940.0,1300.06,18122836.0,2023-11-28,0.0,N,0,,0,2023-11-28,paid,18034317.0,,-88519.0
INV-2311-0080,B050,USA,2023-11-23,OA,60,USD,9450.0,9450.0,1300.06,12285567.0,2024-01-22,0.0,Y,0,,,2024-01-22,paid,12646462.0,,360896.0
INV-2311-0081,B084,POL,2023-11-23,OA,90,EUR,23830.0,25905.68,1413.3,33678939.0,2024-02-21,0.0,N,1,QUANTITY,,2024-03-01,paid,34418196.0,,739257.0
INV-2311-0082,B099,TUR,2023-11-23,OA,90,USD,25230.0,25230.0,1300.06,32800514.0,2024-02-21,0.0,Y,0,,,2024-02-21,paid,33680788.0,,880274.0
INV-2311-0083,B110,USA,2023-11-23,OA,90,USD,7590.0,7590.0,1300.06,9867455.0,2024-02-21,0.0,Y,0,,,2024-02-21,paid,10132270.0,,264816.0
INV-2311-0084,B145,GBR,2023-11-23,TT_ADV,0,USD,2500.0,2500.0,1300.06,3250150.0,2023-11-23,1.0,N,0,,,2023-10-28,paid,3387875.0,,137725.0
INV-2311-0085,B148,ARE,2023-11-23,OA,60,USD,4430.0,4430.0,1300.06,5759266.0,2024-01-22,0.0,N,0,,,2024-01-18,paid,5930574.0,,171308.0
INV-2311-0086,B017,EGY,2023-11-24,OA,90,USD,10150.0,10150.0,1306.08,13256712.0,2024-02-22,0.0,N,0,,,2024-04-11,paid,13846528.0,,589816.0
INV-2311-0087,B026,THA,2023-11-24,OA,60,USD,14420.0,14420.0,1306.08,18833674.0,2024-01-23,0.0,Y,0,,,2024-01-23,paid,19232819.0,,399145.0
INV-2311-0088,B127,VNM,2023-11-24,DP,0,USD,3400.0,3400.0,1306.08,4440672.0,2023-12-08,0.0,N,0,,,2023-12-08,paid,4444174.0,,3502.0
INV-2311-0089,B050,USA,2023-11-25,OA,60,USD,25560.0,25560.0,1306.08,33383405.0,2024-01-24,0.0,Y,0,,,2024-02-16,paid,34121578.0,,738173.0
INV-2311-0090,B095,EGY,2023-11-25,OA,30,USD,18990.0,18990.0,1306.08,24802459.0,2023-12-25,0.0,Y,0,,,2023-12-24,paid,24735235.0,,-67224.0
INV-2311-0091,B099,TUR,2023-11-25,DA,60,USD,46620.0,46620.0,1306.08,60889450.0,2024-01-24,0.0,Y,0,,,2024-01-24,paid,61760838.0,,871388.0
INV-2311-0092,B127,VNM,2023-11-25,DP,0,USD,7070.0,7070.0,1306.08,9233986.0,2023-12-07,0.0,N,0,,,2023-12-07,paid,9369659.0,,135673.0
INV-2311-0093,B040,IND,2023-11-26,TT_ADV,0,USD,8730.0,8730.0,1306.08,11402078.0,2023-11-26,1.0,N,0,,,2023-11-12,paid,11435340.0,,33262.0
INV-2311-0094,B023,IDN,2023-11-27,DA,90,USD,2910.0,2910.0,1304.33,3795600.0,2024-02-25,0.0,Y,1,DOCS,,2024-03-01,paid,3884268.0,,88668.0
INV-2311-0095,B036,VNM,2023-11-27,TT_ADV,0,USD,3110.0,3110.0,1304.33,4056466.0,2023-11-27,1.0,N,0,,,2023-10-29,paid,4214516.0,,158050.0
INV-2311-0096,B122,JPN,2023-11-27,DA,60,JPY,3877000.0,26039.48,8.7604,33964071.0,2024-01-26,0.0,N,0,,,2024-01-26,paid,35013962.0,,1049891.0
INV-2311-0097,B125,MEX,2023-11-27,DA,60,USD,16050.0,16050.0,1304.33,20934496.0,2024-01-26,0.0,Y,0,,,2024-01-26,paid,21444084.0,,509588.0
INV-2311-0098,B028,JPN,2023-11-28,OA,90,JPY,2819000.0,19123.6,8.7763,24740390.0,2024-02-26,0.0,Y,0,,,2024-02-23,paid,24911221.0,,170831.0
INV-2311-0099,B040,IND,2023-11-28,LC_USANCE,90,USD,28050.0,28050.0,1293.71,36288566.0,2024-02-26,0.0,N,0,,0,2024-02-26,paid,37330623.0,,1042057.0
INV-2311-0100,B066,ARE,2023-11-28,DA,60,USD,20120.0,20120.0,1293.71,26029445.0,2024-01-27,0.0,Y,0,,,2024-02-29,paid,26866498.0,,837053.0
INV-2311-0101,B073,BRA,2023-11-28,OA,30,USD,16640.0,16640.0,1293.71,21527334.0,2023-12-28,0.0,N,0,,,2024-01-20,paid,22211231.0,,683897.0
INV-2311-0102,B084,POL,2023-11-28,OA,90,EUR,5140.0,5657.61,1423.99,7319309.0,2024-02-26,0.0,N,0,,,2024-03-01,paid,7431720.0,,112411.0
INV-2311-0103,B101,IND,2023-11-28,DA,60,USD,3450.0,3450.0,1293.71,4463300.0,2024-01-27,0.0,Y,1,QUANTITY,,2024-02-13,paid,4581186.0,,117886.0
INV-2311-0104,B033,VNM,2023-11-29,LC_SIGHT,0,USD,16280.0,16280.0,1292.74,21045807.0,2023-12-07,0.0,N,0,,0,2023-12-07,paid,21575396.0,,529589.0
INV-2311-0105,B036,VNM,2023-11-29,TT_ADV,0,USD,3350.0,3350.0,1292.74,4330679.0,2023-11-29,1.0,N,0,,,2023-11-22,paid,4355201.0,,24522.0
INV-2311-0106,B041,TUR,2023-11-29,OA,30,USD,17370.0,17370.0,1292.74,22454894.0,2023-12-29,0.0,Y,0,,,2024-01-25,paid,23016564.0,,561670.0
INV-2311-0107,B092,POL,2023-11-29,TT_SPLIT_30_70,30,EUR,12600.0,13820.97,1418.01,17866926.0,2023-12-29,0.3,N,0,,,2023-12-29,paid,17901337.0,,34411.0
INV-2311-0108,B099,TUR,2023-11-29,DA,60,USD,10490.0,10490.0,1292.74,13560843.0,2024-01-28,0.0,Y,1,QUALITY,,2024-01-24,paid,14032893.0,,472050.0
INV-2311-0109,B140,USA,2023-11-29,OA,60,USD,7090.0,7090.0,1292.74,9165527.0,2024-01-28,0.0,Y,0,,,2024-01-22,paid,9488192.0,,322666.0
INV-2311-0110,B012,IDN,2023-11-30,DP,0,USD,1570.0,1570.0,1289.95,2025222.0,2023-12-10,0.0,N,0,,,2023-12-10,paid,2052163.0,,26941.0
INV-2311-0111,B073,BRA,2023-11-30,OA,30,USD,19290.0,19290.0,1289.95,24883136.0,2023-12-30,0.0,N,1,PRICE,,2024-03-22,paid,25806841.0,,923705.0
INV-2311-0112,B144,TUR,2023-11-30,OA,60,USD,17860.0,17860.0,1289.95,23038507.0,2024-01-29,0.0,N,0,,,2024-01-26,paid,23862389.0,,823882.0
INV-2312-0001,B005,VNM,2023-12-01,OA,90,USD,21040.0,21040.0,1305.45,27466668.0,2024-02-29,0.0,Y,0,,,2024-03-23,paid,28096614.0,,629946.0
INV-2312-0002,B073,BRA,2023-12-01,OA,30,USD,2200.0,2200.0,1305.45,2871990.0,2023-12-31,0.0,N,0,,,2024-03-22,paid,2943908.0,,71918.0
INV-2312-0003,B082,JPN,2023-12-01,OA,60,JPY,1292000.0,8789.1,8.8806,11473735.0,2024-01-30,0.0,Y,0,,,2024-01-24,paid,11732781.0,,259046.0
INV-2312-0004,B099,TUR,2023-12-01,DA,60,USD,6960.0,6960.0,1305.45,9085932.0,2024-01-30,0.0,Y,0,,,2024-01-24,paid,9310670.0,,224738.0
INV-2312-0005,B111,TWN,2023-12-01,DA,90,USD,9430.0,9430.0,1305.45,12310394.0,2024-02-29,0.0,N,0,,,2024-02-29,paid,12600272.0,,289878.0
INV-2312-0006,B148,ARE,2023-12-01,OA,60,USD,10930.0,10930.0,1305.45,14268568.0,2024-01-30,0.0,N,0,,,2024-01-20,paid,14631235.0,,362667.0
INV-2312-0007,B064,USA,2023-12-02,TT_SPLIT_30_70,30,USD,14390.0,14390.0,1305.45,18785426.0,2024-01-01,0.3,Y,0,,,2023-12-31,paid,18659124.0,,-126302.0
INV-2312-0008,B087,TWN,2023-12-02,TT_SPLIT_30_70,30,USD,13820.0,13820.0,1305.45,18041319.0,2024-01-01,0.3,Y,0,,,2023-12-21,paid,18012877.0,,-28442.0
INV-2312-0009,B095,EGY,2023-12-02,OA,30,USD,17030.0,17030.0,1305.45,22231814.0,2024-01-01,0.0,Y,0,,,2024-01-01,paid,21985219.0,,-246595.0
INV-2312-0010,B029,CHN,2023-12-03,OA,60,USD,123000.0,123000.0,1305.45,160570350.0,2024-02-01,0.0,Y,0,,,2024-03-17,paid,163795720.0,,3225370.0
INV-2312-0011,B037,SAU,2023-12-03,TT_ADV,0,USD,20260.0,20260.0,1305.45,26448417.0,2023-12-03,1.0,N,0,,,2023-11-17,paid,26261215.0,,-187202.0
INV-2312-0012,B044,THA,2023-12-03,DA,90,USD,8840.0,8840.0,1305.45,11540178.0,2024-03-02,0.0,N,0,,,2024-02-24,paid,11745796.0,,205618.0
INV-2312-0013,B064,USA,2023-12-03,TT_SPLIT_30_70,30,USD,8710.0,8710.0,1305.45,11370470.0,2024-01-02,0.3,Y,0,,,2024-01-01,paid,11268101.0,,-102369.0
INV-2312-0014,B099,TUR,2023-12-03,DA,60,USD,24850.0,24850.0,1305.45,32440432.0,2024-02-01,0.0,Y,0,,,2024-01-30,paid,33164369.0,,723937.0
INV-2312-0015,B140,USA,2023-12-03,OA,60,USD,50830.0,50830.0,1305.45,66356024.0,2024-02-01,0.0,Y,0,,,2024-02-01,paid,67782914.0,,1426890.0
INV-2312-0016,B147,THA,2023-12-03,DA,60,USD,23590.0,23590.0,1305.45,30795566.0,2024-02-01,0.0,N,0,,,2024-06-17,paid,32056899.0,,1261333.0
INV-2312-0017,B014,USA,2023-12-04,LC_USANCE,90,USD,8330.0,8330.0,1304.43,10865902.0,2024-03-03,0.0,N,0,,0,2024-03-03,paid,11118884.0,,252982.0
INV-2312-0018,B030,TUR,2023-12-04,TT_ADV,0,USD,27750.0,27750.0,1304.43,36197932.0,2023-12-04,1.0,N,0,,,2023-11-07,paid,36306158.0,,108226.0
INV-2312-0019,B082,JPN,2023-12-04,TT_ADV,0,JPY,3498000.0,23771.59,8.8646,31008371.0,2023-12-04,1.0,N,0,,,2023-11-17,paid,30263996.0,,-744375.0
INV-2312-0020,B095,EGY,2023-12-04,OA,30,USD,6100.0,6100.0,1304.43,7957023.0,2024-01-03,0.0,Y,0,,,2024-01-03,paid,7961110.0,,4087.0
INV-2312-0021,B131,NGA,2023-12-04,LC_SIGHT,0,USD,21780.0,21780.0,1304.43,28410485.0,2023-12-14,0.0,N,0,,0,2023-12-14,paid,28229276.0,,-181209.0
INV-2312-0022,B144,TUR,2023-12-04,OA,60,USD,27220.0,27220.0,1304.43,35506585.0,2024-02-02,0.0,N,0,,,2024-01-27,paid,36368098.0,,861513.0
INV-2312-0023,B012,IDN,2023-12-05,DP,0,USD,6920.0,6920.0,1311.47,9075372.0,2023-12-19,0.0,N,0,,,2023-12-19,paid,9051014.0,,-24358.0
INV-2312-0024,B047,MEX,2023-12-05,OA,90,USD,3540.0,3540.0,1311.47,4642604.0,2024-03-04,0.0,Y,0,,,2024-02-26,paid,4711244.0,,68640.0
INV-2312-0025,B087,TWN,2023-12-05,TT_SPLIT_30_70,30,USD,42300.0,42300.0,1311.47,55475181.0,2024-01-04,0.3,Y,0,,,2024-01-14,paid,55087035.0,,-388146.0
INV-2312-0026,B012,IDN,2023-12-07,DP,0,USD,6060.0,6060.0,1325.27,8031136.0,2023-12-19,0.0,N,0,,,2023-12-19,paid,7926177.0,,-104959.0
INV-2312-0027,B148,ARE,2023-12-07,OA,60,USD,10450.0,10450.0,1325.27,13849072.0,2024-02-05,0.0,N,1,QUALITY,,2024-02-10,paid,13930895.0,,81823.0
INV-2312-0028,B007,NLD,2023-12-08,OA,90,EUR,7430.0,7984.28,1404.62,10436327.0,2024-03-07,0.0,Y,0,,,2024-03-07,paid,10765476.0,,329149.0
INV-2312-0029,B090,USA,2023-12-08,OA,60,USD,4280.0,4280.0,1307.11,5594431.0,2024-02-06,0.0,N,0,,,2024-02-05,paid,5696594.0,,102163.0
INV-2312-0030,B101,IND,2023-12-08,DA,60,USD,18030.0,18030.0,1307.11,23567193.0,2024-02-06,0.0,Y,0,,,2024-03-28,paid,24033233.0,,466040.0
INV-2312-0031,B117,CHN,2023-12-08,OA,30,USD,12870.0,12870.0,1307.11,16822506.0,2024-01-07,0.0,Y,0,,,2024-01-04,paid,16864719.0,,42213.0
INV-2312-0032,B123,POL,2023-12-08,OA,60,EUR,6840.0,7350.26,1404.62,9607601.0,2024-02-06,0.0,Y,0,,,2024-02-06,paid,9757055.0,,149454.0
INV-2312-0033,B012,IDN,2023-12-09,DP,0,USD,2920.0,2920.0,1307.11,3816761.0,2023-12-19,0.0,N,0,,,2023-12-19,paid,3819214.0,,2453.0
INV-2312-0034,B064,USA,2023-12-09,TT_SPLIT_30_70,30,USD,6260.0,6260.0,1307.11,8182509.0,2024-01-08,0.3,Y,0,,,2024-01-01,paid,8119971.0,,-62538.0
INV-2312-0035,B102,GBR,2023-12-09,OA,60,USD,17920.0,17920.0,1307.11,23423411.0,2024-02-07,0.0,Y,1,PRICE,,2024-02-07,paid,23786470.0,,363059.0
INV-2312-0036,B110,USA,2023-12-09,OA,90,USD,5350.0,5350.0,1307.11,6993038.0,2024-03-08,0.0,Y,0,,,2024-03-04,paid,7122402.0,,129364.0
INV-2312-0037,B041,TUR,2023-12-10,OA,30,USD,9450.0,9450.0,1307.11,12352189.0,2024-01-09,0.0,Y,0,,,2024-01-25,paid,12625200.0,,273011.0
INV-2312-0038,B046,USA,2023-12-10,OA,30,USD,21450.0,21450.0,1307.11,28037509.0,2024-01-09,0.0,N,0,,,2024-01-09,paid,28226484.0,,188975.0
INV-2312-0039,B064,USA,2023-12-10,TT_SPLIT_30_70,30,USD,18700.0,18700.0,1307.11,24442957.0,2024-01-09,0.3,Y,0,,,2024-01-05,paid,24516373.0,,73416.0
INV-2312-0040,B087,TWN,2023-12-10,TT_SPLIT_30_70,30,USD,4880.0,4880.0,1307.11,6378697.0,2024-01-09,0.3,Y,0,,,2024-01-14,paid,6390306.0,,11609.0
INV-2312-0041,B131,NGA,2023-12-10,TT_ADV,0,USD,20790.0,20790.0,1307.11,27174817.0,2023-12-10,1.0,N,0,,,2023-11-26,paid,27153403.0,,-21414.0
INV-2312-0042,B133,USA,2023-12-10,OA,90,USD,9700.0,9700.0,1307.11,12678967.0,2024-03-09,0.0,Y,0,,,2024-02-21,paid,12949015.0,,270048.0
INV-2312-0043,B140,USA,2023-12-10,OA,60,USD,14800.0,14800.0,1307.11,19345228.0,2024-02-08,0.0,Y,0,,,2024-02-01,paid,19710344.0,,365116.0
INV-2312-0044,B024,USA,2023-12-11,OA,30,USD,4120.0,4120.0,1316.38,5423486.0,2024-01-10,0.0,Y,0,,,2024-01-10,paid,5440130.0,,16644.0
INV-2312-0045,B005,VNM,2023-12-12,OA,90,USD,4180.0,4180.0,1313.75,5491475.0,2024-03-11,0.0,Y,0,,,2024-03-23,paid,5593425.0,,101950.0
INV-2312-0046,B021,CHN,2023-12-12,OA,60,CNY,283000.0,39440.13,183.09,51814470.0,2024-02-10,0.0,N,0,,,2024-02-18,paid,52524800.0,,710330.0
INV-2312-0047,B030,TUR,2023-12-12,TT_ADV,0,USD,21010.0,21010.0,1313.75,27601888.0,2023-12-12,1.0,N,0,,,2023-11-26,paid,27440741.0,,-161147.0
INV-2312-0048,B078,VNM,2023-12-12,TT_SPLIT_30_70,30,USD,3080.0,3080.0,1313.75,4046350.0,2024-01-11,0.3,N,0,,,2024-01-23,paid,4087385.0,,41035.0
INV-2312-0049,B099,TUR,2023-12-12,DA,60,USD,11660.0,11660.0,1313.75,15318325.0,2024-02-10,0.0,Y,1,DOCS,,2024-02-09,paid,15543946.0,,225621.0
INV-2312-0050,B003,IDN,2023-12-13,DA,90,USD,5350.0,5350.0,1319.76,7060716.0,2024-03-12,0.0,N,1,QUALITY,,2024-03-17,paid,7112022.0,,51306.0
INV-2312-0051,B092,POL,2023-12-13,TT_SPLIT_30_70,30,EUR,17680.0,19082.06,1424.42,25183746.0,2024-01-12,0.3,N,0,,,2024-01-12,paid,25388126.0,,204380.0
INV-2312-0052,B099,TUR,2023-12-13,DA,60,USD,16540.0,16540.0,1319.76,21828830.0,2024-02-11,0.0,Y,0,,,2024-02-15,paid,22058102.0,,229272.0
INV-2312-0053,B049,ARE,2023-12-14,DA,90,USD,3090.0,3090.0,1296.11,4004980.0,2024-03-13,0.0,N,0,,,2024-03-20,paid,4129228.0,,124248.0
INV-2312-0054,B078,VNM,2023-12-14,TT_ADV,0,USD,63280.0,63280.0,1296.11,82017841.0,2023-12-14,1.0,N,0,,,2023-11-23,paid,82267797.0,,249956.0
INV-2312-0055,B122,JPN,2023-12-14,DA,60,JPY,1692000.0,11955.0,9.1578,15494998.0,2024-02-12,0.0,N,1,QUALITY,,2024-03-14,paid,15075645.0,,-419353.0
INV-2312-0056,B127,VNM,2023-12-14,DP,0,USD,14880.0,14880.0,1296.11,19286117.0,2023-12-25,0.0,N,0,,,2023-12-29,paid,19209634.0,,-76483.0
INV-2312-0057,B143,MYS,2023-12-14,OA,30,USD,15610.0,15610.0,1296.11,20232277.0,2024-01-13,0.0,Y,0,,,2024-01-13,paid,20502330.0,,270053.0
INV-2312-0058,B037,SAU,2023-12-15,DA,90,USD,7830.0,7830.0,1295.92,10147054.0,2024-03-14,0.0,Y,0,,,2024-03-08,paid,10329962.0,,182908.0
INV-2312-0059,B084,POL,2023-12-15,OA,90,EUR,82830.0,90334.38,1413.33,117066124.0,2024-03-14,0.0,N,0,,,2024-03-14,paid,118882586.0,,1816462.0
INV-2312-0060,B037,SAU,2023-12-16,DA,90,USD,10910.0,10910.0,1295.92,14138487.0,2024-03-15,0.0,Y,0,,,2024-03-10,paid,14393345.0,,254858.0
INV-2312-0061,B038,DEU,2023-12-16,TT_ADV,0,EUR,1820.0,1984.89,1413.33,2572261.0,2023-12-16,1.0,N,0,,,2023-12-08,paid,2556408.0,,-15853.0
INV-2312-0062,B140,USA,2023-12-16,OA,60,USD,4710.0,4710.0,1295.92,6103783.0,2024-02-14,0.0,Y,1,QUANTITY,,2024-02-01,paid,6272684.0,,168901.0
INV-2312-0063,B024,USA,2023-12-17,OA,30,USD,9730.0,9730.0,1295.92,12609302.0,2024-01-16,0.0,Y,0,,,2024-01-16,paid,12955495.0,,346193.0
INV-2312-0064,B050,USA,2023-12-17,OA,60,USD,8770.0,8770.0,1295.92,11365218.0,2024-02-15,0.0,Y,0,,,2024-03-02,paid,11706196.0,,340978.0
INV-2312-0065,B066,ARE,2023-12-17,DA,60,USD,6920.0,6920.0,1295.92,8967766.0,2024-02-15,0.0,Y,0,,,2024-02-29,paid,9246435.0,,278669.0
INV-2312-0066,B099,TUR,2023-12-17,DA,60,USD,23370.0,23370.0,1295.92,30285650.0,2024-02-15,0.0,Y,0,,,2024-02-15,paid,31171841.0,,886191.0
INV-2312-0067,B101,IND,2023-12-17,DA,60,USD,28120.0,28120.0,1295.92,36441270.0,2024-02-15,0.0,Y,1,QUALITY,,2024-04-27,paid,38660050.0,,2218780.0
INV-2312-0068,B140,USA,2023-12-18,OA,60,USD,20590.0,20590.0,1297.63,26718202.0,2024-02-16,0.0,Y,0,,,2024-02-08,paid,27348968.0,,630766.0
INV-2312-0069,B001,NLD,2023-12-19,OA,90,EUR,3240.0,3556.56,1435.74,4651798.0,2024-03-18,0.0,N,0,,,2024-03-12,paid,4636926.0,,-14872.0
INV-2312-0070,B003,IDN,2023-12-19,DA,90,USD,7310.0,7310.0,1307.95,9561114.0,2024-03-18,0.0,N,0,,,2024-04-02,paid,9835356.0,,274242.0
INV-2312-0071,B010,POL,2023-12-19,TT_SPLIT_30_70,30,EUR,9480.0,10406.22,1435.74,13610815.0,2024-01-18,0.3,N,0,,,2024-01-17,paid,13724319.0,,113504.0
INV-2312-0072,B125,MEX,2023-12-19,DA,60,USD,8310.0,8310.0,1307.95,10869064.0,2024-02-17,0.0,Y,0,,,2024-02-11,paid,11078061.0,,208997.0
INV-2312-0073,B145,GBR,2023-12-19,TT_ADV,0,USD,6080.0,6080.0,1307.95,7952336.0,2023-12-19,1.0,N,0,,,2023-12-11,paid,8003590.0,,51254.0
INV-2312-0074,B148,ARE,2023-12-19,OA,60,USD,22640.0,22640.0,1307.95,29611988.0,2024-02-17,0.0,N,1,PRICE,,2024-03-29,paid,30327475.0,,715487.0
INV-2312-0075,B040,IND,2023-12-20,LC_USANCE,90,USD,71230.0,71230.0,1299.22,92543441.0,2024-03-19,0.0,N,0,,0,2024-03-19,paid,95325684.0,,2782243.0
INV-2312-0076,B044,THA,2023-12-20,DA,90,USD,8320.0,8320.0,1299.22,10809510.0,2024-03-19,0.0,N,0,,,2024-03-19,paid,11084303.0,,274793.0
INV-2312-0077,B084,POL,2023-12-20,OA,90,EUR,4990.0,5467.56,1423.56,7103564.0,2024-03-19,0.0,N,0,,,2024-03-18,paid,7244232.0,,140668.0
INV-2312-0078,B120,JPN,2023-12-20,OA,60,JPY,2429000.0,16895.05,9.0368,21950387.0,2024-02-18,0.0,N,0,,,2024-02-19,paid,21568548.0,,-381839.0
INV-2312-0079,B127,VNM,2023-12-20,DP,0,USD,7170.0,7170.0,1299.22,9315407.0,2024-01-02,0.0,N,0,,,2024-01-02,paid,9324728.0,,9321.0
INV-2312-0080,B020,SAU,2023-12-21,TT_ADV,0,USD,35210.0,35210.0,1304.82,45942712.0,2023-12-21,1.0,N,0,,,2023-11-28,paid,45551529.0,,-391183.0
INV-2312-0081,B073,BRA,2023-12-21,OA,30,USD,15480.0,15480.0,1304.82,20198614.0,2024-01-20,0.0,N,0,,,2024-04-09,paid,20959309.0,,760695.0
INV-2312-0082,B099,TUR,2023-12-21,DA,60,USD,6620.0,6620.0,1304.82,8637908.0,2024-02-19,0.0,Y,0,,,2024-02-19,paid,8837435.0,,199527.0
INV-2312-0083,B122,JPN,2023-12-21,DA,60,JPY,905000.0,6366.04,9.1785,8306542.0,2024-02-19,0.0,N,0,,,2024-03-14,paid,8050246.0,,-256296.0
INV-2312-0084,B148,ARE,2023-12-21,TT_SPLIT_30_70,30,USD,7740.0,7740.0,1304.82,10099307.0,2024-01-20,0.3,N,0,,,2024-01-18,paid,10241226.0,,141919.0
INV-2312-0085,B018,NLD,2023-12-22,OA,30,EUR,8060.0,8872.47,1433.84,11556750.0,2024-01-21,0.0,Y,0,,,2024-01-03,paid,11475264.0,,-81486.0
INV-2312-0086,B022,IDN,2023-12-22,OA,90,USD,6090.0,6090.0,1302.54,7932469.0,2024-03-21,0.0,Y,0,,,2024-03-16,paid,8095741.0,,163272.0
INV-2312-0087,B033,VNM,2023-12-22,LC_SIGHT,0,USD,9510.0,9510.0,1302.54,12387155.0,2024-01-01,0.0,N,0,,0,2024-01-01,paid,12277125.0,,-110030.0
INV-2312-0088,B040,IND,2023-12-22,LC_USANCE,90,USD,14900.0,14900.0,1302.54,19407846.0,2024-03-21,0.0,N,0,,0,2024-03-21,paid,19699439.0,,291593.0
INV-2312-0089,B066,ARE,2023-12-22,DA,60,USD,3620.0,3620.0,1302.54,4715195.0,2024-02-20,0.0,Y,0,,,2024-02-29,paid,4837008.0,,121813.0
INV-2312-0090,B087,TWN,2023-12-22,TT_SPLIT_30_70,30,USD,4720.0,4720.0,1302.54,6147989.0,2024-01-21,0.3,Y,0,,,2024-01-14,paid,6188024.0,,40035.0
INV-2312-0091,B116,GBR,2023-12-22,OA,60,USD,7540.0,7540.0,1302.54,9821152.0,2024-02-20,0.0,Y,1,QUALITY,,2024-02-09,paid,10051574.0,,230422.0
INV-2312-0092,B127,VNM,2023-12-23,DP,0,USD,7390.0,7390.0,1302.54,9625771.0,2024-01-03,0.0,N,0,,,2024-01-03,paid,9644689.0,,18918.0
INV-2312-0093,B003,IDN,2023-12-24,DA,90,USD,4640.0,4640.0,1302.54,6043786.0,2024-03-23,0.0,N,0,,,2024-04-30,paid,6412109.0,,368323.0
INV-2312-0094,B023,IDN,2023-12-24,DA,90,USD,4160.0,4160.0,1302.54,5418566.0,2024-03-23,0.0,Y,0,,,2024-03-16,paid,5530096.0,,111530.0
INV-2312-0095,B028,JPN,2023-12-24,TT_ADV,0,JPY,2382000.0,16704.03,9.1342,21757664.0,2023-12-24,1.0,N,0,,,2023-12-10,paid,21490404.0,,-267260.0
INV-2312-0096,B075,DEU,2023-12-24,OA,60,EUR,5260.0,5790.22,1433.84,7541998.0,2024-02-22,0.0,Y,0,,,2024-02-20,paid,7606486.0,,64488.0
INV-2312-0097,B078,VNM,2023-12-24,TT_SPLIT_30_70,30,USD,15150.0,15150.0,1302.54,19733481.0,2024-01-23,0.3,N,0,,,2024-03-14,paid,20020722.0,,287241.0
INV-2312-0098,B137,ARE,2023-12-24,TT_ADV,0,USD,40940.0,40940.0,1302.54,53325988.0,2023-12-24,1.0,N,0,,,2023-12-17,paid,53054965.0,,-271023.0
INV-2312-0099,B137,ARE,2023-12-24,TT_ADV,0,USD,18950.0,18950.0,1302.54,24683133.0,2023-12-24,1.0,N,0,,,2023-12-19,paid,24785652.0,,102520.0
INV-2312-0100,B147,THA,2023-12-24,DA,60,USD,9830.0,9830.0,1302.54,12803968.0,2024-02-22,0.0,N,0,,,2024-06-17,paid,13570315.0,,766347.0
INV-2312-0101,B028,JPN,2023-12-25,OA,90,JPY,3065000.0,21493.64,9.1342,27996323.0,2024-03-24,0.0,Y,0,,,2024-03-20,paid,27061192.0,,-935132.0
INV-2312-0102,B047,MEX,2023-12-25,OA,90,USD,13220.0,13220.0,1302.54,17219579.0,2024-03-24,0.0,Y,0,,,2024-03-19,paid,17692062.0,,472483.0
INV-2312-0103,B119,IND,2023-12-25,DA,90,USD,16120.0,16120.0,1302.54,20996945.0,2024-03-24,0.0,Y,0,,,2024-04-03,paid,21737820.0,,740875.0
INV-2312-0104,B015,TWN,2023-12-26,DA,90,USD,6460.0,6460.0,1294.25,8360855.0,2024-03-25,0.0,N,0,,,2024-03-10,paid,8522549.0,,161694.0
INV-2312-0105,B077,VNM,2023-12-26,DP,0,USD,8570.0,8570.0,1294.25,11091722.0,2024-01-09,0.0,N,0,,,2024-01-09,paid,11277434.0,,185712.0
INV-2312-0106,B087,TWN,2023-12-26,TT_ADV,0,USD,28910.0,28910.0,1294.25,37416768.0,2023-12-26,1.0,N,0,,,2023-11-29,paid,37373113.0,,-43655.0
INV-2312-0107,B137,ARE,2023-12-26,TT_ADV,0,USD,11960.0,11960.0,1294.25,15479230.0,2023-12-26,1.0,N,0,,,2023-12-11,paid,15743905.0,,264675.0
INV-2312-0108,B142,IND,2023-12-26,OA,30,USD,13630.0,13630.0,1294.25,17640628.0,2024-01-25,0.0,Y,0,,,2024-01-19,paid,18244164.0,,603536.0
INV-2312-0109,B145,GBR,2023-12-26,TT_ADV,0,USD,9580.0,9580.0,1294.25,12398915.0,2023-12-26,1.0,N,0,,,2023-12-19,paid,12530161.0,,131246.0
INV-2312-0110,B021,CHN,2023-12-27,OA,60,CNY,193600.0,27112.5,181.13,35066768.0,2024-02-25,0.0,N,0,,,2024-02-19,paid,35932160.0,,865392.0
INV-2312-0111,B073,BRA,2023-12-27,TT_ADV,0,USD,1800.0,1800.0,1293.38,2328084.0,2023-12-27,1.0,N,0,,,2023-12-08,paid,2352798.0,,24714.0
INV-2312-0112,B127,VNM,2023-12-27,DP,0,USD,207130.0,207130.0,1293.38,267897799.0,2024-01-08,0.0,N,0,,,2024-01-08,paid,272496085.0,,4598286.0
INV-2312-0113,B011,IND,2023-12-28,LC_SIGHT,0,USD,9260.0,9260.0,1288.45,11931047.0,2024-01-02,0.0,N,0,,0,2024-01-02,paid,12042815.0,,111768.0
INV-2312-0114,B033,VNM,2023-12-28,LC_SIGHT,0,USD,23960.0,23960.0,1288.45,30871262.0,2024-01-03,0.0,N,0,,0,2024-01-03,paid,31270196.0,,398934.0
INV-2312-0115,B069,ARE,2023-12-28,OA,60,USD,2520.0,2520.0,1288.45,3246894.0,2024-02-26,0.0,N,1,DOCS,,2024-02-20,paid,3369870.0,,122976.0
INV-2312-0116,B075,DEU,2023-12-28,OA,60,EUR,6670.0,7385.69,1426.7,9516089.0,2024-02-26,0.0,Y,0,,,2024-02-26,paid,9635816.0,,119726.0
INV-2312-0117,B117,CHN,2023-12-28,OA,30,USD,1750.0,1750.0,1288.45,2254788.0,2024-01-27,0.0,Y,1,PRICE,,2024-01-20,paid,2342428.0,,87640.0
INV-2312-0118,B136,DEU,2023-12-28,DA,90,EUR,4550.0,5038.21,1426.7,6491485.0,2024-03-27,0.0,Y,0,,,2024-03-21,paid,6533527.0,,42042.0
INV-2312-0119,B145,GBR,2023-12-28,TT_SPLIT_30_70,30,USD,2240.0,2240.0,1288.45,2886128.0,2024-01-27,0.3,N,0,,,2024-01-27,paid,2972236.0,,86108.0
INV-2312-0120,B145,GBR,2023-12-28,TT_ADV,0,USD,10410.0,10410.0,1288.45,13412764.0,2023-12-28,1.0,N,0,,,2023-12-01,paid,13589734.0,,176970.0
INV-2312-0121,B018,NLD,2023-12-29,OA,30,EUR,6630.0,7334.1,1428.07,9468104.0,2024-01-28,0.0,Y,0,,,2024-01-10,paid,9594803.0,,126699.0
INV-2312-0122,B084,POL,2023-12-29,OA,90,EUR,15750.0,17422.64,1428.07,22492102.0,2024-03-28,0.0,N,0,,,2024-03-27,paid,22983975.0,,491873.0
INV-2312-0123,B123,POL,2023-12-29,OA,60,EUR,3630.0,4015.5,1428.07,5183894.0,2024-02-27,0.0,Y,0,,,2024-02-17,paid,5218561.0,,34667.0
INV-2312-0124,B011,IND,2023-12-30,LC_SIGHT,0,USD,8450.0,8450.0,1290.97,10908696.0,2024-01-04,0.0,N,0,,0,2024-01-04,paid,11072796.0,,164100.0
INV-2312-0125,B012,IDN,2023-12-30,DP,0,USD,3130.0,3130.0,1290.97,4040736.0,2024-01-11,0.0,N,0,,,2024-01-11,paid,4109815.0,,69079.0
INV-2312-0126,B029,CHN,2023-12-30,TT_ADV,0,USD,11050.0,11050.0,1290.97,14265218.0,2023-12-30,1.0,N,0,,,2023-11-30,paid,14253948.0,,-11270.0
INV-2312-0127,B053,DEU,2023-12-30,OA,60,EUR,12310.0,13617.31,1428.07,17579542.0,2024-02-28,0.0,N,1,QUANTITY,,2024-03-02,paid,17798537.0,,218995.0
INV-2312-0128,B064,USA,2023-12-30,TT_SPLIT_30_70,30,USD,16880.0,16880.0,1290.97,21791574.0,2024-01-29,0.3,Y,0,,,2024-03-09,paid,22309229.0,,517655.0
INV-2312-0129,B135,TUR,2023-12-30,OA,30,USD,8410.0,8410.0,1290.97,10857058.0,2024-01-29,0.0,Y,0,,,2024-01-25,paid,11235760.0,,378702.0
INV-2312-0130,B137,ARE,2023-12-30,TT_ADV,0,USD,7860.0,7860.0,1290.97,10147024.0,2023-12-30,1.0,N,0,,,2023-12-12,paid,10326075.0,,179051.0
INV-2312-0131,B044,THA,2023-12-31,DA,90,USD,5620.0,5620.0,1290.97,7255251.0,2024-03-30,0.0,N,0,,,2024-03-19,paid,7521134.0,,265883.0
INV-2312-0132,B066,ARE,2023-12-31,DA,60,USD,65780.0,65780.0,1290.97,84920007.0,2024-02-29,0.0,Y,0,,,2024-03-08,paid,87761876.0,,2841869.0
INV-2312-0133,B129,CHN,2023-12-31,OA,30,USD,16180.0,16180.0,1290.97,20887895.0,2024-01-30,0.0,Y,0,,,2024-01-30,paid,21502087.0,,614192.0
INV-2312-0134,B143,MYS,2023-12-31,OA,30,USD,13310.0,13310.0,1290.97,17182811.0,2024-01-30,0.0,Y,1,QUALITY,,2024-02-01,paid,17725992.0,,543181.0
INV-2401-0001,B049,ARE,2024-01-01,DA,90,USD,15840.0,15840.0,1290.97,20448965.0,2024-03-31,0.0,N,0,,,2024-03-29,paid,21337747.0,,888782.0
INV-2401-0002,B087,TWN,2024-01-01,TT_SPLIT_30_70,30,USD,63870.0,63870.0,1290.97,82454254.0,2024-01-31,0.3,Y,0,,,2024-02-19,paid,83716365.0,,1262111.0
INV-2401-0003,B102,GBR,2024-01-01,OA,60,USD,2830.0,2830.0,1290.97,3653445.0,2024-03-01,0.0,Y,0,,,2024-02-27,paid,3766334.0,,112889.0
INV-2401-0004,B140,USA,2024-01-01,OA,60,USD,9050.0,9050.0,1290.97,11683278.0,2024-03-01,0.0,Y,1,PRICE,,2024-02-23,paid,12024826.0,,341548.0
INV-2401-0005,B033,VNM,2024-01-02,LC_SIGHT,0,USD,3080.0,3080.0,1300.52,4005602.0,2024-01-08,0.0,N,0,,0,2024-01-08,paid,4051986.0,,46384.0
INV-2401-0006,B053,DEU,2024-01-02,OA,60,EUR,25890.0,28367.68,1424.98,36892732.0,2024-03-02,0.0,N,0,,,2024-03-02,paid,37433315.0,,540583.0
INV-2401-0007,B121,IND,2024-01-03,DA,90,USD,5390.0,5390.0,1305.1,7034489.0,2024-04-02,0.0,Y,1,QUALITY,,2024-04-02,paid,7283884.0,,249395.0
INV-2401-0008,B018,NLD,2024-01-04,OA,30,EUR,2690.0,2947.42,1435.79,3862275.0,2024-02-03,0.0,Y,0,,,2024-02-03,paid,3835752.0,,-26523.0
INV-2401-0009,B047,MEX,2024-01-04,OA,90,USD,5510.0,5510.0,1310.39,7220249.0,2024-04-03,0.0,Y,1,QUANTITY,,2024-04-10,paid,7433266.0,,213016.0
INV-2401-0010,B102,GBR,2024-01-04,OA,60,USD,3390.0,3390.0,1310.39,4442222.0,2024-03-04,0.0,Y,0,,,2024-03-01,paid,4524972.0,,82750.0
INV-2401-0011,B102,GBR,2024-01-04,OA,60,USD,19490.0,19490.0,1310.39,25539501.0,2024-03-04,0.0,Y,0,,,2024-03-04,paid,26003353.0,,463852.0
INV-2401-0012,B117,CHN,2024-01-04,OA,30,USD,12210.0,12210.0,1310.39,15999862.0,2024-02-03,0.0,Y,0,,,2024-02-03,paid,16140399.0,,140537.0
INV-2401-0013,B126,GBR,2024-01-04,OA,60,USD,18770.0,18770.0,1310.39,24596020.0,2024-03-04,0.0,N,0,,,2024-06-14,paid,25861659.0,,1265639.0
INV-2401-0014,B129,CHN,2024-01-04,TT_ADV,0,USD,9250.0,9250.0,1310.39,12121108.0,2024-01-04,1.0,N,0,,,2023-12-15,paid,11987260.0,,-133848.0
INV-2401-0015,B137,ARE,2024-01-04,TT_ADV,0,USD,45780.0,45780.0,1310.39,59989654.0,2024-01-04,1.0,N,0,,,2023-12-13,paid,60418613.0,,428959.0
INV-2401-0016,B067,BRA,2024-01-05,DP,0,USD,6080.0,6080.0,1315.62,7998970.0,2024-01-18,0.0,N,0,,,2024-01-18,paid,8139478.0,,140508.0
INV-2401-0017,B073,BRA,2024-01-05,OA,30,USD,20420.0,20420.0,1315.62,26864960.0,2024-02-04,0.0,N,0,,,2024-04-27,paid,27942143.0,,1077183.0
INV-2401-0018,B140,USA,2024-01-05,OA,60,USD,20700.0,20700.0,1315.62,27233334.0,2024-03-05,0.0,Y,0,,,2024-03-05,paid,27659783.0,,426449.0
INV-2401-0019,B044,THA,2024-01-06,DA,90,USD,3250.0,3250.0,1315.62,4275765.0,2024-04-05,0.0,N,0,,,2024-04-12,paid,4441089.0,,165324.0
INV-2401-0020,B095,EGY,2024-01-06,OA,30,USD,12790.0,12790.0,1315.62,16826780.0,2024-02-05,0.0,Y,0,,,2024-01-29,paid,17081045.0,,254265.0
INV-2401-0021,B028,JPN,2024-01-07,OA,90,JPY,1443000.0,9984.8,9.1034,13136206.0,2024-04-06,0.0,Y,1,QUALITY,,2024-04-06,paid,12875312.0,,-260894.0
INV-2401-0022,B037,SAU,2024-01-07,DA,90,USD,6360.0,6360.0,1315.62,8367343.0,2024-04-06,0.0,Y,0,,,2024-05-14,paid,8705377.0,,338034.0
INV-2401-0023,B082,JPN,2024-01-08,OA,60,JPY,1713000.0,11904.98,9.143,15661959.0,2024-03-08,0.0,Y,0,,,2024-03-10,paid,15355846.0,,-306113.0
INV-2401-0024,B144,TUR,2024-01-08,OA,60,USD,9290.0,9290.0,1315.58,12221738.0,2024-03-08,0.0,N,1,QUANTITY,,2024-02-18,paid,12401778.0,,180040.0
INV-2401-0025,B144,TUR,2024-01-08,OA,60,USD,17100.0,17100.0,1315.58,22496418.0,2024-03-08,0.0,N,0,,,2024-03-03,paid,22825080.0,,328662.0
INV-2401-0026,B001,NLD,2024-01-09,OA,90,EUR,3030.0,3313.31,1438.96,4360049.0,2024-04-08,0.0,N,0,,,2024-03-25,paid,4408620.0,,48571.0
INV-2401-0027,B044,THA,2024-01-09,DA,90,USD,7380.0,7380.0,1315.92,9711490.0,2024-04-08,0.0,N,0,,,2024-04-21,paid,10171388.0,,459898.0
INV-2401-0028,B049,ARE,2024-01-09,DA,90,USD,18000.0,18000.0,1315.92,23686560.0,2024-04-08,0.0,N,0,,,2024-05-26,paid,24635760.0,,949200.0
INV-2401-0029,B028,JPN,2024-01-10,TT_ADV,0,JPY,5506000.0,37795.01,9.0638,49905283.0,2024-01-10,1.0,N,0,,,2024-01-03,paid,50058350.0,,153067.0
INV-2401-0030,B064,USA,2024-01-10,TT_SPLIT_30_70,30,USD,5260.0,5260.0,1320.42,6945409.0,2024-02-09,0.3,Y,0,,,2024-03-29,paid,6976472.0,,31063.0
INV-2401-0031,B071,TWN,2024-01-10,OA,60,USD,19880.0,19880.0,1320.42,26249950.0,2024-03-10,0.0,Y,0,,,2024-03-10,paid,26227286.0,,-22664.0
INV-2401-0032,B143,MYS,2024-01-10,OA,30,USD,7490.0,7490.0,1320.42,9889946.0,2024-02-09,0.0,Y,0,,,2024-02-09,paid,9984919.0,,94973.0
INV-2401-0033,B145,GBR,2024-01-10,TT_ADV,0,USD,31810.0,31810.0,1320.42,42002560.0,2024-01-10,1.0,N,0,,,2023-12-18,paid,41277610.0,,-724950.0
INV-2401-0034,B066,ARE,2024-01-11,TT_ADV,0,USD,4080.0,4080.0,1313.04,5357203.0,2024-01-11,1.0,N,0,,,2023-12-16,paid,5287354.0,,-69849.0
INV-2401-0035,B114,JPN,2024-01-11,OA,90,JPY,322000.0,2205.03,8.9916,2895295.0,2024-04-10,0.0,N,0,,,2024-04-03,paid,2862902.0,,-32393.0
INV-2401-0036,B116,GBR,2024-01-11,OA,60,USD,4490.0,4490.0,1313.04,5895550.0,2024-03-11,0.0,Y,0,,,2024-03-06,paid,5989615.0,,94065.0
INV-2401-0037,B132,IDN,2024-01-11,OA,60,USD,5610.0,5610.0,1313.04,7366154.0,2024-03-11,0.0,Y,1,PRICE,,2024-03-11,paid,7363406.0,,-2748.0
INV-2401-0038,B040,IND,2024-01-12,LC_USANCE,90,USD,20690.0,20690.0,1313.41,27174453.0,2024-04-11,0.0,N,0,,0,2024-04-11,paid,28225091.0,,1050638.0
INV-2401-0039,B140,USA,2024-01-12,OA,60,USD,18670.0,18670.0,1313.41,24521365.0,2024-03-12,0.0,Y,0,,,2024-03-05,paid,24952642.0,,431277.0
INV-2401-0040,B026,THA,2024-01-13,OA,60,USD,16340.0,16340.0,1313.41,21461119.0,2024-03-13,0.0,Y,1,DOCS,,2024-03-09,paid,21557035.0,,95916.0
INV-2401-0041,B053,DEU,2024-01-13,OA,60,EUR,12670.0,13885.09,1439.37,18236818.0,2024-03-13,0.0,N,0,,,2024-03-13,paid,18229216.0,,-7602.0
INV-2401-0042,B073,BRA,2024-01-13,OA,30,USD,1940.0,1940.0,1313.41,2548015.0,2024-02-12,0.0,N,0,,,2024-05-13,paid,2649836.0,,101821.0
INV-2401-0043,B137,ARE,2024-01-13,TT_ADV,0,USD,7070.0,7070.0,1313.41,9285809.0,2024-01-13,1.0,N,0,,,2023-12-29,paid,9127158.0,,-158651.0
INV-2401-0044,B140,USA,2024-01-13,OA,60,USD,4350.0,4350.0,1313.41,5713334.0,2024-03-13,0.0,Y,0,,,2024-03-11,paid,5709592.0,,-3742.0
INV-2401-0045,B040,IND,2024-01-14,LC_USANCE,90,USD,17020.0,17020.0,1313.41,22354238.0,2024-04-13,0.0,N,0,,0,2024-04-13,paid,23398075.0,,1043837.0
INV-2401-0046,B052,VNM,2024-01-14,LC_SIGHT,0,USD,44040.0,44040.0,1313.41,57842576.0,2024-01-24,0.0,N,0,,0,2024-01-24,paid,58914070.0,,1071494.0
INV-2401-0047,B092,POL,2024-01-14,TT_SPLIT_30_70,30,EUR,6470.0,7090.49,1439.37,9312724.0,2024-02-13,0.3,N,0,,,2024-02-06,paid,9253504.0,,-59220.0
INV-2401-0048,B118,USA,2024-01-14,DA,60,USD,12910.0,12910.0,1313.41,16956123.0,2024-03-14,0.0,Y,0,,,2024-03-29,paid,17199851.0,,243728.0
INV-2401-0049,B022,IDN,2024-01-15,OA,90,USD,14120.0,14120.0,1313.41,18545349.0,2024-04-14,0.0,Y,0,,,2024-04-14,paid,19411329.0,,865980.0
INV-2401-0050,B063,CHN,2024-01-15,TT_ADV,0,CNY,17500.0,2441.91,183.27,3207225.0,2024-01-15,1.0,N,0,,,2023-12-20,paid,3186400.0,,-20825.0
INV-2401-0051,B066,ARE,2024-01-15,DA,60,USD,29150.0,29150.0,1313.41,38285902.0,2024-03-15,0.0,Y,0,,,2024-03-13,paid,38337060.0,,51158.0
INV-2401-0052,B111,TWN,2024-01-15,DA,90,USD,8270.0,8270.0,1313.41,10861901.0,2024-04-14,0.0,N,0,,,2024-04-22,paid,11427817.0,,565916.0
INV-2401-0053,B143,MYS,2024-01-15,TT_SPLIT_30_70,30,USD,13930.0,13930.0,1313.41,18295801.0,2024-02-14,0.3,Y,0,,,2024-02-14,paid,18484093.0,,188292.0
INV-2401-0054,B013,CHN,2024-01-16,TT_ADV,0,USD,10660.0,10660.0,1331.5,14193790.0,2024-01-16,1.0,N,0,,,2024-01-02,paid,13863543.0,,-330247.0
INV-2401-0055,B033,VNM,2024-01-16,LC_SIGHT,0,USD,20790.0,20790.0,1331.5,27681885.0,2024-01-23,0.0,N,0,,0,2024-01-23,paid,27728870.0,,46985.0
INV-2401-0056,B044,THA,2024-01-16,DA,90,USD,1620.0,1620.0,1331.5,2157030.0,2024-04-15,0.0,N,0,,,2024-04-21,paid,2230286.0,,73256.0
INV-2401-0057,B075,DEU,2024-01-16,OA,60,EUR,10330.0,11241.12,1448.94,14967550.0,2024-03-16,0.0,Y,1,QUALITY,,2024-03-09,paid,14910529.0,,-57021.0
INV-2401-0058,B082,JPN,2024-01-16,OA,60,JPY,1282000.0,8720.49,9.0572,11611330.0,2024-03-16,0.0,Y,0,,,2024-03-14,paid,11403775.0,,-207555.0
INV-2401-0059,B112,MEX,2024-01-16,TT_SPLIT_30_70,30,USD,1460.0,1460.0,1331.5,1943990.0,2024-02-15,0.3,N,0,,,2024-02-11,paid,1929310.0,,-14680.0
INV-2401-0060,B121,IND,2024-01-16,DA,90,USD,26940.0,26940.0,1331.5,35870610.0,2024-04-15,0.0,Y,1,QUANTITY,,2024-04-09,paid,36498312.0,,627702.0
INV-2401-0061,B142,IND,2024-01-16,OA,30,USD,12200.0,12200.0,1331.5,16244300.0,2024-02-15,0.0,Y,0,,,2024-02-15,paid,16272848.0,,28548.0
INV-2401-0062,B009,CHN,2024-01-17,DA,90,CNY,23800.0,3307.35,186.8,4445840.0,2024-04-16,0.0,Y,0,,,2024-04-09,paid,4458692.0,,12852.0
INV-2401-0063,B077,VNM,2024-01-17,DP,0,USD,1690.0,1690.0,1344.23,2271749.0,2024-01-31,0.0,N,0,,,2024-01-31,paid,2255981.0,,-15768.0
INV-2401-0064,B118,USA,2024-01-17,DA,60,USD,10770.0,10770.0,1344.23,14477357.0,2024-03-17,0.0,Y,1,QUANTITY,,2024-03-29,paid,14508052.0,,30695.0
INV-2401-0065,B133,USA,2024-01-17,OA,90,USD,2490.0,2490.0,1344.23,3347133.0,2024-04-16,0.0,Y,0,,,2024-06-26,paid,3429486.0,,82353.0
INV-2401-0066,B013,CHN,2024-01-18,TT_ADV,0,USD,4910.0,4910.0,1338.73,6573164.0,2024-01-18,1.0,N,0,,,2024-01-13,paid,6448843.0,,-124321.0
INV-2401-0067,B063,CHN,2024-01-18,TT_ADV,0,CNY,242300.0,33671.83,186.04,45077492.0,2024-01-18,1.0,N,0,,,2024-01-14,paid,44406321.0,,-671171.0
INV-2401-0068,B077,VNM,2024-01-18,DP,0,USD,8650.0,8650.0,1338.73,11580014.0,2024-02-02,0.0,N,0,,,2024-02-12,paid,11516350.0,,-63664.0
INV-2401-0069,B135,TUR,2024-01-18,OA,30,USD,3080.0,3080.0,1338.73,4123288.0,2024-02-17,0.0,Y,1,PRICE,,2024-02-18,paid,4111677.0,,-11611.0
INV-2401-0070,B149,CHN,2024-01-18,OA,90,USD,5080.0,5080.0,1338.73,6800748.0,2024-04-17,0.0,Y,0,,,2024-04-17,paid,7040270.0,,239522.0
INV-2401-0071,B066,ARE,2024-01-19,DA,60,USD,22780.0,22780.0,1338.53,30491713.0,2024-03-19,0.0,Y,0,,,2024-03-24,paid,30409368.0,,-82345.0
INV-2401-0072,B099,TUR,2024-01-19,DA,60,USD,30740.0,30740.0,1338.53,41146412.0,2024-03-19,0.0,Y,0,,,2024-03-19,paid,41138727.0,,-7685.0
INV-2401-0073,B050,USA,2024-01-20,OA,60,USD,31900.0,31900.0,1338.53,42699107.0,2024-03-20,0.0,Y,0,,,2024-03-20,paid,42594681.0,,-104426.0
INV-2401-0074,B144,TUR,2024-01-20,OA,60,USD,13080.0,13080.0,1338.53,17507972.0,2024-03-20,0.0,N,0,,,2024-03-15,paid,17387898.0,,-120074.0
INV-2401-0075,B150,GBR,2024-01-20,OA,30,USD,9050.0,9050.0,1338.53,12113696.0,2024-02-19,0.0,Y,0,,,2024-03-02,paid,12064704.0,,-48992.0
INV-2401-0076,B009,CHN,2024-01-21,DA,90,CNY,148200.0,20603.6,186.09,27578538.0,2024-04-20,0.0,Y,1,DOCS,,2024-04-20,paid,28180230.0,,601692.0
INV-2401-0077,B050,USA,2024-01-21,OA,60,USD,22110.0,22110.0,1338.53,29594898.0,2024-03-21,0.0,Y,0,,,2024-03-20,paid,29605732.0,,10834.0
INV-2401-0078,B080,JPN,2024-01-21,OA,60,JPY,769000.0,5188.58,9.0313,6945070.0,2024-03-21,0.0,Y,0,,,2024-03-11,paid,6872861.0,,-72209.0
INV-2401-0079,B092,POL,2024-01-21,TT_SPLIT_30_70,30,EUR,3720.0,4049.97,1457.26,5421007.0,2024-02-20,0.3,N,0,,,2024-02-20,paid,5369180.0,,-51827.0
INV-2401-0080,B116,GBR,2024-01-21,OA,60,USD,5390.0,5390.0,1338.53,7214677.0,2024-03-21,0.0,Y,0,,,2024-03-21,paid,7126173.0,,-88504.0
INV-2401-0081,B053,DEU,2024-01-23,OA,60,EUR,9840.0,10655.75,1444.33,14212207.0,2024-03-23,0.0,N,0,,,2024-03-23,paid,14243105.0,,30898.0
INV-2401-0082,B087,TWN,2024-01-23,TT_SPLIT_30_70,30,USD,27980.0,27980.0,1333.76,37318605.0,2024-02-22,0.3,Y,0,,,2024-03-08,paid,36997093.0,,-321512.0
INV-2401-0083,B137,ARE,2024-01-23,TT_ADV,0,USD,10720.0,10720.0,1333.76,14297907.0,2024-01-23,1.0,N,0,,,2024-01-03,paid,13990672.0,,-307235.0
INV-2401-0084,B015,TWN,2024-01-24,DA,90,USD,14600.0,14600.0,1337.74,19531004.0,2024-04-23,0.0,N,0,,,2024-04-11,paid,19917174.0,,386170.0
INV-2401-0085,B069,ARE,2024-01-24,OA,60,USD,2680.0,2680.0,1337.74,3585143.0,2024-03-24,0.0,N,0,,,2024-03-24,paid,3586215.0,,1072.0
INV-2401-0086,B100,THA,2024-01-24,TT_SPLIT_30_70,30,USD,1260.0,1260.0,1337.74,1685552.0,2024-02-23,0.3,Y,0,,,2024-02-23,paid,1669227.0,,-16325.0
INV-2401-0087,B121,IND,2024-01-24,DA,90,USD,14500.0,14500.0,1337.74,19397230.0,2024-04-23,0.0,Y,1,QUALITY,,2024-04-23,paid,19999415.0,,602185.0
INV-2401-0088,B025,DEU,2024-01-25,OA,60,EUR,6900.0,7477.51,1447.82,9989958.0,2024-03-25,0.0,Y,1,DOCS,,2024-03-14,paid,9903294.0,,-86664.0
INV-2401-0089,B035,TWN,2024-01-25,TT_ADV,0,USD,3880.0,3880.0,1336.0,5183680.0,2024-01-25,1.0,N,0,,,2024-01-21,paid,5193496.0,,9816.0
INV-2401-0090,B041,TUR,2024-01-25,OA,30,USD,21260.0,21260.0,1336.0,28403360.0,2024-02-24,0.0,Y,0,,,2024-02-17,paid,28381250.0,,-22110.0
INV-2401-0091,B066,ARE,2024-01-25,DA,60,USD,10680.0,10680.0,1336.0,14268480.0,2024-03-25,0.0,Y,0,,,2024-03-24,paid,14291335.0,,22855.0
INV-2401-0092,B114,JPN,2024-01-25,OA,90,JPY,504000.0,3412.56,9.046,4559184.0,2024-04-24,0.0,N,0,,,2024-04-11,paid,4488221.0,,-70963.0
INV-2401-0093,B140,USA,2024-01-25,OA,60,USD,7390.0,7390.0,1336.0,9873040.0,2024-03-25,0.0,Y,1,QUANTITY,,2024-03-22,paid,9888855.0,,15815.0
INV-2401-0094,B018,NLD,2024-01-26,OA,30,EUR,4500.0,4889.68,1451.78,6533010.0,2024-02-25,0.0,Y,0,,,2024-02-16,paid,6469290.0,,-63720.0
INV-2401-0095,B022,IDN,2024-01-26,OA,90,USD,12690.0,12690.0,1336.08,16954855.0,2024-04-25,0.0,Y,1,DOCS,,2024-04-26,paid,17450019.0,,495164.0
INV-2401-0096,B028,JPN,2024-01-27,OA,90,JPY,295000.0,1994.05,9.0312,2664204.0,2024-04-26,0.0,Y,0,,,2024-04-24,paid,2605292.0,,-58912.0
INV-2401-0097,B066,ARE,2024-01-28,DA,60,USD,9750.0,9750.0,1336.08,13026780.0,2024-03-28,0.0,Y,0,,,2024-03-28,paid,13123598.0,,96818.0
INV-2401-0098,B087,TWN,2024-01-28,TT_SPLIT_30_70,30,USD,4160.0,4160.0,1336.08,5558093.0,2024-02-27,0.3,Y,0,,,2024-03-08,paid,5489628.0,,-68465.0
INV-2401-0099,B094,VNM,2024-01-28,OA,90,USD,31660.0,31660.0,1336.08,42300293.0,2024-04-27,0.0,Y,0,,,2024-04-27,paid,43535666.0,,1235373.0
INV-2401-0100,B114,JPN,2024-01-28,OA,90,JPY,464000.0,3136.4,9.0312,4190477.0,2024-04-27,0.0,N,0,,,2024-04-27,paid,4047982.0,,-142495.0
INV-2401-0101,B050,USA,2024-01-29,OA,60,USD,12050.0,12050.0,1335.5,16092775.0,2024-03-29,0.0,Y,0,,,2024-03-31,paid,16232314.0,,139539.0
INV-2401-0102,B070,POL,2024-01-29,OA,60,EUR,9780.0,10569.21,1443.27,14115181.0,2024-03-29,0.0,Y,0,,,2024-03-29,paid,14216501.0,,101320.0
INV-2401-0103,B095,EGY,2024-01-29,OA,30,USD,46130.0,46130.0,1335.5,61606615.0,2024-02-28,0.0,Y,0,,,2024-02-28,paid,61630603.0,,23988.0
INV-2401-0104,B106,TUR,2024-01-29,LC_SIGHT,0,USD,27480.0,27480.0,1335.5,36699540.0,2024-02-08,0.0,N,0,,0,2024-02-08,paid,36495364.0,,-204176.0
INV-2401-0105,B013,CHN,2024-01-30,TT_SPLIT_30_70,30,USD,11930.0,11930.0,1328.93,15854135.0,2024-02-29,0.3,N,0,,,2024-03-20,paid,15971753.0,,117618.0
INV-2401-0106,B063,CHN,2024-01-30,OA,30,CNY,106800.0,14883.67,185.2,19779360.0,2024-02-29,0.0,N,0,,,2024-02-28,paid,19824216.0,,44856.0
INV-2401-0107,B071,TWN,2024-01-30,OA,60,USD,3230.0,3230.0,1328.93,4292444.0,2024-03-30,0.0,Y,0,,,2024-03-29,paid,4351068.0,,58624.0
INV-2401-0108,B084,POL,2024-01-30,OA,90,EUR,24700.0,26784.65,1441.09,35594923.0,2024-04-29,0.0,N,0,,,2024-04-17,paid,36435711.0,,840788.0
INV-2401-0109,B144,TUR,2024-01-30,OA,60,USD,6450.0,6450.0,1328.93,8571598.0,2024-03-30,0.0,N,0,,,2024-03-20,paid,8636679.0,,65081.0
INV-2401-0110,B102,GBR,2024-01-31,OA,60,USD,7270.0,7270.0,1334.9,9704723.0,2024-03-31,0.0,Y,1,DOCS,,2024-04-07,paid,9833257.0,,128534.0
INV-2401-0111,B104,MEX,2024-01-31,OA,60,USD,9850.0,9850.0,1334.9,13148765.0,2024-03-31,0.0,Y,0,,,2024-03-26,paid,13238400.0,,89635.0
INV-2401-0112,B115,CHN,2024-01-31,DA,60,CNY,54000.0,7534.27,186.25,10057500.0,2024-03-31,0.0,Y,0,,,2024-06-16,paid,10230468.0,,172968.0
INV-2401-0113,B144,TUR,2024-01-31,OA,60,USD,14880.0,14880.0,1334.9,19863312.0,2024-03-31,0.0,N,0,,,2024-03-25,paid,19978037.0,,114725.0
INV-2402-0001,B028,JPN,2024-02-01,OA,90,JPY,4788000.0,32753.96,9.1105,43621074.0,2024-05-01,0.0,Y,0,,,2024-05-01,paid,42123388.0,,-1497686.0
INV-2402-0002,B029,CHN,2024-02-01,OA,60,USD,16690.0,16690.0,1331.78,22227408.0,2024-04-01,0.0,Y,0,,,2024-04-01,paid,22510638.0,,283230.0
INV-2402-0003,B071,TWN,2024-02-01,OA,60,USD,3880.0,3880.0,1331.78,5167306.0,2024-04-01,0.0,Y,0,,,2024-04-01,paid,5233150.0,,65844.0
INV-2402-0004,B073,BRA,2024-02-01,OA,30,USD,13180.0,13180.0,1331.78,17552860.0,2024-03-02,0.0,N,1,PRICE,,2024-05-13,paid,18029054.0,,476194.0
INV-2402-0005,B132,IDN,2024-02-01,OA,60,USD,4250.0,4250.0,1331.78,5660065.0,2024-04-01,0.0,Y,0,,,2024-03-31,paid,5725090.0,,65025.0
INV-2402-0006,B144,TUR,2024-02-01,OA,60,USD,9650.0,9650.0,1331.78,12851677.0,2024-04-01,0.0,N,0,,,2024-03-29,paid,12983152.0,,131475.0
INV-2402-0007,B035,TWN,2024-02-02,TT_ADV,0,USD,4540.0,4540.0,1321.9,6001426.0,2024-02-02,1.0,N,0,,,2024-01-17,paid,6102804.0,,101378.0
INV-2402-0008,B038,DEU,2024-02-02,TT_ADV,0,EUR,13570.0,14637.92,1425.93,19349870.0,2024-02-02,1.0,N,0,,,2024-01-04,paid,19483670.0,,133800.0
INV-2402-0009,B076,POL,2024-02-02,OA,60,EUR,25680.0,27700.95,1425.93,36617882.0,2024-04-02,0.0,Y,0,,,2024-03-31,paid,37329218.0,,711336.0
INV-2402-0010,B140,USA,2024-02-02,OA,60,USD,40260.0,40260.0,1321.9,53219694.0,2024-04-02,0.0,Y,1,PRICE,,2024-03-25,paid,53906550.0,,686856.0
INV-2402-0011,B146,BRA,2024-02-02,OA,60,USD,7270.0,7270.0,1321.9,9610213.0,2024-04-02,0.0,N,0,,,2024-03-30,paid,9793272.0,,183059.0
INV-2402-0012,B009,CHN,2024-02-03,DA,90,CNY,112100.0,15586.64,183.8,20603980.0,2024-05-03,0.0,Y,0,,,2024-04-28,paid,21272096.0,,668116.0
INV-2402-0013,B030,TUR,2024-02-03,OA,60,USD,15320.0,15320.0,1321.9,20251508.0,2024-04-03,0.0,N,0,,,2024-04-11,paid,20899391.0,,647883.0
INV-2402-0014,B064,USA,2024-02-03,TT_SPLIT_30_70,30,USD,6010.0,6010.0,1321.9,7944619.0,2024-03-04,0.3,Y,0,,,2024-04-04,paid,8038762.0,,94143.0
INV-2402-0015,B084,POL,2024-02-03,OA,90,EUR,7390.0,7971.57,1425.93,10537623.0,2024-05-03,0.0,N,0,,,2024-04-29,paid,10908453.0,,370830.0
INV-2402-0016,B137,ARE,2024-02-03,TT_ADV,0,USD,5860.0,5860.0,1321.9,7746334.0,2024-02-03,1.0,N,0,,,2024-01-25,paid,7828960.0,,82626.0
INV-2402-0017,B011,IND,2024-02-04,LC_SIGHT,0,USD,16790.0,16790.0,1321.9,22194701.0,2024-02-14,0.0,N,0,,0,2024-02-14,paid,22415657.0,,220956.0
INV-2402-0018,B028,JPN,2024-02-04,OA,90,JPY,7851000.0,52854.53,8.8993,69868404.0,2024-05-04,0.0,Y,0,,,2024-05-04,paid,70011292.0,,142888.0
INV-2402-0019,B078,VNM,2024-02-04,TT_SPLIT_30_70,30,USD,10540.0,10540.0,1321.9,13932826.0,2024-03-05,0.3,N,0,,,2024-04-18,paid,14225663.0,,292837.0
INV-2402-0020,B144,TUR,2024-02-04,OA,60,USD,5250.0,5250.0,1321.9,6939975.0,2024-04-04,0.0,N,0,,,2024-03-29,paid,7072170.0,,132195.0
INV-2402-0021,B005,VNM,2024-02-05,OA,90,USD,10190.0,10190.0,1330.98,13562686.0,2024-05-05,0.0,Y,0,,,2024-05-05,paid,13889378.0,,326692.0
INV-2402-0022,B046,USA,2024-02-05,OA,30,USD,16980.0,16980.0,1330.98,22600040.0,2024-03-06,0.0,N,0,,,2024-03-05,paid,22693940.0,,93900.0
INV-2402-0023,B073,BRA,2024-02-05,OA,30,USD,21630.0,21630.0,1330.98,28789097.0,2024-03-06,0.0,N,0,,,2024-06-28,paid,29756460.0,,967363.0
INV-2402-0024,B095,EGY,2024-02-05,OA,30,USD,2420.0,2420.0,1330.98,3220972.0,2024-03-06,0.0,Y,0,,,2024-03-06,paid,3228256.0,,7284.0
INV-2402-0025,B129,CHN,2024-02-05,OA,30,USD,6870.0,6870.0,1330.98,9143833.0,2024-03-06,0.0,Y,0,,,2024-03-06,paid,9164511.0,,20678.0
INV-2402-0026,B066,ARE,2024-02-06,TT_ADV,0,USD,32340.0,32340.0,1326.83,42909682.0,2024-02-06,1.0,N,0,,,2024-02-01,paid,43069765.0,,160083.0
INV-2402-0027,B135,TUR,2024-02-06,OA,30,USD,7230.0,7230.0,1326.83,9592981.0,2024-03-07,0.0,Y,0,,,2024-03-05,paid,9662967.0,,69986.0
INV-2402-0028,B137,ARE,2024-02-06,TT_ADV,0,USD,1520.0,1520.0,1326.83,2016782.0,2024-02-06,1.0,N,0,,,2024-01-26,paid,2030842.0,,14060.0
INV-2402-0029,B140,USA,2024-02-06,OA,60,USD,63880.0,63880.0,1326.83,84757900.0,2024-04-06,0.0,Y,0,,,2024-03-30,paid,86051470.0,,1293570.0
INV-2402-0030,B033,VNM,2024-02-07,LC_SIGHT,0,USD,70040.0,70040.0,1327.37,92968995.0,2024-02-14,0.0,N,0,,0,2024-02-14,paid,93507602.0,,538607.0
INV-2402-0031,B112,MEX,2024-02-07,OA,90,USD,6120.0,6120.0,1327.37,8123504.0,2024-05-07,0.0,N,0,,,2024-05-03,paid,8341805.0,,218301.0
INV-2402-0032,B120,JPN,2024-02-07,OA,60,JPY,398000.0,2688.46,8.9663,3568587.0,2024-04-07,0.0,N,0,,,2024-03-31,paid,3545424.0,,-23163.0
INV-2402-0033,B127,VNM,2024-02-07,TT_ADV,0,USD,10610.0,10610.0,1327.37,14083396.0,2024-02-07,1.0,N,0,,,2024-02-03,paid,14025359.0,,-58037.0
INV-2402-0034,B135,TUR,2024-02-07,OA,30,USD,2570.0,2570.0,1327.37,3411341.0,2024-03-08,0.0,Y,0,,,2024-03-08,paid,3390550.0,,-20791.0
INV-2402-0035,B064,USA,2024-02-08,TT_SPLIT_30_70,30,USD,6670.0,6670.0,1328.07,8858227.0,2024-03-09,0.3,Y,0,,,2024-04-20,paid,9048795.0,,190568.0
INV-2402-0036,B149,CHN,2024-02-08,OA,90,USD,6210.0,6210.0,1328.07,8247315.0,2024-05-08,0.0,Y,0,,,2024-04-24,paid,8506831.0,,259516.0
INV-2402-0037,B030,TUR,2024-02-09,OA,60,USD,2010.0,2010.0,1333.1,2679531.0,2024-04-09,0.0,N,1,PRICE,,2024-04-21,paid,2767207.0,,87676.0
INV-2402-0038,B049,ARE,2024-02-09,DA,90,USD,11830.0,11830.0,1333.1,15770573.0,2024-05-09,0.0,N,1,PRICE,,2024-06-13,paid,16236345.0,,465772.0
INV-2402-0039,B107,DEU,2024-02-09,OA,60,EUR,18140.0,19558.57,1437.35,26073529.0,2024-04-09,0.0,Y,0,,,2024-04-07,paid,26599226.0,,525697.0
INV-2402-0040,B144,TUR,2024-02-09,OA,60,USD,11630.0,11630.0,1333.1,15503953.0,2024-04-09,0.0,N,0,,,2024-04-10,paid,15689452.0,,185498.0
INV-2402-0041,B049,ARE,2024-02-10,DA,90,USD,5280.0,5280.0,1333.1,7038768.0,2024-05-10,0.0,N,0,,,2024-06-21,paid,7321940.0,,283172.0
INV-2402-0042,B136,DEU,2024-02-10,DA,90,EUR,4570.0,4927.38,1437.35,6568690.0,2024-05-10,0.0,Y,0,,,2024-05-11,paid,6733895.0,,165205.0
INV-2402-0043,B143,MYS,2024-02-10,OA,30,USD,16480.0,16480.0,1333.1,21969488.0,2024-03-11,0.0,Y,0,,,2024-03-11,paid,21630824.0,,-338664.0
INV-2402-0044,B090,USA,2024-02-11,OA,60,USD,7540.0,7540.0,1333.1,10051574.0,2024-04-11,0.0,N,1,DOCS,,2024-04-14,paid,10365540.0,,313966.0
INV-2402-0045,B136,DEU,2024-02-11,DA,90,EUR,12570.0,13552.99,1437.35,18067490.0,2024-05-11,0.0,Y,0,,,2024-05-26,paid,18577466.0,,509976.0
INV-2402-0046,B043,CHN,2024-02-12,OA,90,CNY,10500.0,1459.81,185.1,1943550.0,2024-05-12,0.0,Y,0,,,2024-05-06,paid,1979670.0,,36120.0
INV-2402-0047,B117,CHN,2024-02-12,OA,30,USD,14250.0,14250.0,1331.37,18972022.0,2024-03-13,0.0,Y,0,,,2024-03-22,paid,19068495.0,,96473.0
INV-2402-0048,B142,IND,2024-02-12,OA,30,USD,26080.0,26080.0,1331.37,34722130.0,2024-03-13,0.0,Y,0,,,2024-03-07,paid,34537744.0,,-184386.0
INV-2402-0049,B052,VNM,2024-02-13,LC_SIGHT,0,USD,60030.0,60030.0,1327.88,79712636.0,2024-02-20,0.0,N,0,,8,2024-02-28,paid,80201281.0,,488645.0
INV-2402-0050,B078,VNM,2024-02-13,TT_SPLIT_30_70,30,USD,6360.0,6360.0,1327.88,8445317.0,2024-03-14,0.3,N,0,,,2024-04-18,paid,8662600.0,,217283.0
INV-2402-0051,B084,POL,2024-02-13,OA,90,EUR,35190.0,37723.75,1423.49,50092613.0,2024-05-13,0.0,N,0,,,2024-05-06,paid,51541385.0,,1448772.0
INV-2402-0052,B096,USA,2024-02-13,OA,90,USD,7520.0,7520.0,1327.88,9985658.0,2024-05-13,0.0,Y,0,,,2024-04-28,paid,10340752.0,,355094.0
INV-2402-0053,B101,IND,2024-02-13,DA,60,USD,17250.0,17250.0,1327.88,22905930.0,2024-04-13,0.0,Y,0,,,2024-05-09,paid,23635144.0,,729214.0
INV-2402-0054,B101,IND,2024-02-13,DA,60,USD,4310.0,4310.0,1327.88,5723163.0,2024-04-13,0.0,Y,0,,,2024-05-09,paid,5903579.0,,180416.0
INV-2402-0055,B066,ARE,2024-02-14,DA,60,USD,33910.0,33910.0,1335.06,45271885.0,2024-04-14,0.0,Y,0,,,2024-04-16,paid,47267827.0,,1995942.0
INV-2402-0056,B095,EGY,2024-02-14,OA,30,USD,15150.0,15150.0,1335.06,20226159.0,2024-03-15,0.0,Y,0,,,2024-03-15,paid,20139652.0,,-86506.0
INV-2402-0057,B122,JPN,2024-02-14,DA,60,JPY,1889000.0,12551.45,8.8708,16756941.0,2024-04-14,0.0,N,0,,,2024-04-12,paid,16959820.0,,202879.0
INV-2402-0058,B140,USA,2024-02-14,OA,60,USD,6830.0,6830.0,1335.06,9118460.0,2024-04-14,0.0,Y,1,DOCS,,2024-04-11,paid,9317418.0,,198958.0
INV-2402-0059,B080,JPN,2024-02-15,OA,60,JPY,2567000.0,17091.65,8.881,22797527.0,2024-04-15,0.0,Y,0,,,2024-05-28,paid,22212251.0,,-585276.0
INV-2402-0060,B087,TWN,2024-02-15,TT_SPLIT_30_70,30,USD,14680.0,14680.0,1333.84,19580771.0,2024-03-16,0.3,Y,0,,,2024-03-28,paid,19639916.0,,59145.0
INV-2402-0061,B132,IDN,2024-02-15,OA,60,USD,10910.0,10910.0,1333.84,14552194.0,2024-04-15,0.0,Y,0,,,2024-04-15,paid,15095403.0,,543209.0
INV-2402-0062,B002,CHN,2024-02-16,OA,60,USD,6560.0,6560.0,1334.96,8757338.0,2024-04-16,0.0,N,0,,,2024-04-16,paid,9144115.0,,386777.0
INV-2402-0063,B020,SAU,2024-02-16,TT_SPLIT_30_70,30,USD,4030.0,4030.0,1334.96,5379889.0,2024-03-17,0.3,Y,0,,,2024-02-26,paid,5352533.0,,-27356.0
INV-2402-0064,B033,VNM,2024-02-16,LC_SIGHT,0,USD,32690.0,32690.0,1334.96,43639842.0,2024-02-23,0.0,N,0,,0,2024-02-23,paid,43435530.0,,-204312.0
INV-2402-0065,B040,IND,2024-02-16,LC_USANCE,90,USD,8240.0,8240.0,1334.96,11000070.0,2024-05-16,0.0,N,0,,0,2024-05-16,paid,11084036.0,,83966.0
INV-2402-0066,B148,ARE,2024-02-16,OA,60,USD,29460.0,29460.0,1334.96,39327922.0,2024-04-16,0.0,N,0,,,2024-04-12,paid,40499840.0,,1171918.0
INV-2402-0067,B022,IDN,2024-02-17,OA,90,USD,25730.0,25730.0,1334.96,34348521.0,2024-05-17,0.0,Y,1,PRICE,,2024-05-17,paid,34859776.0,,511255.0
INV-2402-0068,B024,USA,2024-02-17,OA,30,USD,7900.0,7900.0,1334.96,10546184.0,2024-03-18,0.0,Y,0,,,2024-03-17,paid,10501865.0,,-44319.0
INV-2402-0069,B037,SAU,2024-02-17,DA,90,USD,14970.0,14970.0,1334.96,19984351.0,2024-05-17,0.0,Y,0,,,2024-06-11,paid,20487634.0,,503284.0
INV-2402-0070,B053,DEU,2024-02-17,OA,60,EUR,5870.0,6321.41,1437.62,8438829.0,2024-04-17,0.0,N,1,DOCS,,2024-04-13,paid,8591860.0,,153031.0
INV-2402-0071,B077,VNM,2024-02-17,DP,0,USD,2860.0,2860.0,1334.96,3817986.0,2024-03-02,0.0,N,0,,,2024-03-02,paid,3817528.0,,-458.0
INV-2402-0072,B127,VNM,2024-02-17,TT_ADV,0,USD,67100.0,67100.0,1334.96,89575816.0,2024-02-17,1.0,N,0,,,2024-02-03,paid,88699490.0,,-876326.0
INV-2402-0073,B030,TUR,2024-02-18,OA,60,USD,8720.0,8720.0,1334.96,11640851.0,2024-04-18,0.0,N,0,,,2024-04-22,paid,12049645.0,,408794.0
INV-2402-0074,B082,JPN,2024-02-18,OA,60,JPY,7238000.0,48144.17,8.8796,64270545.0,2024-04-18,0.0,Y,0,,,2024-04-13,paid,64984212.0,,713667.0
INV-2402-0075,B140,USA,2024-02-18,OA,60,USD,3840.0,3840.0,1334.96,5126246.0,2024-04-18,0.0,Y,0,,,2024-04-11,paid,5238490.0,,112244.0
INV-2402-0076,B066,ARE,2024-02-19,DA,60,USD,4000.0,4000.0,1334.96,5339840.0,2024-04-19,0.0,Y,0,,,2024-04-19,paid,5506880.0,,167040.0
INV-2402-0077,B094,VNM,2024-02-19,OA,90,USD,13400.0,13400.0,1334.96,17888464.0,2024-05-19,0.0,Y,1,QUALITY,,2024-05-19,paid,18154722.0,,266258.0
INV-2402-0078,B030,TUR,2024-02-20,OA,60,USD,6170.0,6170.0,1337.25,8250832.0,2024-04-20,0.0,N,1,QUALITY,,2024-04-25,paid,8452036.0,,201204.0
INV-2402-0079,B041,TUR,2024-02-20,OA,30,USD,14220.0,14220.0,1337.25,19015695.0,2024-03-21,0.0,Y,0,,,2024-03-21,paid,18800404.0,,-215291.0
INV-2402-0080,B033,VNM,2024-02-21,LC_SIGHT,0,USD,4230.0,4230.0,1334.95,5646838.0,2024-02-28,0.0,N,0,,0,2024-02-28,paid,5651365.0,,4527.0
INV-2402-0081,B033,VNM,2024-02-21,LC_SIGHT,0,USD,8830.0,8830.0,1334.95,11787608.0,2024-02-28,0.0,N,0,,9,2024-03-08,paid,11649242.0,,-138366.0
INV-2402-0082,B096,USA,2024-02-21,OA,90,USD,4970.0,4970.0,1334.95,6634702.0,2024-05-21,0.0,Y,0,,,2024-05-16,paid,6685396.0,,50694.0
INV-2402-0083,B117,CHN,2024-02-21,OA,30,USD,17780.0,17780.0,1334.95,23735411.0,2024-03-22,0.0,Y,0,,,2024-05-16,paid,23892022.0,,156611.0
INV-2402-0084,B044,THA,2024-02-22,DA,90,USD,9180.0,9180.0,1328.71,12197558.0,2024-05-22,0.0,N,0,,,2024-05-22,paid,12438695.0,,241137.0
INV-2402-0085,B063,CHN,2024-02-22,TT_ADV,0,CNY,217100.0,30176.79,184.69,40096199.0,2024-02-22,1.0,N,0,,,2024-01-23,paid,40374087.0,,277888.0
INV-2402-0086,B099,TUR,2024-02-22,OA,60,USD,12090.0,12090.0,1328.71,16064104.0,2024-04-22,0.0,Y,0,,,2024-04-15,paid,16728087.0,,663983.0
INV-2402-0087,B138,CHN,2024-02-22,OA,90,CNY,19400.0,2696.59,184.69,3582986.0,2024-05-22,0.0,Y,1,DOCS,,2024-07-08,paid,3690656.0,,107670.0
INV-2402-0088,B018,NLD,2024-02-23,OA,30,EUR,10380.0,11239.49,1438.73,14934017.0,2024-03-24,0.0,Y,1,QUANTITY,,2024-03-25,paid,15102796.0,,168779.0
INV-2402-0089,B030,TUR,2024-02-23,OA,60,USD,12050.0,12050.0,1328.71,16010956.0,2024-04-23,0.0,N,0,,,2024-04-26,paid,16569955.0,,558999.0
INV-2402-0090,B044,THA,2024-02-23,DA,90,USD,1480.0,1480.0,1328.71,1966491.0,2024-05-23,0.0,N,1,QUANTITY,,2024-05-22,paid,2016293.0,,49802.0
INV-2402-0091,B066,ARE,2024-02-23,DA,60,USD,17840.0,17840.0,1328.71,23704186.0,2024-04-23,0.0,Y,0,,,2024-04-19,paid,24560685.0,,856499.0
INV-2402-0092,B095,EGY,2024-02-23,OA,30,USD,37670.0,37670.0,1328.71,50052506.0,2024-03-24,0.0,Y,1,PRICE,,2024-04-16,paid,51684565.0,,1632059.0
INV-2402-0093,B020,SAU,2024-02-24,TT_SPLIT_30_70,30,USD,8020.0,8020.0,1328.71,10656254.0,2024-03-25,0.3,Y,0,,,2024-03-23,paid,10724232.0,,67978.0
INV-2402-0094,B028,JPN,2024-02-24,OA,90,JPY,4995000.0,33220.43,8.8369,44140316.0,2024-05-24,0.0,Y,0,,,2024-05-17,paid,43500456.0,,-639860.0
INV-2402-0095,B044,THA,2024-02-24,DA,90,USD,9000.0,9000.0,1328.71,11958390.0,2024-05-24,0.0,N,1,PRICE,,2024-06-27,paid,12295872.0,,337482.0
INV-2402-0096,B066,ARE,2024-02-24,DA,60,USD,21540.0,21540.0,1328.71,28620413.0,2024-04-24,0.0,Y,0,,,2024-04-23,paid,29700041.0,,1079628.0
INV-2402-0097,B120,JPN,2024-02-24,OA,60,JPY,558000.0,3711.11,8.8369,4930990.0,2024-04-24,0.0,N,0,,,2024-04-21,paid,4970608.0,,39618.0
INV-2402-0098,B137,ARE,2024-02-24,TT_ADV,0,USD,12570.0,12570.0,1328.71,16701885.0,2024-02-24,1.0,N,0,,,2024-01-26,paid,16794526.0,,92641.0
INV-2402-0099,B090,USA,2024-02-25,OA,60,USD,1570.0,1570.0,1328.71,2086075.0,2024-04-25,0.0,N,1,PRICE,,2024-04-30,paid,2169614.0,,83539.0
INV-2402-0100,B132,IDN,2024-02-25,OA,60,USD,20740.0,20740.0,1328.71,27557445.0,2024-04-25,0.0,Y,0,,,2024-04-25,paid,28410896.0,,853451.0
INV-2402-0101,B138,CHN,2024-02-25,TT_ADV,0,CNY,35400.0,4918.72,184.62,6535548.0,2024-02-25,1.0,N,0,,,2024-02-09,paid,6561036.0,,25488.0
INV-2402-0102,B013,CHN,2024-02-26,TT_ADV,0,USD,6610.0,6610.0,1330.86,8796985.0,2024-02-26,1.0,N,0,,,2024-01-28,paid,8831489.0,,34504.0
INV-2402-0103,B049,ARE,2024-02-26,DA,90,USD,6960.0,6960.0,1330.86,9262786.0,2024-05-26,0.0,N,0,,,2024-06-21,paid,9661663.0,,398877.0
INV-2402-0104,B120,JPN,2024-02-26,OA,60,JPY,1638000.0,10862.77,8.8259,14456824.0,2024-04-26,0.0,N,0,,,2024-04-22,paid,14618558.0,,161734.0
INV-2402-0105,B140,USA,2024-02-26,OA,60,USD,4900.0,4900.0,1330.86,6521214.0,2024-04-26,0.0,Y,0,,,2024-04-11,paid,6684531.0,,163317.0
INV-2402-0106,B148,ARE,2024-02-26,OA,60,USD,44190.0,44190.0,1330.86,58810703.0,2024-04-26,0.0,N,0,,,2024-04-26,paid,60765669.0,,1954966.0
INV-2402-0107,B005,VNM,2024-02-27,OA,90,USD,10020.0,10020.0,1330.86,13335217.0,2024-05-27,0.0,Y,0,,,2024-05-31,paid,13738848.0,,403631.0
INV-2402-0108,B139,DEU,2024-02-27,DA,90,EUR,8950.0,9716.98,1444.91,12931944.0,2024-05-27,0.0,Y,0,,,2024-05-20,paid,13181112.0,,249168.0
INV-2402-0109,B084,POL,2024-02-28,OA,90,EUR,18790.0,20374.05,1448.65,27220134.0,2024-05-28,0.0,N,0,,,2024-05-26,paid,27915551.0,,695417.0
INV-2402-0110,B089,NGA,2024-02-28,LC_SIGHT,0,USD,3350.0,3350.0,1336.02,4475667.0,2024-03-09,0.0,N,0,,0,2024-03-09,paid,4419588.0,,-56079.0
INV-2402-0111,B107,DEU,2024-02-28,OA,60,EUR,28310.0,30696.61,1448.65,41011282.0,2024-04-28,0.0,Y,0,,,2024-04-26,paid,41599563.0,,588281.0
INV-2402-0112,B047,MEX,2024-02-29,OA,90,USD,6800.0,6800.0,1336.19,9086092.0,2024-05-29,0.0,Y,1,QUANTITY,,2024-05-29,paid,9282476.0,,196384.0
INV-2402-0113,B140,USA,2024-02-29,OA,60,USD,21820.0,21820.0,1336.19,29155666.0,2024-04-29,0.0,Y,0,,,2024-04-29,paid,29933919.0,,778253.0
INV-2403-0001,B001,NLD,2024-03-01,OA,90,EUR,4260.0,4614.45,1445.86,6159364.0,2024-05-30,0.0,N,0,,,2024-05-23,paid,6283713.0,,124349.0
INV-2403-0002,B001,NLD,2024-03-01,OA,90,EUR,4990.0,5405.19,1445.86,7214841.0,2024-05-30,0.0,N,0,,,2024-05-27,paid,7413443.0,,198602.0
INV-2403-0003,B013,CHN,2024-03-01,TT_ADV,0,USD,42880.0,42880.0,1334.8,57236224.0,2024-03-01,1.0,N,0,,,2024-02-19,paid,57243085.0,,6861.0
INV-2403-0004,B023,IDN,2024-03-01,DA,90,USD,5190.0,5190.0,1334.8,6927612.0,2024-05-30,0.0,Y,1,DOCS,,2024-05-30,paid,7084713.0,,157101.0
INV-2403-0005,B032,EGY,2024-03-01,OA,30,USD,109840.0,109840.0,1334.8,146614432.0,2024-03-31,0.0,Y,0,,,2024-03-13,paid,144403353.0,,-2211079.0
INV-2403-0006,B064,USA,2024-03-01,TT_SPLIT_30_70,30,USD,12710.0,12710.0,1334.8,16965308.0,2024-03-31,0.3,Y,0,,,2024-04-25,paid,17256473.0,,291165.0
INV-2403-0007,B101,IND,2024-03-01,DA,60,USD,7890.0,7890.0,1334.8,10531572.0,2024-04-30,0.0,Y,1,QUANTITY,,2024-05-09,paid,10807249.0,,275677.0
INV-2403-0008,B140,USA,2024-03-01,OA,60,USD,13170.0,13170.0,1334.8,17579316.0,2024-04-30,0.0,Y,0,,,2024-04-29,paid,18139700.0,,560384.0
INV-2403-0009,B084,POL,2024-03-02,OA,90,EUR,56430.0,61125.17,1445.86,81589880.0,2024-05-31,0.0,N,0,,,2024-05-28,paid,83672884.0,,2083004.0
INV-2403-0010,B087,TWN,2024-03-02,TT_SPLIT_30_70,30,USD,10870.0,10870.0,1334.8,14509276.0,2024-04-01,0.3,Y,0,,,2024-04-02,paid,14599071.0,,89795.0
INV-2403-0011,B010,POL,2024-03-03,TT_ADV,0,EUR,10060.0,10897.03,1445.86,14545352.0,2024-03-03,1.0,N,0,,,2024-02-21,paid,14528149.0,,-17203.0
INV-2403-0012,B050,USA,2024-03-03,OA,60,USD,3820.0,3820.0,1334.8,5098936.0,2024-05-02,0.0,Y,0,,,2024-04-13,paid,5251507.0,,152571.0
INV-2403-0013,B099,TUR,2024-03-03,DA,60,USD,22360.0,22360.0,1334.8,29846128.0,2024-05-02,0.0,Y,0,,,2024-04-28,paid,30719197.0,,873069.0
INV-2403-0014,B126,GBR,2024-03-03,OA,60,USD,6000.0,6000.0,1334.8,8008800.0,2024-05-02,0.0,N,0,,,2024-06-14,paid,8273760.0,,264960.0
INV-2403-0015,B084,POL,2024-03-04,OA,90,EUR,4330.0,4703.26,1446.05,6261396.0,2024-06-02,0.0,N,0,,,2024-06-02,paid,6506431.0,,245035.0
INV-2403-0016,B125,MEX,2024-03-04,DA,60,USD,6770.0,6770.0,1331.29,9012833.0,2024-05-03,0.0,Y,0,,,2024-04-29,paid,9324660.0,,311826.0
INV-2403-0017,B127,VNM,2024-03-04,DP,0,USD,47550.0,47550.0,1331.29,63302840.0,2024-03-15,0.0,N,0,,,2024-03-15,paid,63210592.0,,-92248.0
INV-2403-0018,B129,CHN,2024-03-04,OA,30,USD,33850.0,33850.0,1331.29,45064166.0,2024-04-03,0.0,Y,0,,,2024-04-04,paid,45591550.0,,527384.0
INV-2403-0019,B018,NLD,2024-03-05,OA,30,EUR,8970.0,9742.29,1451.58,13020673.0,2024-04-04,0.0,Y,0,,,2024-04-04,paid,13126429.0,,105756.0
INV-2403-0020,B053,DEU,2024-03-05,OA,60,EUR,3820.0,4148.89,1451.58,5545036.0,2024-05-04,0.0,N,0,,,2024-05-07,paid,5591410.0,,46374.0
INV-2403-0021,B099,TUR,2024-03-05,DA,60,USD,16690.0,16690.0,1336.51,22306352.0,2024-05-04,0.0,Y,0,,,2024-04-28,paid,22950419.0,,644067.0
INV-2403-0022,B121,IND,2024-03-05,DA,90,USD,30280.0,30280.0,1336.51,40469523.0,2024-06-03,0.0,Y,1,DOCS,,2024-06-03,paid,41662555.0,,1193032.0
INV-2403-0023,B132,IDN,2024-03-05,OA,60,USD,15850.0,15850.0,1336.51,21183684.0,2024-05-04,0.0,Y,0,,,2024-05-16,paid,21320628.0,,136944.0
INV-2403-0024,B026,THA,2024-03-06,OA,60,USD,27690.0,27690.0,1333.99,36938183.0,2024-05-05,0.0,Y,0,,,2024-04-29,paid,38138822.0,,1200638.0
INV-2403-0025,B087,TWN,2024-03-06,TT_SPLIT_30_70,30,USD,7190.0,7190.0,1333.99,9591388.0,2024-04-05,0.3,Y,0,,,2024-04-02,paid,9667473.0,,76085.0
INV-2403-0026,B137,ARE,2024-03-06,TT_ADV,0,USD,22450.0,22450.0,1333.99,29948076.0,2024-03-06,1.0,N,0,,,2024-02-07,paid,29799456.0,,-148620.0
INV-2403-0027,B144,TUR,2024-03-06,OA,60,USD,8150.0,8150.0,1333.99,10872018.0,2024-05-05,0.0,N,0,,,2024-05-08,paid,11079518.0,,207500.0
INV-2403-0028,B043,CHN,2024-03-07,OA,90,CNY,34800.0,4838.31,184.12,6407376.0,2024-06-05,0.0,Y,0,,,2024-05-23,paid,6546576.0,,139200.0
INV-2403-0029,B063,CHN,2024-03-07,TT_ADV,0,CNY,103000.0,14320.29,184.12,18964360.0,2024-03-07,1.0,N,0,,,2024-02-18,paid,19116800.0,,152440.0
INV-2403-0030,B073,BRA,2024-03-07,OA,30,USD,910.0,910.0,1324.3,1205113.0,2024-04-06,0.0,N,1,QUANTITY,,2024-06-28,paid,1252660.0,,47548.0
INV-2403-0031,B005,VNM,2024-03-08,OA,90,USD,6540.0,6540.0,1319.28,8628091.0,2024-06-06,0.0,Y,0,,,2024-05-31,paid,9060712.0,,432621.0
INV-2403-0032,B005,VNM,2024-03-08,OA,90,USD,10640.0,10640.0,1319.28,14037139.0,2024-06-06,0.0,Y,0,,,2024-06-07,paid,14550094.0,,512955.0
INV-2403-0033,B037,SAU,2024-03-08,DA,90,USD,4580.0,4580.0,1319.28,6042302.0,2024-06-06,0.0,Y,1,PRICE,,2024-06-11,paid,6300752.0,,258450.0
INV-2403-0034,B087,TWN,2024-03-08,TT_SPLIT_30_70,30,USD,14420.0,14420.0,1319.28,19024018.0,2024-04-07,0.3,Y,0,,,2024-04-08,paid,19400173.0,,376155.0
INV-2403-0035,B106,TUR,2024-03-08,LC_SIGHT,0,USD,15190.0,15190.0,1319.28,20039863.0,2024-03-16,0.0,N,0,,0,2024-03-16,paid,20192826.0,,152964.0
INV-2403-0036,B140,USA,2024-03-08,OA,60,USD,10200.0,10200.0,1319.28,13456656.0,2024-05-07,0.0,Y,1,QUALITY,,2024-05-04,paid,13903008.0,,446352.0
INV-2403-0037,B005,VNM,2024-03-09,OA,90,USD,18590.0,18590.0,1319.28,24525415.0,2024-06-07,0.0,Y,0,,,2024-06-12,paid,25517537.0,,992122.0
INV-2403-0038,B030,TUR,2024-03-09,OA,60,USD,23850.0,23850.0,1319.28,31464828.0,2024-05-08,0.0,N,0,,,2024-05-11,paid,32621314.0,,1156486.0
INV-2403-0039,B120,JPN,2024-03-09,OA,60,JPY,294000.0,1997.68,8.9643,2635504.0,2024-05-08,0.0,N,0,,,2024-04-22,paid,2624920.0,,-10584.0
INV-2403-0040,B015,TWN,2024-03-10,DA,90,USD,16940.0,16940.0,1319.28,22348603.0,2024-06-08,0.0,N,0,,,2024-06-12,paid,23325629.0,,977026.0
INV-2403-0041,B026,THA,2024-03-10,OA,60,USD,19660.0,19660.0,1319.28,25937045.0,2024-05-09,0.0,Y,0,,,2024-05-08,paid,26773816.0,,836771.0
INV-2403-0042,B096,USA,2024-03-10,OA,90,USD,26370.0,26370.0,1319.28,34789414.0,2024-06-08,0.0,Y,0,,,2024-05-19,paid,35726867.0,,937453.0
INV-2403-0043,B107,DEU,2024-03-10,OA,60,EUR,10350.0,11323.9,1443.42,14939397.0,2024-05-09,0.0,Y,0,,,2024-05-09,paid,15269872.0,,330475.0
INV-2403-0044,B127,VNM,2024-03-10,TT_ADV,0,USD,16050.0,16050.0,1319.28,21174444.0,2024-03-10,1.0,N,0,,,2024-02-29,paid,21445850.0,,271406.0
INV-2403-0045,B137,ARE,2024-03-10,TT_ADV,0,USD,2930.0,2930.0,1319.28,3865490.0,2024-03-10,1.0,N,0,,,2024-02-16,paid,3911433.0,,45943.0
INV-2403-0046,B047,MEX,2024-03-11,OA,90,USD,4990.0,4990.0,1312.55,6549624.0,2024-06-09,0.0,Y,0,,,2024-06-09,paid,6818236.0,,268612.0
INV-2403-0047,B064,USA,2024-03-11,TT_SPLIT_30_70,30,USD,5680.0,5680.0,1312.55,7455284.0,2024-04-10,0.3,Y,0,,,2024-04-25,paid,7715218.0,,259934.0
INV-2403-0048,B064,USA,2024-03-11,TT_SPLIT_30_70,30,USD,7040.0,7040.0,1312.55,9240352.0,2024-04-10,0.3,Y,0,,,2024-04-25,paid,9567740.0,,327388.0
INV-2403-0049,B003,IDN,2024-03-12,DA,90,USD,4300.0,4300.0,1310.82,5636526.0,2024-06-10,0.0,N,0,,,2024-06-03,paid,5916413.0,,279887.0
INV-2403-0050,B087,TWN,2024-03-12,TT_SPLIT_30_70,30,USD,30090.0,30090.0,1310.82,39442574.0,2024-04-11,0.3,Y,0,,,2024-04-19,paid,40480412.0,,1037838.0
INV-2403-0051,B095,EGY,2024-03-12,OA,30,USD,97220.0,97220.0,1310.82,127437920.0,2024-04-11,0.0,Y,0,,,2024-07-29,paid,134030148.0,,6592228.0
INV-2403-0052,B100,THA,2024-03-12,TT_SPLIT_30_70,30,USD,4210.0,4210.0,1310.82,5518552.0,2024-04-11,0.3,Y,0,,,2024-04-11,paid,5701144.0,,182592.0
INV-2403-0053,B140,USA,2024-03-12,TT_SPLIT_30_70,30,USD,40850.0,40850.0,1310.82,53546997.0,2024-04-11,0.3,Y,0,,,2024-04-11,paid,55108304.0,,1561307.0
INV-2403-0054,B026,THA,2024-03-13,OA,60,USD,13100.0,13100.0,1314.67,17222177.0,2024-05-12,0.0,Y,1,QUALITY,,2024-05-08,paid,17808795.0,,586618.0
INV-2403-0055,B033,VNM,2024-03-13,TT_SPLIT_30_70,30,USD,13850.0,13850.0,1314.67,18208180.0,2024-04-12,0.3,N,0,,,2024-04-12,paid,18881303.0,,673123.0
INV-2403-0056,B027,VNM,2024-03-14,TT_ADV,0,USD,2290.0,2290.0,1318.2,3018678.0,2024-03-14,1.0,N,0,,,2024-02-27,paid,3047669.0,,28991.0
INV-2403-0057,B029,CHN,2024-03-14,TT_ADV,0,USD,15590.0,15590.0,1318.2,20550738.0,2024-03-14,1.0,N,0,,,2024-02-16,paid,20812026.0,,261288.0
INV-2403-0058,B056,USA,2024-03-14,TT_ADV,0,USD,10200.0,10200.0,1318.2,13445640.0,2024-03-14,1.0,N,0,,,2024-03-07,paid,13507860.0,,62220.0
INV-2403-0059,B066,ARE,2024-03-14,DA,60,USD,4710.0,4710.0,1318.2,6208722.0,2024-05-13,0.0,Y,0,,,2024-05-13,paid,6442856.0,,234134.0
INV-2403-0060,B067,BRA,2024-03-14,DP,0,USD,7770.0,7770.0,1318.2,10242414.0,2024-03-25,0.0,N,0,,,2024-04-02,paid,10500145.0,,257731.0
INV-2403-0061,B073,BRA,2024-03-14,TT_ADV,0,USD,33580.0,33580.0,1318.2,44265156.0,2024-03-14,1.0,N,0,,,2024-03-02,paid,44822584.0,,557428.0
INV-2403-0062,B137,ARE,2024-03-15,TT_ADV,0,USD,3670.0,3670.0,1329.35,4878714.0,2024-03-15,1.0,N,0,,,2024-03-10,paid,4841758.0,,-36956.0
INV-2403-0063,B148,ARE,2024-03-15,OA,60,USD,5770.0,5770.0,1329.35,7670349.0,2024-05-14,0.0,N,0,,,2024-05-14,paid,7897803.0,,227454.0
INV-2403-0064,B148,ARE,2024-03-15,OA,60,USD,6420.0,6420.0,1329.35,8534427.0,2024-05-14,0.0,N,0,,,2024-05-14,paid,8787503.0,,253076.0
INV-2403-0065,B011,IND,2024-03-16,LC_SIGHT,0,USD,6100.0,6100.0,1329.35,8109035.0,2024-03-26,0.0,N,0,,0,2024-03-26,paid,8198400.0,,89365.0
INV-2403-0066,B033,VNM,2024-03-16,LC_SIGHT,0,USD,2540.0,2540.0,1329.35,3376549.0,2024-03-25,0.0,N,0,,0,2024-03-25,paid,3410229.0,,33680.0
INV-2403-0067,B132,IDN,2024-03-16,OA,60,USD,10980.0,10980.0,1329.35,14596263.0,2024-05-15,0.0,Y,1,DOCS,,2024-05-21,paid,14971669.0,,375406.0
INV-2403-0068,B140,USA,2024-03-16,OA,60,USD,26720.0,26720.0,1329.35,35520232.0,2024-05-15,0.0,Y,0,,,2024-05-15,paid,36343208.0,,822976.0
INV-2403-0069,B070,POL,2024-03-17,OA,60,EUR,10160.0,11062.24,1447.4,14705584.0,2024-05-16,0.0,Y,0,,,2024-05-11,paid,14970760.0,,265176.0
INV-2403-0070,B097,SAU,2024-03-17,OA,30,USD,55600.0,55600.0,1329.35,73911860.0,2024-04-16,0.0,Y,0,,,2024-04-16,paid,77501952.0,,3590092.0
INV-2403-0071,B074,MYS,2024-03-18,OA,30,USD,6760.0,6760.0,1333.59,9015068.0,2024-04-17,0.0,N,0,,,2024-04-19,paid,9306627.0,,291559.0
INV-2403-0072,B053,DEU,2024-03-19,OA,60,EUR,19240.0,20892.74,1453.24,27960338.0,2024-05-18,0.0,N,0,,,2024-06-18,paid,28531573.0,,571235.0
INV-2403-0073,B078,VNM,2024-03-19,TT_SPLIT_30_70,30,USD,21490.0,21490.0,1338.28,28759637.0,2024-04-18,0.3,N,0,,,2024-06-23,paid,29334759.0,,575122.0
INV-2403-0074,B120,JPN,2024-03-19,TT_ADV,0,JPY,1258000.0,8346.09,8.8787,11169405.0,2024-03-19,1.0,N,0,,,2024-02-25,paid,11116820.0,,-52585.0
INV-2403-0075,B018,NLD,2024-03-20,OA,30,EUR,4770.0,5178.31,1453.64,6933863.0,2024-04-19,0.0,Y,0,,,2024-04-16,paid,7066564.0,,132701.0
INV-2403-0076,B037,SAU,2024-03-20,DA,90,USD,5050.0,5050.0,1339.02,6762051.0,2024-06-18,0.0,Y,1,DOCS,,2024-06-21,paid,7010258.0,,248208.0
INV-2403-0077,B049,ARE,2024-03-20,DA,90,USD,9770.0,9770.0,1339.02,13082225.0,2024-06-18,0.0,N,1,PRICE,,2024-06-30,paid,13523145.0,,440920.0
INV-2403-0078,B089,NGA,2024-03-20,LC_SIGHT,0,USD,6420.0,6420.0,1339.02,8596508.0,2024-03-30,0.0,N,0,,0,2024-03-30,paid,8648254.0,,51746.0
INV-2403-0079,B093,NGA,2024-03-20,OA,30,USD,72950.0,72950.0,1339.02,97681509.0,2024-04-19,0.0,Y,0,,,2024-04-17,paid,101099946.0,,3418437.0
INV-2403-0080,B096,USA,2024-03-20,OA,90,USD,6250.0,6250.0,1339.02,8368875.0,2024-06-18,0.0,Y,1,PRICE,,2024-06-21,paid,8676062.0,,307188.0
INV-2403-0081,B104,MEX,2024-03-20,OA,60,USD,10010.0,10010.0,1339.02,13403590.0,2024-05-19,0.0,Y,1,QUANTITY,,2024-05-19,paid,13561848.0,,158258.0
INV-2403-0082,B116,GBR,2024-03-20,OA,60,USD,3560.0,3560.0,1339.02,4766911.0,2024-05-19,0.0,Y,0,,,2024-05-15,paid,4842134.0,,75223.0
INV-2403-0083,B121,IND,2024-03-20,DA,90,USD,1510.0,1510.0,1339.02,2021920.0,2024-06-18,0.0,Y,1,QUALITY,,2024-06-18,paid,2085129.0,,63209.0
INV-2403-0084,B140,USA,2024-03-20,OA,60,USD,17220.0,17220.0,1339.02,23057924.0,2024-05-19,0.0,Y,0,,,2024-05-19,paid,23330173.0,,272249.0
INV-2403-0085,B064,USA,2024-03-21,TT_SPLIT_30_70,30,USD,5180.0,5180.0,1322.11,6848530.0,2024-04-20,0.3,Y,0,,,2024-04-25,paid,7032922.0,,184392.0
INV-2403-0086,B069,ARE,2024-03-21,OA,60,USD,4790.0,4790.0,1322.11,6332907.0,2024-05-20,0.0,N,1,QUANTITY,,2024-06-24,paid,6654124.0,,321217.0
INV-2403-0087,B137,ARE,2024-03-21,TT_ADV,0,USD,4250.0,4250.0,1322.11,5618968.0,2024-03-21,1.0,N,0,,,2024-03-01,paid,5672900.0,,53932.0
INV-2403-0088,B030,TUR,2024-03-22,OA,60,USD,10270.0,10270.0,1338.14,13742698.0,2024-05-21,0.0,N,0,,,2024-05-21,paid,14003556.0,,260858.0
INV-2403-0089,B033,VNM,2024-03-22,LC_SIGHT,0,USD,4020.0,4020.0,1338.14,5379323.0,2024-04-01,0.0,N,0,,0,2024-04-01,paid,5421975.0,,42652.0
INV-2403-0090,B044,THA,2024-03-22,DA,90,USD,10310.0,10310.0,1338.14,13796223.0,2024-06-20,0.0,N,0,,,2024-06-27,paid,14287186.0,,490963.0
INV-2403-0091,B100,THA,2024-03-22,TT_SPLIT_30_70,30,USD,24140.0,24140.0,1338.14,32302700.0,2024-04-21,0.3,Y,0,,,2024-04-19,paid,32955638.0,,652938.0
INV-2403-0092,B033,VNM,2024-03-23,LC_SIGHT,0,USD,1320.0,1320.0,1338.14,1766345.0,2024-04-01,0.0,N,0,,0,2024-04-01,paid,1780350.0,,14005.0
INV-2403-0093,B047,MEX,2024-03-23,OA,90,USD,32850.0,32850.0,1338.14,43957899.0,2024-06-21,0.0,Y,0,,,2024-06-21,paid,45601384.0,,1643486.0
INV-2403-0094,B132,IDN,2024-03-23,OA,60,USD,14130.0,14130.0,1338.14,18907918.0,2024-05-22,0.0,Y,0,,,2024-06-12,paid,19370227.0,,462309.0
INV-2403-0095,B084,POL,2024-03-24,OA,90,EUR,13500.0,14602.99,1447.47,19540845.0,2024-06-22,0.0,N,0,,,2024-06-22,paid,20040885.0,,500040.0
INV-2403-0096,B087,TWN,2024-03-24,TT_SPLIT_30_70,30,USD,5770.0,5770.0,1338.14,7721068.0,2024-04-23,0.3,Y,0,,,2024-04-19,paid,7878416.0,,157348.0
INV-2403-0097,B099,TUR,2024-03-24,DA,60,USD,19210.0,19210.0,1338.14,25705669.0,2024-05-23,0.0,Y,1,QUALITY,,2024-05-23,paid,26171320.0,,465651.0
INV-2403-0098,B100,THA,2024-03-24,TT_SPLIT_30_70,30,USD,2510.0,2510.0,1338.14,3358731.0,2024-04-23,0.3,Y,0,,,2024-05-05,paid,3400884.0,,42153.0
INV-2403-0099,B101,IND,2024-03-24,TT_ADV,0,USD,17180.0,17180.0,1338.14,22989245.0,2024-03-24,1.0,N,0,,,2024-02-23,paid,22827238.0,,-162007.0
INV-2403-0100,B112,MEX,2024-03-24,TT_SPLIT_30_70,30,USD,6910.0,6910.0,1338.14,9246547.0,2024-04-23,0.3,N,0,,,2024-04-23,paid,9427272.0,,180725.0
INV-2403-0101,B115,CHN,2024-03-24,DA,60,CNY,85700.0,11855.21,185.11,15863927.0,2024-05-23,0.0,Y,0,,,2024-07-17,paid,16291815.0,,427888.0
INV-2403-0102,B001,NLD,2024-03-25,OA,90,EUR,8710.0,9439.05,1454.99,12672963.0,2024-06-23,0.0,N,0,,,2024-06-16,paid,12850298.0,,177336.0
INV-2403-0103,B018,NLD,2024-03-25,TT_ADV,0,EUR,8010.0,8680.46,1454.99,11654470.0,2024-03-25,1.0,N,0,,,2024-03-21,paid,11501879.0,,-152591.0
INV-2403-0104,B077,VNM,2024-03-25,DP,0,USD,8570.0,8570.0,1342.61,11506168.0,2024-04-07,0.0,N,0,,,2024-04-07,paid,11591611.0,,85443.0
INV-2403-0105,B139,DEU,2024-03-25,DA,90,EUR,21980.0,23819.78,1454.99,31980680.0,2024-06-23,0.0,Y,0,,,2024-06-14,paid,32428193.0,,447513.0
INV-2403-0106,B005,VNM,2024-03-26,TT_ADV,0,USD,83210.0,83210.0,1344.0,111834240.0,2024-03-26,1.0,N,0,,,2024-03-02,paid,111068708.0,,-765532.0
INV-2403-0107,B036,VNM,2024-03-26,TT_ADV,0,USD,15020.0,15020.0,1344.0,20186880.0,2024-03-26,1.0,N,0,,,2024-03-02,paid,20048696.0,,-138184.0
INV-2403-0108,B087,TWN,2024-03-26,OA,30,USD,22590.0,22590.0,1344.0,30360960.0,2024-04-25,0.0,Y,0,,,2024-04-25,paid,31090332.0,,729372.0
INV-2403-0109,B087,TWN,2024-03-26,TT_SPLIT_30_70,30,USD,11280.0,11280.0,1344.0,15160320.0,2024-04-25,0.3,Y,0,,,2024-04-28,paid,15305767.0,,145447.0
INV-2403-0110,B095,EGY,2024-03-26,OA,30,USD,4190.0,4190.0,1344.0,5631360.0,2024-04-25,0.0,Y,0,,,2024-07-29,paid,5790287.0,,158927.0
INV-2403-0111,B040,IND,2024-03-27,LC_USANCE,90,USD,12840.0,12840.0,1348.58,17315767.0,2024-06-25,0.0,N,0,,0,2024-06-25,paid,17811134.0,,495367.0
INV-2403-0112,B056,USA,2024-03-27,TT_SPLIT_30_70,30,USD,18650.0,18650.0,1348.58,25151017.0,2024-04-26,0.3,Y,0,,,2024-04-22,paid,25486083.0,,335066.0
INV-2403-0113,B077,VNM,2024-03-27,DP,0,USD,6290.0,6290.0,1348.58,8482568.0,2024-04-08,0.0,N,0,,,2024-04-12,paid,8647115.0,,164547.0
INV-2403-0114,B099,TUR,2024-03-27,OA,60,USD,24450.0,24450.0,1348.58,32972781.0,2024-05-26,0.0,Y,0,,,2024-05-26,paid,33472539.0,,499758.0
INV-2403-0115,B115,CHN,2024-03-27,TT_ADV,0,CNY,64200.0,8883.21,186.6,11979720.0,2024-03-27,1.0,N,0,,,2024-03-15,paid,11860950.0,,-118770.0
INV-2403-0116,B137,ARE,2024-03-27,OA,60,USD,9880.0,9880.0,1348.58,13323970.0,2024-05-26,0.0,N,0,,,2024-07-03,paid,13682318.0,,358348.0
INV-2403-0117,B005,VNM,2024-03-28,OA,90,USD,16060.0,16060.0,1346.01,21616921.0,2024-06-26,0.0,Y,0,,,2024-07-14,paid,22076687.0,,459766.0
INV-2403-0118,B023,IDN,2024-03-28,DA,90,USD,10440.0,10440.0,1346.01,14052344.0,2024-06-26,0.0,Y,0,,,2024-06-11,paid,14362412.0,,310068.0
INV-2403-0119,B041,TUR,2024-03-28,OA,30,USD,7150.0,7150.0,1346.01,9623972.0,2024-04-27,0.0,Y,0,,,2024-04-23,paid,9861780.0,,237808.0
INV-2403-0120,B049,ARE,2024-03-28,DA,90,USD,6470.0,6470.0,1346.01,8708685.0,2024-06-26,0.0,N,0,,,2024-07-02,paid,8907078.0,,198394.0
INV-2403-0121,B064,USA,2024-03-28,TT_SPLIT_30_70,30,USD,17100.0,17100.0,1346.01,23016771.0,2024-04-27,0.3,Y,0,,,2024-04-25,paid,23216790.0,,200019.0
INV-2403-0122,B064,USA,2024-03-28,TT_SPLIT_30_70,30,USD,11770.0,11770.0,1346.01,15842538.0,2024-04-27,0.3,Y,0,,,2024-04-25,paid,15999455.0,,156917.0
INV-2403-0123,B064,USA,2024-03-28,TT_SPLIT_30_70,30,USD,42710.0,42710.0,1346.01,57488087.0,2024-04-27,0.3,Y,0,,,2024-05-06,paid,57722914.0,,234827.0
INV-2403-0124,B123,POL,2024-03-28,OA,60,EUR,6630.0,7161.09,1453.83,9638893.0,2024-05-27,0.0,Y,0,,,2024-05-26,paid,9849926.0,,211033.0
INV-2403-0125,B140,USA,2024-03-28,OA,60,USD,5660.0,5660.0,1346.01,7618417.0,2024-05-27,0.0,Y,0,,,2024-05-25,paid,7748653.0,,130236.0
INV-2403-0126,B044,THA,2024-03-29,DA,90,USD,32820.0,32820.0,1347.08,44211166.0,2024-06-27,0.0,N,0,,,2024-07-12,paid,45369615.0,,1158449.0
INV-2403-0127,B009,CHN,2024-03-30,OA,30,CNY,35500.0,4916.73,186.57,6623235.0,2024-04-29,0.0,Y,0,,,2024-04-26,paid,6736480.0,,113245.0
INV-2403-0128,B013,CHN,2024-03-30,TT_ADV,0,USD,7400.0,7400.0,1347.08,9968392.0,2024-03-30,1.0,N,0,,,2024-03-17,paid,9837190.0,,-131202.0
INV-2403-0129,B021,CHN,2024-03-30,OA,60,CNY,32700.0,4528.94,186.57,6100839.0,2024-05-29,0.0,N,0,,,2024-05-23,paid,6151524.0,,50685.0
INV-2403-0130,B106,TUR,2024-03-30,LC_SIGHT,0,USD,5330.0,5330.0,1347.08,7179936.0,2024-04-06,0.0,N,0,,0,2024-04-06,paid,7209251.0,,29315.0
INV-2403-0131,B120,JPN,2024-03-30,OA,60,JPY,1387000.0,9172.09,8.9081,12355535.0,2024-05-29,0.0,N,1,QUANTITY,,2024-05-29,paid,12012113.0,,-343422.0
INV-2403-0132,B037,SAU,2024-03-31,DA,90,USD,20530.0,20530.0,1347.08,27655552.0,2024-06-29,0.0,Y,0,,,2024-09-26,paid,27410431.0,,-245121.0
INV-2403-0133,B087,TWN,2024-03-31,TT_SPLIT_30_70,30,USD,51460.0,51460.0,1347.08,69320737.0,2024-04-30,0.3,Y,0,,,2024-05-03,paid,69794440.0,,473703.0
INV-2403-0134,B149,CHN,2024-03-31,OA,90,USD,7310.0,7310.0,1347.08,9847155.0,2024-06-29,0.0,Y,0,,,2024-06-23,paid,10147523.0,,300368.0
INV-2404-0001,B022,IDN,2024-04-01,OA,90,USD,2600.0,2600.0,1348.75,3506750.0,2024-06-30,0.0,Y,0,,,2024-06-21,paid,3609242.0,,102492.0
INV-2404-0002,B066,ARE,2024-04-01,TT_ADV,0,USD,9230.0,9230.0,1348.75,12448962.0,2024-04-01,1.0,N,0,,,2024-03-18,paid,12309036.0,,-139926.0
INV-2404-0003,B103,SAU,2024-04-01,OA,30,USD,16130.0,16130.0,1348.75,21755338.0,2024-05-01,0.0,Y,1,PRICE,,,written_off,,,
INV-2404-0004,B022,IDN,2024-04-02,TT_ADV,0,USD,45100.0,45100.0,1351.37,60946787.0,2024-04-02,1.0,N,0,,,2024-03-24,paid,60350114.0,,-596673.0
INV-2404-0005,B093,NGA,2024-04-02,OA,30,USD,39150.0,39150.0,1351.37,52906135.0,2024-05-02,0.0,Y,0,,,2024-04-27,paid,53835165.0,,929030.0
INV-2404-0006,B094,VNM,2024-04-02,OA,90,USD,23500.0,23500.0,1351.37,31757195.0,2024-07-01,0.0,Y,0,,,2024-07-01,paid,32500500.0,,743305.0
INV-2404-0007,B010,POL,2024-04-03,TT_ADV,0,EUR,2320.0,2511.86,1460.02,3387246.0,2024-04-03,1.0,N,0,,,2024-03-26,paid,3376574.0,,-10672.0
INV-2404-0008,B049,ARE,2024-04-03,DA,90,USD,6390.0,6390.0,1348.5,8616915.0,2024-07-02,0.0,N,0,,,2024-07-02,paid,8860054.0,,243140.0
INV-2404-0009,B096,USA,2024-04-03,OA,90,USD,10510.0,10510.0,1348.5,14172735.0,2024-07-02,0.0,Y,0,,,2024-06-27,paid,14574604.0,,401869.0
INV-2404-0010,B013,CHN,2024-04-04,TT_ADV,0,USD,8990.0,8990.0,1346.87,12108361.0,2024-04-04,1.0,N,0,,,2024-03-19,paid,12031137.0,,-77224.0
INV-2404-0011,B076,POL,2024-04-04,OA,60,EUR,25750.0,27977.29,1463.37,37681778.0,2024-06-03,0.0,Y,0,,,2024-06-03,paid,38583028.0,,901250.0
INV-2404-0012,B115,CHN,2024-04-04,DA,60,CNY,31600.0,4368.35,186.19,5883604.0,2024-06-03,0.0,Y,0,,,2024-10-25,paid,6041178.0,,157574.0
INV-2404-0013,B022,IDN,2024-04-05,OA,90,USD,26020.0,26020.0,1352.58,35194132.0,2024-07-04,0.0,Y,0,,,2024-06-24,paid,36122783.0,,928651.0
INV-2404-0014,B050,USA,2024-04-05,OA,60,USD,29170.0,29170.0,1352.58,39454759.0,2024-06-04,0.0,Y,0,,,2024-05-28,paid,39602650.0,,147892.0
INV-2404-0015,B135,TUR,2024-04-05,OA,30,USD,1850.0,1850.0,1352.58,2502273.0,2024-05-05,0.0,Y,1,PRICE,,2024-05-01,paid,2565858.0,,63584.0
INV-2404-0016,B148,ARE,2024-04-05,OA,60,USD,23290.0,23290.0,1352.58,31501588.0,2024-06-04,0.0,N,0,,,2024-06-04,paid,32046108.0,,544520.0
INV-2404-0017,B029,CHN,2024-04-06,TT_SPLIT_30_70,30,USD,16160.0,16160.0,1352.58,21857693.0,2024-05-06,0.3,Y,0,,,2024-05-01,paid,22176481.0,,318788.0
INV-2404-0018,B036,VNM,2024-04-06,TT_ADV,0,USD,30240.0,30240.0,1352.58,40902019.0,2024-04-06,1.0,N,0,,,2024-03-25,paid,40600526.0,,-301493.0
INV-2404-0019,B047,MEX,2024-04-06,OA,90,USD,12580.0,12580.0,1352.58,17015456.0,2024-07-05,0.0,Y,1,PRICE,,2024-07-05,paid,17358765.0,,343309.0
INV-2404-0020,B082,JPN,2024-04-06,OA,60,JPY,4260000.0,28102.05,8.9226,38010276.0,2024-06-05,0.0,Y,0,,,2024-05-30,paid,37127178.0,,-883098.0
INV-2404-0021,B084,POL,2024-04-06,OA,90,EUR,10560.0,11448.08,1466.33,15484445.0,2024-07-05,0.0,N,0,,,2024-07-05,paid,15777907.0,,293462.0
INV-2404-0022,B087,TWN,2024-04-06,TT_SPLIT_30_70,30,USD,14720.0,14720.0,1352.58,19909978.0,2024-05-06,0.3,Y,0,,,2024-05-05,paid,19953990.0,,44012.0
INV-2404-0023,B040,IND,2024-04-07,LC_USANCE,90,USD,7010.0,7010.0,1352.58,9481586.0,2024-07-06,0.0,N,0,,0,2024-07-06,paid,9672889.0,,191303.0
INV-2404-0024,B042,BRA,2024-04-07,TT_ADV,0,USD,22020.0,22020.0,1352.58,29783812.0,2024-04-07,1.0,N,0,,,2024-03-29,paid,29662702.0,,-121110.0
INV-2404-0025,B049,ARE,2024-04-07,DA,90,USD,21300.0,21300.0,1352.58,28809954.0,2024-07-06,0.0,N,0,,,2024-07-06,paid,29391231.0,,581277.0
INV-2404-0026,B067,BRA,2024-04-07,DP,0,USD,8610.0,8610.0,1352.58,11645714.0,2024-04-22,0.0,N,0,,,2024-04-22,paid,11897642.0,,251928.0
INV-2404-0027,B099,TUR,2024-04-07,DA,60,USD,13260.0,13260.0,1352.58,17935211.0,2024-06-06,0.0,Y,0,,,,written_off,,,
INV-2404-0028,B107,DEU,2024-04-08,OA,60,EUR,10360.0,11243.72,1468.63,15215007.0,2024-06-07,0.0,Y,0,,,2024-06-07,paid,15298094.0,,83087.0
INV-2404-0029,B044,THA,2024-04-09,TT_ADV,0,USD,7740.0,7740.0,1354.8,10486152.0,2024-04-09,1.0,N,0,,,2024-03-31,paid,10426399.0,,-59753.0
INV-2404-0030,B005,VNM,2024-04-10,OA,90,USD,8140.0,8140.0,1349.05,10981267.0,2024-07-09,0.0,Y,0,,,2024-08-05,paid,11160330.0,,179063.0
INV-2404-0031,B061,IND,2024-04-10,DA,60,USD,14120.0,14120.0,1349.05,19048586.0,2024-06-09,0.0,N,1,PRICE,,2024-06-11,paid,19425025.0,,376439.0
INV-2404-0032,B132,IDN,2024-04-10,OA,60,USD,2230.0,2230.0,1349.05,3008382.0,2024-06-09,0.0,Y,0,,,2024-06-12,paid,3072962.0,,64580.0
INV-2404-0033,B136,DEU,2024-04-10,DA,90,EUR,7280.0,7816.51,1448.47,10544862.0,2024-07-09,0.0,Y,0,,,2024-11-05,paid,10972707.0,,427845.0
INV-2404-0034,B026,THA,2024-04-11,OA,60,USD,910.0,910.0,1364.19,1241413.0,2024-06-10,0.0,Y,0,,,2024-06-03,paid,1252078.0,,10665.0
INV-2404-0035,B095,EGY,2024-04-11,OA,30,USD,12190.0,12190.0,1364.19,16629476.0,2024-05-11,0.0,Y,0,,,2024-07-29,paid,16845727.0,,216251.0
INV-2404-0036,B095,EGY,2024-04-11,OA,30,USD,3630.0,3630.0,1364.19,4952010.0,2024-05-11,0.0,Y,0,,,2024-07-29,paid,5016406.0,,64396.0
INV-2404-0037,B117,CHN,2024-04-11,OA,30,USD,7730.0,7730.0,1364.19,10545189.0,2024-05-11,0.0,Y,0,,,2024-06-05,paid,10610043.0,,64854.0
INV-2404-0038,B139,DEU,2024-04-11,DA,90,EUR,31850.0,34149.46,1462.68,46586358.0,2024-07-10,0.0,Y,0,,,2024-07-10,paid,47688368.0,,1102010.0
INV-2404-0039,B038,DEU,2024-04-12,TT_ADV,0,EUR,9760.0,10391.5,1463.69,14285614.0,2024-04-12,1.0,N,0,,,2024-04-05,paid,14311381.0,,25767.0
INV-2404-0040,B050,USA,2024-04-12,OA,60,USD,6540.0,6540.0,1374.74,8990800.0,2024-06-11,0.0,Y,0,,,2024-06-11,paid,8997811.0,,7011.0
INV-2404-0041,B132,IDN,2024-04-12,OA,60,USD,5440.0,5440.0,1374.74,7478586.0,2024-06-11,0.0,Y,1,QUALITY,,2024-06-12,paid,7496374.0,,17788.0
INV-2404-0042,B096,USA,2024-04-13,OA,90,USD,4180.0,4180.0,1374.74,5746413.0,2024-07-12,0.0,Y,0,,,2024-07-05,paid,5767857.0,,21444.0
INV-2404-0043,B101,IND,2024-04-13,DA,60,USD,61330.0,61330.0,1374.74,84312804.0,2024-06-12,0.0,Y,0,,,2024-06-12,paid,84513353.0,,200549.0
INV-2404-0044,B137,ARE,2024-04-13,TT_ADV,0,USD,8060.0,8060.0,1374.74,11080404.0,2024-04-13,1.0,N,0,,,2024-04-06,paid,10901795.0,,-178609.0
INV-2404-0045,B016,IND,2024-04-14,LC_SIGHT,0,USD,11050.0,11050.0,1374.74,15190877.0,2024-04-19,0.0,N,0,,0,2024-04-19,paid,15212756.0,,21879.0
INV-2404-0046,B044,THA,2024-04-14,DA,90,USD,8310.0,8310.0,1374.74,11424089.0,2024-07-13,0.0,N,0,,,2024-07-13,paid,11425419.0,,1330.0
INV-2404-0047,B050,USA,2024-04-14,TT_ADV,0,USD,4670.0,4670.0,1374.74,6420036.0,2024-04-14,1.0,N,0,,,2024-04-06,paid,6316549.0,,-103487.0
INV-2404-0048,B050,USA,2024-04-14,OA,60,USD,2670.0,2670.0,1374.74,3670556.0,2024-06-13,0.0,Y,0,,,2024-06-11,paid,3673146.0,,2590.0
INV-2404-0049,B080,JPN,2024-04-14,OA,60,JPY,3198000.0,20885.61,8.9782,28712284.0,2024-06-13,0.0,Y,0,,,2024-06-13,paid,28071724.0,,-640560.0
INV-2404-0050,B105,JPN,2024-04-14,OA,60,JPY,6696000.0,43730.47,8.9782,60118027.0,2024-06-13,0.0,Y,0,,,2024-06-07,paid,58431974.0,,-1686053.0
INV-2404-0051,B133,USA,2024-04-14,OA,90,USD,2400.0,2400.0,1374.74,3299376.0,2024-07-13,0.0,Y,1,QUALITY,,2024-06-29,paid,3303720.0,,4344.0
INV-2404-0052,B148,ARE,2024-04-14,OA,60,USD,53820.0,53820.0,1374.74,73988507.0,2024-06-13,0.0,N,0,,,2024-06-13,paid,74058268.0,,69761.0
INV-2404-0053,B096,USA,2024-04-15,OA,90,USD,18080.0,18080.0,1383.63,25016030.0,2024-07-14,0.0,Y,0,,,2024-07-13,paid,24858192.0,,-157838.0
INV-2404-0054,B019,USA,2024-04-16,DA,90,USD,4320.0,4320.0,1393.92,6021734.0,2024-07-15,0.0,Y,1,DOCS,,2024-07-08,paid,5973394.0,,-48340.0
INV-2404-0055,B026,THA,2024-04-16,OA,60,USD,8860.0,8860.0,1393.92,12350131.0,2024-06-15,0.0,Y,1,DOCS,,2024-06-09,paid,12106127.0,,-244004.0
INV-2404-0056,B035,TWN,2024-04-16,TT_SPLIT_30_70,30,USD,4250.0,4250.0,1393.92,5924160.0,2024-05-16,0.3,N,0,,,2024-05-03,paid,5761172.0,,-162988.0
INV-2404-0057,B037,SAU,2024-04-16,DA,90,USD,3520.0,3520.0,1393.92,4906598.0,2024-07-15,0.0,Y,0,,,2024-09-26,paid,4628026.0,,-278572.0
INV-2404-0058,B044,THA,2024-04-16,DA,90,USD,8010.0,8010.0,1393.92,11165299.0,2024-07-15,0.0,N,0,,,2024-08-20,paid,10949131.0,,-216168.0
INV-2404-0059,B069,ARE,2024-04-16,OA,60,USD,7390.0,7390.0,1393.92,10301069.0,2024-06-15,0.0,N,0,,,2024-09-10,paid,10046776.0,,-254293.0
INV-2404-0060,B138,CHN,2024-04-16,OA,90,CNY,24300.0,3357.22,192.58,4679694.0,2024-07-15,0.0,Y,0,,,2024-07-30,paid,4637576.0,,-42118.0
INV-2404-0061,B032,EGY,2024-04-17,OA,30,USD,22250.0,22250.0,1385.88,30835830.0,2024-05-17,0.0,Y,0,,,2024-05-10,paid,30432882.0,,-402948.0
INV-2404-0062,B067,BRA,2024-04-17,DP,0,USD,59110.0,59110.0,1385.88,81919367.0,2024-04-30,0.0,N,0,,,2024-04-30,paid,81685291.0,,-234076.0
INV-2404-0063,B099,TUR,2024-04-17,DA,60,USD,3170.0,3170.0,1385.88,4393240.0,2024-06-16,0.0,Y,0,,,,written_off,,,
INV-2404-0064,B111,TWN,2024-04-17,DA,90,USD,31570.0,31570.0,1385.88,43752232.0,2024-07-16,0.0,N,0,,,2024-07-24,paid,43547658.0,,-204574.0
INV-2404-0065,B115,CHN,2024-04-17,DA,60,CNY,62800.0,8675.4,191.45,12023060.0,2024-06-16,0.0,Y,0,,,2024-10-25,paid,12253536.0,,230476.0
INV-2404-0066,B127,VNM,2024-04-18,DP,0,USD,15810.0,15810.0,1373.42,21713770.0,2024-04-29,0.0,N,0,,,2024-04-29,paid,21775904.0,,62134.0
INV-2404-0067,B139,DEU,2024-04-18,DA,90,EUR,3060.0,3261.97,1464.07,4480054.0,2024-07-17,0.0,Y,0,,,2024-07-16,paid,4613134.0,,133080.0
INV-2404-0068,B003,IDN,2024-04-19,DA,90,USD,3180.0,3180.0,1376.72,4377970.0,2024-07-18,0.0,N,0,,,2024-07-16,paid,4404268.0,,26298.0
INV-2404-0069,B053,DEU,2024-04-19,OA,60,EUR,29540.0,31474.97,1466.9,43332226.0,2024-06-18,0.0,N,0,,,2024-07-11,paid,43907427.0,,575201.0
INV-2404-0070,B066,ARE,2024-04-19,DA,60,USD,16160.0,16160.0,1376.72,22247795.0,2024-06-18,0.0,Y,0,,,2024-06-18,paid,22315021.0,,67226.0
INV-2404-0071,B099,TUR,2024-04-19,DA,60,USD,27990.0,27990.0,1376.72,38534393.0,2024-06-18,0.0,Y,0,,,,written_off,,,
INV-2404-0072,B144,TUR,2024-04-19,OA,60,USD,10210.0,10210.0,1376.72,14056311.0,2024-06-18,0.0,N,1,QUANTITY,,2024-06-18,paid,14098785.0,,42474.0
INV-2404-0073,B041,TUR,2024-04-20,OA,30,USD,29730.0,29730.0,1376.72,40929886.0,2024-05-20,0.0,Y,0,,,2024-05-18,paid,40398273.0,,-531613.0
INV-2404-0074,B048,CHN,2024-04-20,OA,30,USD,36230.0,36230.0,1376.72,49878566.0,2024-05-20,0.0,Y,0,,,2024-05-26,paid,49599595.0,,-278971.0
INV-2404-0075,B100,THA,2024-04-20,TT_SPLIT_30_70,30,USD,3120.0,3120.0,1376.72,4295366.0,2024-05-20,0.3,Y,0,,,2024-05-20,paid,4248261.0,,-47105.0
INV-2404-0076,B110,USA,2024-04-20,OA,90,USD,16070.0,16070.0,1376.72,22123890.0,2024-07-19,0.0,Y,0,,,2024-07-12,paid,22094643.0,,-29247.0
INV-2404-0077,B049,ARE,2024-04-21,DA,90,USD,5560.0,5560.0,1376.72,7654563.0,2024-07-20,0.0,N,0,,,2024-07-23,paid,7704937.0,,50374.0
INV-2404-0078,B090,USA,2024-04-21,OA,60,USD,12630.0,12630.0,1376.72,17387974.0,2024-06-20,0.0,N,1,PRICE,,2024-06-27,paid,17502149.0,,114175.0
INV-2404-0079,B132,IDN,2024-04-21,OA,60,USD,7190.0,7190.0,1376.72,9898617.0,2024-06-20,0.0,Y,0,,,2024-06-20,paid,9953692.0,,55075.0
INV-2404-0080,B056,USA,2024-04-22,TT_ADV,0,USD,17590.0,17590.0,1381.84,24306566.0,2024-04-22,1.0,N,0,,,2024-03-23,paid,23537883.0,,-768683.0
INV-2404-0081,B087,TWN,2024-04-22,TT_SPLIT_30_70,30,USD,8340.0,8340.0,1381.84,11524546.0,2024-05-22,0.3,Y,0,,,2024-05-09,paid,11438874.0,,-85672.0
INV-2404-0082,B089,NGA,2024-04-22,LC_SIGHT,0,USD,3550.0,3550.0,1381.84,4905532.0,2024-04-28,0.0,N,0,,0,2024-04-28,paid,4881605.0,,-23927.0
INV-2404-0083,B118,USA,2024-04-22,DA,60,USD,6530.0,6530.0,1381.84,9023415.0,2024-06-21,0.0,Y,0,,,2024-06-21,paid,9064750.0,,41335.0
INV-2404-0084,B009,CHN,2024-04-23,DA,90,CNY,56800.0,7840.49,190.39,10814152.0,2024-07-22,0.0,Y,0,,,2024-07-21,paid,10855048.0,,40896.0
INV-2404-0085,B107,DEU,2024-04-23,OA,60,EUR,5470.0,5850.17,1475.13,8068961.0,2024-06-22,0.0,Y,0,,,2024-06-22,paid,8120270.0,,51309.0
INV-2404-0086,B126,GBR,2024-04-23,OA,60,USD,20220.0,20220.0,1379.27,27888839.0,2024-06-22,0.0,N,0,,,2024-06-29,paid,28042310.0,,153470.0
INV-2404-0087,B140,USA,2024-04-23,OA,60,USD,5870.0,5870.0,1379.27,8096315.0,2024-06-22,0.0,Y,0,,,2024-06-16,paid,8094495.0,,-1820.0
INV-2404-0088,B110,USA,2024-04-24,OA,90,USD,4150.0,4150.0,1369.86,5684919.0,2024-07-23,0.0,Y,0,,,2024-07-23,paid,5750987.0,,66068.0
INV-2404-0089,B127,VNM,2024-04-24,DP,0,USD,11870.0,11870.0,1369.86,16260238.0,2024-05-07,0.0,N,0,,,2024-05-07,paid,16136672.0,,-123566.0
INV-2404-0090,B126,GBR,2024-04-25,OA,60,USD,16940.0,16940.0,1369.86,23205428.0,2024-06-24,0.0,N,0,,,2024-06-29,paid,23318757.0,,113329.0
INV-2404-0091,B148,ARE,2024-04-25,OA,60,USD,9930.0,9930.0,1369.86,13602710.0,2024-06-24,0.0,N,0,,,2024-06-13,paid,13664772.0,,62062.0
INV-2404-0092,B026,THA,2024-04-26,OA,60,USD,8220.0,8220.0,1375.1,11303322.0,2024-06-25,0.0,Y,0,,,2024-06-22,paid,11410757.0,,107435.0
INV-2404-0093,B028,JPN,2024-04-26,OA,90,JPY,1097000.0,6959.74,8.7241,9570338.0,2024-07-25,0.0,Y,0,,,2024-07-22,paid,9698358.0,,128020.0
INV-2404-0094,B041,TUR,2024-04-26,OA,30,USD,9210.0,9210.0,1375.1,12664671.0,2024-05-26,0.0,Y,0,,,2024-05-18,paid,12477984.0,,-186687.0
INV-2404-0095,B073,BRA,2024-04-26,OA,30,USD,13960.0,13960.0,1375.1,19196396.0,2024-05-26,0.0,N,0,,,2024-08-01,paid,19221395.0,,24999.0
INV-2404-0096,B073,BRA,2024-04-26,OA,30,USD,2460.0,2460.0,1375.1,3382746.0,2024-05-26,0.0,N,1,PRICE,,2024-08-01,paid,3366510.0,,-16236.0
INV-2404-0097,B100,THA,2024-04-26,TT_SPLIT_30_70,30,USD,11510.0,11510.0,1375.1,15827401.0,2024-05-26,0.3,Y,0,,,2024-06-11,paid,15757676.0,,-69725.0
INV-2404-0098,B104,MEX,2024-04-26,OA,60,USD,3390.0,3390.0,1375.1,4661589.0,2024-06-25,0.0,Y,0,,,2024-06-20,paid,4693048.0,,31459.0
INV-2404-0099,B087,TWN,2024-04-27,TT_SPLIT_30_70,30,USD,19690.0,19690.0,1375.1,27075719.0,2024-05-27,0.3,Y,0,,,2024-06-09,paid,26956417.0,,-119302.0
INV-2404-0100,B113,JPN,2024-04-27,OA,90,JPY,797000.0,5056.44,8.7241,6953108.0,2024-07-26,0.0,Y,1,PRICE,,2024-07-25,paid,7146300.0,,193192.0
INV-2404-0101,B007,NLD,2024-04-28,TT_ADV,0,EUR,6270.0,6700.11,1469.43,9213326.0,2024-04-28,1.0,N,0,,,2024-04-07,paid,9193889.0,,-19437.0
INV-2404-0102,B029,CHN,2024-04-28,OA,60,USD,6540.0,6540.0,1375.1,8993154.0,2024-06-27,0.0,Y,0,,,2024-06-16,paid,9018398.0,,25244.0
INV-2404-0103,B064,USA,2024-04-28,TT_SPLIT_30_70,30,USD,13460.0,13460.0,1375.1,18508846.0,2024-05-28,0.3,Y,0,,,2024-05-17,paid,18211461.0,,-297385.0
INV-2404-0104,B137,ARE,2024-04-28,TT_ADV,0,USD,22400.0,22400.0,1375.1,30802240.0,2024-04-28,1.0,N,0,,,2024-04-08,paid,30311680.0,,-490560.0
INV-2404-0105,B150,GBR,2024-04-28,OA,30,USD,6450.0,6450.0,1375.1,8869395.0,2024-05-28,0.0,Y,0,,,2024-06-18,paid,8906676.0,,37281.0
INV-2404-0106,B013,CHN,2024-04-29,TT_ADV,0,USD,12810.0,12810.0,1377.35,17643854.0,2024-04-29,1.0,N,0,,,2024-04-03,paid,17274285.0,,-369569.0
INV-2404-0107,B064,USA,2024-04-30,TT_SPLIT_30_70,30,USD,11840.0,11840.0,1381.92,16361933.0,2024-05-30,0.3,Y,0,,,2024-05-23,paid,16122636.0,,-239297.0
INV-2404-0108,B064,USA,2024-04-30,TT_SPLIT_30_70,30,USD,23270.0,23270.0,1381.92,32157278.0,2024-05-30,0.3,Y,0,,,2024-05-28,paid,31802854.0,,-354424.0
INV-2404-0109,B084,POL,2024-04-30,OA,90,EUR,10010.0,10694.66,1476.44,14779164.0,2024-07-29,0.0,N,0,,,2024-07-12,paid,15004189.0,,225025.0
INV-2404-0110,B089,NGA,2024-04-30,LC_SIGHT,0,USD,19070.0,19070.0,1381.92,26353214.0,2024-05-10,0.0,N,0,,0,2024-05-10,paid,26083374.0,,-269840.0
INV-2405-0001,B043,CHN,2024-05-01,OA,90,CNY,128300.0,17719.36,191.55,24575865.0,2024-07-30,0.0,Y,0,,,2024-08-08,paid,24448648.0,,-127217.0
INV-2405-0002,B077,VNM,2024-05-01,DP,0,USD,8010.0,8010.0,1386.95,11109470.0,2024-05-12,0.0,N,0,,,2024-05-12,paid,10955838.0,,-153632.0
INV-2405-0003,B087,TWN,2024-05-01,TT_SPLIT_30_70,30,USD,9470.0,9470.0,1386.95,13134416.0,2024-05-31,0.3,Y,0,,,2024-06-20,paid,13027395.0,,-107021.0
INV-2405-0004,B120,JPN,2024-05-01,OA,60,JPY,154000.0,976.85,8.7977,1354846.0,2024-06-30,0.0,N,0,,,2024-06-27,paid,1327988.0,,-26858.0
INV-2405-0005,B121,IND,2024-05-01,DA,90,USD,18320.0,18320.0,1386.95,25408924.0,2024-07-30,0.0,Y,0,,,2024-07-25,paid,25292042.0,,-116882.0
INV-2405-0006,B138,CHN,2024-05-01,OA,90,CNY,23500.0,3245.56,191.55,4501425.0,2024-07-30,0.0,Y,0,,,2024-08-11,paid,4474920.0,,-26505.0
INV-2405-0007,B029,CHN,2024-05-02,OA,60,USD,6470.0,6470.0,1375.39,8898773.0,2024-07-01,0.0,Y,0,,,2024-07-01,paid,8948010.0,,49237.0
INV-2405-0008,B040,IND,2024-05-02,LC_USANCE,90,USD,2660.0,2660.0,1375.39,3658537.0,2024-07-31,0.0,N,0,,0,2024-07-31,paid,3642311.0,,-16226.0
INV-2405-0009,B052,VNM,2024-05-02,LC_SIGHT,0,USD,8180.0,8180.0,1375.39,11250690.0,2024-05-11,0.0,N,0,,0,2024-05-11,paid,11188359.0,,-62331.0
INV-2405-0010,B056,USA,2024-05-02,OA,90,USD,7050.0,7050.0,1375.39,9696500.0,2024-07-31,0.0,Y,0,,,2024-07-19,paid,9794494.0,,97994.0
INV-2405-0011,B064,USA,2024-05-02,TT_SPLIT_30_70,30,USD,5620.0,5620.0,1375.39,7729692.0,2024-06-01,0.3,Y,0,,,2024-05-28,paid,7615493.0,,-114199.0
INV-2405-0012,B096,USA,2024-05-02,OA,90,USD,20500.0,20500.0,1375.39,28195495.0,2024-07-31,0.0,Y,0,,,2024-07-31,paid,28070445.0,,-125050.0
INV-2405-0013,B113,JPN,2024-05-02,OA,90,JPY,2580000.0,16778.38,8.9445,23076810.0,2024-07-31,0.0,Y,0,,,2024-07-25,paid,23133570.0,,56760.0
INV-2405-0014,B127,VNM,2024-05-02,DP,0,USD,3570.0,3570.0,1375.39,4910142.0,2024-05-13,0.0,N,0,,,2024-06-22,paid,4955767.0,,45625.0
INV-2405-0015,B106,TUR,2024-05-04,TT_ADV,0,USD,45770.0,45770.0,1363.04,62386341.0,2024-05-04,1.0,N,0,,,2024-04-13,paid,62921850.0,,535509.0
INV-2405-0016,B107,DEU,2024-05-04,TT_ADV,0,EUR,5720.0,6160.42,1467.99,8396903.0,2024-05-04,1.0,N,0,,,2024-04-23,paid,8437744.0,,40841.0
INV-2405-0017,B144,TUR,2024-05-04,OA,60,USD,14150.0,14150.0,1363.04,19287016.0,2024-07-03,0.0,N,0,,,2024-06-30,paid,19478182.0,,191166.0
INV-2405-0018,B023,IDN,2024-05-05,DA,90,USD,17410.0,17410.0,1363.04,23730526.0,2024-08-03,0.0,Y,0,,,2024-08-01,paid,23825585.0,,95059.0
INV-2405-0019,B063,CHN,2024-05-05,TT_ADV,0,CNY,32000.0,4419.53,188.25,6024000.0,2024-05-05,1.0,N,0,,,2024-04-06,paid,5983360.0,,-40640.0
INV-2405-0020,B140,USA,2024-05-05,TT_SPLIT_30_70,30,USD,2810.0,2810.0,1363.04,3830142.0,2024-06-04,0.3,Y,0,,,2024-05-30,paid,3853390.0,,23248.0
INV-2405-0021,B009,CHN,2024-05-06,DA,90,CNY,345100.0,47883.92,188.54,65065154.0,2024-08-04,0.0,Y,0,,,2024-08-02,paid,65520686.0,,455532.0
INV-2405-0022,B041,TUR,2024-05-06,OA,30,USD,4110.0,4110.0,1358.81,5584709.0,2024-06-05,0.0,Y,0,,,2024-06-02,paid,5694117.0,,109408.0
INV-2405-0023,B050,USA,2024-05-06,OA,60,USD,11420.0,11420.0,1358.81,15517610.0,2024-07-05,0.0,Y,0,,,2024-07-05,paid,15758115.0,,240505.0
INV-2405-0024,B077,VNM,2024-05-06,DP,0,USD,4780.0,4780.0,1358.81,6495112.0,2024-05-17,0.0,N,0,,,2024-05-17,paid,6476087.0,,-19025.0
INV-2405-0025,B110,USA,2024-05-07,OA,90,USD,62390.0,62390.0,1359.45,84816086.0,2024-08-05,0.0,Y,0,,,2024-08-05,paid,85329555.0,,513469.0
INV-2405-0026,B121,IND,2024-05-07,DA,90,USD,14220.0,14220.0,1359.45,19331379.0,2024-08-05,0.0,Y,0,,,2024-08-05,paid,19448410.0,,117031.0
INV-2405-0027,B148,ARE,2024-05-07,TT_ADV,0,USD,14080.0,14080.0,1359.45,19141056.0,2024-05-07,1.0,N,0,,,2024-04-29,paid,19393088.0,,252032.0
INV-2405-0028,B048,CHN,2024-05-08,OA,30,USD,35720.0,35720.0,1359.45,48559554.0,2024-06-07,0.0,Y,0,,,2024-06-04,paid,49149291.0,,589737.0
INV-2405-0029,B049,ARE,2024-05-08,DA,90,USD,56940.0,56940.0,1359.45,77407083.0,2024-08-06,0.0,N,0,,,2024-08-05,paid,77875699.0,,468616.0
INV-2405-0030,B065,IND,2024-05-08,LC_SIGHT,0,USD,65930.0,65930.0,1359.45,89628538.0,2024-05-14,0.0,N,0,,0,2024-05-14,paid,90243006.0,,614468.0
INV-2405-0031,B001,NLD,2024-05-09,OA,90,EUR,10060.0,10835.65,1475.35,14842021.0,2024-08-07,0.0,N,0,,,2024-08-05,paid,15075614.0,,233593.0
INV-2405-0032,B041,TUR,2024-05-09,OA,30,USD,57380.0,57380.0,1369.74,78595681.0,2024-06-08,0.0,Y,0,,,2024-06-05,paid,79443160.0,,847479.0
INV-2405-0033,B099,TUR,2024-05-09,DA,60,USD,38400.0,38400.0,1369.74,52598016.0,2024-07-08,0.0,Y,0,,,,written_off,,,
INV-2405-0034,B087,TWN,2024-05-10,TT_SPLIT_30_70,30,USD,10100.0,10100.0,1367.77,13814477.0,2024-06-09,0.3,Y,0,,,2024-06-20,paid,13917578.0,,103101.0
INV-2405-0035,B087,TWN,2024-05-10,TT_SPLIT_30_70,30,USD,5530.0,5530.0,1367.77,7563768.0,2024-06-09,0.3,Y,0,,,2024-06-23,paid,7653239.0,,89471.0
INV-2405-0036,B100,THA,2024-05-10,TT_SPLIT_30_70,30,USD,3250.0,3250.0,1367.77,4445252.0,2024-06-09,0.3,Y,0,,,2024-06-11,paid,4458704.0,,13452.0
INV-2405-0037,B126,GBR,2024-05-10,TT_ADV,0,USD,11300.0,11300.0,1367.77,15455801.0,2024-05-10,1.0,N,0,,,2024-05-05,paid,15402352.0,,-53449.0
INV-2405-0038,B137,ARE,2024-05-10,TT_ADV,0,USD,11650.0,11650.0,1367.77,15934520.0,2024-05-10,1.0,N,0,,,2024-04-30,paid,16099368.0,,164848.0
INV-2405-0039,B047,MEX,2024-05-11,OA,90,USD,14120.0,14120.0,1367.77,19312912.0,2024-08-09,0.0,Y,1,PRICE,,2024-07-21,paid,19616775.0,,303863.0
INV-2405-0040,B061,IND,2024-05-11,DA,60,USD,10690.0,10690.0,1367.77,14621461.0,2024-07-10,0.0,N,0,,,2024-07-05,paid,14750810.0,,129349.0
INV-2405-0041,B066,ARE,2024-05-11,TT_SPLIT_30_70,30,USD,37600.0,37600.0,1367.77,51428152.0,2024-06-10,0.3,Y,0,,,2024-06-10,paid,51715754.0,,287602.0
INV-2405-0042,B104,MEX,2024-05-11,TT_ADV,0,USD,14900.0,14900.0,1367.77,20379773.0,2024-05-11,1.0,N,0,,,2024-04-27,paid,20488990.0,,109217.0
INV-2405-0043,B118,USA,2024-05-11,DA,60,USD,6530.0,6530.0,1367.77,8931538.0,2024-07-10,0.0,Y,0,,,2024-07-10,paid,9033733.0,,102195.0
INV-2405-0044,B024,USA,2024-05-12,OA,30,USD,40910.0,40910.0,1367.77,55955471.0,2024-06-11,0.0,Y,0,,,2024-06-01,paid,56677941.0,,722470.0
INV-2405-0045,B043,CHN,2024-05-12,OA,90,CNY,84800.0,11735.12,189.28,16050944.0,2024-08-10,0.0,Y,0,,,2024-08-08,paid,16274816.0,,223872.0
INV-2405-0046,B070,POL,2024-05-12,OA,60,EUR,1880.0,2025.33,1473.5,2770180.0,2024-07-11,0.0,Y,0,,,2024-07-11,paid,2801407.0,,31227.0
INV-2405-0047,B080,JPN,2024-05-12,OA,60,JPY,1631000.0,10465.2,8.7762,14313982.0,2024-07-11,0.0,Y,0,,,2024-07-11,paid,14099180.0,,-214802.0
INV-2405-0048,B116,GBR,2024-05-12,OA,60,USD,16190.0,16190.0,1367.77,22144196.0,2024-07-11,0.0,Y,1,QUANTITY,,2024-07-11,paid,22194062.0,,49866.0
INV-2405-0049,B001,NLD,2024-05-13,OA,90,EUR,4540.0,4901.4,1476.8,6704672.0,2024-08-11,0.0,N,0,,,2024-08-11,paid,6763919.0,,59247.0
INV-2405-0050,B030,TUR,2024-05-13,TT_ADV,0,USD,2470.0,2470.0,1367.91,3378738.0,2024-05-13,1.0,N,0,,,2024-04-18,paid,3392347.0,,13609.0
INV-2405-0051,B066,ARE,2024-05-13,DA,60,USD,1610.0,1610.0,1367.91,2202335.0,2024-07-12,0.0,Y,0,,,2024-07-07,paid,2221591.0,,19256.0
INV-2405-0052,B096,USA,2024-05-13,OA,90,USD,15640.0,15640.0,1367.91,21394112.0,2024-08-11,0.0,Y,0,,,2024-08-11,paid,21328424.0,,-65688.0
INV-2405-0053,B110,USA,2024-05-13,OA,90,USD,9580.0,9580.0,1367.91,13104578.0,2024-08-11,0.0,Y,0,,,2024-08-10,paid,13064342.0,,-40236.0
INV-2405-0054,B121,IND,2024-05-13,DA,90,USD,15550.0,15550.0,1367.91,21271000.0,2024-08-11,0.0,Y,0,,,2024-08-08,paid,21320703.0,,49703.0
INV-2405-0055,B005,VNM,2024-05-14,OA,90,USD,5770.0,5770.0,1368.77,7897803.0,2024-08-12,0.0,Y,0,,,2024-10-10,paid,7767083.0,,-130720.0
INV-2405-0056,B013,CHN,2024-05-14,TT_ADV,0,USD,11170.0,11170.0,1368.77,15289161.0,2024-05-14,1.0,N,0,,,2024-05-05,paid,15225157.0,,-64004.0
INV-2405-0057,B064,USA,2024-05-14,TT_SPLIT_30_70,30,USD,26060.0,26060.0,1368.77,35670146.0,2024-06-13,0.3,Y,0,,,2024-06-11,paid,35805267.0,,135121.0
INV-2405-0058,B099,TUR,2024-05-14,DA,60,USD,5120.0,5120.0,1368.77,7008102.0,2024-07-13,0.0,Y,1,PRICE,,,written_off,,,
INV-2405-0059,B106,TUR,2024-05-14,LC_SIGHT,0,USD,14210.0,14210.0,1368.77,19450222.0,2024-05-22,0.0,N,0,,0,2024-05-22,paid,19359136.0,,-91086.0
INV-2405-0060,B121,IND,2024-05-14,DA,90,USD,2690.0,2690.0,1368.77,3681991.0,2024-08-12,0.0,Y,1,QUALITY,,2024-08-08,paid,3703969.0,,21978.0
INV-2405-0061,B014,USA,2024-05-15,LC_USANCE,90,USD,4190.0,4190.0,1360.15,5699028.0,2024-08-13,0.0,N,0,,0,2024-08-13,paid,5728903.0,,29875.0
INV-2405-0062,B022,IDN,2024-05-15,OA,90,USD,3800.0,3800.0,1360.15,5168570.0,2024-08-13,0.0,Y,0,,,2024-08-13,paid,5195664.0,,27094.0
INV-2405-0063,B033,VNM,2024-05-15,LC_SIGHT,0,USD,7350.0,7350.0,1360.15,9997102.0,2024-05-20,0.0,N,0,,0,2024-05-20,paid,9966600.0,,-30502.0
INV-2405-0064,B071,TWN,2024-05-15,OA,60,USD,14070.0,14070.0,1360.15,19137310.0,2024-07-14,0.0,Y,0,,,2024-07-11,paid,19287860.0,,150550.0
INV-2405-0065,B075,DEU,2024-05-15,OA,60,EUR,2760.0,2997.35,1477.12,4076851.0,2024-07-14,0.0,Y,1,QUALITY,,2024-07-13,paid,4137019.0,,60168.0
INV-2405-0066,B010,POL,2024-05-16,TT_ADV,0,EUR,4820.0,5241.75,1462.85,7050937.0,2024-05-16,1.0,N,0,,,2024-04-29,paid,7114850.0,,63913.0
INV-2405-0067,B026,THA,2024-05-16,OA,60,USD,23180.0,23180.0,1345.15,31180577.0,2024-07-15,0.0,Y,0,,,2024-07-15,paid,32057245.0,,876668.0
INV-2405-0068,B064,USA,2024-05-16,TT_SPLIT_30_70,30,USD,10420.0,10420.0,1345.15,14016463.0,2024-06-15,0.3,Y,0,,,2024-06-15,paid,14363730.0,,347267.0
INV-2405-0069,B012,IDN,2024-05-17,DP,0,USD,4630.0,4630.0,1354.83,6272863.0,2024-05-30,0.0,N,0,,,2024-06-01,paid,6414541.0,,141678.0
INV-2405-0070,B113,JPN,2024-05-17,OA,90,JPY,1723000.0,11075.38,8.7088,15005262.0,2024-08-15,0.0,Y,0,,,2024-08-02,paid,15935510.0,,930248.0
INV-2405-0071,B145,GBR,2024-05-17,TT_ADV,0,USD,16160.0,16160.0,1354.83,21894053.0,2024-05-17,1.0,N,0,,,2024-04-26,paid,22221616.0,,327563.0
INV-2405-0072,B009,CHN,2024-05-18,DA,90,CNY,59100.0,8181.69,187.56,11084796.0,2024-08-16,0.0,Y,1,QUANTITY,,2024-08-13,paid,11292237.0,,207441.0
INV-2405-0073,B040,IND,2024-05-18,LC_USANCE,90,USD,14170.0,14170.0,1354.83,19197941.0,2024-08-16,0.0,N,0,,0,2024-08-16,paid,19190998.0,,-6943.0
INV-2405-0074,B137,ARE,2024-05-18,TT_ADV,0,USD,15350.0,15350.0,1354.83,20796640.0,2024-05-18,1.0,N,0,,,2024-05-07,paid,20867558.0,,70918.0
INV-2405-0075,B146,BRA,2024-05-18,OA,60,USD,16020.0,16020.0,1354.83,21704377.0,2024-07-17,0.0,N,0,,,2024-07-17,paid,22117372.0,,412995.0
INV-2405-0076,B053,DEU,2024-05-19,OA,60,EUR,8850.0,9619.03,1472.56,13032156.0,2024-07-18,0.0,N,0,,,2024-07-16,paid,13341906.0,,309750.0
INV-2405-0077,B084,POL,2024-05-19,OA,90,EUR,3270.0,3554.15,1472.56,4815271.0,2024-08-17,0.0,N,0,,,2024-08-27,paid,4856866.0,,41595.0
INV-2405-0078,B112,MEX,2024-05-19,TT_SPLIT_30_70,30,USD,11590.0,11590.0,1354.83,15702480.0,2024-06-18,0.3,N,0,,,2024-06-13,paid,15945603.0,,243123.0
INV-2405-0079,B126,GBR,2024-05-19,OA,60,USD,6910.0,6910.0,1354.83,9361875.0,2024-07-18,0.0,N,0,,,2024-06-30,paid,9511960.0,,150086.0
INV-2405-0080,B050,USA,2024-05-20,OA,60,USD,17340.0,17340.0,1356.0,23513040.0,2024-07-19,0.0,Y,0,,,2024-07-24,paid,23984765.0,,471725.0
INV-2405-0081,B090,USA,2024-05-20,OA,60,USD,14900.0,14900.0,1356.0,20204400.0,2024-07-19,0.0,N,0,,,2024-07-15,paid,20606253.0,,401853.0
INV-2405-0082,B095,EGY,2024-05-20,OA,30,USD,3420.0,3420.0,1356.0,4637520.0,2024-06-19,0.0,Y,0,,,2024-07-29,paid,4726201.0,,88681.0
INV-2405-0083,B127,VNM,2024-05-20,DP,0,USD,33200.0,33200.0,1356.0,45019200.0,2024-06-02,0.0,N,0,,,2024-06-02,paid,45996276.0,,977076.0
INV-2405-0084,B028,JPN,2024-05-21,OA,90,JPY,1283000.0,8220.18,8.7362,11208545.0,2024-08-19,0.0,Y,0,,,2024-07-31,paid,11682356.0,,473811.0
INV-2405-0085,B038,DEU,2024-05-21,TT_ADV,0,EUR,5280.0,5731.43,1480.12,7815034.0,2024-05-21,1.0,N,0,,,2024-05-03,paid,7750987.0,,-64047.0
INV-2405-0086,B082,JPN,2024-05-21,OA,60,JPY,619000.0,3965.93,8.7362,5407708.0,2024-07-20,0.0,Y,0,,,2024-07-20,paid,5464284.0,,56576.0
INV-2405-0087,B087,TWN,2024-05-21,TT_SPLIT_30_70,30,USD,14560.0,14560.0,1363.54,19853142.0,2024-06-20,0.3,Y,0,,,2024-06-26,paid,20168425.0,,315283.0
INV-2405-0088,B107,DEU,2024-05-21,OA,60,EUR,10000.0,10854.98,1480.12,14801200.0,2024-07-20,0.0,Y,0,,,2024-08-05,paid,14985700.0,,184500.0
INV-2405-0089,B121,IND,2024-05-21,OA,90,USD,56910.0,56910.0,1363.54,77599061.0,2024-08-19,0.0,Y,1,DOCS,,2024-08-30,paid,75896425.0,,-1702636.0
INV-2405-0090,B140,USA,2024-05-21,OA,60,USD,35210.0,35210.0,1363.54,48010243.0,2024-07-20,0.0,Y,0,,,2024-07-18,paid,48666436.0,,656193.0
INV-2405-0091,B013,CHN,2024-05-22,TT_ADV,0,USD,3420.0,3420.0,1362.36,4659271.0,2024-05-22,1.0,N,0,,,2024-05-14,paid,4681193.0,,21922.0
INV-2405-0092,B019,USA,2024-05-22,DA,90,USD,13310.0,13310.0,1362.36,18133012.0,2024-08-20,0.0,Y,0,,,2024-08-20,paid,17725992.0,,-407020.0
INV-2405-0093,B044,THA,2024-05-22,DA,90,USD,7000.0,7000.0,1362.36,9536520.0,2024-08-20,0.0,N,1,DOCS,,2024-08-23,paid,9321732.0,,-214788.0
INV-2405-0094,B066,ARE,2024-05-22,DA,60,USD,9040.0,9040.0,1362.36,12315734.0,2024-07-21,0.0,Y,0,,,2024-07-07,paid,12474025.0,,158291.0
INV-2405-0095,B127,VNM,2024-05-22,DP,0,USD,13590.0,13590.0,1362.36,18514472.0,2024-06-06,0.0,N,0,,,2024-06-06,paid,18556466.0,,41994.0
INV-2405-0096,B137,ARE,2024-05-22,TT_ADV,0,USD,11100.0,11100.0,1362.36,15122196.0,2024-05-22,1.0,N,0,,,2024-05-16,paid,14931165.0,,-191031.0
INV-2405-0097,B139,DEU,2024-05-22,DA,90,EUR,3540.0,3835.94,1476.25,5225925.0,2024-08-20,0.0,Y,1,QUALITY,,2024-08-03,paid,5252050.0,,26125.0
INV-2405-0098,B145,GBR,2024-05-22,TT_ADV,0,USD,14720.0,14720.0,1362.36,20053939.0,2024-05-22,1.0,N,0,,,2024-05-16,paid,19800608.0,,-253331.0
INV-2405-0099,B063,CHN,2024-05-23,TT_ADV,0,CNY,29200.0,4031.99,188.12,5493104.0,2024-05-23,1.0,N,0,,,2024-05-11,paid,5526976.0,,33872.0
INV-2405-0100,B067,BRA,2024-05-23,DP,0,USD,7800.0,7800.0,1362.38,10626564.0,2024-06-06,0.0,N,0,,,2024-06-06,paid,10650510.0,,23946.0
INV-2405-0101,B099,TUR,2024-05-23,DA,60,USD,35640.0,35640.0,1362.38,48555223.0,2024-07-22,0.0,Y,0,,,,written_off,,,
INV-2405-0102,B001,NLD,2024-05-24,OA,90,EUR,20370.0,22105.52,1485.66,30262894.0,2024-08-22,0.0,N,0,,,2024-08-20,paid,30128656.0,,-134238.0
INV-2405-0103,B013,CHN,2024-05-24,TT_ADV,0,USD,2520.0,2520.0,1369.02,3449930.0,2024-05-24,1.0,N,0,,,2024-04-24,paid,3452047.0,,2117.0
INV-2405-0104,B066,ARE,2024-05-24,DA,60,USD,17160.0,17160.0,1369.02,23492383.0,2024-07-23,0.0,Y,0,,,2024-07-23,paid,23779985.0,,287602.0
INV-2405-0105,B070,POL,2024-05-24,OA,60,EUR,14960.0,16234.59,1485.66,22225474.0,2024-07-23,0.0,Y,0,,,2024-07-23,paid,22503730.0,,278256.0
INV-2405-0106,B106,TUR,2024-05-24,LC_SIGHT,0,USD,21640.0,21640.0,1369.02,29625593.0,2024-06-01,0.0,N,0,,0,2024-06-01,paid,29980705.0,,355112.0
INV-2405-0107,B147,THA,2024-05-24,DA,60,USD,13550.0,13550.0,1369.02,18550221.0,2024-07-23,0.0,N,0,,,2024-07-19,paid,18824880.0,,274658.0
INV-2405-0108,B012,IDN,2024-05-25,DP,0,USD,5740.0,5740.0,1369.02,7858175.0,2024-06-08,0.0,N,0,,,2024-06-08,paid,7843021.0,,-15154.0
INV-2405-0109,B077,VNM,2024-05-25,TT_SPLIT_30_70,30,USD,13390.0,13390.0,1369.02,18331178.0,2024-06-24,0.3,N,0,,,2024-06-21,paid,18536259.0,,205081.0
INV-2405-0110,B078,VNM,2024-05-25,TT_SPLIT_30_70,30,USD,8980.0,8980.0,1369.02,12293800.0,2024-06-24,0.3,N,0,,,2024-06-24,paid,12402758.0,,108958.0
INV-2405-0111,B087,TWN,2024-05-25,TT_SPLIT_30_70,30,USD,7990.0,7990.0,1369.02,10938470.0,2024-06-24,0.3,Y,0,,,2024-06-26,paid,11023787.0,,85317.0
INV-2405-0112,B099,TUR,2024-05-25,DA,60,USD,4960.0,4960.0,1369.02,6790339.0,2024-07-24,0.0,Y,0,,,,written_off,,,
INV-2405-0113,B121,IND,2024-05-25,DA,90,USD,10220.0,10220.0,1369.02,13991384.0,2024-08-23,0.0,Y,0,,,2024-08-30,paid,13653920.0,,-337464.0
INV-2405-0114,B037,SAU,2024-05-26,TT_ADV,0,USD,22080.0,22080.0,1369.02,30227962.0,2024-05-26,1.0,N,0,,,2024-05-12,paid,30200362.0,,-27600.0
INV-2405-0115,B037,SAU,2024-05-26,DA,90,USD,9590.0,9590.0,1369.02,13128902.0,2024-08-24,0.0,Y,1,PRICE,,2024-09-26,paid,12608740.0,,-520162.0
INV-2405-0116,B097,SAU,2024-05-26,OA,30,USD,20870.0,20870.0,1369.02,28571447.0,2024-06-25,0.0,Y,0,,,2024-06-25,paid,28950029.0,,378582.0
INV-2405-0117,B078,VNM,2024-05-27,TT_SPLIT_30_70,30,USD,10780.0,10780.0,1369.02,14758036.0,2024-06-26,0.3,N,0,,,2024-06-28,paid,14815641.0,,57605.0
INV-2405-0118,B110,USA,2024-05-27,OA,90,USD,7070.0,7070.0,1369.02,9678971.0,2024-08-25,0.0,Y,0,,,2024-08-19,paid,9432865.0,,-246106.0
INV-2405-0119,B123,POL,2024-05-28,OA,60,EUR,3930.0,4275.45,1476.99,5804571.0,2024-07-27,0.0,Y,0,,,2024-07-27,paid,5902546.0,,97975.0
INV-2405-0120,B132,IDN,2024-05-28,OA,60,USD,6190.0,6190.0,1357.65,8403854.0,2024-07-27,0.0,Y,0,,,2024-07-21,paid,8599705.0,,195851.0
INV-2405-0121,B047,MEX,2024-05-29,OA,90,USD,4210.0,4210.0,1365.07,5746945.0,2024-08-27,0.0,Y,0,,,2024-08-27,paid,5603089.0,,-143856.0
INV-2405-0122,B050,USA,2024-05-29,OA,60,USD,10340.0,10340.0,1365.07,14114824.0,2024-07-28,0.0,Y,0,,,2024-07-24,paid,14262996.0,,148172.0
INV-2405-0123,B135,TUR,2024-05-29,OA,30,USD,8630.0,8630.0,1365.07,11780554.0,2024-06-28,0.0,Y,0,,,2024-06-28,paid,11879626.0,,99072.0
INV-2405-0124,B077,VNM,2024-05-30,DP,0,USD,8030.0,8030.0,1365.07,10961512.0,2024-06-14,0.0,N,0,,,2024-06-14,paid,11073049.0,,111537.0
INV-2405-0125,B143,MYS,2024-05-30,OA,30,USD,4520.0,4520.0,1365.07,6170116.0,2024-06-29,0.0,Y,1,DOCS,,2024-06-24,paid,6279048.0,,108932.0
INV-2405-0126,B148,ARE,2024-05-30,OA,60,USD,7420.0,7420.0,1365.07,10128819.0,2024-07-29,0.0,N,0,,,2024-07-28,paid,10262676.0,,133857.0
INV-2405-0127,B063,CHN,2024-05-31,TT_ADV,0,CNY,62200.0,8589.92,191.33,11900726.0,2024-05-31,1.0,N,0,,,2024-05-07,paid,11714126.0,,-186600.0
INV-2405-0128,B074,MYS,2024-05-31,OA,30,USD,23270.0,23270.0,1385.43,32238956.0,2024-06-30,0.0,N,0,,,2024-06-24,paid,32325986.0,,87030.0
INV-2405-0129,B139,DEU,2024-05-31,DA,90,EUR,20630.0,22375.34,1502.64,30999463.0,2024-08-29,0.0,Y,0,,,2024-08-28,paid,30648341.0,,-351122.0
INV-2406-0001,B099,TUR,2024-06-01,DA,60,USD,12430.0,12430.0,1385.43,17220895.0,2024-07-31,0.0,Y,1,QUALITY,,,written_off,,,
INV-2406-0002,B102,GBR,2024-06-01,OA,60,USD,11440.0,11440.0,1385.43,15849319.0,2024-07-31,0.0,Y,0,,,2024-07-27,paid,15822778.0,,-26541.0
INV-2406-0003,B120,JPN,2024-06-01,OA,60,JPY,753000.0,4790.37,8.8137,6636716.0,2024-07-31,0.0,N,0,,,2024-07-26,paid,6769018.0,,132302.0
INV-2406-0004,B140,USA,2024-06-01,OA,60,USD,9550.0,9550.0,1385.43,13230856.0,2024-07-31,0.0,Y,0,,,2024-07-29,paid,13197432.0,,-33424.0
INV-2406-0005,B017,EGY,2024-06-02,OA,90,USD,9290.0,9290.0,1385.43,12870645.0,2024-08-31,0.0,N,0,,,2024-08-16,paid,12581819.0,,-288826.0
INV-2406-0006,B117,CHN,2024-06-02,OA,30,USD,6500.0,6500.0,1385.43,9005295.0,2024-07-02,0.0,Y,0,,,2024-06-16,paid,8963240.0,,-42055.0
INV-2406-0007,B121,IND,2024-06-02,DA,90,USD,6570.0,6570.0,1385.43,9102275.0,2024-08-31,0.0,Y,1,PRICE,,2024-08-30,paid,8777520.0,,-324755.0
INV-2406-0008,B138,CHN,2024-06-02,OA,90,CNY,102100.0,14100.17,191.33,19534793.0,2024-08-31,0.0,Y,0,,,2024-08-14,paid,19385727.0,,-149066.0
INV-2406-0009,B056,USA,2024-06-03,OA,90,USD,3830.0,3830.0,1375.91,5269735.0,2024-09-01,0.0,Y,1,PRICE,,2024-08-14,paid,5190990.0,,-78744.0
INV-2406-0010,B066,ARE,2024-06-03,DA,60,USD,73860.0,73860.0,1375.91,101624713.0,2024-08-02,0.0,Y,0,,,2024-08-02,paid,100403807.0,,-1220906.0
INV-2406-0011,B127,VNM,2024-06-03,DP,0,USD,26830.0,26830.0,1375.91,36915665.0,2024-06-16,0.0,N,0,,,2024-06-16,paid,36997497.0,,81832.0
INV-2406-0012,B029,CHN,2024-06-04,OA,60,USD,4120.0,4120.0,1375.96,5668955.0,2024-08-03,0.0,Y,1,QUALITY,,2024-08-03,paid,5600646.0,,-68309.0
INV-2406-0013,B063,CHN,2024-06-04,TT_ADV,0,CNY,43600.0,6022.74,190.07,8287052.0,2024-06-04,1.0,N,0,,,2024-06-01,paid,8341988.0,,54936.0
INV-2406-0014,B086,DEU,2024-06-04,OA,90,EUR,4700.0,5112.66,1496.77,7034819.0,2024-09-02,0.0,N,0,,,2024-08-22,paid,7016489.0,,-18330.0
INV-2406-0015,B086,DEU,2024-06-04,OA,90,EUR,13900.0,15120.43,1496.77,20805103.0,2024-09-02,0.0,N,0,,,2024-08-31,paid,20679218.0,,-125885.0
INV-2406-0016,B087,TWN,2024-06-04,TT_SPLIT_30_70,30,USD,5440.0,5440.0,1375.96,7485222.0,2024-07-04,0.3,Y,0,,,2024-07-01,paid,7484042.0,,-1180.0
INV-2406-0017,B096,USA,2024-06-04,OA,90,USD,9510.0,9510.0,1375.96,13085380.0,2024-09-02,0.0,Y,0,,,2024-08-24,paid,12625096.0,,-460284.0
INV-2406-0018,B142,IND,2024-06-04,OA,30,USD,11290.0,11290.0,1375.96,15534588.0,2024-07-04,0.0,Y,0,,,2024-07-04,paid,15634956.0,,100368.0
INV-2406-0019,B030,TUR,2024-06-05,OA,60,USD,26820.0,26820.0,1372.58,36812596.0,2024-08-04,0.0,N,0,,,2024-08-01,paid,36703170.0,,-109426.0
INV-2406-0020,B096,USA,2024-06-05,OA,90,USD,3730.0,3730.0,1372.58,5119723.0,2024-09-03,0.0,Y,0,,,2024-09-03,paid,4997417.0,,-122306.0
INV-2406-0021,B113,JPN,2024-06-05,OA,90,JPY,1718000.0,10998.06,8.7868,15095722.0,2024-09-03,0.0,Y,0,,,2024-08-31,paid,15726228.0,,630506.0
INV-2406-0022,B135,TUR,2024-06-05,OA,30,USD,23740.0,23740.0,1372.58,32585049.0,2024-07-05,0.0,Y,0,,,2024-07-03,paid,32876339.0,,291290.0
INV-2406-0023,B095,EGY,2024-06-06,OA,30,USD,7810.0,7810.0,1365.45,10664164.0,2024-07-06,0.0,Y,0,,,2024-07-29,paid,10792873.0,,128709.0
INV-2406-0024,B001,NLD,2024-06-07,OA,90,EUR,27540.0,29762.54,1476.65,40666941.0,2024-09-05,0.0,N,0,,,2024-08-29,paid,40667767.0,,826.0
INV-2406-0025,B024,USA,2024-06-07,OA,30,USD,11470.0,11470.0,1366.38,15672379.0,2024-07-07,0.0,Y,0,,,2024-07-05,paid,15827109.0,,154730.0
INV-2406-0026,B087,TWN,2024-06-07,TT_SPLIT_30_70,30,USD,25910.0,25910.0,1366.38,35402906.0,2024-07-07,0.3,Y,0,,,2024-07-07,paid,35682732.0,,279826.0
INV-2406-0027,B087,TWN,2024-06-07,TT_SPLIT_30_70,30,USD,7900.0,7900.0,1366.38,10794402.0,2024-07-07,0.3,Y,0,,,2024-07-07,paid,10848312.0,,53910.0
INV-2406-0028,B100,THA,2024-06-07,TT_SPLIT_30_70,30,USD,2450.0,2450.0,1366.38,3347631.0,2024-07-07,0.3,Y,0,,,2024-07-07,paid,3384768.0,,37137.0
INV-2406-0029,B011,IND,2024-06-08,LC_SIGHT,0,USD,5720.0,5720.0,1366.38,7815694.0,2024-06-15,0.0,N,0,,0,2024-06-15,paid,7887651.0,,71957.0
INV-2406-0030,B011,IND,2024-06-08,LC_SIGHT,0,USD,9380.0,9380.0,1366.38,12816644.0,2024-06-13,0.0,N,0,,0,2024-06-13,paid,12907912.0,,91268.0
INV-2406-0031,B036,VNM,2024-06-08,TT_ADV,0,USD,5460.0,5460.0,1366.38,7460435.0,2024-06-08,1.0,N,0,,,2024-05-16,paid,7344519.0,,-115916.0
INV-2406-0032,B073,BRA,2024-06-08,TT_ADV,0,USD,3330.0,3330.0,1366.38,4550045.0,2024-06-08,1.0,N,0,,,2024-05-24,paid,4558837.0,,8792.0
INV-2406-0033,B120,JPN,2024-06-08,OA,60,JPY,960000.0,6131.05,8.7264,8377344.0,2024-08-07,0.0,N,0,,,2024-07-31,paid,8717247.0,,339903.0
INV-2406-0034,B139,DEU,2024-06-08,DA,90,EUR,3750.0,4052.63,1476.65,5537438.0,2024-09-06,0.0,Y,0,,,2024-09-06,paid,5552738.0,,15300.0
INV-2406-0035,B022,IDN,2024-06-09,OA,90,USD,19620.0,19620.0,1366.38,26808376.0,2024-09-07,0.0,Y,0,,,2024-09-07,paid,26198706.0,,-609670.0
INV-2406-0036,B036,VNM,2024-06-09,TT_ADV,0,USD,5690.0,5690.0,1366.38,7774702.0,2024-06-09,1.0,N,0,,,2024-05-10,paid,7782611.0,,7909.0
INV-2406-0037,B090,USA,2024-06-09,OA,60,USD,7010.0,7010.0,1366.38,9578324.0,2024-08-08,0.0,N,0,,,2024-10-26,paid,9738572.0,,160248.0
INV-2406-0038,B121,IND,2024-06-09,OA,60,USD,5620.0,5620.0,1366.38,7679056.0,2024-08-08,0.0,Y,0,,,2024-08-05,paid,7686362.0,,7306.0
INV-2406-0039,B144,TUR,2024-06-09,OA,60,USD,21900.0,21900.0,1366.38,29923722.0,2024-08-08,0.0,N,0,,,2024-08-05,paid,29952192.0,,28470.0
INV-2406-0040,B005,VNM,2024-06-10,OA,90,USD,6030.0,6030.0,1375.71,8295531.0,2024-09-08,0.0,Y,1,PRICE,,2024-10-10,paid,8145143.0,,-150388.0
INV-2406-0041,B036,VNM,2024-06-10,TT_ADV,0,USD,2470.0,2470.0,1375.71,3398004.0,2024-06-10,1.0,N,0,,,2024-06-05,paid,3390273.0,,-7731.0
INV-2406-0042,B050,USA,2024-06-10,TT_ADV,0,USD,4660.0,4660.0,1375.71,6410809.0,2024-06-10,1.0,N,0,,,2024-05-19,paid,6313508.0,,-97301.0
INV-2406-0043,B107,DEU,2024-06-10,OA,60,EUR,10870.0,11686.37,1479.03,16077056.0,2024-08-09,0.0,Y,0,,,2024-08-07,paid,16328588.0,,251532.0
INV-2406-0044,B127,VNM,2024-06-10,DP,0,USD,17120.0,17120.0,1375.71,23552155.0,2024-06-23,0.0,N,0,,,2024-06-23,paid,23765470.0,,213315.0
INV-2406-0045,B009,CHN,2024-06-11,DA,90,CNY,133700.0,18430.39,189.64,25354868.0,2024-09-09,0.0,Y,0,,,2024-09-09,paid,25226516.0,,-128352.0
INV-2406-0046,B037,SAU,2024-06-11,DA,90,USD,5250.0,5250.0,1375.71,7222478.0,2024-09-09,0.0,Y,0,,,2024-09-26,paid,6902595.0,,-319883.0
INV-2406-0047,B044,THA,2024-06-11,DA,90,USD,6140.0,6140.0,1375.71,8446859.0,2024-09-09,0.0,N,0,,,2024-08-23,paid,8151218.0,,-295641.0
INV-2406-0048,B063,CHN,2024-06-11,TT_SPLIT_30_70,30,CNY,7000.0,964.94,189.64,1327480.0,2024-07-11,0.3,N,0,,,2024-07-11,paid,1322524.0,,-4956.0
INV-2406-0049,B009,CHN,2024-06-12,DA,90,CNY,45700.0,6299.79,189.96,8681172.0,2024-09-10,0.0,Y,1,PRICE,,2024-09-12,paid,8612622.0,,-68550.0
INV-2406-0050,B014,USA,2024-06-12,LC_USANCE,90,USD,4070.0,4070.0,1378.01,5608501.0,2024-09-10,0.0,N,0,,0,2024-09-10,paid,5467679.0,,-140822.0
INV-2406-0051,B033,VNM,2024-06-12,LC_SIGHT,0,USD,1320.0,1320.0,1378.01,1818973.0,2024-06-17,0.0,N,0,,0,2024-06-17,paid,1822260.0,,3287.0
INV-2406-0052,B082,JPN,2024-06-12,OA,60,JPY,713000.0,4574.03,8.8402,6303063.0,2024-08-11,0.0,Y,1,DOCS,,2024-08-14,paid,6580206.0,,277143.0
INV-2406-0053,B095,EGY,2024-06-12,OA,30,USD,9130.0,9130.0,1378.01,12581231.0,2024-07-12,0.0,Y,0,,,2024-08-20,paid,12159151.0,,-422080.0
INV-2406-0054,B028,JPN,2024-06-13,OA,90,JPY,4085000.0,26057.31,8.7779,35857722.0,2024-09-11,0.0,Y,0,,,2024-09-11,paid,38641649.0,,2783927.0
INV-2406-0055,B086,DEU,2024-06-13,TT_ADV,0,EUR,13710.0,14746.44,1480.14,20292719.0,2024-06-13,1.0,N,0,,,2024-06-10,paid,20277501.0,,-15218.0
INV-2406-0056,B140,USA,2024-06-13,OA,60,USD,8520.0,8520.0,1376.11,11724457.0,2024-08-12,0.0,Y,1,PRICE,,2024-08-12,paid,11671292.0,,-53165.0
INV-2406-0057,B032,EGY,2024-06-14,OA,30,USD,8130.0,8130.0,1378.96,11210945.0,2024-07-14,0.0,Y,0,,,2024-07-12,paid,11177937.0,,-33008.0
INV-2406-0058,B099,TUR,2024-06-14,DA,60,USD,9000.0,9000.0,1378.96,12410640.0,2024-08-13,0.0,Y,0,,,,written_off,,,
INV-2406-0059,B142,IND,2024-06-14,OA,30,USD,7940.0,7940.0,1378.96,10948942.0,2024-07-14,0.0,Y,0,,,2024-07-11,paid,10884549.0,,-64393.0
INV-2406-0060,B026,THA,2024-06-15,OA,60,USD,17040.0,17040.0,1378.96,23497478.0,2024-08-14,0.0,Y,1,PRICE,,2024-08-26,paid,22638151.0,,-859327.0
INV-2406-0061,B050,USA,2024-06-15,OA,60,USD,20200.0,20200.0,1378.96,27854992.0,2024-08-14,0.0,Y,0,,,2024-08-14,paid,27378070.0,,-476922.0
INV-2406-0062,B145,GBR,2024-06-15,OA,90,USD,4750.0,4750.0,1378.96,6550060.0,2024-09-13,0.0,N,0,,,2024-09-13,paid,6313985.0,,-236075.0
INV-2406-0063,B148,ARE,2024-06-15,OA,60,USD,18350.0,18350.0,1378.96,25303916.0,2024-08-14,0.0,N,0,,,2024-08-15,paid,25014904.0,,-289012.0
INV-2406-0064,B086,DEU,2024-06-16,OA,90,EUR,9270.0,9917.98,1475.35,13676494.0,2024-09-14,0.0,N,0,,,2024-09-12,paid,13728685.0,,52191.0
INV-2406-0065,B106,TUR,2024-06-16,LC_SIGHT,0,USD,17280.0,17280.0,1378.96,23828429.0,2024-06-22,0.0,N,0,,0,2024-06-22,paid,23987578.0,,159149.0
INV-2406-0066,B122,JPN,2024-06-16,DA,60,JPY,9960000.0,63326.2,8.7675,87324300.0,2024-08-15,0.0,N,0,,,2024-08-08,paid,93243528.0,,5919228.0
INV-2406-0067,B005,VNM,2024-06-17,TT_SPLIT_30_70,30,USD,8110.0,8110.0,1380.5,11195855.0,2024-07-17,0.3,Y,0,,,2024-09-08,paid,10975422.0,,-220433.0
INV-2406-0068,B024,USA,2024-06-17,OA,30,USD,38320.0,38320.0,1380.5,52900760.0,2024-07-17,0.0,Y,0,,,2024-07-17,paid,52885106.0,,-15654.0
INV-2406-0069,B102,GBR,2024-06-17,OA,60,USD,9600.0,9600.0,1380.5,13252800.0,2024-08-16,0.0,Y,0,,,2024-08-09,paid,13091616.0,,-161184.0
INV-2406-0070,B022,IDN,2024-06-18,OA,90,USD,13840.0,13840.0,1380.88,19111379.0,2024-09-16,0.0,Y,0,,,2024-09-07,paid,18485811.0,,-625568.0
INV-2406-0071,B061,IND,2024-06-18,DA,60,USD,4780.0,4780.0,1380.88,6600606.0,2024-08-17,0.0,N,1,QUANTITY,,2024-08-24,paid,6345737.0,,-254869.0
INV-2406-0072,B099,TUR,2024-06-18,DA,60,USD,21870.0,21870.0,1380.88,30199846.0,2024-08-17,0.0,Y,0,,,,written_off,,,
INV-2406-0073,B138,CHN,2024-06-18,OA,90,CNY,36200.0,4990.06,190.35,6890670.0,2024-09-16,0.0,Y,1,QUALITY,,2024-09-26,paid,6798614.0,,-92056.0
INV-2406-0074,B140,USA,2024-06-18,TT_SPLIT_30_70,30,USD,24320.0,24320.0,1380.88,33583002.0,2024-07-18,0.3,Y,0,,,2024-07-17,paid,33540685.0,,-42317.0
INV-2406-0075,B070,POL,2024-06-19,OA,60,EUR,4900.0,5262.12,1482.93,7266357.0,2024-08-18,0.0,Y,1,PRICE,,2024-08-17,paid,7297227.0,,30870.0
INV-2406-0076,B113,JPN,2024-06-19,OA,90,JPY,4506000.0,28553.42,8.7503,39428852.0,2024-09-17,0.0,Y,0,,,2024-09-17,paid,42075676.0,,2646824.0
INV-2406-0077,B148,ARE,2024-06-19,OA,60,USD,2730.0,2730.0,1380.88,3769802.0,2024-08-18,0.0,N,1,PRICE,,2024-08-20,paid,3635759.0,,-134043.0
INV-2406-0078,B002,CHN,2024-06-20,TT_ADV,0,USD,7510.0,7510.0,1384.38,10396694.0,2024-06-20,1.0,N,0,,,2024-06-02,paid,10404579.0,,7885.0
INV-2406-0079,B099,TUR,2024-06-20,DA,60,USD,1550.0,1550.0,1384.38,2145789.0,2024-08-19,0.0,Y,1,DOCS,,,written_off,,,
INV-2406-0080,B110,USA,2024-06-20,OA,90,USD,7380.0,7380.0,1384.38,10216724.0,2024-09-18,0.0,Y,0,,,2024-10-16,paid,10064549.0,,-152175.0
INV-2406-0081,B115,CHN,2024-06-20,DA,60,CNY,15500.0,2134.92,190.68,2955540.0,2024-08-19,0.0,Y,0,,,2024-10-25,paid,3024360.0,,68820.0
INV-2406-0082,B074,MYS,2024-06-21,OA,30,USD,7190.0,7190.0,1388.17,9980942.0,2024-07-21,0.0,N,0,,,2024-07-21,paid,9988995.0,,8053.0
INV-2406-0083,B099,TUR,2024-06-21,DA,60,USD,17350.0,17350.0,1388.17,24084750.0,2024-08-20,0.0,Y,0,,,,written_off,,,
INV-2406-0084,B101,IND,2024-06-21,OA,30,USD,6960.0,6960.0,1388.17,9661663.0,2024-07-21,0.0,Y,0,,,2024-07-16,paid,9639530.0,,-22133.0
INV-2406-0085,B102,GBR,2024-06-21,TT_ADV,0,USD,6510.0,6510.0,1388.17,9036987.0,2024-06-21,1.0,N,0,,,2024-06-14,paid,8977030.0,,-59957.0
INV-2406-0086,B121,IND,2024-06-21,DA,90,USD,5460.0,5460.0,1388.17,7579408.0,2024-09-19,0.0,Y,0,,,2024-09-19,paid,7256777.0,,-322631.0
INV-2406-0087,B144,TUR,2024-06-21,OA,60,USD,11850.0,11850.0,1388.17,16449814.0,2024-08-20,0.0,N,0,,,2024-08-20,paid,15781593.0,,-668221.0
INV-2406-0088,B148,ARE,2024-06-21,OA,60,USD,11200.0,11200.0,1388.17,15547504.0,2024-08-20,0.0,N,0,,,2024-08-23,paid,14904415.0,,-643089.0
INV-2406-0089,B053,DEU,2024-06-22,OA,60,EUR,4420.0,4726.75,1484.51,6561534.0,2024-08-21,0.0,N,0,,,2024-08-18,paid,6582397.0,,20863.0
INV-2406-0090,B061,IND,2024-06-22,TT_ADV,0,USD,10000.0,10000.0,1388.17,13881700.0,2024-06-22,1.0,N,0,,,2024-06-12,paid,13780100.0,,-101600.0
INV-2406-0091,B073,BRA,2024-06-22,OA,30,USD,5160.0,5160.0,1388.17,7162957.0,2024-07-22,0.0,N,0,,,2024-08-01,paid,7061460.0,,-101497.0
INV-2406-0092,B075,DEU,2024-06-22,OA,60,EUR,28520.0,30499.31,1484.51,42338225.0,2024-08-21,0.0,Y,0,,,2024-08-18,paid,42472840.0,,134615.0
INV-2406-0093,B050,USA,2024-06-23,OA,60,USD,16740.0,16740.0,1388.17,23237966.0,2024-08-22,0.0,Y,0,,,2024-08-14,paid,22688559.0,,-549407.0
INV-2406-0094,B018,NLD,2024-06-24,OA,30,EUR,7380.0,7916.51,1490.16,10997381.0,2024-07-24,0.0,Y,0,,,2024-07-20,paid,11163431.0,,166050.0
INV-2406-0095,B023,IDN,2024-06-24,DA,90,USD,2800.0,2800.0,1389.17,3889676.0,2024-09-22,0.0,Y,0,,,2024-09-16,paid,3697652.0,,-192024.0
INV-2406-0096,B033,VNM,2024-06-24,LC_SIGHT,0,USD,16530.0,16530.0,1389.17,22962980.0,2024-07-03,0.0,N,0,,0,2024-07-03,paid,22891570.0,,-71410.0
INV-2406-0097,B049,ARE,2024-06-24,DA,90,USD,13670.0,13670.0,1389.17,18989954.0,2024-09-22,0.0,N,0,,,2024-10-16,paid,18468609.0,,-521345.0
INV-2406-0098,B084,POL,2024-06-24,OA,90,EUR,12140.0,13022.55,1490.16,18090542.0,2024-09-22,0.0,N,0,,,2024-09-14,paid,17888047.0,,-202495.0
INV-2406-0099,B144,TUR,2024-06-24,OA,60,USD,9560.0,9560.0,1389.17,13280465.0,2024-08-23,0.0,N,0,,,2024-08-23,paid,12739307.0,,-541158.0
INV-2406-0100,B009,CHN,2024-06-25,DA,90,CNY,56600.0,7792.93,190.99,10810034.0,2024-09-23,0.0,Y,0,,,2024-09-17,paid,10559296.0,,-250738.0
INV-2406-0101,B050,USA,2024-06-25,OA,60,USD,8540.0,8540.0,1387.16,11846346.0,2024-08-24,0.0,Y,0,,,2024-08-14,paid,11574689.0,,-271657.0
INV-2406-0102,B089,NGA,2024-06-25,LC_SIGHT,0,USD,2890.0,2890.0,1387.16,4008892.0,2024-06-30,0.0,N,0,,0,2024-06-30,paid,3978230.0,,-30662.0
INV-2406-0103,B137,ARE,2024-06-25,TT_ADV,0,USD,10560.0,10560.0,1387.16,14648410.0,2024-06-25,1.0,N,0,,,2024-05-26,paid,14456851.0,,-191559.0
INV-2406-0104,B137,ARE,2024-06-25,TT_ADV,0,USD,3690.0,3690.0,1387.16,5118620.0,2024-06-25,1.0,N,0,,,2024-06-20,paid,5108362.0,,-10258.0
INV-2406-0105,B010,POL,2024-06-26,TT_ADV,0,EUR,30750.0,32847.24,1483.36,45613320.0,2024-06-26,1.0,N,0,,,2024-06-02,paid,46206180.0,,592860.0
INV-2406-0106,B010,POL,2024-06-26,TT_ADV,0,EUR,8880.0,9485.64,1483.36,13172237.0,2024-06-26,1.0,N,0,,,2024-05-30,paid,13136450.0,,-35787.0
INV-2406-0107,B029,CHN,2024-06-26,OA,60,USD,12150.0,12150.0,1388.65,16872098.0,2024-08-25,0.0,Y,0,,,2024-08-26,paid,16141640.0,,-730458.0
INV-2406-0108,B041,TUR,2024-06-26,OA,30,USD,5000.0,5000.0,1388.65,6943250.0,2024-07-26,0.0,Y,1,DOCS,,2024-07-26,paid,6915550.0,,-27700.0
INV-2406-0109,B084,POL,2024-06-26,OA,90,EUR,10890.0,11632.73,1483.36,16153790.0,2024-09-24,0.0,N,1,DOCS,,2024-09-20,paid,16143547.0,,-10243.0
INV-2406-0110,B127,VNM,2024-06-26,DP,0,USD,12420.0,12420.0,1388.65,17247033.0,2024-07-11,0.0,N,0,,,2024-07-11,paid,17025957.0,,-221076.0
INV-2406-0111,B131,NGA,2024-06-26,LC_SIGHT,0,USD,2020.0,2020.0,1388.65,2805073.0,2024-07-06,0.0,N,0,,0,2024-07-06,paid,2787337.0,,-17736.0
INV-2406-0112,B064,USA,2024-06-27,TT_SPLIT_30_70,30,USD,26120.0,26120.0,1385.76,36196051.0,2024-07-27,0.3,Y,0,,,2024-07-27,paid,36086870.0,,-109181.0
INV-2406-0113,B084,POL,2024-06-27,OA,90,EUR,16430.0,17593.22,1483.87,24379984.0,2024-09-25,0.0,N,0,,,2024-10-20,paid,24434086.0,,54102.0
INV-2406-0114,B148,ARE,2024-06-27,TT_ADV,0,USD,11150.0,11150.0,1385.76,15451224.0,2024-06-27,1.0,N,0,,,2024-06-15,paid,15375404.0,,-75820.0
INV-2406-0115,B148,ARE,2024-06-27,OA,60,USD,17010.0,17010.0,1385.76,23571778.0,2024-08-26,0.0,N,0,,,2024-08-26,paid,22598295.0,,-973483.0
INV-2406-0116,B009,CHN,2024-06-28,TT_ADV,0,CNY,51000.0,7017.85,189.42,9660420.0,2024-06-28,1.0,N,0,,,2024-06-06,paid,9611970.0,,-48450.0
INV-2406-0117,B014,USA,2024-06-28,TT_ADV,0,USD,15190.0,15190.0,1376.55,20909794.0,2024-06-28,1.0,N,0,,,2024-06-04,paid,20900832.0,,-8962.0
INV-2406-0118,B049,ARE,2024-06-28,DA,90,USD,6190.0,6190.0,1376.55,8520844.0,2024-09-26,0.0,N,0,,,2024-10-16,paid,8441674.0,,-79170.0
INV-2406-0119,B050,USA,2024-06-28,OA,60,USD,33260.0,33260.0,1376.55,45784053.0,2024-08-27,0.0,Y,0,,,2024-08-24,paid,44479863.0,,-1304190.0
INV-2406-0120,B144,TUR,2024-06-28,OA,60,USD,7740.0,7740.0,1376.55,10654497.0,2024-08-27,0.0,N,0,,,2024-08-23,paid,10275314.0,,-379183.0
INV-2406-0121,B050,USA,2024-06-29,OA,60,USD,3050.0,3050.0,1376.55,4198478.0,2024-08-28,0.0,Y,0,,,2024-08-28,paid,4072208.0,,-126270.0
INV-2406-0122,B092,POL,2024-06-29,TT_SPLIT_30_70,30,EUR,6750.0,7229.91,1474.42,9952335.0,2024-07-29,0.3,N,0,,,2024-07-30,paid,10063636.0,,111301.0
INV-2406-0123,B101,IND,2024-06-29,DA,60,USD,29350.0,29350.0,1376.55,40401742.0,2024-08-28,0.0,Y,0,,,2024-08-22,paid,39423800.0,,-977942.0
INV-2406-0124,B140,USA,2024-06-29,OA,60,USD,13740.0,13740.0,1376.55,18913797.0,2024-08-28,0.0,Y,1,PRICE,,2024-08-22,paid,18677000.0,,-236797.0
INV-2406-0125,B049,ARE,2024-06-30,DA,90,USD,2390.0,2390.0,1376.55,3289954.0,2024-09-28,0.0,N,0,,,2024-10-16,paid,3259386.0,,-30568.0
INV-2406-0126,B086,DEU,2024-06-30,OA,90,EUR,11100.0,11889.19,1474.42,16366062.0,2024-09-28,0.0,N,0,,,2024-09-14,paid,16369353.0,,3291.0
INV-2406-0127,B121,IND,2024-06-30,DA,90,USD,42240.0,42240.0,1376.55,58145472.0,2024-09-28,0.0,Y,0,,,2024-09-24,paid,56179200.0,,-1966272.0
INV-2406-0128,B139,DEU,2024-06-30,DA,90,EUR,3530.0,3780.98,1474.42,5204703.0,2024-09-28,0.0,Y,0,,,2024-09-22,paid,5253452.0,,48749.0
INV-2406-0129,B140,USA,2024-06-30,OA,60,USD,9190.0,9190.0,1376.55,12650494.0,2024-08-29,0.0,Y,0,,,2024-08-22,paid,12344284.0,,-306210.0
INV-2407-0001,B005,VNM,2024-07-01,TT_ADV,0,USD,20460.0,20460.0,1383.0,28296180.0,2024-07-01,1.0,N,0,,,2024-06-20,paid,28324415.0,,28235.0
INV-2407-0002,B050,USA,2024-07-01,OA,60,USD,5390.0,5390.0,1383.0,7454370.0,2024-08-30,0.0,Y,0,,,2024-08-31,paid,7199051.0,,-255319.0
INV-2407-0003,B050,USA,2024-07-01,OA,60,USD,12690.0,12690.0,1383.0,17550270.0,2024-08-30,0.0,Y,0,,,2024-09-28,paid,16616667.0,,-933603.0
INV-2407-0004,B087,TWN,2024-07-01,TT_SPLIT_30_70,30,USD,46480.0,46480.0,1383.0,64281840.0,2024-07-31,0.3,Y,0,,,2024-07-23,paid,64342729.0,,60889.0
INV-2407-0005,B114,JPN,2024-07-01,OA,90,JPY,273000.0,1689.88,8.5608,2337098.0,2024-09-29,0.0,N,0,,,2024-09-29,paid,2506822.0,,169724.0
INV-2407-0006,B025,DEU,2024-07-02,OA,60,EUR,8060.0,8654.03,1488.74,11999244.0,2024-08-31,0.0,Y,1,QUALITY,,2024-08-31,paid,11909617.0,,-89627.0
INV-2407-0007,B040,IND,2024-07-02,TT_ADV,0,USD,30650.0,30650.0,1386.55,42497758.0,2024-07-02,1.0,N,0,,,2024-06-18,paid,42323972.0,,-173786.0
INV-2407-0008,B086,DEU,2024-07-02,OA,90,EUR,23690.0,25435.97,1488.74,35268251.0,2024-09-30,0.0,N,1,QUANTITY,,2024-09-30,paid,34717695.0,,-550556.0
INV-2407-0009,B111,TWN,2024-07-02,DA,90,USD,2590.0,2590.0,1386.55,3591164.0,2024-09-30,0.0,N,1,QUALITY,,2024-10-06,paid,3493237.0,,-97927.0
INV-2407-0010,B018,NLD,2024-07-03,OA,30,EUR,21260.0,22958.68,1495.5,31794330.0,2024-08-02,0.0,Y,0,,,2024-08-02,paid,31758710.0,,-35620.0
INV-2407-0011,B035,TWN,2024-07-03,OA,60,USD,3620.0,3620.0,1384.85,5013157.0,2024-09-01,0.0,N,0,,,2024-09-30,paid,4760083.0,,-253074.0
INV-2407-0012,B070,POL,2024-07-03,OA,60,EUR,10300.0,11122.97,1495.5,15403650.0,2024-09-01,0.0,Y,0,,,2024-09-08,paid,15297419.0,,-106231.0
INV-2407-0013,B121,IND,2024-07-03,TT_ADV,0,USD,12240.0,12240.0,1384.85,16950564.0,2024-07-03,1.0,N,0,,,2024-06-19,paid,16901971.0,,-48593.0
INV-2407-0014,B144,TUR,2024-07-03,OA,60,USD,42720.0,42720.0,1384.85,59160792.0,2024-09-01,0.0,N,0,,,2024-08-26,paid,56754802.0,,-2405990.0
INV-2407-0015,B037,SAU,2024-07-04,DA,90,USD,23460.0,23460.0,1384.85,32488581.0,2024-10-02,0.0,Y,0,,,2024-10-02,paid,31003094.0,,-1485487.0
INV-2407-0016,B087,TWN,2024-07-04,TT_SPLIT_30_70,30,USD,42320.0,42320.0,1384.85,58606852.0,2024-08-03,0.3,Y,0,,,2024-08-03,paid,57894479.0,,-712373.0
INV-2407-0017,B131,NGA,2024-07-04,LC_SIGHT,0,USD,10950.0,10950.0,1384.85,15164107.0,2024-07-10,0.0,N,0,,8,2024-07-18,paid,15153157.0,,-10950.0
INV-2407-0018,B137,ARE,2024-07-04,TT_ADV,0,USD,29710.0,29710.0,1384.85,41143894.0,2024-07-04,1.0,N,0,,,2024-06-30,paid,40897300.0,,-246594.0
INV-2407-0019,B018,NLD,2024-07-05,OA,30,EUR,11850.0,12831.15,1494.12,17705322.0,2024-08-04,0.0,Y,0,,,2024-08-02,paid,17581016.0,,-124306.0
INV-2407-0020,B047,MEX,2024-07-05,OA,90,USD,4450.0,4450.0,1379.87,6140421.0,2024-10-03,0.0,Y,1,QUALITY,,2024-09-28,paid,5826964.0,,-313458.0
INV-2407-0021,B064,USA,2024-07-05,TT_SPLIT_30_70,30,USD,61790.0,61790.0,1379.87,85262167.0,2024-08-04,0.3,Y,0,,,2024-08-04,paid,84459515.0,,-802652.0
INV-2407-0022,B105,JPN,2024-07-05,OA,60,JPY,2674000.0,16636.56,8.585,22956290.0,2024-09-03,0.0,Y,0,,,2024-09-03,paid,24568712.0,,1612422.0
INV-2407-0023,B137,ARE,2024-07-05,TT_ADV,0,USD,9740.0,9740.0,1379.87,13439934.0,2024-07-05,1.0,N,0,,,2024-06-05,paid,13368929.0,,-71005.0
INV-2407-0024,B140,USA,2024-07-05,OA,60,USD,3460.0,3460.0,1379.87,4774350.0,2024-09-03,0.0,Y,0,,,2024-08-28,paid,4619619.0,,-154731.0
INV-2407-0025,B104,MEX,2024-07-06,OA,60,USD,15500.0,15500.0,1379.87,21387985.0,2024-09-04,0.0,Y,0,,,2024-08-30,paid,20708000.0,,-679985.0
INV-2407-0026,B023,IDN,2024-07-07,DA,90,USD,9950.0,9950.0,1379.87,13729706.0,2024-10-05,0.0,Y,0,,,2024-09-28,paid,13028828.0,,-700878.0
INV-2407-0027,B028,JPN,2024-07-07,OA,90,JPY,872000.0,5425.24,8.585,7486120.0,2024-10-05,0.0,Y,0,,,2024-09-26,paid,7924300.0,,438180.0
INV-2407-0028,B049,ARE,2024-07-07,DA,90,USD,7820.0,7820.0,1379.87,10790583.0,2024-10-05,0.0,N,0,,,2024-10-23,paid,10775095.0,,-15488.0
INV-2407-0029,B089,NGA,2024-07-07,LC_SIGHT,0,USD,5480.0,5480.0,1379.87,7561688.0,2024-07-14,0.0,N,0,,0,2024-07-14,paid,7534452.0,,-27236.0
INV-2407-0030,B114,JPN,2024-07-07,OA,90,JPY,662000.0,4118.7,8.585,5683270.0,2024-10-05,0.0,N,1,DOCS,,2024-10-01,paid,6100131.0,,416861.0
INV-2407-0031,B132,IDN,2024-07-07,OA,60,USD,8900.0,8900.0,1379.87,12280843.0,2024-09-05,0.0,Y,1,QUALITY,,2024-09-02,paid,11890400.0,,-390443.0
INV-2407-0032,B028,JPN,2024-07-08,OA,90,JPY,5682000.0,35342.53,8.6007,48869177.0,2024-10-06,0.0,Y,0,,,2024-09-30,paid,52156783.0,,3287606.0
INV-2407-0033,B028,JPN,2024-07-08,OA,90,JPY,972000.0,6045.92,8.6007,8359880.0,2024-10-06,0.0,Y,0,,,2024-10-06,paid,8816818.0,,456938.0
INV-2407-0034,B040,IND,2024-07-08,LC_USANCE,90,USD,9010.0,9010.0,1382.73,12458397.0,2024-10-06,0.0,N,0,,0,2024-10-06,paid,12152147.0,,-306250.0
INV-2407-0035,B073,BRA,2024-07-08,OA,30,USD,10300.0,10300.0,1382.73,14242119.0,2024-08-07,0.0,N,0,,,2024-08-07,paid,14098596.0,,-143523.0
INV-2407-0036,B101,IND,2024-07-08,DA,60,USD,8620.0,8620.0,1382.73,11919133.0,2024-09-06,0.0,Y,0,,,2024-09-07,paid,11513562.0,,-405571.0
INV-2407-0037,B107,DEU,2024-07-08,OA,60,EUR,1190.0,1289.37,1498.19,1782846.0,2024-09-06,0.0,Y,1,QUALITY,,2024-09-06,paid,1762069.0,,-20777.0
INV-2407-0038,B121,IND,2024-07-08,DA,90,USD,8500.0,8500.0,1382.73,11753205.0,2024-10-06,0.0,Y,0,,,2024-10-23,paid,11219659.0,,-533546.0
INV-2407-0039,B121,IND,2024-07-08,DA,90,USD,7860.0,7860.0,1382.73,10868258.0,2024-10-06,0.0,Y,1,QUANTITY,,2024-10-23,paid,10859455.0,,-8803.0
INV-2407-0040,B148,ARE,2024-07-08,OA,60,USD,11140.0,11140.0,1382.73,15403612.0,2024-09-06,0.0,N,0,,,2024-09-06,paid,14879475.0,,-524137.0
INV-2407-0041,B014,USA,2024-07-09,LC_USANCE,90,USD,10840.0,10840.0,1383.39,14995948.0,2024-10-07,0.0,N,0,,0,2024-10-07,paid,14566250.0,,-429698.0
INV-2407-0042,B040,IND,2024-07-09,LC_USANCE,90,USD,4850.0,4850.0,1383.39,6709442.0,2024-10-07,0.0,N,0,,0,2024-10-07,paid,6517188.0,,-192254.0
INV-2407-0043,B064,USA,2024-07-09,TT_ADV,0,USD,21070.0,21070.0,1383.39,29148027.0,2024-07-09,1.0,N,0,,,2024-06-22,paid,29248742.0,,100715.0
INV-2407-0044,B096,USA,2024-07-09,OA,90,USD,36720.0,36720.0,1383.39,50798081.0,2024-10-07,0.0,Y,1,QUALITY,,2024-10-07,paid,49342500.0,,-1455581.0
INV-2407-0045,B036,VNM,2024-07-10,TT_ADV,0,USD,30120.0,30120.0,1383.42,41668610.0,2024-07-10,1.0,N,0,,,2024-07-02,paid,41762886.0,,94276.0
INV-2407-0046,B138,CHN,2024-07-10,OA,90,CNY,38400.0,5277.77,190.14,7301376.0,2024-10-08,0.0,Y,0,,,2024-10-08,paid,7324032.0,,22656.0
INV-2407-0047,B070,POL,2024-07-11,OA,60,EUR,17140.0,18631.13,1490.11,25540485.0,2024-09-09,0.0,Y,0,,,2024-10-27,paid,25484866.0,,-55619.0
INV-2407-0048,B073,BRA,2024-07-11,TT_ADV,0,USD,2170.0,2170.0,1370.85,2974744.0,2024-07-11,1.0,N,0,,,2024-06-23,paid,3012329.0,,37585.0
INV-2407-0049,B074,MYS,2024-07-11,OA,30,USD,1510.0,1510.0,1370.85,2069983.0,2024-08-10,0.0,N,0,,,2024-08-06,paid,2079874.0,,9891.0
INV-2407-0050,B087,TWN,2024-07-11,TT_SPLIT_30_70,30,USD,20780.0,20780.0,1370.85,28486263.0,2024-08-10,0.3,Y,0,,,2024-08-07,paid,28660545.0,,174282.0
INV-2407-0051,B106,TUR,2024-07-11,LC_SIGHT,0,USD,19860.0,19860.0,1370.85,27225081.0,2024-07-18,0.0,N,0,,0,2024-07-18,paid,27483261.0,,258180.0
INV-2407-0052,B127,VNM,2024-07-11,OA,30,USD,28880.0,28880.0,1370.85,39590148.0,2024-08-10,0.0,N,0,,,2024-08-12,paid,39483201.0,,-106947.0
INV-2407-0053,B132,IDN,2024-07-11,OA,60,USD,24280.0,24280.0,1370.85,33284238.0,2024-09-09,0.0,Y,1,QUALITY,,2024-09-17,paid,32329589.0,,-954649.0
INV-2407-0054,B022,IDN,2024-07-12,OA,90,USD,4580.0,4580.0,1374.9,6297042.0,2024-10-10,0.0,Y,0,,,2024-10-07,paid,6154375.0,,-142667.0
INV-2407-0055,B041,TUR,2024-07-12,OA,30,USD,21860.0,21860.0,1374.9,30055314.0,2024-08-11,0.0,Y,0,,,2024-08-11,paid,29810701.0,,-244613.0
INV-2407-0056,B048,CHN,2024-07-12,OA,30,USD,15050.0,15050.0,1374.9,20692245.0,2024-08-11,0.0,Y,0,,,2024-07-29,paid,20798046.0,,105802.0
INV-2407-0057,B066,ARE,2024-07-12,DA,60,USD,35380.0,35380.0,1374.9,48643962.0,2024-09-10,0.0,Y,1,PRICE,,2024-08-30,paid,47267680.0,,-1376282.0
INV-2407-0058,B073,BRA,2024-07-12,OA,30,USD,23790.0,23790.0,1374.9,32708871.0,2024-08-11,0.0,N,0,,,2024-09-21,paid,32133947.0,,-574924.0
INV-2407-0059,B101,IND,2024-07-12,TT_ADV,0,USD,25120.0,25120.0,1374.9,34537488.0,2024-07-12,1.0,N,0,,,2024-06-14,paid,34639475.0,,101987.0
INV-2407-0060,B113,JPN,2024-07-12,OA,90,JPY,1806000.0,11439.05,8.7085,15727551.0,2024-10-10,0.0,Y,0,,,2024-10-10,paid,16420874.0,,693323.0
INV-2407-0061,B127,VNM,2024-07-12,DP,0,USD,8240.0,8240.0,1374.9,11329176.0,2024-07-26,0.0,N,0,,,2024-09-23,paid,10993149.0,,-336027.0
INV-2407-0062,B010,POL,2024-07-13,TT_ADV,0,EUR,5230.0,5701.76,1498.92,7839352.0,2024-07-13,1.0,N,0,,,2024-07-09,paid,7823348.0,,-16004.0
INV-2407-0063,B017,EGY,2024-07-13,OA,90,USD,5010.0,5010.0,1374.9,6888249.0,2024-10-11,0.0,N,0,,,2024-12-25,paid,7169596.0,,281347.0
INV-2407-0064,B101,IND,2024-07-13,DA,60,USD,48020.0,48020.0,1374.9,66022698.0,2024-09-11,0.0,Y,0,,,2024-09-11,paid,64375132.0,,-1647566.0
INV-2407-0065,B113,JPN,2024-07-13,OA,90,JPY,3305000.0,20933.59,8.7085,28781593.0,2024-10-11,0.0,Y,1,PRICE,,2024-10-10,paid,30050382.0,,1268789.0
INV-2407-0066,B126,GBR,2024-07-13,OA,60,USD,9280.0,9280.0,1374.9,12759072.0,2024-09-11,0.0,N,0,,,2024-09-16,paid,12255075.0,,-503997.0
INV-2407-0067,B018,NLD,2024-07-14,OA,30,EUR,24740.0,26971.62,1498.92,37083281.0,2024-08-13,0.0,Y,0,,,2024-08-13,paid,37053593.0,,-29688.0
INV-2407-0068,B033,VNM,2024-07-14,LC_SIGHT,0,USD,6790.0,6790.0,1374.9,9335571.0,2024-07-19,0.0,N,0,,0,2024-07-19,paid,9433279.0,,97708.0
INV-2407-0069,B063,CHN,2024-07-14,TT_ADV,0,CNY,35000.0,4827.81,189.65,6637750.0,2024-07-14,1.0,N,0,,,2024-07-06,paid,6645100.0,,7350.0
INV-2407-0070,B086,DEU,2024-07-14,OA,90,EUR,12260.0,13365.89,1498.92,18376759.0,2024-10-12,0.0,N,0,,,2024-10-03,paid,18036176.0,,-340583.0
INV-2407-0071,B144,TUR,2024-07-14,OA,60,USD,49750.0,49750.0,1374.9,68401275.0,2024-09-12,0.0,N,0,,,2024-10-09,paid,66605967.0,,-1795308.0
INV-2407-0072,B018,NLD,2024-07-15,OA,30,EUR,23760.0,25926.97,1509.1,35856216.0,2024-08-14,0.0,Y,0,,,2024-08-14,paid,35500766.0,,-355450.0
INV-2407-0073,B019,USA,2024-07-15,DA,90,USD,5130.0,5130.0,1382.97,7094636.0,2024-10-13,0.0,Y,0,,,2024-10-01,paid,6790991.0,,-303645.0
INV-2407-0074,B075,DEU,2024-07-15,OA,60,EUR,15320.0,16717.22,1509.1,23119412.0,2024-09-13,0.0,Y,0,,,2024-09-01,paid,22637138.0,,-482274.0
INV-2407-0075,B104,MEX,2024-07-15,TT_ADV,0,USD,2360.0,2360.0,1382.97,3263809.0,2024-07-15,1.0,N,0,,,2024-07-07,paid,3256493.0,,-7316.0
INV-2407-0076,B029,CHN,2024-07-16,OA,60,USD,34860.0,34860.0,1384.99,48280751.0,2024-09-14,0.0,Y,1,QUANTITY,,2024-09-16,paid,46035767.0,,-2244984.0
INV-2407-0077,B097,SAU,2024-07-16,OA,30,USD,30140.0,30140.0,1384.99,41743599.0,2024-08-15,0.0,Y,0,,,2024-08-14,paid,40850249.0,,-893350.0
INV-2407-0078,B028,JPN,2024-07-17,OA,90,JPY,1437000.0,9178.58,8.8184,12672041.0,2024-10-15,0.0,Y,0,,,2024-10-15,paid,13023557.0,,351516.0
INV-2407-0079,B033,VNM,2024-07-17,LC_SIGHT,0,USD,11990.0,11990.0,1380.61,16553514.0,2024-07-25,0.0,N,0,,0,2024-07-25,paid,16553034.0,,-480.0
INV-2407-0080,B100,THA,2024-07-17,TT_SPLIT_30_70,30,USD,9010.0,9010.0,1380.61,12439296.0,2024-08-16,0.3,Y,0,,,2024-08-05,paid,12365261.0,,-74035.0
INV-2407-0081,B139,DEU,2024-07-17,DA,90,EUR,19200.0,20991.35,1509.42,28980864.0,2024-10-15,0.0,Y,1,PRICE,,2024-10-11,paid,28376640.0,,-604224.0
INV-2407-0082,B018,NLD,2024-07-18,OA,30,EUR,7320.0,7988.34,1510.2,11054664.0,2024-08-17,0.0,Y,0,,,2024-08-17,paid,10901164.0,,-153500.0
INV-2407-0083,B028,JPN,2024-07-18,OA,90,JPY,3365000.0,21437.18,8.816,29665840.0,2024-10-16,0.0,Y,0,,,2024-10-16,paid,30706221.0,,1040381.0
INV-2407-0084,B049,ARE,2024-07-18,DA,90,USD,5760.0,5760.0,1383.85,7970976.0,2024-10-16,0.0,N,0,,,2024-10-23,paid,7958074.0,,-12902.0
INV-2407-0085,B110,USA,2024-07-18,OA,90,USD,36870.0,36870.0,1383.85,51022550.0,2024-10-16,0.0,Y,0,,,2024-11-12,paid,50610389.0,,-412161.0
INV-2407-0086,B140,USA,2024-07-18,OA,60,USD,4870.0,4870.0,1383.85,6739350.0,2024-09-16,0.0,Y,0,,,2024-09-12,paid,6532374.0,,-206976.0
INV-2407-0087,B144,TUR,2024-07-18,OA,60,USD,12040.0,12040.0,1383.85,16661554.0,2024-09-16,0.0,N,0,,,2024-10-09,paid,16206322.0,,-455232.0
INV-2407-0088,B148,ARE,2024-07-18,OA,60,USD,19600.0,19600.0,1383.85,27123460.0,2024-09-16,0.0,N,0,,,2024-09-09,paid,26306336.0,,-817124.0
INV-2407-0089,B009,CHN,2024-07-19,DA,90,CNY,90200.0,12407.86,191.11,17238122.0,2024-10-17,0.0,Y,0,,,2024-10-17,paid,17365304.0,,127182.0
INV-2407-0090,B036,VNM,2024-07-19,TT_ADV,0,USD,68610.0,68610.0,1389.29,95319187.0,2024-07-19,1.0,N,0,,,2024-07-16,paid,95024164.0,,-295023.0
INV-2407-0091,B053,DEU,2024-07-19,OA,60,EUR,6940.0,7556.28,1512.66,10497860.0,2024-09-17,0.0,N,0,,,2024-09-28,paid,10140659.0,,-357201.0
INV-2407-0092,B110,USA,2024-07-19,TT_ADV,0,USD,6780.0,6780.0,1389.29,9419386.0,2024-07-19,1.0,N,0,,,2024-06-30,paid,9333009.0,,-86377.0
INV-2407-0093,B132,IDN,2024-07-19,OA,60,USD,13920.0,13920.0,1389.29,19338917.0,2024-09-17,0.0,Y,1,QUALITY,,2024-09-28,paid,18299453.0,,-1039464.0
INV-2407-0094,B035,TWN,2024-07-20,TT_ADV,0,USD,6100.0,6100.0,1389.29,8474669.0,2024-07-20,1.0,N,0,,,2024-07-14,paid,8386890.0,,-87779.0
INV-2407-0095,B049,ARE,2024-07-20,DA,90,USD,12300.0,12300.0,1389.29,17088267.0,2024-10-18,0.0,N,0,,,2024-12-25,paid,17659832.0,,571566.0
INV-2407-0096,B114,JPN,2024-07-20,OA,90,JPY,646000.0,4104.71,8.8276,5702630.0,2024-10-18,0.0,N,0,,,2024-10-15,paid,5910060.0,,207430.0
INV-2407-0097,B148,ARE,2024-07-20,OA,60,USD,20060.0,20060.0,1389.29,27869157.0,2024-09-18,0.0,N,0,,,2024-09-13,paid,26664956.0,,-1204201.0
INV-2407-0098,B078,VNM,2024-07-21,TT_SPLIT_30_70,30,USD,8140.0,8140.0,1389.29,11308821.0,2024-08-20,0.3,N,0,,,2024-08-13,paid,11167388.0,,-141433.0
INV-2407-0099,B127,VNM,2024-07-21,DP,0,USD,31950.0,31950.0,1389.29,44387816.0,2024-08-02,0.0,N,0,,,2024-08-02,paid,43432191.0,,-955625.0
INV-2407-0100,B005,VNM,2024-07-22,OA,90,USD,7210.0,7210.0,1388.71,10012599.0,2024-10-20,0.0,Y,0,,,2024-10-15,paid,9842876.0,,-169723.0
INV-2407-0101,B080,JPN,2024-07-22,OA,60,JPY,588000.0,3743.32,8.8408,5198390.0,2024-09-20,0.0,Y,0,,,2024-09-20,paid,5449584.0,,251194.0
INV-2407-0102,B096,USA,2024-07-22,OA,90,USD,14180.0,14180.0,1388.71,19691908.0,2024-10-20,0.0,Y,0,,,2024-10-19,paid,19421637.0,,-270271.0
INV-2407-0103,B147,THA,2024-07-22,TT_ADV,0,USD,4580.0,4580.0,1388.71,6360292.0,2024-07-22,1.0,N,0,,,2024-07-15,paid,6334003.0,,-26289.0
INV-2407-0104,B028,JPN,2024-07-23,OA,90,JPY,1356000.0,8691.23,8.8821,12044128.0,2024-10-21,0.0,Y,0,,,2024-10-16,paid,12352211.0,,308083.0
INV-2407-0105,B129,CHN,2024-07-23,OA,30,USD,6340.0,6340.0,1385.78,8785845.0,2024-08-22,0.0,Y,0,,,2024-08-22,paid,8516078.0,,-269767.0
INV-2407-0106,B148,ARE,2024-07-23,OA,60,USD,18450.0,18450.0,1385.78,25567641.0,2024-09-21,0.0,N,0,,,2024-09-14,paid,24524847.0,,-1042794.0
INV-2407-0107,B040,IND,2024-07-24,LC_USANCE,90,USD,1460.0,1460.0,1379.4,2013924.0,2024-10-22,0.0,N,0,,0,2024-10-22,paid,2013661.0,,-263.0
INV-2407-0108,B086,DEU,2024-07-24,OA,90,EUR,6430.0,6978.47,1497.06,9626096.0,2024-10-22,0.0,N,0,,,2024-10-18,paid,9558967.0,,-67129.0
INV-2407-0109,B106,TUR,2024-07-24,LC_SIGHT,0,USD,10640.0,10640.0,1379.4,14676816.0,2024-07-30,0.0,N,0,,0,2024-07-30,paid,14736187.0,,59371.0
INV-2407-0110,B123,POL,2024-07-24,OA,60,EUR,4620.0,5014.08,1497.06,6916417.0,2024-09-22,0.0,Y,0,,,2024-09-22,paid,6875623.0,,-40794.0
INV-2407-0111,B054,NLD,2024-07-25,OA,30,EUR,5580.0,6060.45,1499.44,8366875.0,2024-08-24,0.0,Y,1,PRICE,,2024-09-07,paid,8262473.0,,-104402.0
INV-2407-0112,B073,BRA,2024-07-25,OA,30,USD,53420.0,53420.0,1380.57,73750049.0,2024-08-24,0.0,N,1,QUANTITY,,2024-10-14,paid,71393707.0,,-2356342.0
INV-2407-0113,B084,POL,2024-07-25,OA,90,EUR,13480.0,14640.66,1499.44,20212451.0,2024-10-23,0.0,N,0,,,2024-10-27,paid,20209195.0,,-3256.0
INV-2407-0114,B040,IND,2024-07-26,LC_USANCE,90,USD,6890.0,6890.0,1383.11,9529628.0,2024-10-24,0.0,N,0,,0,2024-10-24,paid,9522738.0,,-6890.0
INV-2407-0115,B058,MYS,2024-07-26,OA,30,USD,12830.0,12830.0,1383.11,17745301.0,2024-08-25,0.0,N,0,,,2024-08-25,paid,17032595.0,,-712706.0
INV-2407-0116,B087,TWN,2024-07-26,TT_SPLIT_30_70,30,USD,6470.0,6470.0,1383.11,8948722.0,2024-08-25,0.3,Y,0,,,2024-08-23,paid,8690847.0,,-257875.0
INV-2407-0117,B122,JPN,2024-07-26,DA,60,JPY,2501000.0,16255.03,8.9894,22482489.0,2024-09-24,0.0,N,0,,,2024-09-18,paid,23333330.0,,850841.0
INV-2407-0118,B127,VNM,2024-07-26,DP,0,USD,7420.0,7420.0,1383.11,10262676.0,2024-08-05,0.0,N,0,,,2024-08-05,paid,10148186.0,,-114490.0
INV-2407-0119,B140,USA,2024-07-26,OA,60,USD,40990.0,40990.0,1383.11,56693679.0,2024-09-24,0.0,Y,0,,,2024-09-22,paid,54666723.0,,-2026956.0
INV-2407-0120,B114,JPN,2024-07-27,OA,90,JPY,2572000.0,16716.48,8.9894,23120737.0,2024-10-25,0.0,N,0,,,2024-10-21,paid,23573666.0,,452929.0
INV-2407-0121,B117,CHN,2024-07-27,OA,30,USD,30860.0,30860.0,1383.11,42682775.0,2024-08-26,0.0,Y,0,,,2024-08-26,paid,40998436.0,,-1684339.0
INV-2407-0122,B127,VNM,2024-07-27,DP,0,USD,4340.0,4340.0,1383.11,6002697.0,2024-08-06,0.0,N,0,,,2024-08-06,paid,5977916.0,,-24781.0
INV-2407-0123,B007,NLD,2024-07-28,OA,90,EUR,4850.0,5266.62,1501.92,7284312.0,2024-10-26,0.0,Y,0,,,2024-10-26,paid,7285622.0,,1310.0
INV-2407-0124,B086,DEU,2024-07-28,OA,90,EUR,5670.0,6157.06,1501.92,8515886.0,2024-10-26,0.0,N,0,,,2024-10-18,paid,8429135.0,,-86751.0
INV-2407-0125,B086,DEU,2024-07-28,OA,90,EUR,22930.0,24899.7,1501.92,34439026.0,2024-10-26,0.0,N,0,,,2024-10-22,paid,34111538.0,,-327488.0
INV-2407-0126,B113,JPN,2024-07-28,OA,90,JPY,2928000.0,19030.27,8.9894,26320963.0,2024-10-26,0.0,Y,0,,,2024-10-26,paid,26746987.0,,426024.0
INV-2407-0127,B129,CHN,2024-07-28,OA,30,USD,3720.0,3720.0,1383.11,5145169.0,2024-08-27,0.0,Y,0,,,2024-08-27,paid,4950948.0,,-194221.0
INV-2407-0128,B142,IND,2024-07-28,OA,30,USD,8970.0,8970.0,1383.11,12406497.0,2024-08-27,0.0,Y,1,QUANTITY,,2024-08-08,paid,12351152.0,,-55345.0
INV-2407-0129,B030,TUR,2024-07-29,OA,60,USD,7220.0,7220.0,1381.93,9977535.0,2024-09-27,0.0,N,0,,,2024-09-23,paid,9632346.0,,-345189.0
INV-2407-0130,B046,USA,2024-07-29,OA,30,USD,45080.0,45080.0,1381.93,62297404.0,2024-08-28,0.0,N,1,QUANTITY,,2024-08-26,paid,59890132.0,,-2407272.0
INV-2407-0131,B052,VNM,2024-07-29,LC_SIGHT,0,USD,171910.0,171910.0,1381.93,237567586.0,2024-08-05,0.0,N,0,,0,2024-08-05,paid,235117869.0,,-2449717.0
INV-2407-0132,B126,GBR,2024-07-29,OA,60,USD,26250.0,26250.0,1381.93,36275662.0,2024-09-27,0.0,N,0,,,2024-11-28,paid,36517425.0,,241763.0
INV-2407-0133,B050,USA,2024-07-30,OA,60,USD,17270.0,17270.0,1384.98,23918605.0,2024-09-28,0.0,Y,0,,,2024-10-15,paid,23321197.0,,-597408.0
INV-2407-0134,B066,ARE,2024-07-30,TT_ADV,0,USD,27060.0,27060.0,1384.98,37477559.0,2024-07-30,1.0,N,0,,,2024-07-13,paid,37204794.0,,-272765.0
INV-2407-0135,B086,DEU,2024-07-30,OA,90,EUR,5260.0,5685.52,1497.02,7874325.0,2024-10-28,0.0,N,1,PRICE,,2024-10-27,paid,7901519.0,,27194.0
INV-2407-0136,B087,TWN,2024-07-30,TT_SPLIT_30_70,30,USD,8910.0,8910.0,1384.98,12340172.0,2024-08-29,0.3,Y,0,,,2024-08-25,paid,11955099.0,,-385073.0
INV-2407-0137,B116,GBR,2024-07-30,OA,60,USD,2990.0,2990.0,1384.98,4141090.0,2024-09-28,0.0,Y,0,,,2024-09-28,paid,3915196.0,,-225894.0
INV-2407-0138,B137,ARE,2024-07-30,TT_ADV,0,USD,62480.0,62480.0,1384.98,86533550.0,2024-07-30,1.0,N,0,,,2024-07-23,paid,86583534.0,,49984.0
INV-2407-0139,B148,ARE,2024-07-30,OA,60,USD,6630.0,6630.0,1384.98,9182417.0,2024-09-28,0.0,N,0,,,2024-09-28,paid,8681521.0,,-500896.0
INV-2407-0140,B018,NLD,2024-07-31,OA,30,EUR,8400.0,9091.3,1481.98,12448632.0,2024-08-30,0.0,Y,0,,,2024-08-24,paid,12462912.0,,14280.0
INV-2407-0141,B036,VNM,2024-07-31,TT_ADV,0,USD,19330.0,19330.0,1369.29,26468376.0,2024-07-31,1.0,N,0,,,2024-07-03,paid,26769150.0,,300774.0
INV-2407-0142,B084,POL,2024-07-31,OA,90,EUR,2710.0,2933.03,1481.98,4016166.0,2024-10-29,0.0,N,1,PRICE,,2024-11-25,paid,3978280.0,,-37886.0
INV-2407-0143,B095,EGY,2024-07-31,OA,30,USD,15790.0,15790.0,1369.29,21621089.0,2024-08-30,0.0,Y,1,QUANTITY,,2024-09-12,paid,21179916.0,,-441172.0
INV-2408-0001,B010,POL,2024-08-01,TT_ADV,0,EUR,9120.0,9839.54,1476.47,13465406.0,2024-08-01,1.0,N,0,,,2024-07-18,paid,13773024.0,,307618.0
INV-2408-0002,B011,IND,2024-08-01,LC_SIGHT,0,USD,6770.0,6770.0,1368.5,9264745.0,2024-08-11,0.0,N,0,,0,2024-08-11,paid,9232317.0,,-32428.0
INV-2408-0003,B014,USA,2024-08-01,LC_USANCE,90,USD,9890.0,9890.0,1368.5,13534465.0,2024-10-30,0.0,N,0,,0,2024-10-30,paid,13632475.0,,98010.0
INV-2408-0004,B030,TUR,2024-08-01,OA,60,USD,39630.0,39630.0,1368.5,54233655.0,2024-09-30,0.0,N,0,,,2024-09-28,paid,52692914.0,,-1540741.0
INV-2408-0005,B044,THA,2024-08-01,DA,90,USD,3280.0,3280.0,1368.5,4488680.0,2024-10-30,0.0,N,0,,,2024-10-26,paid,4556707.0,,68027.0
INV-2408-0006,B004,EGY,2024-08-02,LC_SIGHT,0,USD,12150.0,12150.0,1359.38,16516467.0,2024-08-12,0.0,N,0,,0,2024-08-12,paid,16643920.0,,127453.0
INV-2408-0007,B089,NGA,2024-08-02,LC_SIGHT,0,USD,4510.0,4510.0,1359.38,6130804.0,2024-08-07,0.0,N,0,,0,2024-08-07,paid,6201160.0,,70356.0
INV-2408-0008,B119,IND,2024-08-02,DA,90,USD,3080.0,3080.0,1359.38,4186890.0,2024-10-31,0.0,Y,1,QUALITY,,2024-10-31,paid,4242916.0,,56026.0
INV-2408-0009,B137,ARE,2024-08-02,TT_ADV,0,USD,26370.0,26370.0,1359.38,35846851.0,2024-08-02,1.0,N,0,,,2024-07-23,paid,36543019.0,,696168.0
INV-2408-0010,B139,DEU,2024-08-02,DA,90,EUR,4870.0,5315.13,1483.63,7225278.0,2024-10-31,0.0,Y,1,DOCS,,2024-10-31,paid,7282354.0,,57076.0
INV-2408-0011,B004,EGY,2024-08-03,LC_SIGHT,0,USD,13090.0,13090.0,1359.38,17794284.0,2024-08-11,0.0,N,0,,0,2024-08-11,paid,17850964.0,,56680.0
INV-2408-0012,B020,SAU,2024-08-03,TT_SPLIT_30_70,30,USD,2310.0,2310.0,1359.38,3140168.0,2024-09-02,0.3,Y,0,,,2024-09-02,paid,3122688.0,,-17480.0
INV-2408-0013,B036,VNM,2024-08-03,TT_ADV,0,USD,12000.0,12000.0,1359.38,16312560.0,2024-08-03,1.0,N,0,,,2024-07-23,paid,16629360.0,,316800.0
INV-2408-0014,B132,IDN,2024-08-03,OA,60,USD,13870.0,13870.0,1359.38,18854601.0,2024-10-02,0.0,Y,0,,,2024-10-28,paid,18745830.0,,-108770.0
INV-2408-0015,B041,TUR,2024-08-04,OA,30,USD,21690.0,21690.0,1359.38,29484952.0,2024-09-03,0.0,Y,0,,,2024-08-22,paid,29134659.0,,-350293.0
INV-2408-0016,B049,ARE,2024-08-04,DA,90,USD,3290.0,3290.0,1359.38,4472360.0,2024-11-02,0.0,N,1,QUALITY,,2024-12-25,paid,4794714.0,,322354.0
INV-2408-0017,B109,VNM,2024-08-04,OA,30,USD,5500.0,5500.0,1359.38,7476590.0,2024-09-03,0.0,Y,1,QUANTITY,,2024-09-03,paid,7368845.0,,-107745.0
INV-2408-0018,B144,TUR,2024-08-04,OA,60,USD,4630.0,4630.0,1359.38,6293929.0,2024-10-03,0.0,N,0,,,2024-10-09,paid,6232165.0,,-61764.0
INV-2408-0019,B041,TUR,2024-08-05,OA,30,USD,8670.0,8670.0,1367.68,11857786.0,2024-09-04,0.0,Y,0,,,2024-08-28,paid,11575750.0,,-282036.0
INV-2408-0020,B144,TUR,2024-08-05,OA,60,USD,23190.0,23190.0,1367.68,31716499.0,2024-10-04,0.0,N,0,,,2024-10-11,paid,31233561.0,,-482938.0
INV-2408-0021,B018,NLD,2024-08-06,OA,30,EUR,2550.0,2786.14,1504.95,3837622.0,2024-09-05,0.0,Y,0,,,2024-09-05,paid,3777748.0,,-59874.0
INV-2408-0022,B026,THA,2024-08-06,OA,60,USD,5920.0,5920.0,1377.4,8154208.0,2024-10-05,0.0,Y,1,PRICE,,2024-10-05,paid,7984541.0,,-169667.0
INV-2408-0023,B013,CHN,2024-08-07,OA,30,USD,22620.0,22620.0,1374.98,31102048.0,2024-09-06,0.0,N,0,,,2024-09-11,paid,30324146.0,,-777902.0
INV-2408-0024,B066,ARE,2024-08-07,DA,60,USD,5730.0,5730.0,1374.98,7878635.0,2024-10-06,0.0,Y,0,,,2024-09-29,paid,7503034.0,,-375601.0
INV-2408-0025,B077,VNM,2024-08-08,DP,0,USD,13360.0,13360.0,1376.94,18395918.0,2024-08-18,0.0,N,0,,,2024-08-18,paid,18093982.0,,-301936.0
INV-2408-0026,B148,ARE,2024-08-08,OA,60,USD,17060.0,17060.0,1376.94,23490596.0,2024-10-07,0.0,N,0,,,2024-11-20,paid,23846631.0,,356035.0
INV-2408-0027,B033,VNM,2024-08-09,LC_SIGHT,0,USD,8730.0,8730.0,1363.71,11905188.0,2024-08-15,0.0,N,0,,0,2024-08-15,paid,11900823.0,,-4365.0
INV-2408-0028,B036,VNM,2024-08-09,TT_SPLIT_30_70,30,USD,2500.0,2500.0,1363.71,3409275.0,2024-09-08,0.3,N,0,,,2024-09-05,paid,3374060.0,,-35215.0
INV-2408-0029,B047,MEX,2024-08-09,OA,90,USD,7850.0,7850.0,1363.71,10705124.0,2024-11-07,0.0,Y,1,QUANTITY,,2024-10-28,paid,10876724.0,,171600.0
INV-2408-0030,B101,IND,2024-08-09,DA,60,USD,8750.0,8750.0,1363.71,11932462.0,2024-10-08,0.0,Y,0,,,2024-10-08,paid,11781788.0,,-150674.0
INV-2408-0031,B110,USA,2024-08-09,OA,90,USD,8620.0,8620.0,1363.71,11755180.0,2024-11-07,0.0,Y,0,,,2025-01-27,paid,12327933.0,,572753.0
INV-2408-0032,B111,TWN,2024-08-09,DA,90,USD,17190.0,17190.0,1363.71,23442175.0,2024-11-07,0.0,N,0,,,2024-11-07,paid,23802305.0,,360130.0
INV-2408-0033,B132,IDN,2024-08-09,OA,60,USD,5880.0,5880.0,1363.71,8018615.0,2024-10-08,0.0,Y,1,PRICE,,2024-10-28,paid,8147152.0,,128537.0
INV-2408-0034,B144,TUR,2024-08-09,OA,60,USD,3440.0,3440.0,1363.71,4691162.0,2024-10-08,0.0,N,1,DOCS,,2024-10-12,paid,4646442.0,,-44720.0
INV-2408-0035,B086,DEU,2024-08-10,OA,90,EUR,4710.0,5145.66,1489.85,7017194.0,2024-11-08,0.0,N,0,,,2024-10-29,paid,7029675.0,,12481.0
INV-2408-0036,B113,JPN,2024-08-10,OA,90,JPY,1137000.0,7761.59,9.3092,10584560.0,2024-11-08,0.0,Y,0,,,2024-11-04,paid,10285302.0,,-299258.0
INV-2408-0037,B135,TUR,2024-08-10,OA,30,USD,13150.0,13150.0,1363.71,17932786.0,2024-09-09,0.0,Y,0,,,2024-09-03,paid,17618238.0,,-314548.0
INV-2408-0038,B146,BRA,2024-08-10,OA,60,USD,23230.0,23230.0,1363.71,31678983.0,2024-10-09,0.0,N,0,,,2024-10-09,paid,31268509.0,,-410474.0
INV-2408-0039,B112,MEX,2024-08-11,TT_SPLIT_30_70,30,USD,2440.0,2440.0,1363.71,3327452.0,2024-09-10,0.3,N,0,,,2024-09-09,paid,3304846.0,,-22606.0
INV-2408-0040,B061,IND,2024-08-12,DA,60,USD,5730.0,5730.0,1369.87,7849355.0,2024-10-11,0.0,N,1,DOCS,,2024-10-04,paid,7728280.0,,-121075.0
INV-2408-0041,B064,USA,2024-08-12,TT_SPLIT_30_70,30,USD,16330.0,16330.0,1369.87,22369977.0,2024-09-11,0.3,Y,0,,,2024-09-11,paid,22100140.0,,-269837.0
INV-2408-0042,B140,USA,2024-08-12,TT_SPLIT_30_70,30,USD,28020.0,28020.0,1369.87,38383757.0,2024-09-11,0.3,Y,0,,,2024-09-06,paid,37756109.0,,-627648.0
INV-2408-0043,B110,USA,2024-08-13,TT_ADV,0,USD,18060.0,18060.0,1367.28,24693077.0,2024-08-13,1.0,N,0,,,2024-08-06,paid,24875844.0,,182767.0
INV-2408-0044,B135,TUR,2024-08-13,OA,30,USD,11030.0,11030.0,1367.28,15081098.0,2024-09-12,0.0,Y,0,,,2024-09-07,paid,14732550.0,,-348548.0
INV-2408-0045,B061,IND,2024-08-14,DA,60,USD,35320.0,35320.0,1355.35,47870962.0,2024-10-13,0.0,N,1,PRICE,,2024-10-06,paid,47637497.0,,-233465.0
INV-2408-0046,B096,USA,2024-08-14,TT_SPLIT_30_70,30,USD,19540.0,19540.0,1355.35,26483539.0,2024-09-13,0.3,Y,0,,,2024-09-13,paid,26293747.0,,-189792.0
INV-2408-0047,B061,IND,2024-08-15,DA,60,USD,10830.0,10830.0,1363.21,14763564.0,2024-10-14,0.0,N,0,,,2024-10-08,paid,14582487.0,,-181077.0
INV-2408-0048,B106,TUR,2024-08-15,TT_SPLIT_30_70,30,USD,30570.0,30570.0,1363.21,41673330.0,2024-09-14,0.3,N,0,,,2024-09-14,paid,41095312.0,,-578018.0
INV-2408-0049,B122,JPN,2024-08-15,DA,60,JPY,323000.0,2169.1,9.1546,2956936.0,2024-10-14,0.0,N,0,,,2024-10-14,paid,2930180.0,,-26756.0
INV-2408-0050,B122,JPN,2024-08-15,DA,60,JPY,169000.0,1134.91,9.1546,1547127.0,2024-10-14,0.0,N,0,,,2024-10-14,paid,1530785.0,,-16342.0
INV-2408-0051,B140,USA,2024-08-15,OA,60,USD,52470.0,52470.0,1363.21,71527629.0,2024-10-14,0.0,Y,1,QUALITY,,2024-10-08,paid,70650330.0,,-877299.0
INV-2408-0052,B022,IDN,2024-08-16,OA,90,USD,11450.0,11450.0,1354.34,15507193.0,2024-11-14,0.0,Y,0,,,2024-11-14,paid,16061716.0,,554524.0
INV-2408-0053,B001,NLD,2024-08-17,TT_SPLIT_30_70,30,EUR,5160.0,5673.93,1489.23,7684427.0,2024-09-16,0.3,N,0,,,2024-09-21,paid,7667528.0,,-16899.0
INV-2408-0054,B003,IDN,2024-08-17,DA,90,USD,12080.0,12080.0,1354.34,16360427.0,2024-11-15,0.0,N,0,,,2024-11-15,paid,16880834.0,,520407.0
INV-2408-0055,B107,DEU,2024-08-17,OA,60,EUR,3240.0,3562.7,1489.23,4825105.0,2024-10-16,0.0,Y,0,,,2024-10-15,paid,4820796.0,,-4309.0
INV-2408-0056,B113,JPN,2024-08-18,OA,90,JPY,3448000.0,23276.81,9.1429,31524719.0,2024-11-16,0.0,Y,0,,,2024-11-16,paid,31168196.0,,-356523.0
INV-2408-0057,B146,BRA,2024-08-19,OA,60,USD,3800.0,3800.0,1334.21,5069998.0,2024-10-18,0.0,N,1,DOCS,,2024-10-26,paid,5279112.0,,209114.0
INV-2408-0058,B003,IDN,2024-08-20,DA,90,USD,540.0,540.0,1331.78,719161.0,2024-11-18,0.0,N,0,,,2024-11-15,paid,754607.0,,35446.0
INV-2408-0059,B014,USA,2024-08-20,LC_USANCE,90,USD,35510.0,35510.0,1331.78,47291508.0,2024-11-18,0.0,N,0,,0,2024-11-18,paid,49510883.0,,2219375.0
INV-2408-0060,B058,MYS,2024-08-20,TT_ADV,0,USD,13900.0,13900.0,1331.78,18511742.0,2024-08-20,1.0,N,0,,,2024-08-10,paid,18955569.0,,443827.0
INV-2408-0061,B087,TWN,2024-08-20,TT_SPLIT_30_70,30,USD,36800.0,36800.0,1331.78,49009504.0,2024-09-19,0.3,Y,0,,,2024-09-09,paid,49581597.0,,572093.0
INV-2408-0062,B044,THA,2024-08-21,DA,90,USD,2770.0,2770.0,1333.74,3694460.0,2024-11-19,0.0,N,0,,,2024-11-19,paid,3858139.0,,163679.0
INV-2408-0063,B064,USA,2024-08-21,TT_SPLIT_30_70,30,USD,7190.0,7190.0,1333.74,9589591.0,2024-09-20,0.3,Y,0,,,2024-09-20,paid,9667120.0,,77529.0
INV-2408-0064,B127,VNM,2024-08-21,DP,0,USD,7200.0,7200.0,1333.74,9602928.0,2024-09-02,0.0,N,0,,,2024-09-02,paid,9619200.0,,16272.0
INV-2408-0065,B137,ARE,2024-08-21,TT_SPLIT_30_70,30,USD,5660.0,5660.0,1333.74,7548968.0,2024-09-20,0.3,N,0,,,2024-09-15,paid,7624558.0,,75590.0
INV-2408-0066,B140,USA,2024-08-21,OA,60,USD,38820.0,38820.0,1333.74,51775787.0,2024-10-20,0.0,Y,0,,,2024-10-17,paid,53225326.0,,1449539.0
INV-2408-0067,B144,TUR,2024-08-21,OA,60,USD,5000.0,5000.0,1333.74,6668700.0,2024-10-20,0.0,N,0,,,2024-10-14,paid,6753550.0,,84850.0
INV-2408-0068,B002,CHN,2024-08-22,TT_ADV,0,USD,1190.0,1190.0,1343.23,1598444.0,2024-08-22,1.0,N,0,,,2024-08-10,paid,1622815.0,,24371.0
INV-2408-0069,B010,POL,2024-08-22,TT_ADV,0,EUR,5460.0,6068.26,1492.87,8151070.0,2024-08-22,1.0,N,0,,,2024-08-16,paid,8131196.0,,-19874.0
INV-2408-0070,B018,NLD,2024-08-22,OA,30,EUR,9090.0,10102.65,1492.87,13570188.0,2024-09-21,0.0,Y,0,,,2024-09-21,paid,13528011.0,,-42177.0
INV-2408-0071,B087,TWN,2024-08-22,TT_SPLIT_30_70,30,USD,15000.0,15000.0,1343.23,20148450.0,2024-09-21,0.3,Y,0,,,2024-09-11,paid,20300190.0,,151740.0
INV-2408-0072,B050,USA,2024-08-23,TT_ADV,0,USD,12000.0,12000.0,1327.56,15930720.0,2024-08-23,1.0,N,0,,,2024-08-12,paid,16438440.0,,507720.0
INV-2408-0073,B140,USA,2024-08-23,OA,60,USD,11160.0,11160.0,1327.56,14815570.0,2024-10-22,0.0,Y,0,,,2024-10-20,paid,15288025.0,,472455.0
INV-2408-0074,B144,TUR,2024-08-23,OA,60,USD,12630.0,12630.0,1327.56,16767083.0,2024-10-22,0.0,N,0,,,2024-10-19,paid,17298680.0,,531596.0
INV-2408-0075,B086,DEU,2024-08-24,OA,90,EUR,10740.0,12003.02,1483.68,15934723.0,2024-11-22,0.0,N,0,,,2024-11-22,paid,15697262.0,,-237461.0
INV-2408-0076,B139,DEU,2024-08-24,DA,90,EUR,20680.0,23111.95,1483.68,30682502.0,2024-11-22,0.0,Y,0,,,2024-11-18,paid,30523266.0,,-159236.0
INV-2408-0077,B087,TWN,2024-08-25,TT_SPLIT_30_70,30,USD,18310.0,18310.0,1327.56,24307624.0,2024-09-24,0.3,Y,0,,,2024-09-17,paid,24603575.0,,295951.0
INV-2408-0078,B089,NGA,2024-08-25,LC_SIGHT,0,USD,6400.0,6400.0,1327.56,8496384.0,2024-09-01,0.0,N,0,,0,2024-09-01,paid,8550400.0,,54016.0
INV-2408-0079,B095,EGY,2024-08-25,TT_ADV,0,USD,2270.0,2270.0,1327.56,3013561.0,2024-08-25,1.0,N,0,,,2024-07-31,paid,3108288.0,,94727.0
INV-2408-0080,B101,IND,2024-08-25,DA,60,USD,52320.0,52320.0,1327.56,69457939.0,2024-10-24,0.0,Y,0,,,2024-10-24,paid,72311995.0,,2854056.0
INV-2408-0081,B105,JPN,2024-08-25,OA,60,JPY,1207000.0,8332.15,9.1644,11061431.0,2024-10-24,0.0,Y,0,,,2024-10-24,paid,10984424.0,,-77007.0
INV-2408-0082,B106,TUR,2024-08-25,LC_SIGHT,0,USD,17890.0,17890.0,1327.56,23750048.0,2024-09-02,0.0,N,0,,0,2024-09-02,paid,23901040.0,,150992.0
INV-2408-0083,B119,IND,2024-08-25,OA,30,USD,27190.0,27190.0,1327.56,36096356.0,2024-09-24,0.0,Y,0,,,2024-09-20,paid,36262215.0,,165859.0
INV-2408-0084,B120,JPN,2024-08-25,OA,60,JPY,159000.0,1097.61,9.1644,1457140.0,2024-10-24,0.0,N,0,,,2024-10-18,paid,1455899.0,,-1241.0
INV-2408-0085,B015,TWN,2024-08-26,DA,90,USD,11700.0,11700.0,1328.53,15543801.0,2024-11-24,0.0,N,0,,,2025-01-14,paid,16827951.0,,1284150.0
INV-2408-0086,B047,MEX,2024-08-26,OA,90,USD,2530.0,2530.0,1328.53,3361181.0,2024-11-24,0.0,Y,0,,,2024-11-12,paid,3562948.0,,201767.0
INV-2408-0087,B096,USA,2024-08-26,OA,90,USD,24130.0,24130.0,1328.53,32057429.0,2024-11-24,0.0,Y,0,,,2024-11-24,paid,33914474.0,,1857045.0
INV-2408-0088,B115,CHN,2024-08-26,OA,60,CNY,106900.0,15011.53,186.56,19943264.0,2024-10-25,0.0,Y,0,,,2024-10-27,paid,20858328.0,,915064.0
INV-2408-0089,B129,CHN,2024-08-26,OA,30,USD,7840.0,7840.0,1328.53,10415675.0,2024-09-25,0.0,Y,0,,,2024-11-23,paid,10960704.0,,545029.0
INV-2408-0090,B148,ARE,2024-08-26,OA,60,USD,13880.0,13880.0,1328.53,18439996.0,2024-10-25,0.0,N,0,,,2024-11-20,paid,19425199.0,,985203.0
INV-2408-0091,B023,IDN,2024-08-27,DA,90,USD,5370.0,5370.0,1330.9,7146933.0,2024-11-25,0.0,Y,0,,,2024-11-25,paid,7523531.0,,376598.0
INV-2408-0092,B063,CHN,2024-08-27,TT_ADV,0,CNY,22900.0,3214.33,186.81,4277949.0,2024-08-27,1.0,N,0,,,2024-07-31,paid,4343443.0,,65494.0
INV-2408-0093,B070,POL,2024-08-27,TT_ADV,0,EUR,14180.0,15824.83,1485.28,21061270.0,2024-08-27,1.0,N,0,,,2024-08-23,paid,21038582.0,,-22688.0
INV-2408-0094,B084,POL,2024-08-27,OA,90,EUR,14180.0,15824.83,1485.28,21061270.0,2024-11-25,0.0,N,0,,,2024-12-26,paid,20952665.0,,-108605.0
INV-2408-0095,B086,DEU,2024-08-27,OA,90,EUR,14330.0,15992.23,1485.28,21284062.0,2024-11-25,0.0,N,0,,,2024-11-26,paid,20997453.0,,-286609.0
INV-2408-0096,B097,SAU,2024-08-27,OA,30,USD,10600.0,10600.0,1330.9,14107540.0,2024-09-26,0.0,Y,1,PRICE,,2024-09-19,paid,14088248.0,,-19292.0
INV-2408-0097,B010,POL,2024-08-28,TT_ADV,0,EUR,14290.0,15900.47,1485.62,21229510.0,2024-08-28,1.0,N,0,,,2024-08-10,paid,21289956.0,,60446.0
INV-2408-0098,B022,IDN,2024-08-28,TT_SPLIT_30_70,30,USD,40570.0,40570.0,1335.15,54167036.0,2024-09-27,0.3,Y,0,,,2024-09-27,paid,53832536.0,,-334500.0
INV-2408-0099,B106,TUR,2024-08-28,LC_SIGHT,0,USD,51510.0,51510.0,1335.15,68773576.0,2024-09-07,0.0,N,0,,0,2024-09-07,paid,68800877.0,,27301.0
INV-2408-0100,B143,MYS,2024-08-28,OA,30,USD,5670.0,5670.0,1335.15,7570301.0,2024-09-27,0.0,Y,1,DOCS,,2024-09-23,paid,7564460.0,,-5841.0
INV-2408-0101,B004,EGY,2024-08-29,LC_SIGHT,0,USD,2200.0,2200.0,1332.02,2930444.0,2024-09-06,0.0,N,0,,0,2024-09-06,paid,2938496.0,,8052.0
INV-2408-0102,B030,TUR,2024-08-29,OA,60,USD,21420.0,21420.0,1332.02,28531868.0,2024-10-28,0.0,N,0,,,2024-10-23,paid,29594086.0,,1062218.0
INV-2408-0103,B041,TUR,2024-08-29,OA,30,USD,4630.0,4630.0,1332.02,6167253.0,2024-09-28,0.0,Y,0,,,2024-09-28,paid,6062661.0,,-104592.0
INV-2408-0104,B092,POL,2024-08-29,TT_SPLIT_30_70,30,EUR,3490.0,3869.02,1476.68,5153613.0,2024-09-28,0.3,N,0,,,2024-09-23,paid,5186786.0,,33173.0
INV-2408-0105,B132,IDN,2024-08-29,OA,60,USD,7680.0,7680.0,1332.02,10229914.0,2024-10-28,0.0,Y,0,,,2024-10-28,paid,10641178.0,,411264.0
INV-2408-0106,B137,ARE,2024-08-29,TT_ADV,0,USD,3240.0,3240.0,1332.02,4315745.0,2024-08-29,1.0,N,0,,,2024-08-16,paid,4388062.0,,72317.0
INV-2408-0107,B140,USA,2024-08-29,TT_ADV,0,USD,69890.0,69890.0,1332.02,93094878.0,2024-08-29,1.0,N,0,,,2024-08-03,paid,95007068.0,,1912190.0
INV-2408-0108,B017,EGY,2024-08-30,OA,90,USD,1990.0,1990.0,1336.0,2658640.0,2024-11-28,0.0,N,0,,,2024-12-25,paid,2900146.0,,241506.0
INV-2408-0109,B028,JPN,2024-08-30,OA,90,JPY,2534000.0,17362.07,9.1538,23195729.0,2024-11-28,0.0,Y,0,,,2024-11-21,paid,22954492.0,,-241237.0
INV-2408-0110,B050,USA,2024-08-30,OA,60,USD,7580.0,7580.0,1336.0,10126880.0,2024-10-29,0.0,Y,0,,,2024-10-24,paid,10476394.0,,349514.0
INV-2408-0111,B054,NLD,2024-08-30,OA,30,EUR,23510.0,26002.13,1477.62,34738846.0,2024-09-29,0.0,Y,0,,,2024-09-25,paid,34975827.0,,236981.0
INV-2408-0112,B087,TWN,2024-08-30,TT_SPLIT_30_70,30,USD,3740.0,3740.0,1336.0,4996640.0,2024-09-29,0.3,Y,0,,,2024-09-29,paid,4958170.0,,-38470.0
INV-2408-0113,B127,VNM,2024-08-30,DP,0,USD,41210.0,41210.0,1336.0,55056560.0,2024-09-10,0.0,N,0,,,2024-09-10,paid,55361926.0,,305366.0
INV-2408-0114,B009,CHN,2024-08-31,DA,90,CNY,25500.0,3596.53,188.43,4804965.0,2024-11-29,0.0,Y,0,,,2024-11-29,paid,4918695.0,,113730.0
INV-2408-0115,B086,DEU,2024-08-31,OA,90,EUR,16090.0,17795.59,1477.62,23774906.0,2024-11-29,0.0,N,1,PRICE,,2024-12-03,paid,23768030.0,,-6876.0
INV-2408-0116,B111,TWN,2024-08-31,DA,90,USD,3260.0,3260.0,1336.0,4355360.0,2024-11-29,0.0,N,0,,,2024-11-29,paid,4554187.0,,198827.0
INV-2409-0001,B022,IDN,2024-09-01,TT_ADV,0,USD,4760.0,4760.0,1336.0,6359360.0,2024-09-01,1.0,N,0,,,2024-08-10,paid,6491260.0,,131900.0
INV-2409-0002,B027,VNM,2024-09-01,TT_ADV,0,USD,5890.0,5890.0,1336.0,7869040.0,2024-09-01,1.0,N,0,,,2024-08-27,paid,7839001.0,,-30039.0
INV-2409-0003,B052,VNM,2024-09-01,LC_SIGHT,0,USD,29940.0,29940.0,1336.0,39999840.0,2024-09-10,0.0,N,0,,0,2024-09-10,paid,40221695.0,,221855.0
INV-2409-0004,B076,POL,2024-09-01,OA,60,EUR,9950.0,11004.73,1477.62,14702319.0,2024-10-31,0.0,Y,0,,,2024-10-27,paid,14946790.0,,244472.0
INV-2409-0005,B080,JPN,2024-09-01,OA,60,JPY,387000.0,2651.59,9.1538,3542521.0,2024-10-31,0.0,Y,0,,,2024-10-31,paid,3499293.0,,-43228.0
INV-2409-0006,B096,USA,2024-09-01,TT_SPLIT_30_70,30,USD,3410.0,3410.0,1336.0,4555760.0,2024-10-01,0.3,Y,0,,,2024-09-29,paid,4499734.0,,-56026.0
INV-2409-0007,B096,USA,2024-09-01,OA,90,USD,18980.0,18980.0,1336.0,25357280.0,2024-11-30,0.0,Y,0,,,2024-11-30,paid,26555415.0,,1198135.0
INV-2409-0008,B101,IND,2024-09-01,DA,60,USD,13250.0,13250.0,1336.0,17702000.0,2024-10-31,0.0,Y,0,,,2024-10-28,paid,18358802.0,,656802.0
INV-2409-0009,B137,ARE,2024-09-01,OA,90,USD,3050.0,3050.0,1336.0,4074800.0,2024-11-30,0.0,N,0,,,2024-12-08,paid,4338320.0,,263520.0
INV-2409-0010,B140,USA,2024-09-01,OA,60,USD,40730.0,40730.0,1336.0,54415280.0,2024-10-31,0.0,Y,0,,,2024-10-22,paid,55892646.0,,1477366.0
INV-2409-0011,B066,ARE,2024-09-02,DA,60,USD,12790.0,12790.0,1336.0,17087440.0,2024-11-01,0.0,Y,0,,,2024-11-01,paid,17611190.0,,523750.0
INV-2409-0012,B087,TWN,2024-09-02,TT_ADV,0,USD,27710.0,27710.0,1336.0,37020560.0,2024-09-02,1.0,N,0,,,2024-08-23,paid,36786688.0,,-233872.0
INV-2409-0013,B001,NLD,2024-09-03,OA,90,EUR,20220.0,22328.94,1479.53,29916097.0,2024-12-02,0.0,N,0,,,2024-11-21,paid,29673861.0,,-242236.0
INV-2409-0014,B041,TUR,2024-09-03,OA,30,USD,16910.0,16910.0,1339.79,22655849.0,2024-10-03,0.0,Y,0,,,2024-10-03,paid,22584658.0,,-71191.0
INV-2409-0015,B087,TWN,2024-09-03,TT_ADV,0,USD,7020.0,7020.0,1339.79,9405326.0,2024-09-03,1.0,N,0,,,2024-08-21,paid,9362855.0,,-42471.0
INV-2409-0016,B117,CHN,2024-09-03,OA,30,USD,7550.0,7550.0,1339.79,10115414.0,2024-10-03,0.0,Y,1,PRICE,,2024-11-10,paid,10545010.0,,429596.0
INV-2409-0017,B086,DEU,2024-09-04,OA,90,EUR,4890.0,5418.6,1481.45,7244290.0,2024-12-03,0.0,N,0,,,2024-12-03,paid,7343753.0,,99463.0
INV-2409-0018,B111,TWN,2024-09-04,DA,90,USD,6600.0,6600.0,1336.93,8823738.0,2024-12-03,0.0,N,0,,,2024-12-02,paid,9280458.0,,456720.0
INV-2409-0019,B123,POL,2024-09-04,OA,60,EUR,6570.0,7280.21,1481.45,9733126.0,2024-11-03,0.0,Y,0,,,2024-10-28,paid,9848758.0,,115632.0
INV-2409-0020,B132,IDN,2024-09-04,OA,60,USD,45990.0,45990.0,1336.93,61485411.0,2024-11-03,0.0,Y,0,,,2024-12-24,paid,64059159.0,,2573748.0
INV-2409-0021,B086,DEU,2024-09-05,OA,90,EUR,13170.0,14613.42,1481.47,19510960.0,2024-12-04,0.0,N,0,,,2024-12-08,paid,19784971.0,,274011.0
INV-2409-0022,B003,IDN,2024-09-06,DA,90,USD,7010.0,7010.0,1335.68,9363117.0,2024-12-05,0.0,N,0,,,2024-11-28,paid,9751891.0,,388774.0
INV-2409-0023,B010,POL,2024-09-06,OA,30,EUR,8920.0,9888.68,1480.73,13208112.0,2024-10-06,0.0,N,0,,,2024-10-05,paid,13186882.0,,-21230.0
INV-2409-0024,B036,VNM,2024-09-06,TT_ADV,0,USD,7970.0,7970.0,1335.68,10645370.0,2024-09-06,1.0,N,0,,,2024-08-16,paid,10794090.0,,148720.0
INV-2409-0025,B064,USA,2024-09-06,TT_SPLIT_30_70,30,USD,3920.0,3920.0,1335.68,5235866.0,2024-10-06,0.3,Y,0,,,2024-10-05,paid,5294834.0,,58968.0
INV-2409-0026,B106,TUR,2024-09-06,LC_SIGHT,0,USD,10090.0,10090.0,1335.68,13477011.0,2024-09-12,0.0,N,0,,0,2024-09-12,paid,13534222.0,,57210.0
INV-2409-0027,B077,VNM,2024-09-07,DP,0,USD,3310.0,3310.0,1335.68,4421101.0,2024-09-22,0.0,N,0,,,2024-09-22,paid,4414415.0,,-6686.0
INV-2409-0028,B077,VNM,2024-09-07,TT_ADV,0,USD,8700.0,8700.0,1335.68,11620416.0,2024-09-07,1.0,N,0,,,2024-08-25,paid,11549772.0,,-70644.0
INV-2409-0029,B080,JPN,2024-09-07,OA,60,JPY,672000.0,4728.07,9.3976,6315187.0,2024-11-06,0.0,Y,1,DOCS,,2024-12-01,paid,6241469.0,,-73718.0
INV-2409-0030,B120,JPN,2024-09-07,OA,60,JPY,1533000.0,10785.91,9.3976,14406521.0,2024-11-06,0.0,N,0,,,2024-11-01,paid,13801906.0,,-604615.0
INV-2409-0031,B131,NGA,2024-09-07,LC_SIGHT,0,USD,22280.0,22280.0,1335.68,29758950.0,2024-09-13,0.0,N,0,,0,2024-09-13,paid,29615913.0,,-143037.0
INV-2409-0032,B139,DEU,2024-09-07,DA,90,EUR,3360.0,3724.88,1480.73,4975253.0,2024-12-06,0.0,Y,0,,,2024-12-06,paid,5048333.0,,73080.0
INV-2409-0033,B053,DEU,2024-09-08,TT_ADV,0,EUR,92920.0,103010.77,1480.73,137589432.0,2024-09-08,1.0,N,0,,,2024-08-22,paid,138717480.0,,1128048.0
INV-2409-0034,B064,USA,2024-09-08,TT_SPLIT_30_70,30,USD,40410.0,40410.0,1335.68,53974829.0,2024-10-08,0.3,Y,0,,,2024-10-08,paid,54620419.0,,645590.0
INV-2409-0035,B086,DEU,2024-09-08,OA,90,EUR,5060.0,5609.5,1480.73,7492494.0,2024-12-07,0.0,N,0,,,2024-12-21,paid,7610932.0,,118438.0
INV-2409-0036,B117,CHN,2024-09-08,OA,30,USD,5040.0,5040.0,1335.68,6731827.0,2024-10-08,0.0,Y,0,,,2024-11-11,paid,7039318.0,,307491.0
INV-2409-0037,B135,TUR,2024-09-08,OA,30,USD,15660.0,15660.0,1335.68,20916749.0,2024-10-08,0.0,Y,1,QUALITY,,2024-10-10,paid,21153058.0,,236309.0
INV-2409-0038,B046,USA,2024-09-09,OA,30,USD,60700.0,60700.0,1342.16,81469112.0,2024-10-09,0.0,N,0,,,2024-10-06,paid,81868518.0,,399406.0
INV-2409-0039,B096,USA,2024-09-09,OA,90,USD,4770.0,4770.0,1342.16,6402103.0,2024-12-08,0.0,Y,0,,,2024-11-30,paid,6663642.0,,261539.0
INV-2409-0040,B047,MEX,2024-09-10,OA,90,USD,14270.0,14270.0,1343.41,19170461.0,2024-12-09,0.0,Y,0,,,2024-12-09,paid,20406814.0,,1236352.0
INV-2409-0041,B050,USA,2024-09-10,OA,60,USD,14670.0,14670.0,1343.41,19707825.0,2024-11-09,0.0,Y,0,,,2024-11-04,paid,20222948.0,,515124.0
INV-2409-0042,B100,THA,2024-09-10,TT_SPLIT_30_70,30,USD,22720.0,22720.0,1343.41,30522275.0,2024-10-10,0.3,Y,0,,,2024-10-10,paid,30554060.0,,31785.0
INV-2409-0043,B009,CHN,2024-09-11,DA,90,CNY,219500.0,30832.73,188.31,41334045.0,2024-12-10,0.0,Y,0,,,2024-12-10,paid,43373200.0,,2039155.0
INV-2409-0044,B096,USA,2024-09-11,OA,90,USD,10030.0,10030.0,1340.59,13446118.0,2024-12-10,0.0,Y,1,DOCS,,2024-12-10,paid,14368978.0,,922860.0
INV-2409-0045,B104,MEX,2024-09-11,OA,60,USD,3030.0,3030.0,1340.59,4061988.0,2024-11-10,0.0,Y,0,,,2024-11-10,paid,4231971.0,,169983.0
INV-2409-0046,B003,IDN,2024-09-12,DA,90,USD,14620.0,14620.0,1341.35,19610537.0,2024-12-11,0.0,N,0,,,2024-12-03,paid,20874875.0,,1264338.0
INV-2409-0047,B029,CHN,2024-09-12,OA,60,USD,17630.0,17630.0,1341.35,23648000.0,2024-11-11,0.0,Y,0,,,2024-11-11,paid,24623645.0,,975645.0
INV-2409-0048,B053,DEU,2024-09-12,OA,60,EUR,35730.0,39449.37,1480.98,52915415.0,2024-11-11,0.0,N,0,,,2024-11-11,paid,53446720.0,,531306.0
INV-2409-0049,B058,MYS,2024-09-12,OA,30,USD,10440.0,10440.0,1341.35,14003694.0,2024-10-12,0.0,N,1,QUANTITY,,2024-10-25,paid,14453756.0,,450062.0
INV-2409-0050,B066,ARE,2024-09-12,DA,60,USD,11960.0,11960.0,1341.35,16042546.0,2024-11-11,0.0,Y,0,,,2024-11-11,paid,16704412.0,,661866.0
INV-2409-0051,B090,USA,2024-09-12,OA,60,USD,4130.0,4130.0,1341.35,5539776.0,2024-11-11,0.0,N,0,,,2024-11-11,paid,5768330.0,,228554.0
INV-2409-0052,B121,IND,2024-09-12,DA,90,USD,121140.0,121140.0,1341.35,162491139.0,2024-12-11,0.0,Y,0,,,2025-01-12,paid,178482830.0,,15991691.0
INV-2409-0053,B127,VNM,2024-09-12,DP,0,USD,7860.0,7860.0,1341.35,10543011.0,2024-09-25,0.0,N,0,,,2024-09-25,paid,10493886.0,,-49125.0
INV-2409-0054,B036,VNM,2024-09-13,TT_ADV,0,USD,31680.0,31680.0,1329.26,42110957.0,2024-09-13,1.0,N,0,,,2024-08-23,paid,42057101.0,,-53856.0
INV-2409-0055,B005,VNM,2024-09-14,OA,90,USD,9680.0,9680.0,1329.26,12867237.0,2024-12-13,0.0,Y,0,,,2024-12-11,paid,13677106.0,,809869.0
INV-2409-0056,B028,JPN,2024-09-14,OA,90,JPY,4790000.0,34053.88,9.4502,45266458.0,2024-12-13,0.0,Y,0,,,2024-11-28,paid,44220322.0,,-1046136.0
INV-2409-0057,B086,DEU,2024-09-14,OA,90,EUR,6080.0,6739.66,1473.48,8958758.0,2024-12-13,0.0,N,0,,,2024-12-21,paid,9160310.0,,201552.0
INV-2409-0058,B113,JPN,2024-09-14,OA,90,JPY,1225000.0,8708.98,9.4502,11576495.0,2024-12-13,0.0,Y,0,,,2024-12-07,paid,11633335.0,,56840.0
INV-2409-0059,B007,NLD,2024-09-15,OA,90,EUR,5080.0,5631.16,1473.48,7485278.0,2024-12-14,0.0,Y,1,DOCS,,2024-12-18,paid,7648346.0,,163068.0
INV-2409-0060,B026,THA,2024-09-15,OA,60,USD,4620.0,4620.0,1329.26,6141181.0,2024-11-14,0.0,Y,0,,,2024-11-14,paid,6480797.0,,339616.0
INV-2409-0061,B041,TUR,2024-09-15,OA,30,USD,14490.0,14490.0,1329.26,19260977.0,2024-10-15,0.0,Y,0,,,2024-10-11,paid,19571788.0,,310811.0
INV-2409-0062,B064,USA,2024-09-15,TT_SPLIT_30_70,30,USD,23490.0,23490.0,1329.26,31224317.0,2024-10-15,0.3,Y,0,,,2024-10-14,paid,31631070.0,,406753.0
INV-2409-0063,B064,USA,2024-09-15,TT_SPLIT_30_70,30,USD,6370.0,6370.0,1329.26,8467386.0,2024-10-15,0.3,Y,0,,,2024-10-21,paid,8686552.0,,219166.0
INV-2409-0064,B075,DEU,2024-09-15,OA,60,EUR,7610.0,8435.66,1473.48,11213183.0,2024-11-14,0.0,Y,1,PRICE,,2024-11-07,paid,11371851.0,,158668.0
INV-2409-0065,B132,IDN,2024-09-15,OA,60,USD,4980.0,4980.0,1329.26,6619715.0,2024-11-14,0.0,Y,0,,,2024-12-24,paid,7257653.0,,637938.0
INV-2409-0066,B138,CHN,2024-09-15,OA,90,CNY,97100.0,13689.23,187.4,18196540.0,2024-12-14,0.0,Y,0,,,2024-12-10,paid,19186960.0,,990420.0
INV-2409-0067,B140,USA,2024-09-15,OA,60,USD,3230.0,3230.0,1329.26,4293510.0,2024-11-14,0.0,Y,0,,,2024-11-13,paid,4535695.0,,242185.0
INV-2409-0068,B049,ARE,2024-09-16,DA,90,USD,1400.0,1400.0,1320.59,1848826.0,2024-12-15,0.0,N,0,,,2024-12-25,paid,2040304.0,,191478.0
INV-2409-0069,B087,TWN,2024-09-16,TT_SPLIT_30_70,30,USD,14390.0,14390.0,1320.59,19003290.0,2024-10-16,0.3,Y,0,,,2024-10-16,paid,19500954.0,,497664.0
INV-2409-0070,B145,GBR,2024-09-16,TT_ADV,0,USD,35120.0,35120.0,1320.59,46379121.0,2024-09-16,1.0,N,0,,,2024-09-12,paid,47108212.0,,729091.0
INV-2409-0071,B005,VNM,2024-09-17,OA,90,USD,6740.0,6740.0,1323.81,8922479.0,2024-12-16,0.0,Y,0,,,2024-12-12,paid,9632901.0,,710422.0
INV-2409-0072,B009,CHN,2024-09-17,DA,90,CNY,34600.0,4876.06,186.56,6454976.0,2024-12-16,0.0,Y,0,,,2024-12-11,paid,6807550.0,,352574.0
INV-2409-0073,B040,IND,2024-09-17,LC_USANCE,90,USD,16840.0,16840.0,1323.81,22292960.0,2024-12-16,0.0,N,0,,0,2024-12-16,paid,24213562.0,,1920602.0
INV-2409-0074,B053,DEU,2024-09-17,OA,60,EUR,30250.0,33631.91,1471.81,44522252.0,2024-11-16,0.0,N,0,,,2024-11-16,paid,44605440.0,,83188.0
INV-2409-0075,B071,TWN,2024-09-17,OA,60,USD,8900.0,8900.0,1323.81,11781909.0,2024-11-16,0.0,Y,0,,,2024-11-14,paid,12484653.0,,702744.0
INV-2409-0076,B082,JPN,2024-09-17,OA,60,JPY,285000.0,2010.29,9.3377,2661244.0,2024-11-16,0.0,Y,0,,,2024-11-16,paid,2576258.0,,-84986.0
INV-2409-0077,B096,USA,2024-09-17,OA,90,USD,18170.0,18170.0,1323.81,24053628.0,2024-12-16,0.0,Y,0,,,2024-12-12,paid,25973470.0,,1919842.0
INV-2409-0078,B107,DEU,2024-09-17,OA,60,EUR,42390.0,47129.14,1471.81,62390026.0,2024-11-16,0.0,Y,0,,,2024-11-14,paid,62805448.0,,415422.0
INV-2409-0079,B113,JPN,2024-09-17,OA,90,JPY,715000.0,5043.36,9.3377,6676456.0,2024-12-16,0.0,Y,0,,,2024-12-16,paid,6668019.0,,-8437.0
INV-2409-0080,B005,VNM,2024-09-18,OA,90,USD,4720.0,4720.0,1324.15,6249988.0,2024-12-17,0.0,Y,0,,,2024-12-12,paid,6747098.0,,497110.0
INV-2409-0081,B023,IDN,2024-09-18,DA,90,USD,5360.0,5360.0,1324.15,7097444.0,2024-12-17,0.0,Y,0,,,2024-12-17,paid,7697818.0,,600374.0
INV-2409-0082,B040,IND,2024-09-18,LC_USANCE,90,USD,7910.0,7910.0,1324.15,10474026.0,2024-12-17,0.0,N,0,,0,2024-12-17,paid,11360026.0,,886000.0
INV-2409-0083,B096,USA,2024-09-18,OA,90,USD,1050.0,1050.0,1324.15,1390358.0,2024-12-17,0.0,Y,0,,,2024-12-12,paid,1500944.0,,110586.0
INV-2409-0084,B127,VNM,2024-09-18,DP,0,USD,60930.0,60930.0,1324.15,80680460.0,2024-10-01,0.0,N,0,,,2024-10-02,paid,80520823.0,,-159637.0
INV-2409-0085,B028,JPN,2024-09-19,OA,90,JPY,8124000.0,56859.08,9.3021,75570260.0,2024-12-18,0.0,Y,0,,,2024-12-13,paid,75482933.0,,-87327.0
INV-2409-0086,B040,IND,2024-09-19,TT_ADV,0,USD,3330.0,3330.0,1329.08,4425836.0,2024-09-19,1.0,N,0,,,2024-09-11,paid,4464165.0,,38329.0
INV-2409-0087,B077,VNM,2024-09-19,DP,0,USD,6690.0,6690.0,1329.08,8891545.0,2024-10-03,0.0,N,0,,,2024-10-03,paid,8935030.0,,43485.0
INV-2409-0088,B140,USA,2024-09-19,OA,60,USD,7840.0,7840.0,1329.08,10419987.0,2024-11-18,0.0,Y,0,,,2024-11-15,paid,10955773.0,,535786.0
INV-2409-0089,B001,NLD,2024-09-20,OA,90,EUR,5750.0,6416.42,1488.23,8557322.0,2024-12-19,0.0,N,0,,,2024-11-29,paid,8472108.0,,-85214.0
INV-2409-0090,B005,VNM,2024-09-20,OA,90,USD,6620.0,6620.0,1333.66,8828829.0,2024-12-19,0.0,Y,1,QUALITY,,2024-12-19,paid,9572917.0,,744088.0
INV-2409-0091,B009,CHN,2024-09-20,DA,90,CNY,25000.0,3545.88,189.16,4729000.0,2024-12-19,0.0,Y,0,,,2024-12-18,paid,4934250.0,,205250.0
INV-2409-0092,B061,IND,2024-09-20,DA,60,USD,6470.0,6470.0,1333.66,8628780.0,2024-11-19,0.0,N,0,,,2024-11-14,paid,9075922.0,,447142.0
INV-2409-0093,B076,POL,2024-09-20,OA,60,EUR,3610.0,4028.4,1488.23,5372510.0,2024-11-19,0.0,Y,0,,,2024-11-19,paid,5318757.0,,-53753.0
INV-2409-0094,B001,NLD,2024-09-21,OA,90,EUR,7650.0,8536.63,1488.23,11384960.0,2024-12-20,0.0,N,0,,,2025-01-02,paid,11559560.0,,174600.0
INV-2409-0095,B022,IDN,2024-09-21,OA,90,USD,1690.0,1690.0,1333.66,2253885.0,2024-12-20,0.0,Y,0,,,2024-12-13,paid,2424846.0,,170961.0
INV-2409-0096,B058,MYS,2024-09-21,TT_ADV,0,USD,35690.0,35690.0,1333.66,47598325.0,2024-09-21,1.0,N,0,,,2024-08-29,paid,47539794.0,,-58531.0
INV-2409-0097,B096,USA,2024-09-21,OA,90,USD,18180.0,18180.0,1333.66,24245939.0,2024-12-20,0.0,Y,0,,,2024-12-17,paid,26109389.0,,1863450.0
INV-2409-0098,B120,JPN,2024-09-21,OA,60,JPY,1217000.0,8457.29,9.268,11279156.0,2024-11-20,0.0,N,0,,,2024-11-17,paid,11001072.0,,-278084.0
INV-2409-0099,B129,CHN,2024-09-21,OA,30,USD,3590.0,3590.0,1333.66,4787839.0,2024-10-21,0.0,Y,0,,,2024-11-23,paid,5045709.0,,257870.0
INV-2409-0100,B139,DEU,2024-09-21,DA,90,EUR,28640.0,31959.35,1488.23,42622907.0,2024-12-20,0.0,Y,0,,,2025-01-05,paid,43330029.0,,707122.0
INV-2409-0101,B020,SAU,2024-09-22,TT_SPLIT_30_70,30,USD,8470.0,8470.0,1333.66,11296100.0,2024-10-22,0.3,Y,0,,,2024-10-09,paid,11358321.0,,62221.0
INV-2409-0102,B030,TUR,2024-09-22,OA,60,USD,2740.0,2740.0,1333.66,3654228.0,2024-11-21,0.0,N,0,,,2024-11-21,paid,3838740.0,,184512.0
INV-2409-0103,B087,TWN,2024-09-22,TT_SPLIT_30_70,30,USD,18720.0,18720.0,1333.66,24966115.0,2024-10-22,0.3,Y,0,,,2024-11-09,paid,25805202.0,,839087.0
INV-2409-0104,B100,THA,2024-09-22,TT_SPLIT_30_70,30,USD,22680.0,22680.0,1333.66,30247409.0,2024-10-22,0.3,Y,0,,,2024-10-18,paid,30832530.0,,585121.0
INV-2409-0105,B015,TWN,2024-09-23,DA,90,USD,6690.0,6690.0,1334.12,8925263.0,2024-12-22,0.0,N,0,,,2025-01-14,paid,9764055.0,,838792.0
INV-2409-0106,B021,CHN,2024-09-23,OA,60,CNY,90600.0,12849.92,189.22,17143332.0,2024-11-22,0.0,N,0,,,2024-11-15,paid,17513886.0,,370554.0
INV-2409-0107,B036,VNM,2024-09-23,TT_ADV,0,USD,10750.0,10750.0,1334.12,14341790.0,2024-09-23,1.0,N,0,,,2024-09-20,paid,14336845.0,,-4945.0
INV-2409-0108,B084,POL,2024-09-23,OA,90,EUR,12450.0,13856.89,1484.88,18486756.0,2024-12-22,0.0,N,1,PRICE,,2025-02-05,paid,18673605.0,,186849.0
INV-2409-0109,B050,USA,2024-09-24,OA,60,USD,9260.0,9260.0,1330.0,12315800.0,2024-11-23,0.0,Y,1,QUALITY,,2024-11-25,paid,12973538.0,,657738.0
INV-2409-0110,B120,JPN,2024-09-24,TT_SPLIT_30_70,30,JPY,2539000.0,17660.18,9.2509,23488035.0,2024-10-24,0.3,N,0,,,2024-10-20,paid,23254549.0,,-233486.0
INV-2409-0111,B140,USA,2024-09-24,OA,60,USD,6340.0,6340.0,1330.0,8432200.0,2024-11-23,0.0,Y,0,,,2024-11-22,paid,8910807.0,,478607.0
INV-2409-0112,B019,USA,2024-09-25,DA,90,USD,16210.0,16210.0,1335.1,21641971.0,2024-12-24,0.0,Y,1,QUANTITY,,2024-12-24,paid,23623806.0,,1981835.0
INV-2409-0113,B049,ARE,2024-09-25,DA,90,USD,3310.0,3310.0,1335.1,4419181.0,2024-12-24,0.0,N,0,,,2024-12-25,paid,4823862.0,,404681.0
INV-2409-0114,B075,DEU,2024-09-25,OA,60,EUR,13020.0,14508.17,1487.7,19369854.0,2024-11-24,0.0,Y,0,,,2024-11-24,paid,19029641.0,,-340213.0
INV-2409-0115,B086,DEU,2024-09-25,OA,90,EUR,11580.0,12903.58,1487.7,17227566.0,2024-12-24,0.0,N,0,,,2024-12-30,paid,17629187.0,,401621.0
INV-2409-0116,B086,DEU,2024-09-25,OA,90,EUR,6230.0,6942.08,1487.7,9268371.0,2024-12-24,0.0,N,1,QUALITY,,2024-12-30,paid,9526604.0,,258234.0
INV-2409-0117,B113,JPN,2024-09-25,OA,90,JPY,2008000.0,13904.85,9.2452,18564362.0,2024-12-24,0.0,Y,0,,,2024-12-17,paid,18798093.0,,233731.0
INV-2409-0118,B120,JPN,2024-09-25,OA,60,JPY,507000.0,3510.84,9.2452,4687316.0,2024-11-24,0.0,N,0,,,2024-11-19,paid,4575371.0,,-111945.0
INV-2409-0119,B037,SAU,2024-09-26,DA,90,USD,21480.0,21480.0,1314.78,28241474.0,2024-12-25,0.0,Y,1,DOCS,,2024-12-25,paid,31304093.0,,3062619.0
INV-2409-0120,B049,ARE,2024-09-26,DA,90,USD,19340.0,19340.0,1314.78,25427845.0,2024-12-25,0.0,N,0,,,2025-01-16,paid,28234359.0,,2806514.0
INV-2409-0121,B147,THA,2024-09-26,DA,60,USD,13340.0,13340.0,1314.78,17539165.0,2024-11-25,0.0,N,0,,,2024-11-25,paid,18689740.0,,1150575.0
INV-2409-0122,B013,CHN,2024-09-27,TT_SPLIT_30_70,30,USD,16180.0,16180.0,1309.43,21186577.0,2024-10-27,0.3,N,0,,,2024-11-10,paid,22303855.0,,1117278.0
INV-2409-0123,B053,DEU,2024-09-27,OA,60,EUR,14840.0,16559.92,1461.19,21684060.0,2024-11-26,0.0,N,0,,,2024-11-21,paid,21778442.0,,94382.0
INV-2409-0124,B122,JPN,2024-09-27,DA,60,JPY,4120000.0,28891.88,9.1825,37831900.0,2024-11-26,0.0,N,1,QUANTITY,,2024-11-21,paid,37321432.0,,-510468.0
INV-2409-0125,B026,THA,2024-09-28,OA,60,USD,28110.0,28110.0,1309.43,36808077.0,2024-11-27,0.0,Y,0,,,2024-11-19,paid,39152451.0,,2344374.0
INV-2409-0126,B058,MYS,2024-09-28,OA,30,USD,7000.0,7000.0,1309.43,9166010.0,2024-10-28,0.0,N,0,,,2024-10-27,paid,9724680.0,,558670.0
INV-2409-0127,B101,IND,2024-09-28,DA,60,USD,10970.0,10970.0,1309.43,14364447.0,2024-11-27,0.0,Y,0,,,2024-11-14,paid,15388387.0,,1023940.0
INV-2409-0128,B118,USA,2024-09-28,DA,60,USD,54330.0,54330.0,1309.43,71141332.0,2024-11-27,0.0,Y,0,,,2024-11-27,paid,75580636.0,,4439304.0
INV-2409-0129,B148,ARE,2024-09-28,OA,60,USD,20120.0,20120.0,1309.43,26345732.0,2024-11-27,0.0,N,0,,,2024-11-28,paid,28015349.0,,1669617.0
INV-2409-0130,B149,CHN,2024-09-28,OA,90,USD,21070.0,21070.0,1309.43,27589690.0,2024-12-27,0.0,Y,0,,,2024-12-25,paid,30706575.0,,3116885.0
INV-2409-0131,B028,JPN,2024-09-29,OA,90,JPY,2818000.0,19761.49,9.1825,25876285.0,2024-12-28,0.0,Y,1,PRICE,,2024-12-27,paid,26270241.0,,393956.0
INV-2409-0132,B009,CHN,2024-09-30,DA,90,CNY,135800.0,19351.61,187.38,25446204.0,2024-12-29,0.0,Y,0,,,2024-12-29,paid,27360984.0,,1914780.0
INV-2409-0133,B011,IND,2024-09-30,LC_SIGHT,0,USD,6170.0,6170.0,1314.94,8113180.0,2024-10-08,0.0,N,0,,0,2024-10-08,paid,8307843.0,,194663.0
INV-2409-0134,B018,NLD,2024-09-30,TT_ADV,0,EUR,2900.0,3232.05,1465.5,4249950.0,2024-09-30,1.0,N,0,,,2024-09-01,paid,4285098.0,,35148.0
INV-2409-0135,B023,IDN,2024-09-30,DA,90,USD,10940.0,10940.0,1314.94,14385444.0,2024-12-29,0.0,Y,0,,,2024-12-25,paid,15943518.0,,1558074.0
INV-2409-0136,B024,USA,2024-09-30,OA,30,USD,7750.0,7750.0,1314.94,10190785.0,2024-10-30,0.0,Y,0,,,2024-10-29,paid,10712050.0,,521265.0
INV-2410-0001,B044,THA,2024-10-01,DA,90,USD,5750.0,5750.0,1323.78,7611735.0,2024-12-30,0.0,N,0,,,2024-12-23,paid,8347620.0,,735885.0
INV-2410-0002,B066,ARE,2024-10-01,DA,60,USD,17970.0,17970.0,1323.78,23788327.0,2024-11-30,0.0,Y,0,,,2024-11-30,paid,25103910.0,,1315583.0
INV-2410-0003,B109,VNM,2024-10-01,OA,30,USD,27590.0,27590.0,1323.78,36523090.0,2024-10-31,0.0,Y,0,,,2024-10-31,paid,38038356.0,,1515266.0
INV-2410-0004,B043,CHN,2024-10-02,OA,90,CNY,60600.0,8635.59,188.32,11412192.0,2024-12-31,0.0,Y,0,,,2025-01-15,paid,12054799.0,,642607.0
INV-2410-0005,B109,VNM,2024-10-02,OA,30,USD,3900.0,3900.0,1321.53,5153967.0,2024-11-01,0.0,Y,1,QUALITY,,2024-10-31,paid,5372523.0,,218556.0
INV-2410-0006,B142,IND,2024-10-02,OA,30,USD,9650.0,9650.0,1321.53,12752764.0,2024-11-01,0.0,Y,0,,,2024-11-10,paid,13478058.0,,725294.0
INV-2410-0007,B035,TWN,2024-10-03,TT_ADV,0,USD,3850.0,3850.0,1335.58,5141983.0,2024-10-03,1.0,N,0,,,2024-09-28,paid,5041306.0,,-100678.0
INV-2410-0008,B086,DEU,2024-10-03,OA,90,EUR,29620.0,32626.4,1471.14,43575167.0,2025-01-01,0.0,N,0,,,2024-12-30,paid,45293423.0,,1718256.0
INV-2410-0009,B125,MEX,2024-10-03,DA,60,USD,10610.0,10610.0,1335.58,14170504.0,2024-12-02,0.0,Y,1,DOCS,,2024-11-26,paid,14818881.0,,648377.0
INV-2410-0010,B036,VNM,2024-10-04,TT_ADV,0,USD,970.0,970.0,1348.74,1308278.0,2024-10-04,1.0,N,0,,,2024-09-21,paid,1293650.0,,-14628.0
INV-2410-0011,B056,USA,2024-10-04,OA,90,USD,18350.0,18350.0,1348.74,24749379.0,2025-01-02,0.0,Y,1,QUALITY,,2024-12-30,paid,27017072.0,,2267693.0
INV-2410-0012,B071,TWN,2024-10-04,OA,60,USD,2520.0,2520.0,1348.74,3398825.0,2024-12-03,0.0,Y,0,,,2024-12-02,paid,3543448.0,,144623.0
INV-2410-0013,B082,JPN,2024-10-04,TT_ADV,0,JPY,926000.0,6227.71,9.0708,8399561.0,2024-10-04,1.0,N,0,,,2024-09-12,paid,8732365.0,,332804.0
INV-2410-0014,B127,VNM,2024-10-04,DP,0,USD,24570.0,24570.0,1348.74,33138542.0,2024-10-14,0.0,N,0,,,2024-10-16,paid,33507583.0,,369041.0
INV-2410-0015,B028,JPN,2024-10-05,OA,90,JPY,804000.0,5407.21,9.0708,7292923.0,2025-01-03,0.0,Y,1,DOCS,,2024-12-27,paid,7495129.0,,202206.0
INV-2410-0016,B040,IND,2024-10-05,OA,30,USD,35050.0,35050.0,1348.74,47273337.0,2024-11-04,0.0,N,1,QUANTITY,,2024-11-02,paid,48262098.0,,988760.0
INV-2410-0017,B082,JPN,2024-10-06,OA,60,JPY,3278000.0,22045.82,9.0708,29734082.0,2024-12-05,0.0,Y,0,,,2024-12-03,paid,31386850.0,,1652768.0
INV-2410-0018,B101,IND,2024-10-06,DA,60,USD,23410.0,23410.0,1348.74,31574003.0,2024-12-05,0.0,Y,0,,,2024-12-05,paid,33145751.0,,1571748.0
INV-2410-0019,B143,MYS,2024-10-06,OA,30,USD,22180.0,22180.0,1348.74,29915053.0,2024-11-05,0.0,Y,0,,,2024-11-05,paid,30614167.0,,699114.0
INV-2410-0020,B022,IDN,2024-10-07,OA,90,USD,10190.0,10190.0,1343.75,13692812.0,2025-01-05,0.0,Y,0,,,2025-01-05,paid,14979300.0,,1286488.0
INV-2410-0021,B053,DEU,2024-10-07,OA,60,EUR,22460.0,24652.1,1474.9,33126254.0,2024-12-06,0.0,N,0,,,2024-11-23,paid,32872430.0,,-253824.0
INV-2410-0022,B066,ARE,2024-10-07,DA,60,USD,109170.0,109170.0,1343.75,146697188.0,2024-12-06,0.0,Y,0,,,2024-12-03,paid,155876201.0,,9179013.0
INV-2410-0023,B005,VNM,2024-10-08,OA,90,USD,51710.0,51710.0,1346.49,69626998.0,2025-01-06,0.0,Y,0,,,2025-01-25,paid,74591928.0,,4964930.0
INV-2410-0024,B010,POL,2024-10-08,TT_ADV,0,EUR,1120.0,1228.64,1477.1,1654352.0,2024-10-08,1.0,N,0,,,2024-09-23,paid,1663066.0,,8714.0
INV-2410-0025,B030,TUR,2024-10-08,TT_ADV,0,USD,9750.0,9750.0,1346.49,13128278.0,2024-10-08,1.0,N,0,,,2024-09-22,paid,13003185.0,,-125093.0
INV-2410-0026,B033,VNM,2024-10-08,LC_SIGHT,0,USD,25220.0,25220.0,1346.49,33958478.0,2024-10-13,0.0,N,0,,0,2024-10-13,paid,34064906.0,,106428.0
INV-2410-0027,B122,JPN,2024-10-08,TT_ADV,0,JPY,968000.0,6530.83,9.0844,8793699.0,2024-10-08,1.0,N,0,,,2024-09-18,paid,9031053.0,,237354.0
INV-2410-0028,B146,BRA,2024-10-08,OA,60,USD,1610.0,1610.0,1346.49,2167849.0,2024-12-07,0.0,N,0,,,2024-11-28,paid,2239735.0,,71886.0
INV-2410-0029,B013,CHN,2024-10-09,TT_ADV,0,USD,49730.0,49730.0,1346.04,66938569.0,2024-10-09,1.0,N,0,,,2024-09-22,paid,66322912.0,,-615657.0
INV-2410-0030,B025,DEU,2024-10-09,OA,60,EUR,6980.0,7643.81,1474.05,10288869.0,2024-12-08,0.0,Y,0,,,2024-12-03,paid,10482494.0,,193625.0
INV-2410-0031,B040,IND,2024-10-09,LC_USANCE,90,USD,16260.0,16260.0,1346.04,21886610.0,2025-01-07,0.0,N,0,,0,2025-01-07,paid,23616349.0,,1729739.0
INV-2410-0032,B053,DEU,2024-10-09,TT_ADV,0,EUR,45770.0,50122.78,1474.05,67467268.0,2024-10-09,1.0,N,0,,,2024-10-04,paid,67664080.0,,196812.0
INV-2410-0033,B065,IND,2024-10-09,LC_SIGHT,0,USD,54470.0,54470.0,1346.04,73318799.0,2024-10-19,0.0,N,0,,0,2024-10-19,paid,74604836.0,,1286036.0
INV-2410-0034,B066,ARE,2024-10-09,DA,60,USD,5370.0,5370.0,1346.04,7228235.0,2024-12-08,0.0,Y,0,,,2024-12-08,paid,7638288.0,,410053.0
INV-2410-0035,B082,JPN,2024-10-09,OA,60,JPY,978000.0,6554.95,9.0217,8823223.0,2024-12-08,0.0,Y,0,,,2024-12-08,paid,9287675.0,,464452.0
INV-2410-0036,B082,JPN,2024-10-09,TT_ADV,0,JPY,4327000.0,29001.29,9.0217,39036896.0,2024-10-09,1.0,N,0,,,2024-09-30,paid,39718831.0,,681935.0
INV-2410-0037,B086,DEU,2024-10-09,OA,90,EUR,7030.0,7698.56,1474.05,10362572.0,2025-01-07,0.0,N,0,,,2024-12-30,paid,10749924.0,,387352.0
INV-2410-0038,B148,ARE,2024-10-09,OA,60,USD,22040.0,22040.0,1346.04,29666722.0,2024-12-08,0.0,N,0,,,2024-12-03,paid,31469373.0,,1802651.0
INV-2410-0039,B022,IDN,2024-10-10,OA,90,USD,11450.0,11450.0,1350.77,15466316.0,2025-01-08,0.0,Y,1,QUANTITY,,2025-01-07,paid,16630209.0,,1163893.0
INV-2410-0040,B049,ARE,2024-10-10,DA,90,USD,5250.0,5250.0,1350.77,7091542.0,2025-01-08,0.0,N,0,,,2025-01-16,paid,7644840.0,,553298.0
INV-2410-0041,B086,DEU,2024-10-10,OA,90,EUR,3790.0,4140.59,1475.72,5592979.0,2025-01-08,0.0,N,0,,,2024-12-30,paid,5795478.0,,202500.0
INV-2410-0042,B137,ARE,2024-10-10,TT_ADV,0,USD,12310.0,12310.0,1350.77,16627979.0,2024-10-10,1.0,N,0,,,2024-10-04,paid,16602989.0,,-24990.0
INV-2410-0043,B140,USA,2024-10-10,TT_ADV,0,USD,17000.0,17000.0,1350.77,22963090.0,2024-10-10,1.0,N,0,,,2024-09-11,paid,22790030.0,,-173060.0
INV-2410-0044,B148,ARE,2024-10-10,OA,60,USD,12930.0,12930.0,1350.77,17465456.0,2024-12-09,0.0,N,1,QUALITY,,2024-12-09,paid,18490546.0,,1025090.0
INV-2410-0045,B028,JPN,2024-10-11,OA,90,JPY,3627000.0,24322.77,9.0579,32853003.0,2025-01-09,0.0,Y,1,QUALITY,,2025-01-02,paid,33826534.0,,973532.0
INV-2410-0046,B030,TUR,2024-10-11,OA,60,USD,7640.0,7640.0,1350.71,10319424.0,2024-12-10,0.0,N,0,,,2024-11-21,paid,10703640.0,,384216.0
INV-2410-0047,B049,ARE,2024-10-11,DA,90,USD,17930.0,17930.0,1350.71,24218230.0,2025-01-09,0.0,N,0,,,2025-02-19,paid,26011141.0,,1792911.0
INV-2410-0048,B050,USA,2024-10-11,OA,60,USD,4730.0,4730.0,1350.71,6388858.0,2024-12-10,0.0,Y,0,,,2025-01-10,paid,6968993.0,,580135.0
INV-2410-0049,B117,CHN,2024-10-11,OA,30,USD,9040.0,9040.0,1350.71,12210418.0,2024-11-10,0.0,Y,0,,,2024-12-27,paid,13010045.0,,799627.0
INV-2410-0050,B001,NLD,2024-10-12,OA,90,EUR,4400.0,4814.49,1477.95,6502980.0,2025-01-10,0.0,N,0,,,2025-01-17,paid,6594984.0,,92004.0
INV-2410-0051,B018,NLD,2024-10-12,OA,30,EUR,4690.0,5131.81,1477.95,6931586.0,2024-11-11,0.0,Y,0,,,2024-11-08,paid,7015536.0,,83950.0
INV-2410-0052,B053,DEU,2024-10-12,TT_ADV,0,EUR,4660.0,5098.98,1477.95,6887247.0,2024-10-12,1.0,N,0,,,2024-09-15,paid,6866417.0,,-20830.0
INV-2410-0053,B066,ARE,2024-10-12,DA,60,USD,4880.0,4880.0,1350.71,6591465.0,2024-12-11,0.0,Y,0,,,2024-12-08,paid,6941312.0,,349847.0
INV-2410-0054,B093,NGA,2024-10-12,OA,30,USD,43560.0,43560.0,1350.71,58836928.0,2024-11-11,0.0,Y,1,DOCS,,2024-11-22,paid,61223144.0,,2386216.0
INV-2410-0055,B096,USA,2024-10-12,OA,90,USD,14410.0,14410.0,1350.71,19463731.0,2025-01-10,0.0,Y,0,,,2025-01-03,paid,21182700.0,,1718969.0
INV-2410-0056,B144,TUR,2024-10-12,OA,60,USD,4100.0,4100.0,1350.71,5537911.0,2024-12-11,0.0,N,0,,,2024-12-14,paid,5882762.0,,344851.0
INV-2410-0057,B066,ARE,2024-10-13,DA,60,USD,14220.0,14220.0,1350.71,19207096.0,2024-12-12,0.0,Y,0,,,2024-12-12,paid,20327063.0,,1119967.0
INV-2410-0058,B086,DEU,2024-10-13,OA,90,EUR,102050.0,111663.35,1477.95,150824798.0,2025-01-11,0.0,N,0,,,2025-01-28,paid,154709675.0,,3884877.0
INV-2410-0059,B126,GBR,2024-10-13,OA,60,USD,16700.0,16700.0,1350.71,22556857.0,2024-12-12,0.0,N,0,,,2024-12-11,paid,23855950.0,,1299093.0
INV-2410-0060,B061,IND,2024-10-14,DA,60,USD,15940.0,15940.0,1350.71,21530317.0,2024-12-13,0.0,N,0,,,2024-12-09,paid,22794997.0,,1264680.0
INV-2410-0061,B070,POL,2024-10-14,OA,60,EUR,18180.0,19892.6,1477.95,26869131.0,2024-12-13,0.0,Y,0,,,2025-01-15,paid,27246163.0,,377032.0
INV-2410-0062,B127,VNM,2024-10-14,DP,0,USD,7980.0,7980.0,1350.71,10778666.0,2024-10-24,0.0,N,0,,,2024-10-24,paid,11029238.0,,250572.0
INV-2410-0063,B148,ARE,2024-10-14,OA,60,USD,5060.0,5060.0,1350.71,6834593.0,2024-12-13,0.0,N,0,,,2024-12-13,paid,7260189.0,,425596.0
INV-2410-0064,B028,JPN,2024-10-15,OA,90,JPY,6645000.0,44531.53,9.1487,60793112.0,2025-01-13,0.0,Y,0,,,2025-01-13,paid,61884220.0,,1091108.0
INV-2410-0065,B058,MYS,2024-10-15,OA,30,USD,4780.0,4780.0,1365.17,6525513.0,2024-11-14,0.0,N,0,,,2024-10-27,paid,6640567.0,,115054.0
INV-2410-0066,B086,DEU,2024-10-15,OA,90,EUR,9080.0,9896.3,1487.9,13510132.0,2025-01-13,0.0,N,0,,,2025-02-04,paid,13687374.0,,177242.0
INV-2410-0067,B009,CHN,2024-10-16,TT_ADV,0,CNY,32600.0,4579.15,191.56,6244856.0,2024-10-16,1.0,N,0,,,2024-09-27,paid,6088702.0,,-156154.0
INV-2410-0068,B040,IND,2024-10-16,LC_USANCE,90,USD,54990.0,54990.0,1363.76,74993162.0,2025-01-14,0.0,N,0,,0,2025-01-14,paid,80257905.0,,5264743.0
INV-2410-0069,B086,DEU,2024-10-16,OA,90,EUR,8240.0,8959.37,1482.82,12218437.0,2025-01-14,0.0,N,0,,,2025-02-04,paid,12409522.0,,191085.0
INV-2410-0070,B009,CHN,2024-10-17,DA,90,CNY,17500.0,2457.26,192.52,3369100.0,2025-01-15,0.0,Y,0,,,2025-01-15,paid,3477075.0,,107975.0
INV-2410-0071,B036,VNM,2024-10-17,TT_ADV,0,USD,6520.0,6520.0,1371.08,8939442.0,2024-10-17,1.0,N,0,,,2024-10-09,paid,8776181.0,,-163261.0
INV-2410-0072,B053,DEU,2024-10-17,OA,60,EUR,10330.0,11194.63,1485.84,15348727.0,2024-12-16,0.0,N,0,,,2024-12-16,paid,15613588.0,,264861.0
INV-2410-0073,B082,JPN,2024-10-17,OA,60,JPY,669000.0,4456.42,9.1332,6110111.0,2024-12-16,0.0,Y,0,,,2024-12-14,paid,6243643.0,,133532.0
INV-2410-0074,B015,TWN,2024-10-18,DA,90,USD,13930.0,13930.0,1369.65,19079224.0,2025-01-16,0.0,N,0,,,2025-01-26,paid,19975974.0,,896750.0
INV-2410-0075,B049,ARE,2024-10-18,DA,90,USD,18890.0,18890.0,1369.65,25872688.0,2025-01-16,0.0,N,0,,,2025-02-28,paid,27168144.0,,1295456.0
INV-2410-0076,B086,DEU,2024-10-18,OA,90,EUR,6090.0,6610.09,1486.62,9053516.0,2025-01-16,0.0,N,1,QUALITY,,2025-02-04,paid,9171601.0,,118085.0
INV-2410-0077,B124,CHN,2024-10-18,TT_SPLIT_30_70,30,CNY,15200.0,2140.42,192.87,2931624.0,2024-11-17,0.3,N,0,,,2024-11-17,paid,2926547.0,,-5077.0
INV-2410-0078,B095,EGY,2024-10-19,OA,30,USD,2350.0,2350.0,1369.65,3218678.0,2024-11-18,0.0,Y,0,,,2024-12-07,paid,3321164.0,,102486.0
INV-2410-0079,B117,CHN,2024-10-19,OA,30,USD,1920.0,1920.0,1369.65,2629728.0,2024-11-18,0.0,Y,1,QUANTITY,,2024-12-27,paid,2823168.0,,193440.0
INV-2410-0080,B137,ARE,2024-10-19,TT_ADV,0,USD,4840.0,4840.0,1369.65,6629106.0,2024-10-19,1.0,N,0,,,2024-09-20,paid,6454914.0,,-174192.0
INV-2410-0081,B139,DEU,2024-10-19,DA,90,EUR,9610.0,10430.71,1486.62,14286418.0,2025-01-17,0.0,Y,0,,,2025-01-17,paid,14404045.0,,117627.0
INV-2410-0082,B144,TUR,2024-10-19,OA,60,USD,6470.0,6470.0,1369.65,8861636.0,2024-12-18,0.0,N,0,,,2024-12-26,paid,9417929.0,,556293.0
INV-2410-0083,B149,CHN,2024-10-19,OA,90,USD,2780.0,2780.0,1369.65,3807627.0,2025-01-17,0.0,Y,0,,,2025-01-15,paid,4049070.0,,241443.0
INV-2410-0084,B053,DEU,2024-10-20,OA,60,EUR,11790.0,12796.88,1486.62,17527250.0,2024-12-19,0.0,N,0,,,2024-12-24,paid,17848999.0,,321749.0
INV-2410-0085,B086,DEU,2024-10-20,OA,90,EUR,30870.0,33506.34,1486.62,45891959.0,2025-01-18,0.0,N,1,QUANTITY,,2025-02-07,paid,46411737.0,,519778.0
INV-2410-0086,B087,TWN,2024-10-20,TT_SPLIT_30_70,30,USD,3330.0,3330.0,1369.65,4560934.0,2024-11-19,0.3,Y,0,,,2024-11-14,paid,4604101.0,,43167.0
INV-2410-0087,B107,DEU,2024-10-20,OA,60,EUR,13640.0,14804.87,1486.62,20277497.0,2024-12-19,0.0,Y,0,,,2024-12-09,paid,20617678.0,,340181.0
INV-2410-0088,B127,VNM,2024-10-20,DP,0,USD,7100.0,7100.0,1369.65,9724515.0,2024-11-03,0.0,N,0,,,2024-11-03,paid,9776345.0,,51830.0
INV-2410-0089,B139,DEU,2024-10-20,DA,90,EUR,5180.0,5622.38,1486.62,7700692.0,2025-01-18,0.0,Y,0,,,2025-01-21,paid,7749280.0,,48588.0
INV-2410-0090,B139,DEU,2024-10-20,DA,90,EUR,33850.0,36740.84,1486.62,50322087.0,2025-01-18,0.0,Y,0,,,2025-04-12,paid,52634769.0,,2312682.0
INV-2410-0091,B077,VNM,2024-10-21,DP,0,USD,5860.0,5860.0,1379.14,8081760.0,2024-10-31,0.0,N,0,,,2024-10-31,paid,8072560.0,,-9200.0
INV-2410-0092,B084,POL,2024-10-21,OA,90,EUR,6890.0,7454.98,1492.23,10281465.0,2025-01-19,0.0,N,0,,,2025-02-05,paid,10354361.0,,72896.0
INV-2410-0093,B125,MEX,2024-10-21,DA,60,USD,8790.0,8790.0,1379.14,12122641.0,2024-12-20,0.0,Y,0,,,2024-12-14,paid,12612068.0,,489427.0
INV-2410-0094,B127,VNM,2024-10-21,DP,0,USD,22630.0,22630.0,1379.14,31209938.0,2024-11-01,0.0,N,0,,,2024-11-01,paid,31160378.0,,-49560.0
INV-2410-0095,B018,NLD,2024-10-22,OA,30,EUR,3060.0,3306.34,1490.25,4560165.0,2024-11-21,0.0,Y,1,QUANTITY,,2024-11-22,paid,4472404.0,,-87761.0
INV-2410-0096,B053,DEU,2024-10-23,OA,60,EUR,2120.0,2285.15,1489.24,3157189.0,2024-12-22,0.0,N,0,,,2024-12-28,paid,3249112.0,,91923.0
INV-2410-0097,B092,POL,2024-10-23,TT_SPLIT_30_70,30,EUR,1640.0,1767.76,1489.24,2442354.0,2024-11-22,0.3,N,0,,,2024-11-19,paid,2421955.0,,-20399.0
INV-2410-0098,B145,GBR,2024-10-23,TT_ADV,0,USD,2830.0,2830.0,1381.61,3909956.0,2024-10-23,1.0,N,0,,,2024-10-11,paid,3822509.0,,-87447.0
INV-2410-0099,B137,ARE,2024-10-24,TT_ADV,0,USD,16140.0,16140.0,1382.11,22307255.0,2024-10-24,1.0,N,0,,,2024-10-06,paid,21768664.0,,-538591.0
INV-2410-0100,B001,NLD,2024-10-25,OA,90,EUR,11550.0,12489.05,1502.19,17350294.0,2025-01-23,0.0,N,0,,,2025-01-23,paid,17261822.0,,-88472.0
INV-2410-0101,B140,USA,2024-10-25,OA,60,USD,4060.0,4060.0,1389.24,5640314.0,2024-12-24,0.0,Y,0,,,2024-12-21,paid,5864751.0,,224437.0
INV-2410-0102,B047,MEX,2024-10-26,OA,90,USD,20620.0,20620.0,1389.24,28646129.0,2025-01-24,0.0,Y,0,,,2025-01-21,paid,29595680.0,,949551.0
INV-2410-0103,B044,THA,2024-10-27,DA,90,USD,1040.0,1040.0,1389.24,1444810.0,2025-01-25,0.0,N,0,,,2025-01-30,paid,1499846.0,,55036.0
INV-2410-0104,B064,USA,2024-10-27,TT_SPLIT_30_70,30,USD,53020.0,53020.0,1389.24,73657505.0,2024-11-26,0.3,Y,0,,,2024-11-26,paid,73812641.0,,155136.0
INV-2410-0105,B077,VNM,2024-10-27,TT_ADV,0,USD,5630.0,5630.0,1389.24,7821421.0,2024-10-27,1.0,N,0,,,2024-10-16,paid,7677969.0,,-143452.0
INV-2410-0106,B080,JPN,2024-10-27,OA,60,JPY,2345000.0,15419.47,9.1349,21421340.0,2024-12-26,0.0,Y,0,,,2024-12-26,paid,21781298.0,,359958.0
INV-2410-0107,B084,POL,2024-10-27,OA,90,EUR,17160.0,18555.17,1502.19,25777580.0,2025-01-25,0.0,N,1,DOCS,,2025-03-08,paid,25865000.0,,87420.0
INV-2410-0108,B092,POL,2024-10-27,TT_SPLIT_30_70,30,EUR,1470.0,1589.52,1502.19,2208219.0,2024-11-26,0.3,N,0,,,2024-11-26,paid,2150707.0,,-57512.0
INV-2410-0109,B127,VNM,2024-10-27,DP,0,USD,13620.0,13620.0,1389.24,18921449.0,2024-11-09,0.0,N,0,,,2024-11-11,paid,19022918.0,,101469.0
INV-2410-0110,B017,EGY,2024-10-28,OA,90,USD,6790.0,6790.0,1385.57,9408020.0,2025-01-26,0.0,N,0,,,2025-01-26,paid,9704064.0,,296044.0
INV-2410-0111,B022,IDN,2024-10-28,OA,90,USD,29370.0,29370.0,1385.57,40694191.0,2025-01-26,0.0,Y,0,,,2025-01-26,paid,41974723.0,,1280532.0
INV-2410-0112,B029,CHN,2024-10-28,TT_ADV,0,USD,6580.0,6580.0,1385.57,9117051.0,2024-10-28,1.0,N,0,,,2024-10-01,paid,8710472.0,,-406579.0
INV-2410-0113,B037,SAU,2024-10-28,DA,90,USD,8030.0,8030.0,1385.57,11126127.0,2025-01-26,0.0,Y,0,,,2025-01-12,paid,11831081.0,,704954.0
INV-2410-0114,B116,GBR,2024-10-28,OA,60,USD,8620.0,8620.0,1385.57,11943613.0,2024-12-27,0.0,Y,0,,,2024-12-27,paid,12657065.0,,713452.0
INV-2410-0115,B026,THA,2024-10-29,OA,60,USD,4550.0,4550.0,1382.2,6289010.0,2024-12-28,0.0,Y,1,PRICE,,2024-12-18,paid,6543492.0,,254482.0
INV-2410-0116,B066,ARE,2024-10-29,DA,60,USD,3210.0,3210.0,1382.2,4436862.0,2024-12-28,0.0,Y,1,DOCS,,2024-12-31,paid,4743931.0,,307069.0
INV-2410-0117,B086,DEU,2024-10-29,OA,90,EUR,9260.0,9998.95,1492.5,13820550.0,2025-01-27,0.0,N,0,,,2025-02-07,paid,13906761.0,,86211.0
INV-2410-0118,B127,VNM,2024-10-29,TT_SPLIT_30_70,30,USD,48550.0,48550.0,1382.2,67105810.0,2024-11-28,0.3,N,0,,,2024-12-08,paid,68013355.0,,907545.0
INV-2410-0119,B031,MEX,2024-10-30,OA,60,USD,28390.0,28390.0,1378.41,39133060.0,2024-12-29,0.0,Y,0,,,2024-12-23,paid,41215466.0,,2082406.0
INV-2410-0120,B067,BRA,2024-10-30,DP,0,USD,16480.0,16480.0,1378.41,22716197.0,2024-11-13,0.0,N,0,,,2024-11-23,paid,23162475.0,,446278.0
INV-2410-0121,B086,DEU,2024-10-30,OA,90,EUR,21990.0,23889.86,1497.5,32930025.0,2025-01-28,0.0,N,0,,,2025-02-16,paid,33206960.0,,276935.0
INV-2411-0001,B024,USA,2024-11-01,OA,30,USD,2620.0,2620.0,1376.95,3607609.0,2024-12-01,0.0,Y,0,,,2025-01-30,paid,3778459.0,,170850.0
INV-2411-0002,B026,THA,2024-11-01,OA,60,USD,4630.0,4630.0,1376.95,6375278.0,2024-12-31,0.0,Y,0,,,2024-12-26,paid,6795266.0,,419988.0
INV-2411-0003,B044,THA,2024-11-01,DA,90,USD,12320.0,12320.0,1376.95,16964024.0,2025-01-30,0.0,N,0,,,2025-02-06,paid,17772497.0,,808473.0
INV-2411-0004,B058,MYS,2024-11-01,OA,30,USD,27230.0,27230.0,1376.95,37494348.0,2024-12-01,0.0,N,0,,,2024-12-10,paid,39009698.0,,1515350.0
INV-2411-0005,B071,TWN,2024-11-01,OA,60,USD,4130.0,4130.0,1376.95,5686804.0,2024-12-31,0.0,Y,1,DOCS,,2024-12-26,paid,6061436.0,,374632.0
INV-2411-0006,B126,GBR,2024-11-01,OA,60,USD,7350.0,7350.0,1376.95,10120582.0,2024-12-31,0.0,N,0,,,2024-12-31,paid,10862271.0,,741689.0
INV-2411-0007,B005,VNM,2024-11-02,OA,90,USD,16710.0,16710.0,1376.95,23008834.0,2025-01-31,0.0,Y,1,QUALITY,,2025-02-04,paid,24246544.0,,1237710.0
INV-2411-0008,B013,CHN,2024-11-02,TT_ADV,0,USD,3570.0,3570.0,1376.95,4915712.0,2024-11-02,1.0,N,0,,,2024-10-25,paid,4959587.0,,43875.0
INV-2411-0009,B031,MEX,2024-11-02,OA,60,USD,44750.0,44750.0,1376.95,61618512.0,2025-01-01,0.0,Y,1,DOCS,,2024-12-29,paid,65800400.0,,4181888.0
INV-2411-0010,B075,DEU,2024-11-02,OA,60,EUR,6220.0,6747.48,1493.72,9290938.0,2025-01-01,0.0,Y,0,,,2024-12-29,paid,9532772.0,,241834.0
INV-2411-0011,B095,EGY,2024-11-02,OA,30,USD,1320.0,1320.0,1376.95,1817574.0,2024-12-02,0.0,Y,0,,,2024-12-07,paid,1877568.0,,59994.0
INV-2411-0012,B001,NLD,2024-11-03,TT_ADV,0,EUR,3020.0,3276.11,1493.72,4511034.0,2024-11-03,1.0,N,0,,,2024-10-13,paid,4463409.0,,-47625.0
INV-2411-0013,B025,DEU,2024-11-03,OA,60,EUR,24660.0,26751.25,1493.72,36835135.0,2025-01-02,0.0,Y,0,,,2024-12-29,paid,37793916.0,,958781.0
INV-2411-0014,B003,IDN,2024-11-04,DA,90,USD,22700.0,22700.0,1375.17,31216359.0,2025-02-02,0.0,N,1,QUALITY,,2025-02-10,paid,32937700.0,,1721341.0
INV-2411-0015,B015,TWN,2024-11-04,DA,90,USD,11890.0,11890.0,1375.17,16350771.0,2025-02-02,0.0,N,0,,,2025-01-27,paid,17048239.0,,697468.0
INV-2411-0016,B033,VNM,2024-11-04,LC_SIGHT,0,USD,13880.0,13880.0,1375.17,19087360.0,2024-11-09,0.0,N,0,,0,2024-11-09,paid,19386057.0,,298697.0
INV-2411-0017,B058,MYS,2024-11-04,OA,30,USD,73150.0,73150.0,1375.17,100593686.0,2024-12-04,0.0,N,0,,,2025-04-27,paid,105510159.0,,4916473.0
INV-2411-0018,B135,TUR,2024-11-04,OA,30,USD,12550.0,12550.0,1375.17,17258384.0,2024-12-04,0.0,Y,0,,,2024-11-18,paid,17498214.0,,239830.0
INV-2411-0019,B150,GBR,2024-11-04,OA,30,USD,6620.0,6620.0,1375.17,9103625.0,2024-12-04,0.0,Y,0,,,2025-05-12,paid,9603987.0,,500362.0
INV-2411-0020,B009,CHN,2024-11-05,DA,90,CNY,247000.0,34764.96,194.27,47984690.0,2025-02-03,0.0,Y,0,,,2025-02-03,paid,49834720.0,,1850030.0
INV-2411-0021,B094,VNM,2024-11-05,OA,90,USD,7060.0,7060.0,1380.26,9744636.0,2025-02-03,0.0,Y,0,,,2025-02-03,paid,10316143.0,,571507.0
INV-2411-0022,B095,EGY,2024-11-05,OA,30,USD,5380.0,5380.0,1380.26,7425799.0,2024-12-05,0.0,Y,0,,,2024-12-09,paid,7693669.0,,267870.0
INV-2411-0023,B132,IDN,2024-11-05,OA,60,USD,6300.0,6300.0,1380.26,8695638.0,2025-01-04,0.0,Y,0,,,2024-12-28,paid,9263520.0,,567882.0
INV-2411-0024,B002,CHN,2024-11-06,OA,60,USD,12090.0,12090.0,1399.98,16925758.0,2025-01-05,0.0,N,1,PRICE,,2025-01-13,paid,17734458.0,,808700.0
INV-2411-0025,B078,VNM,2024-11-06,TT_SPLIT_30_70,30,USD,12720.0,12720.0,1399.98,17807746.0,2024-12-06,0.3,N,0,,,2024-12-03,paid,17976502.0,,168756.0
INV-2411-0026,B106,TUR,2024-11-06,LC_SIGHT,0,USD,42070.0,42070.0,1399.98,58897159.0,2024-11-16,0.0,N,0,,0,2024-11-16,paid,58789459.0,,-107700.0
INV-2411-0027,B120,JPN,2024-11-06,OA,60,JPY,775000.0,5013.6,9.0567,7018942.0,2025-01-05,0.0,N,0,,,2024-12-30,paid,7255782.0,,236840.0
INV-2411-0028,B127,VNM,2024-11-06,DP,0,USD,5330.0,5330.0,1399.98,7461893.0,2024-11-16,0.0,N,0,,,2024-11-16,paid,7448249.0,,-13644.0
INV-2411-0029,B148,ARE,2024-11-06,OA,60,USD,12720.0,12720.0,1399.98,17807746.0,2025-01-05,0.0,N,0,,,2024-12-26,paid,18668635.0,,860889.0
INV-2411-0030,B005,VNM,2024-11-07,OA,90,USD,4100.0,4100.0,1384.66,5677106.0,2025-02-05,0.0,Y,0,,,2025-02-05,paid,5933612.0,,256506.0
INV-2411-0031,B018,NLD,2024-11-07,OA,30,EUR,10980.0,11849.66,1494.33,16407743.0,2024-12-07,0.0,Y,0,,,2024-12-07,paid,16497230.0,,89487.0
INV-2411-0032,B030,TUR,2024-11-07,OA,60,USD,11440.0,11440.0,1384.66,15840510.0,2025-01-06,0.0,N,0,,,2025-01-01,paid,16906718.0,,1066208.0
INV-2411-0033,B087,TWN,2024-11-07,TT_SPLIT_30_70,30,USD,17520.0,17520.0,1384.66,24259243.0,2024-12-07,0.3,Y,0,,,2024-12-07,paid,24681563.0,,422320.0
INV-2411-0034,B064,USA,2024-11-08,TT_ADV,0,USD,17500.0,17500.0,1396.69,24442075.0,2024-11-08,1.0,N,0,,,2024-10-21,paid,24134950.0,,-307125.0
INV-2411-0035,B070,POL,2024-11-08,OA,60,EUR,2410.0,2581.1,1495.85,3604998.0,2025-01-07,0.0,Y,0,,,2025-01-15,paid,3609144.0,,4146.0
INV-2411-0036,B084,POL,2024-11-08,OA,90,EUR,10980.0,11759.54,1495.85,16424433.0,2025-02-06,0.0,N,0,,,2025-03-25,paid,17355868.0,,931435.0
INV-2411-0037,B137,ARE,2024-11-08,TT_ADV,0,USD,11100.0,11100.0,1396.69,15503259.0,2024-11-08,1.0,N,0,,,2024-10-19,paid,15203115.0,,-300144.0
INV-2411-0038,B087,TWN,2024-11-09,TT_SPLIT_30_70,30,USD,20030.0,20030.0,1396.69,27975701.0,2024-12-09,0.3,Y,0,,,2024-12-09,paid,28463211.0,,487510.0
INV-2411-0039,B142,IND,2024-11-09,OA,30,USD,9420.0,9420.0,1396.69,13156820.0,2024-12-09,0.0,Y,0,,,2025-01-12,paid,13879051.0,,722231.0
INV-2411-0040,B003,IDN,2024-11-10,TT_ADV,0,USD,5730.0,5730.0,1396.69,8003034.0,2024-11-10,1.0,N,0,,,2024-10-17,paid,7856288.0,,-146746.0
INV-2411-0041,B018,NLD,2024-11-10,OA,30,EUR,9740.0,10431.51,1495.85,14569579.0,2024-12-10,0.0,Y,0,,,2024-12-10,paid,14667953.0,,98374.0
INV-2411-0042,B117,CHN,2024-11-10,OA,30,USD,3280.0,3280.0,1396.69,4581143.0,2024-12-10,0.0,Y,0,,,2025-01-04,paid,4821789.0,,240646.0
INV-2411-0043,B127,VNM,2024-11-10,DP,0,USD,5190.0,5190.0,1396.69,7248821.0,2024-11-22,0.0,N,0,,,2024-11-22,paid,7294493.0,,45672.0
INV-2411-0044,B025,DEU,2024-11-11,OA,60,EUR,3230.0,3459.32,1495.85,4831596.0,2025-01-10,0.0,Y,0,,,2025-01-10,paid,4872229.0,,40633.0
INV-2411-0045,B107,DEU,2024-11-11,OA,60,EUR,22610.0,24215.23,1495.85,33821168.0,2025-01-10,0.0,Y,0,,,2025-03-27,paid,34044170.0,,223002.0
INV-2411-0046,B140,USA,2024-11-11,OA,60,USD,26280.0,26280.0,1396.69,36705013.0,2025-01-10,0.0,Y,1,QUANTITY,,2025-01-03,paid,38631600.0,,1926587.0
INV-2411-0047,B013,CHN,2024-11-12,TT_ADV,0,USD,10150.0,10150.0,1408.28,14294042.0,2024-11-12,1.0,N,0,,,2024-10-21,paid,13998271.0,,-295771.0
INV-2411-0048,B018,NLD,2024-11-12,OA,30,EUR,10530.0,11159.73,1492.5,15716025.0,2024-12-12,0.0,Y,0,,,2024-12-12,paid,15825958.0,,109933.0
INV-2411-0049,B112,MEX,2024-11-12,TT_SPLIT_30_70,30,USD,17430.0,17430.0,1408.28,24546320.0,2024-12-12,0.3,N,0,,,2024-11-24,paid,24365763.0,,-180557.0
INV-2411-0050,B127,VNM,2024-11-12,DP,0,USD,76300.0,76300.0,1408.28,107451764.0,2024-11-23,0.0,N,0,,,2024-11-23,paid,107238887.0,,-212877.0
INV-2411-0051,B143,MYS,2024-11-13,OA,30,USD,14240.0,14240.0,1404.24,19996378.0,2024-12-13,0.0,Y,0,,,2024-12-03,paid,20332299.0,,335921.0
INV-2411-0052,B036,VNM,2024-11-14,TT_SPLIT_30_70,30,USD,5970.0,5970.0,1402.77,8374537.0,2024-12-14,0.3,N,0,,,2024-12-24,paid,8557535.0,,182998.0
INV-2411-0053,B066,ARE,2024-11-14,DA,60,USD,13860.0,13860.0,1402.77,19442392.0,2025-01-13,0.0,Y,0,,,2025-01-07,paid,20130541.0,,688149.0
INV-2411-0054,B096,USA,2024-11-14,OA,90,USD,11470.0,11470.0,1402.77,16089772.0,2025-02-12,0.0,Y,1,PRICE,,2025-01-24,paid,16392580.0,,302808.0
INV-2411-0055,B036,VNM,2024-11-15,TT_ADV,0,USD,3990.0,3990.0,1397.42,5575706.0,2024-11-15,1.0,N,0,,,2024-11-01,paid,5494030.0,,-81676.0
INV-2411-0056,B050,USA,2024-11-15,OA,60,USD,10720.0,10720.0,1397.42,14980342.0,2025-01-14,0.0,Y,0,,,2025-01-14,paid,15645840.0,,665498.0
INV-2411-0057,B069,ARE,2024-11-15,OA,60,USD,5930.0,5930.0,1397.42,8286701.0,2025-01-14,0.0,N,0,,,,written_off,,,
INV-2411-0058,B086,DEU,2024-11-15,OA,90,EUR,1920.0,2025.99,1474.56,2831155.0,2025-02-13,0.0,N,0,,,2025-02-16,paid,2902272.0,,71117.0
INV-2411-0059,B116,GBR,2024-11-15,OA,60,USD,6490.0,6490.0,1397.42,9069256.0,2025-01-14,0.0,Y,1,DOCS,,2024-12-27,paid,9542896.0,,473640.0
INV-2411-0060,B058,MYS,2024-11-16,OA,30,USD,12550.0,12550.0,1397.42,17537621.0,2024-12-16,0.0,N,0,,,2025-04-27,paid,18081036.0,,543415.0
INV-2411-0061,B019,USA,2024-11-17,DA,90,USD,1650.0,1650.0,1397.42,2305743.0,2025-02-15,0.0,Y,0,,,2025-02-15,paid,2375818.0,,70076.0
INV-2411-0062,B032,EGY,2024-11-17,OA,30,USD,130730.0,130730.0,1397.42,182684717.0,2024-12-17,0.0,Y,0,,,2025-02-11,paid,189860486.0,,7175769.0
INV-2411-0063,B044,THA,2024-11-17,DA,90,USD,11860.0,11860.0,1397.42,16573401.0,2025-02-15,0.0,N,0,,,2025-02-15,paid,17077095.0,,503694.0
INV-2411-0064,B058,MYS,2024-11-17,OA,30,USD,7800.0,7800.0,1397.42,10899876.0,2024-12-17,0.0,N,0,,,2025-04-27,paid,11237616.0,,337740.0
INV-2411-0065,B075,DEU,2024-11-17,OA,60,EUR,19810.0,20903.55,1474.56,29211034.0,2025-01-16,0.0,Y,0,,,2025-01-12,paid,29881998.0,,670964.0
INV-2411-0066,B086,DEU,2024-11-17,OA,90,EUR,15060.0,15891.34,1474.56,22206874.0,2025-02-15,0.0,N,0,,,2025-02-25,paid,22683994.0,,477120.0
INV-2411-0067,B096,USA,2024-11-17,OA,90,USD,45490.0,45490.0,1397.42,63568636.0,2025-02-15,0.0,Y,0,,,2025-02-14,paid,65500596.0,,1931960.0
INV-2411-0068,B096,USA,2024-11-17,OA,90,USD,1950.0,1950.0,1397.42,2724969.0,2025-02-15,0.0,Y,0,,,2025-02-15,paid,2807786.0,,82816.0
INV-2411-0069,B106,TUR,2024-11-17,LC_SIGHT,0,USD,2970.0,2970.0,1397.42,4150337.0,2024-11-25,0.0,N,0,,0,2024-11-25,paid,4161059.0,,10722.0
INV-2411-0070,B122,JPN,2024-11-17,DA,60,JPY,2641000.0,17083.85,9.0395,23873320.0,2025-01-16,0.0,N,0,,,2025-01-16,paid,24740888.0,,867568.0
INV-2411-0071,B142,IND,2024-11-17,OA,30,USD,13930.0,13930.0,1397.42,19466061.0,2024-12-17,0.0,Y,0,,,2025-02-11,paid,20351594.0,,885533.0
INV-2411-0072,B070,POL,2024-11-18,OA,60,EUR,8680.0,9188.62,1475.98,12811506.0,2025-01-17,0.0,Y,0,,,2025-01-17,paid,13010105.0,,198599.0
INV-2411-0073,B086,DEU,2024-11-18,OA,90,EUR,6550.0,6933.81,1475.98,9667669.0,2025-02-16,0.0,N,0,,,2025-03-08,paid,10227376.0,,559707.0
INV-2411-0074,B110,USA,2024-11-18,OA,90,USD,21820.0,21820.0,1394.28,30423190.0,2025-02-16,0.0,Y,1,PRICE,,2025-02-19,paid,31423758.0,,1000568.0
INV-2411-0075,B028,JPN,2024-11-19,OA,90,JPY,6722000.0,43553.07,9.0244,60662017.0,2025-02-17,0.0,Y,1,QUANTITY,,2025-02-17,paid,63572643.0,,2910626.0
INV-2411-0076,B040,IND,2024-11-19,LC_USANCE,90,USD,4940.0,4940.0,1392.83,6880580.0,2025-02-17,0.0,N,0,,0,2025-02-17,paid,7113057.0,,232477.0
INV-2411-0077,B010,POL,2024-11-20,TT_ADV,0,EUR,4070.0,4282.03,1472.42,5992749.0,2024-11-20,1.0,N,0,,,2024-11-01,paid,6079440.0,,86691.0
INV-2411-0078,B031,MEX,2024-11-20,OA,60,USD,11740.0,11740.0,1399.51,16430247.0,2025-01-19,0.0,Y,1,DOCS,,2025-01-13,paid,17221054.0,,790807.0
INV-2411-0079,B040,IND,2024-11-20,LC_USANCE,90,USD,5900.0,5900.0,1399.51,8257109.0,2025-02-18,0.0,N,0,,0,2025-02-18,paid,8489097.0,,231988.0
INV-2411-0080,B089,NGA,2024-11-20,LC_SIGHT,0,USD,6790.0,6790.0,1399.51,9502673.0,2024-11-25,0.0,N,0,,0,2024-11-25,paid,9512994.0,,10321.0
INV-2411-0081,B104,MEX,2024-11-20,OA,60,USD,14680.0,14680.0,1399.51,20544807.0,2025-01-19,0.0,Y,1,PRICE,,2025-01-19,paid,21389347.0,,844540.0
INV-2411-0082,B110,USA,2024-11-20,OA,90,USD,9170.0,9170.0,1399.51,12833507.0,2025-02-18,0.0,Y,0,,,2025-02-19,paid,13214520.0,,381013.0
INV-2411-0083,B143,MYS,2024-11-20,OA,30,USD,8550.0,8550.0,1399.51,11965810.0,2024-12-20,0.0,Y,0,,,2024-12-14,paid,12267711.0,,301901.0
INV-2411-0084,B012,IDN,2024-11-21,DP,0,USD,23890.0,23890.0,1401.0,33469890.0,2024-12-03,0.0,N,0,,,2024-12-03,paid,34110859.0,,640969.0
INV-2411-0085,B049,ARE,2024-11-21,DA,90,USD,7650.0,7650.0,1401.0,10717650.0,2025-02-19,0.0,N,0,,,2025-03-02,paid,11161656.0,,444006.0
INV-2411-0086,B056,USA,2024-11-21,OA,90,USD,8840.0,8840.0,1401.0,12384840.0,2025-02-19,0.0,Y,0,,,2025-02-19,paid,12738970.0,,354130.0
INV-2411-0087,B058,MYS,2024-11-21,TT_SPLIT_30_70,30,USD,32330.0,32330.0,1401.0,45294330.0,2024-12-21,0.3,N,0,,,2025-04-27,paid,46034752.0,,740422.0
INV-2411-0088,B101,IND,2024-11-21,DA,60,USD,13070.0,13070.0,1401.0,18311070.0,2025-01-20,0.0,Y,0,,,2025-01-20,paid,19043513.0,,732443.0
INV-2411-0089,B119,IND,2024-11-21,DA,90,USD,9860.0,9860.0,1401.0,13813860.0,2025-02-19,0.0,Y,0,,,2025-03-20,paid,14415455.0,,601595.0
INV-2411-0090,B137,ARE,2024-11-21,TT_ADV,0,USD,1230.0,1230.0,1401.0,1723230.0,2024-11-21,1.0,N,0,,,2024-10-29,paid,1700106.0,,-23124.0
INV-2411-0091,B029,CHN,2024-11-22,OA,60,USD,5020.0,5020.0,1405.49,7055560.0,2025-01-21,0.0,Y,0,,,2025-01-18,paid,7314341.0,,258781.0
INV-2411-0092,B040,IND,2024-11-22,LC_USANCE,90,USD,7670.0,7670.0,1405.49,10780108.0,2025-02-20,0.0,N,0,,0,2025-02-20,paid,11004226.0,,224118.0
INV-2411-0093,B136,DEU,2024-11-22,DA,90,EUR,7740.0,8048.83,1461.57,11312552.0,2025-02-20,0.0,Y,1,DOCS,,2025-04-03,paid,12408381.0,,1095829.0
INV-2411-0094,B142,IND,2024-11-22,OA,30,USD,14470.0,14470.0,1405.49,20337440.0,2024-12-22,0.0,Y,0,,,2025-02-20,paid,20865150.0,,527710.0
INV-2411-0095,B144,TUR,2024-11-22,OA,60,USD,12160.0,12160.0,1405.49,17090758.0,2025-01-21,0.0,N,0,,,2025-01-17,paid,17717606.0,,626848.0
INV-2411-0096,B145,GBR,2024-11-22,TT_SPLIT_30_70,30,USD,14860.0,14860.0,1405.49,20885581.0,2024-12-22,0.3,N,0,,,2024-12-22,paid,21252341.0,,366760.0
INV-2411-0097,B011,IND,2024-11-23,LC_SIGHT,0,USD,16750.0,16750.0,1405.49,23541958.0,2024-11-30,0.0,N,0,,0,2024-11-30,paid,23399582.0,,-142376.0
INV-2411-0098,B026,THA,2024-11-23,OA,60,USD,10060.0,10060.0,1405.49,14139229.0,2025-01-22,0.0,Y,0,,,2025-01-03,paid,14788200.0,,648971.0
INV-2411-0099,B049,ARE,2024-11-23,DA,90,USD,14010.0,14010.0,1405.49,19690915.0,2025-02-21,0.0,N,0,,,2025-03-17,paid,20274063.0,,583148.0
INV-2411-0100,B066,ARE,2024-11-23,DA,60,USD,17740.0,17740.0,1405.49,24933393.0,2025-01-22,0.0,Y,0,,,2025-01-16,paid,25832278.0,,898885.0
INV-2411-0101,B015,TWN,2024-11-24,DA,90,USD,10920.0,10920.0,1405.49,15347951.0,2025-02-22,0.0,N,1,DOCS,,2025-02-08,paid,15877352.0,,529401.0
INV-2411-0102,B026,THA,2024-11-24,OA,60,USD,36480.0,36480.0,1405.49,51272275.0,2025-01-23,0.0,Y,0,,,2025-01-22,paid,53281246.0,,2008971.0
INV-2411-0103,B047,MEX,2024-11-24,OA,90,USD,39180.0,39180.0,1405.49,55067098.0,2025-02-22,0.0,Y,1,QUALITY,,2025-03-17,paid,56770826.0,,1703728.0
INV-2411-0104,B117,CHN,2024-11-24,OA,30,USD,34500.0,34500.0,1405.49,48489405.0,2024-12-24,0.0,Y,0,,,2025-01-28,paid,50185926.0,,1696521.0
INV-2411-0105,B121,IND,2024-11-24,DA,90,USD,1370.0,1370.0,1405.49,1925521.0,2025-02-22,0.0,Y,0,,,2025-02-16,paid,1972649.0,,47128.0
INV-2411-0106,B144,TUR,2024-11-24,OA,60,USD,8600.0,8600.0,1405.49,12087214.0,2025-01-23,0.0,N,0,,,2025-01-18,paid,12530544.0,,443330.0
INV-2411-0107,B023,IDN,2024-11-25,DA,90,USD,13820.0,13820.0,1401.03,19362235.0,2025-02-23,0.0,Y,0,,,2025-02-22,paid,19818709.0,,456474.0
INV-2411-0108,B053,DEU,2024-11-25,TT_ADV,0,EUR,16730.0,17529.7,1468.0,24559640.0,2024-11-25,1.0,N,0,,,2024-10-31,paid,25017206.0,,457566.0
INV-2411-0109,B120,JPN,2024-11-25,TT_SPLIT_30_70,30,JPY,745000.0,4828.57,9.0805,6764973.0,2024-12-25,0.3,N,0,,,2024-12-23,paid,6841335.0,,76362.0
INV-2411-0110,B126,GBR,2024-11-25,OA,60,USD,12600.0,12600.0,1401.03,17652978.0,2025-01-24,0.0,N,0,,,2025-01-22,paid,18090702.0,,437724.0
INV-2411-0111,B140,USA,2024-11-25,OA,60,USD,18900.0,18900.0,1401.03,26479467.0,2025-01-24,0.0,Y,0,,,2025-01-17,paid,27538056.0,,1058589.0
INV-2411-0112,B005,VNM,2024-11-26,OA,90,USD,19010.0,19010.0,1396.69,26551077.0,2025-02-24,0.0,Y,0,,,2025-03-07,paid,27578581.0,,1027504.0
INV-2411-0113,B036,VNM,2024-11-26,TT_SPLIT_30_70,30,USD,11640.0,11640.0,1396.69,16257472.0,2024-12-26,0.3,N,0,,,2025-02-08,paid,16768374.0,,510902.0
INV-2411-0114,B073,BRA,2024-11-26,OA,30,USD,10760.0,10760.0,1396.69,15028384.0,2024-12-26,0.0,N,0,,,2024-12-07,paid,15305024.0,,276640.0
INV-2411-0115,B084,POL,2024-11-26,OA,90,EUR,21210.0,22230.19,1463.87,31048683.0,2025-02-24,0.0,N,0,,,2025-04-14,paid,34127992.0,,3079309.0
INV-2411-0116,B120,JPN,2024-11-26,TT_ADV,0,JPY,1688000.0,10997.52,9.0996,15360125.0,2024-11-26,1.0,N,0,,,2024-11-15,paid,15258676.0,,-101449.0
INV-2411-0117,B137,ARE,2024-11-26,TT_SPLIT_30_70,30,USD,30210.0,30210.0,1396.69,42194005.0,2024-12-26,0.3,N,0,,,2025-02-24,paid,42937522.0,,743517.0
INV-2411-0118,B011,IND,2024-11-27,LC_SIGHT,0,USD,57680.0,57680.0,1391.14,80240955.0,2024-12-04,0.0,N,0,,0,2024-12-04,paid,81453389.0,,1212434.0
INV-2411-0119,B029,CHN,2024-11-27,OA,60,USD,7250.0,7250.0,1391.14,10085765.0,2025-01-26,0.0,Y,0,,,2025-01-24,paid,10361482.0,,275718.0
INV-2411-0120,B033,VNM,2024-11-27,LC_SIGHT,0,USD,3900.0,3900.0,1391.14,5425446.0,2024-12-05,0.0,N,0,,0,2024-12-05,paid,5521932.0,,96486.0
INV-2411-0121,B087,TWN,2024-11-27,TT_SPLIT_30_70,30,USD,13680.0,13680.0,1391.14,19030795.0,2024-12-27,0.3,Y,0,,,2024-12-22,paid,19489718.0,,458923.0
INV-2411-0122,B105,JPN,2024-11-27,OA,60,JPY,4433000.0,29418.01,9.2318,40924569.0,2025-01-26,0.0,Y,0,,,2025-01-14,paid,40962250.0,,37681.0
INV-2411-0123,B109,VNM,2024-11-27,OA,30,USD,65980.0,65980.0,1391.14,91787417.0,2024-12-27,0.0,Y,0,,,2024-12-27,paid,97016992.0,,5229575.0
INV-2411-0124,B007,NLD,2024-11-28,OA,90,EUR,9070.0,9591.52,1471.13,13343149.0,2025-02-26,0.0,Y,0,,,2025-02-24,paid,13587858.0,,244709.0
INV-2411-0125,B066,ARE,2024-11-28,DA,60,USD,31460.0,31460.0,1391.14,43765264.0,2025-01-27,0.0,Y,0,,,2025-01-22,paid,45169324.0,,1404060.0
INV-2411-0126,B097,SAU,2024-11-28,OA,30,USD,142050.0,142050.0,1391.14,197611437.0,2024-12-28,0.0,Y,0,,,2024-12-25,paid,207017988.0,,9406551.0
INV-2411-0127,B142,IND,2024-11-28,OA,30,USD,13200.0,13200.0,1391.14,18363048.0,2024-12-28,0.0,Y,0,,,2025-03-08,paid,19073574.0,,710526.0
INV-2411-0128,B019,USA,2024-11-29,DA,90,USD,10740.0,10740.0,1396.99,15003673.0,2025-02-27,0.0,Y,0,,,2025-02-16,paid,15464419.0,,460746.0
INV-2411-0129,B061,IND,2024-11-29,DA,60,USD,2330.0,2330.0,1396.99,3254987.0,2025-01-28,0.0,N,0,,,2025-01-24,paid,3329966.0,,74979.0
INV-2411-0130,B066,ARE,2024-11-29,DA,60,USD,7910.0,7910.0,1396.99,11050191.0,2025-01-28,0.0,Y,0,,,2025-01-26,paid,11304735.0,,254544.0
INV-2411-0131,B069,ARE,2024-11-29,OA,60,USD,1390.0,1390.0,1396.99,1941816.0,2025-01-28,0.0,N,1,PRICE,,,written_off,,,
INV-2411-0132,B070,POL,2024-11-29,TT_ADV,0,EUR,4580.0,4830.54,1473.41,6748218.0,2024-11-29,1.0,N,0,,,2024-11-03,paid,6841238.0,,93020.0
INV-2411-0133,B086,DEU,2024-11-29,OA,90,EUR,13770.0,14523.26,1473.41,20288856.0,2025-02-27,0.0,N,0,,,2025-03-24,paid,21709491.0,,1420635.0
INV-2411-0134,B145,GBR,2024-11-29,TT_ADV,0,USD,10730.0,10730.0,1396.99,14989703.0,2024-11-29,1.0,N,0,,,2024-11-18,paid,14960624.0,,-29079.0
INV-2411-0135,B148,ARE,2024-11-29,OA,60,USD,40280.0,40280.0,1396.99,56270757.0,2025-01-28,0.0,N,1,QUANTITY,,2025-02-03,paid,58857539.0,,2586782.0
INV-2411-0136,B015,TWN,2024-11-30,DA,90,USD,18210.0,18210.0,1396.99,25439188.0,2025-02-28,0.0,N,0,,,2025-02-22,paid,26259376.0,,820188.0
INV-2411-0137,B036,VNM,2024-11-30,TT_ADV,0,USD,22350.0,22350.0,1396.99,31222726.0,2024-11-30,1.0,N,0,,,2024-11-10,paid,31216022.0,,-6704.0
INV-2411-0138,B049,ARE,2024-11-30,DA,90,USD,7230.0,7230.0,1396.99,10100238.0,2025-02-28,0.0,N,0,,,2025-03-17,paid,10445253.0,,345015.0
INV-2411-0139,B140,USA,2024-11-30,OA,60,USD,4940.0,4940.0,1396.99,6901131.0,2025-01-29,0.0,Y,0,,,2025-01-24,paid,7060100.0,,158969.0
INV-2412-0001,B054,NLD,2024-12-01,OA,30,EUR,51560.0,54380.5,1473.41,75969020.0,2024-12-31,0.0,Y,0,,,2025-03-08,paid,81144612.0,,5175592.0
INV-2412-0002,B066,ARE,2024-12-01,TT_ADV,0,USD,19540.0,19540.0,1396.99,27297185.0,2024-12-01,1.0,N,0,,,2024-11-02,paid,26905603.0,,-391582.0
INV-2412-0003,B127,VNM,2024-12-01,DP,0,USD,26910.0,26910.0,1396.99,37593001.0,2024-12-13,0.0,N,0,,,2024-12-13,paid,38611006.0,,1018005.0
INV-2412-0004,B061,IND,2024-12-02,DA,60,USD,4760.0,4760.0,1406.13,6693179.0,2025-01-31,0.0,N,0,,,2025-01-28,paid,6843042.0,,149863.0
INV-2412-0005,B075,DEU,2024-12-02,OA,60,EUR,11940.0,12517.92,1474.19,17601829.0,2025-01-31,0.0,Y,0,,,2025-01-31,paid,18053399.0,,451570.0
INV-2412-0006,B115,CHN,2024-12-02,DA,60,CNY,26000.0,3575.69,193.38,5027880.0,2025-01-31,0.0,Y,1,PRICE,,2025-01-31,paid,5219500.0,,191620.0
INV-2412-0007,B139,DEU,2024-12-02,DA,90,EUR,17890.0,18755.92,1474.19,26373259.0,2025-03-02,0.0,Y,0,,,2025-04-12,paid,28745294.0,,2372035.0
INV-2412-0008,B143,MYS,2024-12-02,OA,30,USD,10920.0,10920.0,1406.13,15354940.0,2025-01-01,0.0,Y,0,,,2024-12-17,paid,15679691.0,,324751.0
INV-2412-0009,B004,EGY,2024-12-03,LC_SIGHT,0,USD,1530.0,1530.0,1427.83,2184580.0,2024-12-09,0.0,N,0,,0,2024-12-09,paid,2187976.0,,3396.0
INV-2412-0010,B066,ARE,2024-12-03,DA,60,USD,3270.0,3270.0,1427.83,4669004.0,2025-02-01,0.0,Y,0,,,2025-01-26,paid,4673386.0,,4382.0
INV-2412-0011,B110,USA,2024-12-03,OA,90,USD,8070.0,8070.0,1427.83,11522588.0,2025-03-03,0.0,Y,0,,,2025-02-19,paid,11629354.0,,106766.0
INV-2412-0012,B144,TUR,2024-12-03,OA,60,USD,14530.0,14530.0,1427.83,20746370.0,2025-02-01,0.0,N,0,,,2025-05-28,paid,20188176.0,,-558194.0
INV-2412-0013,B056,USA,2024-12-04,OA,90,USD,18210.0,18210.0,1412.16,25715434.0,2025-03-04,0.0,Y,1,QUALITY,,2025-03-22,paid,26635039.0,,919605.0
INV-2412-0014,B129,CHN,2024-12-04,OA,30,USD,2780.0,2780.0,1412.16,3925805.0,2025-01-03,0.0,Y,0,,,2025-01-03,paid,4086600.0,,160795.0
INV-2412-0015,B020,SAU,2024-12-05,TT_SPLIT_30_70,30,USD,11860.0,11860.0,1415.88,16792337.0,2025-01-04,0.3,Y,0,,,2025-01-14,paid,17043389.0,,251052.0
INV-2412-0016,B033,VNM,2024-12-05,LC_SIGHT,0,USD,11050.0,11050.0,1415.88,15645474.0,2024-12-14,0.0,N,0,,0,2024-12-14,paid,15854761.0,,209287.0
INV-2412-0017,B038,DEU,2024-12-05,TT_ADV,0,EUR,7240.0,7653.42,1496.73,10836325.0,2024-12-05,1.0,N,0,,,2024-11-24,paid,10581767.0,,-254558.0
INV-2412-0018,B066,ARE,2024-12-05,DA,60,USD,11510.0,11510.0,1415.88,16296779.0,2025-02-03,0.0,Y,0,,,2025-02-02,paid,16733929.0,,437150.0
INV-2412-0019,B087,TWN,2024-12-05,TT_ADV,0,USD,13680.0,13680.0,1415.88,19369238.0,2024-12-05,1.0,N,0,,,2024-11-08,paid,19106719.0,,-262519.0
INV-2412-0020,B096,USA,2024-12-05,OA,90,USD,37830.0,37830.0,1415.88,53562740.0,2025-03-05,0.0,Y,0,,,2025-03-04,paid,55173542.0,,1610802.0
INV-2412-0021,B115,CHN,2024-12-05,DA,60,CNY,137800.0,18991.93,195.14,26890292.0,2025-02-03,0.0,Y,1,DOCS,,2025-02-12,paid,27404286.0,,513994.0
INV-2412-0022,B139,DEU,2024-12-05,DA,90,EUR,5660.0,5983.2,1496.73,8471492.0,2025-03-05,0.0,Y,0,,,2025-04-12,paid,9094375.0,,622883.0
INV-2412-0023,B140,USA,2024-12-05,OA,60,USD,17330.0,17330.0,1415.88,24537200.0,2025-02-03,0.0,Y,0,,,2025-02-03,paid,25306011.0,,768811.0
INV-2412-0024,B146,BRA,2024-12-05,OA,60,USD,14550.0,14550.0,1415.88,20601054.0,2025-02-03,0.0,N,1,PRICE,,2025-02-04,paid,21112341.0,,511287.0
INV-2412-0025,B148,ARE,2024-12-05,OA,60,USD,43510.0,43510.0,1415.88,61604939.0,2025-02-03,0.0,N,0,,,2025-02-03,paid,63577247.0,,1972308.0
INV-2412-0026,B047,MEX,2024-12-06,OA,90,USD,3420.0,3420.0,1422.4,4864608.0,2025-03-06,0.0,Y,1,QUANTITY,,2025-03-17,paid,4940908.0,,76300.0
INV-2412-0027,B053,DEU,2024-12-06,OA,60,EUR,18660.0,19710.54,1502.48,28036277.0,2025-02-04,0.0,N,0,,,2025-02-02,paid,28214107.0,,177830.0
INV-2412-0028,B082,JPN,2024-12-06,OA,60,JPY,3426000.0,22873.56,9.4966,32535352.0,2025-02-04,0.0,Y,0,,,2025-02-09,paid,32923175.0,,387823.0
INV-2412-0029,B093,NGA,2024-12-06,OA,30,USD,34940.0,34940.0,1422.4,49698656.0,2025-01-05,0.0,Y,0,,,2024-12-29,paid,51375776.0,,1677120.0
INV-2412-0030,B107,DEU,2024-12-06,OA,60,EUR,9500.0,10034.84,1502.48,14273560.0,2025-02-04,0.0,Y,0,,,2025-03-27,paid,15019595.0,,746035.0
INV-2412-0031,B113,JPN,2024-12-06,OA,90,JPY,1215000.0,8111.9,9.4966,11538369.0,2025-03-06,0.0,Y,0,,,2025-03-03,paid,11785014.0,,246645.0
INV-2412-0032,B048,CHN,2024-12-07,TT_ADV,0,USD,26140.0,26140.0,1422.4,37181536.0,2024-12-07,1.0,N,0,,,2024-11-17,paid,36528559.0,,-652977.0
INV-2412-0033,B127,VNM,2024-12-07,DP,0,USD,42390.0,42390.0,1422.4,60295536.0,2024-12-17,0.0,N,0,,,2024-12-17,paid,60878822.0,,583286.0
INV-2412-0034,B132,IDN,2024-12-07,OA,60,USD,8270.0,8270.0,1422.4,11763248.0,2025-02-05,0.0,Y,0,,,2025-01-30,paid,11926663.0,,163415.0
INV-2412-0035,B001,NLD,2024-12-08,OA,90,EUR,4540.0,4795.6,1502.48,6821259.0,2025-03-08,0.0,N,0,,,2025-03-09,paid,7035653.0,,214394.0
INV-2412-0036,B033,VNM,2024-12-08,LC_SIGHT,0,USD,35750.0,35750.0,1422.4,50850800.0,2024-12-16,0.0,N,0,,0,2024-12-16,paid,51403495.0,,552695.0
INV-2412-0037,B047,MEX,2024-12-08,OA,90,USD,11660.0,11660.0,1422.4,16585184.0,2025-03-08,0.0,Y,0,,,2025-03-19,paid,16904963.0,,319779.0
INV-2412-0038,B084,POL,2024-12-08,OA,90,EUR,4350.0,4594.9,1502.48,6535788.0,2025-03-08,0.0,N,0,,,2025-04-14,paid,7028469.0,,492681.0
INV-2412-0039,B086,DEU,2024-12-08,OA,90,EUR,12020.0,12696.72,1502.48,18059810.0,2025-03-08,0.0,N,0,,,2025-03-24,paid,19032228.0,,972418.0
INV-2412-0040,B087,TWN,2024-12-08,TT_ADV,0,USD,28050.0,28050.0,1422.4,39898320.0,2024-12-08,1.0,N,0,,,2024-11-15,paid,39197631.0,,-700689.0
INV-2412-0041,B113,JPN,2024-12-08,OA,90,JPY,2663000.0,17779.42,9.4966,25289446.0,2025-03-08,0.0,Y,0,,,2025-03-08,paid,26231882.0,,942436.0
INV-2412-0042,B117,CHN,2024-12-08,OA,30,USD,2890.0,2890.0,1422.4,4110736.0,2025-01-07,0.0,Y,1,PRICE,,2025-01-28,paid,4180154.0,,69418.0
INV-2412-0043,B125,MEX,2024-12-08,DA,60,USD,2110.0,2110.0,1422.4,3001264.0,2025-02-06,0.0,Y,0,,,2025-01-27,paid,3025381.0,,24117.0
INV-2412-0044,B132,IDN,2024-12-08,OA,60,USD,11640.0,11640.0,1422.4,16556736.0,2025-02-06,0.0,Y,1,PRICE,,2025-02-03,paid,16944286.0,,387550.0
INV-2412-0045,B028,JPN,2024-12-09,OA,90,JPY,1856000.0,12271.88,9.4555,17549408.0,2025-03-09,0.0,Y,1,QUALITY,,2025-03-03,paid,17936611.0,,387203.0
INV-2412-0046,B029,CHN,2024-12-09,OA,60,USD,15270.0,15270.0,1430.05,21836864.0,2025-02-07,0.0,Y,0,,,2025-02-01,paid,22200442.0,,363578.0
INV-2412-0047,B037,SAU,2024-12-09,DA,90,USD,3620.0,3620.0,1430.05,5176781.0,2025-03-09,0.0,Y,0,,,2025-03-05,paid,5231660.0,,54879.0
INV-2412-0048,B050,USA,2024-12-09,OA,60,USD,8100.0,8100.0,1430.05,11583405.0,2025-02-07,0.0,Y,0,,,2025-02-02,paid,11776266.0,,192861.0
INV-2412-0049,B078,VNM,2024-12-09,TT_SPLIT_30_70,30,USD,1690.0,1690.0,1430.05,2416784.0,2025-01-08,0.3,N,0,,,2025-01-05,paid,2447132.0,,30348.0
INV-2412-0050,B093,NGA,2024-12-09,OA,30,USD,29240.0,29240.0,1430.05,41814662.0,2025-01-08,0.0,Y,0,,,2025-01-28,paid,42570777.0,,756115.0
INV-2412-0051,B035,TWN,2024-12-10,TT_ADV,0,USD,58730.0,58730.0,1432.6,84136598.0,2024-12-10,1.0,N,0,,,2024-12-04,paid,82936157.0,,-1200441.0
INV-2412-0052,B082,JPN,2024-12-10,OA,60,JPY,1693000.0,11134.49,9.4219,15951277.0,2025-02-08,0.0,Y,1,DOCS,,2025-02-09,paid,16269391.0,,318114.0
INV-2412-0053,B087,TWN,2024-12-10,TT_SPLIT_30_70,30,USD,26430.0,26430.0,1432.6,37863618.0,2025-01-09,0.3,Y,0,,,2025-01-05,paid,38265957.0,,402339.0
INV-2412-0054,B144,TUR,2024-12-10,OA,60,USD,2860.0,2860.0,1432.6,4097236.0,2025-02-08,0.0,N,0,,,2025-05-28,paid,3931356.0,,-165880.0
INV-2412-0055,B009,CHN,2024-12-11,DA,90,CNY,176900.0,24364.77,196.75,34805075.0,2025-03-11,0.0,Y,1,DOCS,,2025-02-22,paid,34990820.0,,185745.0
INV-2412-0056,B009,CHN,2024-12-11,DA,90,CNY,32300.0,4448.74,196.75,6355025.0,2025-03-11,0.0,Y,1,DOCS,,2025-03-11,paid,6493592.0,,138567.0
INV-2412-0057,B095,EGY,2024-12-11,OA,30,USD,37780.0,37780.0,1428.5,53968730.0,2025-01-10,0.0,Y,0,,,2025-01-03,paid,55536600.0,,1567870.0
INV-2412-0058,B132,IDN,2024-12-11,OA,60,USD,7800.0,7800.0,1428.5,11142300.0,2025-02-09,0.0,Y,0,,,2025-02-03,paid,11397438.0,,255138.0
INV-2412-0059,B078,VNM,2024-12-12,TT_SPLIT_30_70,30,USD,17460.0,17460.0,1429.47,24958546.0,2025-01-11,0.3,N,0,,,2025-01-10,paid,25457937.0,,499391.0
INV-2412-0060,B087,TWN,2024-12-12,TT_SPLIT_30_70,30,USD,19320.0,19320.0,1429.47,27617360.0,2025-01-11,0.3,Y,0,,,2025-01-09,paid,28000927.0,,383567.0
INV-2412-0061,B143,MYS,2024-12-12,OA,30,USD,9590.0,9590.0,1429.47,13708617.0,2025-01-11,0.0,Y,1,QUANTITY,,2025-01-10,paid,14129522.0,,420905.0
INV-2412-0062,B017,EGY,2024-12-13,OA,90,USD,15650.0,15650.0,1434.82,22454933.0,2025-03-13,0.0,N,1,DOCS,,2025-03-15,paid,22720044.0,,265111.0
INV-2412-0063,B036,VNM,2024-12-13,OA,60,USD,9270.0,9270.0,1434.82,13300781.0,2025-02-11,0.0,N,0,,,2025-02-11,paid,13462914.0,,162133.0
INV-2412-0064,B036,VNM,2024-12-13,TT_ADV,0,USD,5980.0,5980.0,1434.82,8580224.0,2024-12-13,1.0,N,0,,,2024-12-02,paid,8408657.0,,-171567.0
INV-2412-0065,B047,MEX,2024-12-13,TT_ADV,0,USD,12870.0,12870.0,1434.82,18466133.0,2024-12-13,1.0,N,0,,,2024-11-26,paid,17975400.0,,-490733.0
INV-2412-0066,B080,JPN,2024-12-13,OA,60,JPY,631000.0,4104.35,9.3328,5888997.0,2025-02-11,0.0,Y,1,QUANTITY,,2025-02-08,paid,6063784.0,,174787.0
INV-2412-0067,B082,JPN,2024-12-13,OA,60,JPY,2385000.0,15513.25,9.3328,22258728.0,2025-02-11,0.0,Y,0,,,2025-02-09,paid,22919373.0,,660645.0
INV-2412-0068,B087,TWN,2024-12-13,TT_SPLIT_30_70,30,USD,15050.0,15050.0,1434.82,21594041.0,2025-01-12,0.3,Y,0,,,2025-01-09,paid,21748890.0,,154849.0
INV-2412-0069,B101,IND,2024-12-13,DA,60,USD,10880.0,10880.0,1434.82,15610842.0,2025-02-11,0.0,Y,0,,,2025-02-11,paid,15801133.0,,190291.0
INV-2412-0070,B104,MEX,2024-12-13,OA,60,USD,15490.0,15490.0,1434.82,22225362.0,2025-02-11,0.0,Y,0,,,2025-02-16,paid,22303896.0,,78534.0
INV-2412-0071,B111,TWN,2024-12-13,DA,90,USD,7070.0,7070.0,1434.82,10144177.0,2025-03-13,0.0,N,0,,,2025-03-29,paid,10387244.0,,243067.0
INV-2412-0072,B127,VNM,2024-12-13,DP,0,USD,7620.0,7620.0,1434.82,10933328.0,2024-12-28,0.0,N,0,,,2024-12-28,paid,11204448.0,,271120.0
INV-2412-0073,B005,VNM,2024-12-14,OA,90,USD,16010.0,16010.0,1434.82,22971468.0,2025-03-14,0.0,Y,1,DOCS,,2025-03-13,paid,23276162.0,,304694.0
INV-2412-0074,B005,VNM,2024-12-14,OA,90,USD,4360.0,4360.0,1434.82,6255815.0,2025-03-14,0.0,Y,0,,,2025-03-13,paid,6347114.0,,91299.0
INV-2412-0075,B009,CHN,2024-12-14,DA,90,CNY,224200.0,30815.35,197.21,44214482.0,2025-03-14,0.0,Y,1,PRICE,,2025-03-14,paid,44970036.0,,755554.0
INV-2412-0076,B013,CHN,2024-12-14,TT_ADV,0,USD,13790.0,13790.0,1434.82,19786168.0,2024-12-14,1.0,N,0,,,2024-11-21,paid,19319790.0,,-466378.0
INV-2412-0077,B026,THA,2024-12-14,TT_ADV,0,USD,28910.0,28910.0,1434.82,41480646.0,2024-12-14,1.0,N,0,,,2024-12-09,paid,41342746.0,,-137900.0
INV-2412-0078,B062,USA,2024-12-14,OA,60,USD,7860.0,7860.0,1434.82,11277685.0,2025-02-12,0.0,Y,0,,,2025-02-17,paid,11317535.0,,39850.0
INV-2412-0079,B087,TWN,2024-12-14,TT_SPLIT_30_70,30,USD,3060.0,3060.0,1434.82,4390549.0,2025-01-13,0.3,Y,0,,,2025-01-09,paid,4408502.0,,17953.0
INV-2412-0080,B109,VNM,2024-12-14,OA,30,USD,13200.0,13200.0,1434.82,18939624.0,2025-01-13,0.0,Y,1,PRICE,,2025-01-22,paid,18952164.0,,12540.0
INV-2412-0081,B126,GBR,2024-12-14,OA,60,USD,2090.0,2090.0,1434.82,2998774.0,2025-02-12,0.0,N,0,,,2025-02-12,paid,3037794.0,,39020.0
INV-2412-0082,B137,ARE,2024-12-14,TT_ADV,0,USD,28070.0,28070.0,1434.82,40275397.0,2024-12-14,1.0,N,0,,,2024-11-21,paid,39326070.0,,-949327.0
INV-2412-0083,B142,IND,2024-12-14,OA,30,USD,2750.0,2750.0,1434.82,3945755.0,2025-01-13,0.0,Y,0,,,2025-03-08,paid,3985575.0,,39820.0
INV-2412-0084,B049,ARE,2024-12-15,DA,90,USD,33210.0,33210.0,1434.82,47650372.0,2025-03-15,0.0,N,1,QUANTITY,,2025-03-20,paid,48414422.0,,764050.0
INV-2412-0085,B028,JPN,2024-12-16,OA,90,JPY,870000.0,5642.78,9.3259,8113533.0,2025-03-16,0.0,Y,1,PRICE,,2025-03-14,paid,8504685.0,,391152.0
INV-2412-0086,B041,TUR,2024-12-16,OA,30,USD,7060.0,7060.0,1437.86,10151292.0,2025-01-15,0.0,Y,0,,,2025-01-10,paid,10401922.0,,250630.0
INV-2412-0087,B062,USA,2024-12-16,OA,60,USD,82490.0,82490.0,1437.86,118609071.0,2025-02-14,0.0,Y,0,,,2025-03-03,paid,119503767.0,,894696.0
INV-2412-0088,B075,DEU,2024-12-16,OA,60,EUR,10000.0,10512.01,1511.48,15114800.0,2025-02-14,0.0,Y,0,,,2025-02-14,paid,15116000.0,,1200.0
INV-2412-0089,B127,VNM,2024-12-16,DP,0,USD,5070.0,5070.0,1437.86,7289950.0,2024-12-27,0.0,N,0,,,2024-12-27,paid,7454928.0,,164978.0
INV-2412-0090,B146,BRA,2024-12-16,OA,60,USD,13430.0,13430.0,1437.86,19310460.0,2025-02-14,0.0,N,0,,,2025-02-12,paid,19520371.0,,209911.0
INV-2412-0091,B001,NLD,2024-12-17,OA,90,EUR,2920.0,3067.75,1508.83,4405784.0,2025-03-17,0.0,N,0,,,2025-03-09,paid,4595467.0,,189683.0
INV-2412-0092,B029,CHN,2024-12-17,OA,60,USD,35130.0,35130.0,1436.16,50452301.0,2025-02-15,0.0,Y,1,QUALITY,,2025-02-23,paid,50378528.0,,-73773.0
INV-2412-0093,B064,USA,2024-12-17,TT_SPLIT_30_70,30,USD,8380.0,8380.0,1436.16,12035021.0,2025-01-16,0.3,Y,0,,,2025-01-04,paid,12182542.0,,147521.0
INV-2412-0094,B064,USA,2024-12-17,TT_ADV,0,USD,48610.0,48610.0,1436.16,69811738.0,2024-12-17,1.0,N,0,,,2024-12-13,paid,69746600.0,,-65138.0
INV-2412-0095,B082,JPN,2024-12-17,OA,60,JPY,5946000.0,38758.96,9.3616,55664074.0,2025-02-15,0.0,Y,0,,,2025-04-23,paid,58139617.0,,2475543.0
INV-2412-0096,B101,IND,2024-12-17,DA,60,USD,20040.0,20040.0,1436.16,28780646.0,2025-02-15,0.0,Y,1,QUANTITY,,2025-02-27,paid,28964386.0,,183740.0
INV-2412-0097,B120,JPN,2024-12-17,OA,60,JPY,1499000.0,9771.22,9.3616,14033038.0,2025-02-15,0.0,N,0,,,2025-02-14,paid,14176643.0,,143605.0
INV-2412-0098,B018,NLD,2024-12-18,TT_ADV,0,EUR,3210.0,3360.55,1505.58,4832912.0,2024-12-18,1.0,N,0,,,2024-11-20,paid,4726468.0,,-106444.0
INV-2412-0099,B140,USA,2024-12-18,OA,60,USD,14680.0,14680.0,1438.13,21111748.0,2025-02-16,0.0,Y,1,PRICE,,2025-02-16,paid,21186195.0,,74447.0
INV-2412-0100,B056,USA,2024-12-19,OA,90,USD,16070.0,16070.0,1446.06,23238184.0,2025-03-19,0.0,Y,0,,,2025-03-23,paid,23566494.0,,328310.0
INV-2412-0101,B096,USA,2024-12-19,OA,90,USD,5590.0,5590.0,1446.06,8083475.0,2025-03-19,0.0,Y,1,QUANTITY,,2025-03-19,paid,8173419.0,,89944.0
INV-2412-0102,B137,ARE,2024-12-19,TT_ADV,0,USD,52910.0,52910.0,1446.06,76511035.0,2024-12-19,1.0,N,0,,,2024-12-11,paid,75581935.0,,-929100.0
INV-2412-0103,B005,VNM,2024-12-20,OA,90,USD,4730.0,4730.0,1444.52,6832580.0,2025-03-20,0.0,Y,0,,,2025-03-24,paid,6934359.0,,101779.0
INV-2412-0104,B009,CHN,2024-12-20,DA,90,CNY,77600.0,10637.15,198.01,15365576.0,2025-03-20,0.0,Y,0,,,2025-03-20,paid,15715552.0,,349976.0
INV-2412-0105,B043,CHN,2024-12-20,OA,90,CNY,185600.0,25441.43,198.01,36750656.0,2025-03-20,0.0,Y,1,QUANTITY,,2025-03-20,paid,37587712.0,,837056.0
INV-2412-0106,B094,VNM,2024-12-20,OA,90,USD,8720.0,8720.0,1444.52,12596214.0,2025-03-20,0.0,Y,0,,,2025-03-09,paid,12637896.0,,41682.0
INV-2412-0107,B113,JPN,2024-12-20,OA,90,JPY,523000.0,3350.19,9.2532,4839424.0,2025-03-20,0.0,Y,0,,,2025-03-20,paid,5157512.0,,318088.0
INV-2412-0108,B127,VNM,2024-12-20,DP,0,USD,32460.0,32460.0,1444.52,46889119.0,2025-01-04,0.0,N,0,,,2025-02-05,paid,46819330.0,,-69789.0
INV-2412-0109,B140,USA,2024-12-20,OA,60,USD,2280.0,2280.0,1444.52,3293506.0,2025-02-18,0.0,Y,1,QUALITY,,2025-02-16,paid,3282949.0,,-10557.0
INV-2412-0110,B004,EGY,2024-12-21,LC_SIGHT,0,USD,7170.0,7170.0,1444.52,10357208.0,2024-12-29,0.0,N,0,,0,2024-12-29,paid,10542768.0,,185560.0
INV-2412-0111,B061,IND,2024-12-21,DA,60,USD,3660.0,3660.0,1444.52,5286943.0,2025-02-19,0.0,N,0,,,2025-02-19,paid,5274280.0,,-12663.0
INV-2412-0112,B101,IND,2024-12-21,DA,60,USD,5430.0,5430.0,1444.52,7843744.0,2025-02-19,0.0,Y,0,,,2025-02-27,paid,7859110.0,,15366.0
INV-2412-0113,B120,JPN,2024-12-21,OA,60,JPY,1281000.0,8205.74,9.2532,11853349.0,2025-02-19,0.0,N,1,DOCS,,2025-02-24,paid,12245335.0,,391986.0
INV-2412-0114,B140,USA,2024-12-21,OA,60,USD,6170.0,6170.0,1444.52,8912688.0,2025-02-19,0.0,Y,0,,,2025-02-16,paid,8884121.0,,-28567.0
INV-2412-0115,B140,USA,2024-12-21,OA,60,USD,24070.0,24070.0,1444.52,34769596.0,2025-02-19,0.0,Y,1,QUANTITY,,2025-02-19,paid,34686314.0,,-83282.0
INV-2412-0116,B050,USA,2024-12-22,OA,60,USD,13640.0,13640.0,1444.52,19703253.0,2025-02-20,0.0,Y,0,,,2025-02-17,paid,19640100.0,,-63153.0
INV-2412-0117,B067,BRA,2024-12-22,DP,0,USD,14010.0,14010.0,1444.52,20237725.0,2025-01-05,0.0,N,0,,,2025-01-05,paid,20594700.0,,356975.0
INV-2412-0118,B070,POL,2024-12-22,OA,60,EUR,3830.0,3994.68,1506.63,5770393.0,2025-02-20,0.0,Y,0,,,2025-03-04,paid,5884182.0,,113789.0
INV-2412-0119,B033,VNM,2024-12-23,LC_SIGHT,0,USD,24140.0,24140.0,1451.76,35045486.0,2025-01-02,0.0,N,0,,0,2025-01-02,paid,35546633.0,,501147.0
INV-2412-0120,B056,USA,2024-12-23,OA,90,USD,43670.0,43670.0,1451.76,63398359.0,2025-03-23,0.0,Y,0,,,2025-04-26,paid,63665892.0,,267533.0
INV-2412-0121,B121,IND,2024-12-23,DA,90,USD,16690.0,16690.0,1451.76,24229874.0,2025-03-23,0.0,Y,0,,,2025-03-23,paid,24475718.0,,245844.0
INV-2412-0122,B138,CHN,2024-12-23,TT_ADV,0,CNY,46900.0,6426.56,198.93,9329817.0,2024-12-23,1.0,N,0,,,2024-12-09,paid,9237893.0,,-91924.0
INV-2412-0123,B086,DEU,2024-12-24,OA,90,EUR,20010.0,20786.45,1513.91,30293339.0,2025-03-24,0.0,N,0,,,2025-03-27,paid,31658690.0,,1365351.0
INV-2412-0124,B132,IDN,2024-12-24,OA,60,USD,5640.0,5640.0,1457.36,8219510.0,2025-02-22,0.0,Y,0,,,2025-02-22,paid,8088098.0,,-131412.0
INV-2412-0125,B066,ARE,2024-12-25,DA,60,USD,3570.0,3570.0,1457.36,5202775.0,2025-02-23,0.0,Y,0,,,2025-02-23,paid,5119594.0,,-83181.0
INV-2412-0126,B070,POL,2024-12-25,OA,60,EUR,4240.0,4404.52,1513.91,6418978.0,2025-02-23,0.0,Y,0,,,2025-03-26,paid,6688347.0,,269369.0
INV-2412-0127,B095,EGY,2024-12-25,OA,30,USD,2970.0,2970.0,1457.36,4328359.0,2025-01-24,0.0,Y,1,DOCS,,2025-01-23,paid,4259841.0,,-68518.0
INV-2412-0128,B095,EGY,2024-12-25,OA,30,USD,16050.0,16050.0,1457.36,23390628.0,2025-01-24,0.0,Y,0,,,2025-02-05,paid,23044352.0,,-346276.0
INV-2412-0129,B104,MEX,2024-12-25,OA,60,USD,1890.0,1890.0,1457.36,2754410.0,2025-02-23,0.0,Y,0,,,2025-02-23,paid,2710373.0,,-44037.0
INV-2412-0130,B038,DEU,2024-12-26,OA,30,EUR,3230.0,3366.62,1529.74,4941060.0,2025-01-25,0.0,N,0,,,2025-02-22,paid,4842771.0,,-98289.0
INV-2412-0131,B062,USA,2024-12-26,OA,60,USD,13960.0,13960.0,1467.66,20488534.0,2025-02-24,0.0,Y,0,,,2025-03-03,paid,20332600.0,,-155934.0
INV-2412-0132,B086,DEU,2024-12-26,OA,90,EUR,4090.0,4263.0,1529.74,6256637.0,2025-03-26,0.0,N,0,,,2025-03-30,paid,6467763.0,,211126.0
INV-2412-0133,B106,TUR,2024-12-26,LC_SIGHT,0,USD,6220.0,6220.0,1467.66,9128845.0,2024-12-31,0.0,N,0,,0,2024-12-31,paid,9192289.0,,63444.0
INV-2412-0134,B120,JPN,2024-12-26,OA,60,JPY,2079000.0,13157.4,9.2884,19310584.0,2025-02-24,0.0,N,0,,,2025-02-25,paid,19947490.0,,636906.0
INV-2412-0135,B147,THA,2024-12-26,TT_ADV,0,USD,15390.0,15390.0,1467.66,22587287.0,2024-12-26,1.0,N,0,,,2024-12-13,paid,22081880.0,,-505407.0
INV-2412-0136,B003,IDN,2024-12-27,DA,90,USD,1850.0,1850.0,1470.4,2720240.0,2025-03-27,0.0,N,0,,,2025-03-24,paid,2713784.0,,-6456.0
INV-2412-0137,B005,VNM,2024-12-27,OA,90,USD,5060.0,5060.0,1470.4,7440224.0,2025-03-27,0.0,Y,1,DOCS,,2025-03-24,paid,7422565.0,,-17659.0
INV-2412-0138,B026,THA,2024-12-27,OA,60,USD,4930.0,4930.0,1470.4,7249072.0,2025-02-25,0.0,Y,0,,,2025-02-18,paid,7093432.0,,-155640.0
INV-2412-0139,B040,IND,2024-12-27,LC_USANCE,90,USD,13110.0,13110.0,1470.4,19276944.0,2025-03-27,0.0,N,0,,0,2025-03-27,paid,19191729.0,,-85215.0
INV-2412-0140,B049,ARE,2024-12-27,DA,90,USD,6220.0,6220.0,1470.4,9145888.0,2025-03-27,0.0,N,0,,,2025-03-20,paid,9129529.0,,-16359.0
INV-2412-0141,B056,USA,2024-12-27,OA,90,USD,3630.0,3630.0,1470.4,5337552.0,2025-03-27,0.0,Y,0,,,2025-04-26,paid,5229814.0,,-107738.0
INV-2412-0142,B070,POL,2024-12-27,OA,60,EUR,13360.0,13925.15,1532.6,20475536.0,2025-02-25,0.0,Y,0,,,2025-04-16,paid,21358345.0,,882809.0
INV-2412-0143,B105,JPN,2024-12-27,OA,60,JPY,4345000.0,27547.19,9.3223,40505394.0,2025-02-25,0.0,Y,0,,,2025-02-25,paid,41785431.0,,1280037.0
INV-2412-0144,B107,DEU,2024-12-27,OA,60,EUR,11630.0,12121.97,1532.6,17824138.0,2025-02-25,0.0,Y,1,DOCS,,2025-03-28,paid,18491395.0,,667257.0
INV-2412-0145,B033,VNM,2024-12-28,LC_SIGHT,0,USD,12180.0,12180.0,1470.4,17909472.0,2025-01-07,0.0,N,0,,0,2025-01-07,paid,17690476.0,,-218996.0
INV-2412-0146,B041,TUR,2024-12-28,OA,30,USD,7540.0,7540.0,1470.4,11086816.0,2025-01-27,0.0,Y,1,DOCS,,2025-01-30,paid,10873886.0,,-212930.0
INV-2412-0147,B081,JPN,2024-12-28,LC_USANCE,60,JPY,2028000.0,12857.47,9.3223,18905624.0,2025-02-26,0.0,N,0,,0,2025-02-26,paid,19489891.0,,584267.0
INV-2412-0148,B114,JPN,2024-12-28,OA,90,JPY,2374000.0,15051.1,9.3223,22131140.0,2025-03-28,0.0,N,1,QUALITY,,2025-03-12,paid,23235762.0,,1104622.0
INV-2412-0149,B005,VNM,2024-12-29,OA,90,USD,5290.0,5290.0,1470.4,7778416.0,2025-03-29,0.0,Y,0,,,2025-03-29,paid,7762313.0,,-16103.0
INV-2412-0150,B047,MEX,2024-12-29,TT_SPLIT_30_70,30,USD,7460.0,7460.0,1470.4,10969184.0,2025-01-28,0.3,Y,0,,,2025-01-28,paid,10713619.0,,-255565.0
INV-2412-0151,B058,MYS,2024-12-29,OA,30,USD,3850.0,3850.0,1470.4,5661040.0,2025-01-28,0.0,N,1,DOCS,,2025-04-27,paid,5546772.0,,-114268.0
INV-2412-0152,B084,POL,2024-12-29,OA,90,EUR,44940.0,46841.03,1532.6,68875044.0,2025-03-29,0.0,N,0,,,2025-06-26,paid,72576628.0,,3701584.0
INV-2412-0153,B127,VNM,2024-12-29,DP,0,USD,5480.0,5480.0,1470.4,8057792.0,2025-01-12,0.0,N,0,,,2025-01-12,paid,8074013.0,,16221.0
INV-2412-0154,B013,CHN,2024-12-30,TT_ADV,0,USD,4900.0,4900.0,1472.32,7214368.0,2024-12-30,1.0,N,0,,,2024-12-19,paid,7085694.0,,-128674.0
INV-2412-0155,B022,IDN,2024-12-30,OA,90,USD,5680.0,5680.0,1472.32,8362778.0,2025-03-30,0.0,Y,0,,,2025-03-30,paid,8345056.0,,-17722.0
INV-2412-0156,B028,JPN,2024-12-30,OA,90,JPY,1742000.0,11077.16,9.3623,16309127.0,2025-03-30,0.0,Y,0,,,2025-03-23,paid,17147377.0,,838250.0
INV-2412-0157,B096,USA,2024-12-30,OA,90,USD,2210.0,2210.0,1472.32,3253827.0,2025-03-30,0.0,Y,0,,,2025-03-30,paid,3246932.0,,-6895.0
INV-2412-0158,B125,MEX,2024-12-30,DA,60,USD,9220.0,9220.0,1472.32,13574790.0,2025-02-28,0.0,Y,0,,,2025-05-03,paid,12897766.0,,-677024.0
INV-2412-0159,B004,EGY,2024-12-31,LC_SIGHT,0,USD,9970.0,9970.0,1477.86,14734264.0,2025-01-08,0.0,N,0,,0,2025-01-08,paid,14554704.0,,-179560.0
INV-2412-0160,B018,NLD,2024-12-31,OA,30,EUR,29590.0,30628.55,1529.73,45264711.0,2025-01-30,0.0,Y,0,,,2025-02-02,paid,44740376.0,,-524335.0
INV-2412-0161,B086,DEU,2024-12-31,OA,90,EUR,5940.0,6148.48,1529.73,9086596.0,2025-03-31,0.0,N,0,,,2025-03-30,paid,9447926.0,,361330.0
INV-2412-0162,B086,DEU,2024-12-31,OA,90,EUR,13500.0,13973.82,1529.73,20651355.0,2025-03-31,0.0,N,1,QUALITY,,2025-03-30,paid,21472560.0,,821205.0
INV-2412-0163,B096,USA,2024-12-31,OA,90,USD,23050.0,23050.0,1477.86,34064673.0,2025-03-31,0.0,Y,0,,,2025-03-31,paid,33985842.0,,-78831.0
INV-2412-0164,B140,USA,2024-12-31,OA,60,USD,26240.0,26240.0,1477.86,38779046.0,2025-03-01,0.0,Y,1,QUANTITY,,2025-03-01,paid,38285210.0,,-493836.0
INV-2501-0001,B023,IDN,2025-01-01,DA,90,USD,4980.0,4980.0,1477.86,7359743.0,2025-04-01,0.0,Y,0,,,2025-03-26,paid,7306905.0,,-52838.0
INV-2501-0002,B024,USA,2025-01-01,OA,30,USD,6850.0,6850.0,1477.86,10123341.0,2025-01-31,0.0,Y,0,,,2025-03-27,paid,9935755.0,,-187586.0
INV-2501-0003,B086,DEU,2025-01-01,OA,90,EUR,12460.0,12897.32,1529.73,19060436.0,2025-04-01,0.0,N,0,,,2025-03-30,paid,19818378.0,,757942.0
INV-2501-0004,B036,VNM,2025-01-02,TT_ADV,0,USD,48960.0,48960.0,1472.52,72094579.0,2025-01-02,1.0,N,0,,,2024-12-20,paid,70723699.0,,-1370880.0
INV-2501-0005,B044,THA,2025-01-02,DA,90,USD,12040.0,12040.0,1472.52,17729141.0,2025-04-02,0.0,N,0,,,2025-04-01,paid,17710840.0,,-18301.0
INV-2501-0006,B083,USA,2025-01-02,OA,60,USD,12950.0,12950.0,1472.52,19069134.0,2025-03-03,0.0,Y,0,,,2025-02-21,paid,18571077.0,,-498057.0
INV-2501-0007,B086,DEU,2025-01-02,OA,90,EUR,41710.0,42798.55,1510.95,63021724.0,2025-04-02,0.0,N,0,,,2025-04-03,paid,66412381.0,,3390657.0
INV-2501-0008,B087,TWN,2025-01-02,TT_SPLIT_30_70,30,USD,5670.0,5670.0,1472.52,8349188.0,2025-02-01,0.3,Y,0,,,2025-01-31,paid,8172454.0,,-176734.0
INV-2501-0009,B100,THA,2025-01-02,TT_SPLIT_30_70,30,USD,20350.0,20350.0,1472.52,29965782.0,2025-02-01,0.3,Y,0,,,2025-01-29,paid,29515945.0,,-449837.0
INV-2501-0010,B109,VNM,2025-01-02,TT_ADV,0,USD,10200.0,10200.0,1472.52,15019704.0,2025-01-02,1.0,N,0,,,2024-12-21,paid,14734104.0,,-285600.0
INV-2501-0011,B117,CHN,2025-01-02,OA,30,USD,2440.0,2440.0,1472.52,3592949.0,2025-02-01,0.0,Y,0,,,2025-03-05,paid,3526312.0,,-66637.0
INV-2501-0012,B018,NLD,2025-01-03,TT_ADV,0,EUR,2670.0,2747.96,1512.92,4039496.0,2025-01-03,1.0,N,0,,,2024-12-11,paid,4007857.0,,-31639.0
INV-2501-0013,B020,SAU,2025-01-03,TT_SPLIT_30_70,30,USD,6350.0,6350.0,1470.0,9334500.0,2025-02-02,0.3,Y,0,,,2025-02-01,paid,9186653.0,,-147847.0
INV-2501-0014,B033,VNM,2025-01-03,LC_SIGHT,0,USD,11410.0,11410.0,1470.0,16772700.0,2025-01-12,0.0,N,0,,0,2025-01-12,paid,16811038.0,,38338.0
INV-2501-0015,B037,SAU,2025-01-03,DA,90,USD,1770.0,1770.0,1470.0,2601900.0,2025-04-03,0.0,Y,1,PRICE,,2025-04-07,paid,2602289.0,,389.0
INV-2501-0016,B048,CHN,2025-01-03,TT_ADV,0,USD,4300.0,4300.0,1470.0,6321000.0,2025-01-03,1.0,N,0,,,2024-12-07,paid,6116320.0,,-204680.0
INV-2501-0017,B086,DEU,2025-01-03,OA,90,EUR,15700.0,16158.4,1512.92,23752844.0,2025-04-03,0.0,N,0,,,2025-04-03,paid,25169455.0,,1416611.0
INV-2501-0018,B015,TWN,2025-01-04,DA,90,USD,12740.0,12740.0,1470.0,18727800.0,2025-04-04,0.0,N,0,,,2025-04-02,paid,18626644.0,,-101156.0
INV-2501-0019,B029,CHN,2025-01-04,OA,60,USD,7960.0,7960.0,1470.0,11701200.0,2025-03-05,0.0,Y,0,,,2025-03-07,paid,11536428.0,,-164772.0
INV-2501-0020,B037,SAU,2025-01-04,DA,90,USD,6480.0,6480.0,1470.0,9525600.0,2025-04-04,0.0,Y,1,QUANTITY,,2025-04-11,paid,9435994.0,,-89606.0
INV-2501-0021,B049,ARE,2025-01-04,DA,90,USD,44620.0,44620.0,1470.0,65591400.0,2025-04-04,0.0,N,0,,,2025-05-02,paid,64699242.0,,-892158.0
INV-2501-0022,B062,USA,2025-01-04,OA,60,USD,29440.0,29440.0,1470.0,43276800.0,2025-03-05,0.0,Y,0,,,2025-03-03,paid,42879066.0,,-397734.0
INV-2501-0023,B064,USA,2025-01-04,TT_SPLIT_30_70,30,USD,1680.0,1680.0,1470.0,2469600.0,2025-02-03,0.3,Y,0,,,2025-01-14,paid,2457454.0,,-12146.0
INV-2501-0024,B070,POL,2025-01-04,OA,60,EUR,13110.0,13492.78,1512.92,19834381.0,2025-03-05,0.0,Y,0,,,2025-04-24,paid,21256031.0,,1421650.0
INV-2501-0025,B113,JPN,2025-01-04,OA,90,JPY,549000.0,3492.35,9.3511,5133754.0,2025-04-04,0.0,Y,0,,,2025-04-01,paid,5405509.0,,271755.0
INV-2501-0026,B049,ARE,2025-01-05,DA,90,USD,15330.0,15330.0,1470.0,22535100.0,2025-04-05,0.0,N,0,,,2025-05-05,paid,21217885.0,,-1317215.0
INV-2501-0027,B086,DEU,2025-01-05,OA,90,EUR,7680.0,7904.24,1512.92,11619226.0,2025-04-05,0.0,N,1,QUALITY,,2025-04-13,paid,12334299.0,,715073.0
INV-2501-0028,B127,VNM,2025-01-05,OA,30,USD,4510.0,4510.0,1470.0,6629700.0,2025-02-04,0.0,N,1,DOCS,,2025-02-10,paid,6544010.0,,-85690.0
INV-2501-0029,B137,ARE,2025-01-05,TT_ADV,0,USD,9390.0,9390.0,1470.0,13803300.0,2025-01-05,1.0,N,0,,,2024-12-16,paid,13501505.0,,-301795.0
INV-2501-0030,B143,MYS,2025-01-05,OA,30,USD,5180.0,5180.0,1470.0,7614600.0,2025-02-04,0.0,Y,0,,,2025-01-31,paid,7530995.0,,-83605.0
INV-2501-0031,B145,GBR,2025-01-05,OA,60,USD,15330.0,15330.0,1470.0,22535100.0,2025-03-06,0.0,N,0,,,2025-03-02,paid,22367083.0,,-168017.0
INV-2501-0032,B113,JPN,2025-01-06,OA,90,JPY,1876000.0,11908.08,9.2671,17385080.0,2025-04-06,0.0,Y,0,,,2025-04-03,paid,18633558.0,,1248478.0
INV-2501-0033,B005,VNM,2025-01-07,OA,90,USD,12240.0,12240.0,1452.42,17777621.0,2025-04-07,0.0,Y,0,,,2025-05-09,paid,17418902.0,,-358719.0
INV-2501-0034,B087,TWN,2025-01-07,TT_SPLIT_30_70,30,USD,12110.0,12110.0,1452.42,17588806.0,2025-02-06,0.3,Y,0,,,2025-02-05,paid,17480506.0,,-108300.0
INV-2501-0035,B074,MYS,2025-01-08,OA,30,USD,9030.0,9030.0,1459.85,13182446.0,2025-02-07,0.0,N,0,,,2025-02-17,paid,13053523.0,,-128923.0
INV-2501-0036,B106,TUR,2025-01-08,LC_SIGHT,0,USD,9720.0,9720.0,1459.85,14189742.0,2025-01-17,0.0,N,0,,0,2025-01-17,paid,14162429.0,,-27313.0
INV-2501-0037,B127,VNM,2025-01-08,DP,0,USD,37320.0,37320.0,1459.85,54481602.0,2025-01-19,0.0,N,0,,,2025-01-19,paid,54376733.0,,-104869.0
INV-2501-0038,B143,MYS,2025-01-08,OA,30,USD,15520.0,15520.0,1459.85,22656872.0,2025-02-07,0.0,Y,1,QUALITY,,2025-02-02,paid,22563907.0,,-92965.0
INV-2501-0039,B123,POL,2025-01-09,OA,60,EUR,10010.0,10308.33,1502.72,15042227.0,2025-03-10,0.0,Y,0,,,2025-03-05,paid,15577562.0,,535335.0
INV-2501-0040,B142,IND,2025-01-09,OA,30,USD,3210.0,3210.0,1459.23,4684128.0,2025-02-08,0.0,Y,0,,,2025-03-08,paid,4652253.0,,-31875.0
INV-2501-0041,B023,IDN,2025-01-10,DA,90,USD,6020.0,6020.0,1473.36,8869627.0,2025-04-10,0.0,Y,0,,,2025-04-10,paid,8731227.0,,-138400.0
INV-2501-0042,B037,SAU,2025-01-10,DA,90,USD,7720.0,7720.0,1473.36,11374339.0,2025-04-10,0.0,Y,0,,,2025-05-22,paid,10887144.0,,-487195.0
INV-2501-0043,B123,POL,2025-01-10,OA,60,EUR,2630.0,2692.6,1508.43,3967171.0,2025-03-11,0.0,Y,0,,,2025-03-10,paid,4151902.0,,184731.0
INV-2501-0044,B005,VNM,2025-01-11,OA,90,USD,13680.0,13680.0,1473.36,20155565.0,2025-04-11,0.0,Y,0,,,2025-06-11,paid,18814103.0,,-1341462.0
INV-2501-0045,B102,GBR,2025-01-11,OA,60,USD,3880.0,3880.0,1473.36,5716637.0,2025-03-12,0.0,Y,0,,,2025-03-06,paid,5615679.0,,-100958.0
INV-2501-0046,B007,NLD,2025-01-12,OA,90,EUR,13740.0,14067.05,1508.43,20725828.0,2025-04-12,0.0,Y,0,,,2025-04-11,paid,22077157.0,,1351329.0
INV-2501-0047,B022,IDN,2025-01-12,OA,90,USD,18170.0,18170.0,1473.36,26770951.0,2025-04-12,0.0,Y,1,DOCS,,2025-04-12,paid,25779414.0,,-991537.0
INV-2501-0048,B135,TUR,2025-01-12,OA,30,USD,3850.0,3850.0,1473.36,5672436.0,2025-02-11,0.0,Y,0,,,2025-02-11,paid,5591394.0,,-81042.0
INV-2501-0049,B139,DEU,2025-01-12,DA,90,EUR,44240.0,45293.03,1508.43,66732943.0,2025-04-12,0.0,Y,0,,,2025-05-26,paid,69242115.0,,2509172.0
INV-2501-0050,B086,DEU,2025-01-13,OA,90,EUR,9630.0,9831.28,1497.53,14421214.0,2025-04-13,0.0,N,1,DOCS,,2025-05-02,paid,15340286.0,,919072.0
INV-2501-0051,B120,JPN,2025-01-13,OA,60,JPY,2407000.0,15281.62,9.3129,22416150.0,2025-03-14,0.0,N,0,,,2025-03-14,paid,23529628.0,,1113478.0
INV-2501-0052,B071,TWN,2025-01-14,OA,60,USD,21760.0,21760.0,1459.5,31758720.0,2025-03-15,0.0,Y,1,QUALITY,,2025-03-15,paid,31590298.0,,-168422.0
INV-2501-0053,B087,TWN,2025-01-14,TT_ADV,0,USD,83500.0,83500.0,1459.5,121868250.0,2025-01-14,1.0,N,0,,,2025-01-05,paid,122745000.0,,876750.0
INV-2501-0054,B132,IDN,2025-01-14,TT_SPLIT_30_70,30,USD,19530.0,19530.0,1459.5,28504035.0,2025-02-13,0.3,Y,0,,,2025-02-08,paid,28504719.0,,684.0
INV-2501-0055,B140,USA,2025-01-14,OA,60,USD,26100.0,26100.0,1459.5,38092950.0,2025-03-15,0.0,Y,0,,,2025-03-15,paid,37890936.0,,-202014.0
INV-2501-0056,B145,GBR,2025-01-14,TT_SPLIT_30_70,30,USD,10330.0,10330.0,1459.5,15076635.0,2025-02-13,0.3,N,0,,,2025-02-07,paid,15030016.0,,-46619.0
INV-2501-0057,B030,TUR,2025-01-15,OA,60,USD,20360.0,20360.0,1456.5,29654340.0,2025-03-16,0.0,N,0,,,2025-03-18,paid,29550725.0,,-103615.0
INV-2501-0058,B096,USA,2025-01-16,OA,90,USD,4300.0,4300.0,1456.16,6261488.0,2025-04-16,0.0,Y,0,,,2025-04-16,paid,6085532.0,,-175956.0
INV-2501-0059,B011,IND,2025-01-17,LC_SIGHT,0,USD,31790.0,31790.0,1457.04,46319302.0,2025-01-27,0.0,N,0,,0,2025-01-27,paid,45581456.0,,-737846.0
INV-2501-0060,B061,IND,2025-01-17,DA,60,USD,34210.0,34210.0,1457.04,49845338.0,2025-03-18,0.0,N,0,,,2025-03-16,paid,49664710.0,,-180628.0
INV-2501-0061,B073,BRA,2025-01-17,OA,30,USD,5590.0,5590.0,1457.04,8144854.0,2025-02-16,0.0,N,0,,,2025-02-10,paid,8111090.0,,-33764.0
INV-2501-0062,B101,IND,2025-01-17,DA,60,USD,5490.0,5490.0,1457.04,7999150.0,2025-03-18,0.0,Y,1,QUALITY,,2025-03-15,paid,7970162.0,,-28988.0
INV-2501-0063,B066,ARE,2025-01-18,DA,60,USD,10860.0,10860.0,1457.04,15823454.0,2025-03-19,0.0,Y,0,,,2025-03-13,paid,15809554.0,,-13900.0
INV-2501-0064,B132,IDN,2025-01-18,OA,60,USD,13210.0,13210.0,1457.04,19247498.0,2025-03-19,0.0,Y,0,,,2025-03-19,paid,19315002.0,,67504.0
INV-2501-0065,B012,IDN,2025-01-19,DP,0,USD,26850.0,26850.0,1457.04,39121524.0,2025-01-31,0.0,N,0,,,2025-01-31,paid,39036141.0,,-85383.0
INV-2501-0066,B026,THA,2025-01-19,TT_ADV,0,USD,6060.0,6060.0,1457.04,8829662.0,2025-01-19,1.0,N,0,,,2025-01-12,paid,8928562.0,,98900.0
INV-2501-0067,B026,THA,2025-01-19,OA,60,USD,3500.0,3500.0,1457.04,5099640.0,2025-03-20,0.0,Y,0,,,2025-03-19,paid,5117525.0,,17885.0
INV-2501-0068,B137,ARE,2025-01-19,TT_SPLIT_30_70,30,USD,12450.0,12450.0,1457.04,18140148.0,2025-02-18,0.3,N,0,,,2025-02-24,paid,17900473.0,,-239675.0
INV-2501-0069,B014,USA,2025-01-20,LC_USANCE,90,USD,26160.0,26160.0,1457.04,38116166.0,2025-04-20,0.0,N,0,,0,2025-04-20,paid,37238498.0,,-877668.0
INV-2501-0070,B019,USA,2025-01-20,TT_ADV,0,USD,12170.0,12170.0,1457.04,17732177.0,2025-01-20,1.0,N,0,,,2025-01-14,paid,17762115.0,,29938.0
INV-2501-0071,B066,ARE,2025-01-20,DA,60,USD,44310.0,44310.0,1457.04,64561442.0,2025-03-21,0.0,Y,0,,,2025-03-14,paid,64327486.0,,-233956.0
INV-2501-0072,B076,POL,2025-01-20,OA,60,EUR,9690.0,9968.12,1498.86,14523953.0,2025-03-21,0.0,Y,0,,,2025-03-20,paid,15428806.0,,904853.0
INV-2501-0073,B087,TWN,2025-01-20,TT_SPLIT_30_70,30,USD,11450.0,11450.0,1457.04,16683108.0,2025-02-19,0.3,Y,0,,,2025-02-19,paid,16611087.0,,-72021.0
INV-2501-0074,B087,TWN,2025-01-20,TT_SPLIT_30_70,30,USD,13030.0,13030.0,1457.04,18985231.0,2025-02-19,0.3,Y,0,,,2025-02-19,paid,18818838.0,,-166393.0
INV-2501-0075,B127,VNM,2025-01-20,DP,0,USD,4800.0,4800.0,1457.04,6993792.0,2025-02-01,0.0,N,0,,,2025-02-08,paid,6979056.0,,-14736.0
INV-2501-0076,B140,USA,2025-01-20,OA,60,USD,20300.0,20300.0,1457.04,29577912.0,2025-03-21,0.0,Y,1,DOCS,,2025-03-21,paid,29769747.0,,191835.0
INV-2501-0077,B018,NLD,2025-01-21,TT_SPLIT_30_70,30,EUR,9770.0,10183.25,1496.0,14615920.0,2025-02-20,0.3,Y,0,,,2025-02-14,paid,14730855.0,,114935.0
INV-2501-0078,B033,VNM,2025-01-21,LC_SIGHT,0,USD,9110.0,9110.0,1435.29,13075492.0,2025-01-31,0.0,N,0,,0,2025-01-31,paid,13244665.0,,169173.0
INV-2501-0079,B101,IND,2025-01-21,DA,60,USD,9230.0,9230.0,1435.29,13247727.0,2025-03-22,0.0,Y,0,,,2025-03-20,paid,13547517.0,,299790.0
INV-2501-0080,B147,THA,2025-01-21,DA,60,USD,3830.0,3830.0,1435.29,5497161.0,2025-03-22,0.0,N,0,,,2025-03-15,paid,5560241.0,,63080.0
INV-2501-0081,B031,MEX,2025-01-22,OA,60,USD,26360.0,26360.0,1435.77,37846897.0,2025-03-23,0.0,Y,0,,,2025-03-16,paid,38268394.0,,421497.0
INV-2501-0082,B118,USA,2025-01-22,DA,60,USD,10410.0,10410.0,1435.77,14946366.0,2025-03-23,0.0,Y,1,PRICE,,2025-04-23,paid,14843411.0,,-102955.0
INV-2501-0083,B084,POL,2025-01-23,OA,90,EUR,18190.0,18953.98,1494.53,27185501.0,2025-04-23,0.0,N,0,,,2025-06-26,paid,28892996.0,,1707495.0
INV-2501-0084,B105,JPN,2025-01-23,OA,60,JPY,820000.0,5256.43,9.1942,7539244.0,2025-03-24,0.0,Y,1,QUANTITY,,2025-03-11,paid,8079214.0,,539970.0
INV-2501-0085,B127,VNM,2025-01-23,DP,0,USD,13370.0,13370.0,1434.29,19176457.0,2025-02-02,0.0,N,0,,,2025-02-02,paid,19438108.0,,261651.0
INV-2501-0086,B137,ARE,2025-01-23,TT_ADV,0,USD,15150.0,15150.0,1434.29,21729494.0,2025-01-23,1.0,N,0,,,2025-01-20,paid,22074156.0,,344662.0
INV-2501-0087,B150,GBR,2025-01-23,OA,30,USD,4930.0,4930.0,1434.29,7071050.0,2025-02-22,0.0,Y,0,,,2025-05-12,paid,6989606.0,,-81444.0
INV-2501-0088,B001,NLD,2025-01-24,OA,90,EUR,15110.0,15888.14,1502.77,22706855.0,2025-04-24,0.0,N,0,,,2025-04-24,paid,24603311.0,,1896456.0
INV-2501-0089,B019,USA,2025-01-24,DA,90,USD,1390.0,1390.0,1429.17,1986546.0,2025-04-24,0.0,Y,0,,,2025-04-17,paid,1968379.0,,-18167.0
INV-2501-0090,B127,VNM,2025-01-24,DP,0,USD,4720.0,4720.0,1429.17,6745682.0,2025-02-04,0.0,N,0,,,2025-02-04,paid,6848814.0,,103132.0
INV-2501-0091,B031,MEX,2025-01-25,OA,60,USD,8180.0,8180.0,1429.17,11690611.0,2025-03-26,0.0,Y,1,PRICE,,2025-04-07,paid,12026400.0,,335789.0
INV-2501-0092,B003,IDN,2025-01-26,DA,90,USD,9780.0,9780.0,1429.17,13977283.0,2025-04-26,0.0,N,1,QUANTITY,,2025-07-28,paid,13438248.0,,-539035.0
INV-2501-0093,B018,NLD,2025-01-26,OA,30,EUR,1580.0,1661.37,1502.77,2374377.0,2025-02-25,0.0,Y,0,,,2025-02-14,paid,2388328.0,,13951.0
INV-2501-0094,B030,TUR,2025-01-26,OA,60,USD,5550.0,5550.0,1429.17,7931894.0,2025-03-27,0.0,N,0,,,2025-03-18,paid,8054604.0,,122710.0
INV-2501-0095,B048,CHN,2025-01-26,OA,30,USD,9230.0,9230.0,1429.17,13191239.0,2025-02-25,0.0,Y,0,,,2025-03-08,paid,13377039.0,,185800.0
INV-2501-0096,B066,ARE,2025-01-26,DA,60,USD,2300.0,2300.0,1429.17,3287091.0,2025-03-27,0.0,Y,0,,,2025-03-20,paid,3375871.0,,88780.0
INV-2501-0097,B070,POL,2025-01-26,OA,60,EUR,9430.0,9915.63,1502.77,14171121.0,2025-03-27,0.0,Y,0,,,2025-05-25,paid,15203058.0,,1031937.0
INV-2501-0098,B124,CHN,2025-01-26,OA,60,CNY,51600.0,7123.13,197.29,10180164.0,2025-03-27,0.0,N,0,,,2025-03-20,paid,10450032.0,,269868.0
INV-2501-0099,B073,BRA,2025-01-27,OA,30,USD,31230.0,31230.0,1433.83,44778511.0,2025-02-26,0.0,N,0,,,2025-02-15,paid,44967765.0,,189254.0
INV-2501-0100,B101,IND,2025-01-27,DA,60,USD,12940.0,12940.0,1433.83,18553760.0,2025-03-28,0.0,Y,0,,,2025-03-28,paid,19011448.0,,457688.0
INV-2501-0101,B105,JPN,2025-01-27,OA,60,JPY,6355000.0,41207.35,9.2973,59084342.0,2025-03-28,0.0,Y,0,,,2025-03-31,paid,62600378.0,,3516036.0
INV-2501-0102,B120,JPN,2025-01-27,OA,60,JPY,650000.0,4214.76,9.2973,6043245.0,2025-03-28,0.0,N,0,,,2025-03-28,paid,6355505.0,,312260.0
INV-2501-0103,B137,ARE,2025-01-27,TT_ADV,0,USD,15980.0,15980.0,1433.83,22912603.0,2025-01-27,1.0,N,0,,,2025-01-18,paid,23283499.0,,370896.0
INV-2501-0104,B137,ARE,2025-01-27,TT_ADV,0,USD,30630.0,30630.0,1433.83,43918213.0,2025-01-27,1.0,N,0,,,2025-01-15,paid,44612595.0,,694382.0
INV-2501-0105,B018,NLD,2025-01-28,OA,30,EUR,3930.0,4097.81,1508.18,5927147.0,2025-02-27,0.0,Y,0,,,2025-03-01,paid,5964522.0,,37375.0
INV-2501-0106,B082,JPN,2025-01-28,OA,60,JPY,631000.0,4053.98,9.2928,5863757.0,2025-03-29,0.0,Y,0,,,2025-04-23,paid,6307728.0,,443971.0
INV-2501-0107,B142,IND,2025-01-28,TT_ADV,0,USD,8470.0,8470.0,1446.42,12251177.0,2025-01-28,1.0,N,0,,,2024-12-30,paid,12470550.0,,219373.0
INV-2501-0108,B036,VNM,2025-01-29,TT_SPLIT_30_70,30,USD,1550.0,1550.0,1441.85,2234868.0,2025-02-28,0.3,N,0,,,2025-02-24,paid,2228573.0,,-6295.0
INV-2501-0109,B049,ARE,2025-01-29,DA,90,USD,1040.0,1040.0,1441.85,1499524.0,2025-04-29,0.0,N,0,,,2025-05-05,paid,1430114.0,,-69410.0
INV-2501-0110,B066,ARE,2025-01-29,DA,60,USD,4930.0,4930.0,1441.85,7108320.0,2025-03-30,0.0,Y,0,,,2025-03-24,paid,7231866.0,,123546.0
INV-2501-0111,B087,TWN,2025-01-29,TT_SPLIT_30_70,30,USD,27150.0,27150.0,1441.85,39146228.0,2025-02-28,0.3,Y,0,,,2025-02-20,paid,38907253.0,,-238975.0
INV-2501-0112,B094,VNM,2025-01-29,OA,90,USD,1900.0,1900.0,1441.85,2739515.0,2025-04-29,0.0,Y,0,,,2025-04-17,paid,2690590.0,,-48925.0
INV-2501-0113,B002,CHN,2025-01-30,OA,60,USD,4470.0,4470.0,1442.16,6446455.0,2025-03-31,0.0,N,0,,,2025-03-17,paid,6457854.0,,11399.0
INV-2501-0114,B104,MEX,2025-01-30,OA,60,USD,18620.0,18620.0,1442.16,26853019.0,2025-03-31,0.0,Y,1,DOCS,,2025-03-30,paid,27356504.0,,503485.0
INV-2501-0115,B127,VNM,2025-01-30,TT_ADV,0,USD,11880.0,11880.0,1442.16,17132861.0,2025-01-30,1.0,N,0,,,2025-01-16,paid,17299181.0,,166320.0
INV-2501-0116,B142,IND,2025-01-30,OA,30,USD,4530.0,4530.0,1442.16,6532985.0,2025-03-01,0.0,Y,0,,,2025-05-07,paid,6491806.0,,-41179.0
INV-2501-0117,B014,USA,2025-01-31,LC_USANCE,90,USD,14210.0,14210.0,1453.86,20659351.0,2025-05-01,0.0,N,0,,0,2025-05-01,paid,20428012.0,,-231339.0
INV-2501-0118,B100,THA,2025-01-31,TT_ADV,0,USD,12310.0,12310.0,1453.86,17897017.0,2025-01-31,1.0,N,0,,,2025-01-13,paid,18057170.0,,160153.0
INV-2502-0001,B042,BRA,2025-02-01,TT_ADV,0,USD,3620.0,3620.0,1453.86,5262973.0,2025-02-01,1.0,N,0,,,2025-01-06,paid,5284983.0,,22010.0
INV-2502-0002,B049,ARE,2025-02-01,DA,90,USD,14520.0,14520.0,1453.86,21110047.0,2025-05-02,0.0,N,0,,,2025-05-10,paid,20031649.0,,-1078398.0
INV-2502-0003,B086,DEU,2025-02-01,OA,90,EUR,26670.0,27736.72,1512.01,40325307.0,2025-05-02,0.0,N,0,,,2025-05-11,paid,42216636.0,,1891329.0
INV-2502-0004,B086,DEU,2025-02-02,OA,90,EUR,11180.0,11627.17,1512.01,16904272.0,2025-05-03,0.0,N,0,,,2025-05-11,paid,17621022.0,,716750.0
INV-2502-0005,B087,TWN,2025-02-02,TT_SPLIT_30_70,30,USD,4250.0,4250.0,1453.86,6178905.0,2025-03-04,0.3,Y,0,,,2025-03-01,paid,6219178.0,,40273.0
INV-2502-0006,B001,NLD,2025-02-03,OA,90,EUR,3180.0,3268.1,1501.69,4775374.0,2025-05-04,0.0,N,0,,,2025-05-04,paid,5040109.0,,264735.0
INV-2502-0007,B056,USA,2025-02-03,OA,90,USD,2280.0,2280.0,1461.21,3331559.0,2025-05-04,0.0,Y,0,,,2025-05-04,paid,3189469.0,,-142090.0
INV-2502-0008,B120,JPN,2025-02-04,OA,60,JPY,704000.0,4554.88,9.3881,6609222.0,2025-04-05,0.0,N,0,,,2025-03-29,paid,6883501.0,,274279.0
INV-2502-0009,B066,ARE,2025-02-05,DA,60,USD,1270.0,1270.0,1442.37,1831810.0,2025-04-06,0.0,Y,0,,,2025-03-29,paid,1865884.0,,34074.0
INV-2502-0010,B028,JPN,2025-02-06,TT_SPLIT_30_70,30,JPY,1769000.0,11635.14,9.5176,16836634.0,2025-03-08,0.3,Y,0,,,2025-02-21,paid,16837873.0,,1239.0
INV-2502-0011,B086,DEU,2025-02-06,TT_ADV,0,EUR,8410.0,8719.48,1500.3,12617523.0,2025-02-06,1.0,N,0,,,2025-01-23,paid,12568997.0,,-48526.0
INV-2502-0012,B109,VNM,2025-02-06,OA,30,USD,10310.0,10310.0,1447.05,14919086.0,2025-03-08,0.0,Y,1,PRICE,,2025-02-18,paid,14834337.0,,-84749.0
INV-2502-0013,B142,IND,2025-02-06,OA,30,USD,3250.0,3250.0,1447.05,4702912.0,2025-03-08,0.0,Y,0,,,2025-06-17,paid,4497445.0,,-205467.0
INV-2502-0014,B036,VNM,2025-02-07,TT_ADV,0,USD,8920.0,8920.0,1453.97,12969412.0,2025-02-07,1.0,N,0,,,2025-02-01,paid,12968431.0,,-981.0
INV-2502-0015,B049,ARE,2025-02-07,DA,90,USD,22330.0,22330.0,1453.97,32467150.0,2025-05-08,0.0,N,0,,,2025-05-10,paid,31228728.0,,-1238422.0
INV-2502-0016,B049,ARE,2025-02-07,DA,90,USD,34850.0,34850.0,1453.97,50670854.0,2025-05-08,0.0,N,0,,,2025-05-11,paid,48738074.0,,-1932780.0
INV-2502-0017,B058,MYS,2025-02-07,OA,30,USD,7480.0,7480.0,1453.97,10875696.0,2025-03-09,0.0,N,0,,,2025-04-27,paid,10776586.0,,-99110.0
INV-2502-0018,B066,ARE,2025-02-07,DA,60,USD,17230.0,17230.0,1453.97,25051903.0,2025-04-08,0.0,Y,0,,,2025-04-08,paid,25465423.0,,413520.0
INV-2502-0019,B144,TUR,2025-02-07,OA,60,USD,3130.0,3130.0,1453.97,4550926.0,2025-04-08,0.0,N,1,QUALITY,,2025-05-28,paid,4302498.0,,-248428.0
INV-2502-0020,B012,IDN,2025-02-08,DP,0,USD,5300.0,5300.0,1453.97,7706041.0,2025-02-20,0.0,N,0,,,2025-02-21,paid,7600518.0,,-105523.0
INV-2502-0021,B096,USA,2025-02-08,OA,90,USD,7440.0,7440.0,1453.97,10817537.0,2025-05-09,0.0,Y,0,,,2025-05-05,paid,10230818.0,,-586719.0
INV-2502-0022,B109,VNM,2025-02-08,OA,30,USD,20800.0,20800.0,1453.97,30242576.0,2025-03-10,0.0,Y,0,,,2025-03-05,paid,29993442.0,,-249134.0
INV-2502-0023,B018,NLD,2025-02-09,OA,30,EUR,10030.0,10360.02,1501.81,15063154.0,2025-03-11,0.0,Y,0,,,2025-03-11,paid,15925333.0,,862179.0
INV-2502-0024,B044,THA,2025-02-09,DA,90,USD,18270.0,18270.0,1453.97,26564032.0,2025-05-10,0.0,N,0,,,2025-05-09,paid,25550778.0,,-1013254.0
INV-2502-0025,B063,CHN,2025-02-09,TT_ADV,0,CNY,31600.0,4332.16,199.33,6298828.0,2025-02-09,1.0,N,0,,,2025-01-21,paid,6237524.0,,-61304.0
INV-2502-0026,B066,ARE,2025-02-09,DA,60,USD,6600.0,6600.0,1453.97,9596202.0,2025-04-10,0.0,Y,0,,,2025-04-10,paid,9572442.0,,-23760.0
INV-2502-0027,B073,BRA,2025-02-09,OA,30,USD,10970.0,10970.0,1453.97,15950051.0,2025-03-11,0.0,N,0,,,2025-03-10,paid,15980438.0,,30387.0
INV-2502-0028,B104,MEX,2025-02-09,OA,60,USD,11650.0,11650.0,1453.97,16938750.0,2025-04-10,0.0,Y,1,DOCS,,2025-04-08,paid,17218350.0,,279600.0
INV-2502-0029,B086,DEU,2025-02-10,OA,90,EUR,22230.0,22923.56,1496.27,33262082.0,2025-05-11,0.0,N,0,,,2025-05-16,paid,34918704.0,,1656622.0
INV-2502-0030,B086,DEU,2025-02-10,OA,90,EUR,9400.0,9693.27,1496.27,14064938.0,2025-05-11,0.0,N,0,,,2025-05-16,paid,14674058.0,,609120.0
INV-2502-0031,B137,ARE,2025-02-10,TT_ADV,0,USD,46910.0,46910.0,1451.0,68066410.0,2025-02-10,1.0,N,0,,,2025-02-01,paid,68200573.0,,134163.0
INV-2502-0032,B009,CHN,2025-02-11,DA,90,CNY,34200.0,4680.3,198.75,6797250.0,2025-05-12,0.0,Y,0,,,2025-05-12,paid,6732612.0,,-64638.0
INV-2502-0033,B026,THA,2025-02-11,OA,60,USD,3960.0,3960.0,1452.31,5751148.0,2025-04-12,0.0,Y,0,,,2025-04-12,paid,5618408.0,,-132740.0
INV-2502-0034,B030,TUR,2025-02-11,OA,60,USD,14180.0,14180.0,1452.31,20593756.0,2025-04-12,0.0,N,1,PRICE,,2025-04-13,paid,20501081.0,,-92675.0
INV-2502-0035,B104,MEX,2025-02-11,OA,60,USD,17200.0,17200.0,1452.31,24979732.0,2025-04-12,0.0,Y,0,,,2025-04-09,paid,25360271.0,,380539.0
INV-2502-0036,B137,ARE,2025-02-11,TT_ADV,0,USD,2780.0,2780.0,1452.31,4037422.0,2025-02-11,1.0,N,0,,,2025-01-23,paid,3987326.0,,-50096.0
INV-2502-0037,B040,IND,2025-02-12,LC_USANCE,90,USD,16440.0,16440.0,1453.49,23895376.0,2025-05-13,0.0,N,0,,0,2025-05-13,paid,23322606.0,,-572770.0
INV-2502-0038,B052,VNM,2025-02-12,LC_SIGHT,0,USD,21170.0,21170.0,1453.49,30770383.0,2025-02-20,0.0,N,0,,0,2025-02-20,paid,30372811.0,,-397572.0
INV-2502-0039,B056,USA,2025-02-12,TT_ADV,0,USD,3980.0,3980.0,1453.49,5784890.0,2025-02-12,1.0,N,0,,,2025-01-17,paid,5799019.0,,14129.0
INV-2502-0040,B064,USA,2025-02-12,TT_SPLIT_30_70,30,USD,15220.0,15220.0,1453.49,22122118.0,2025-03-14,0.3,Y,0,,,2025-03-14,paid,22052912.0,,-69206.0
INV-2502-0041,B087,TWN,2025-02-12,TT_SPLIT_30_70,30,USD,56460.0,56460.0,1453.49,82064045.0,2025-03-14,0.3,Y,0,,,2025-03-07,paid,82125079.0,,61034.0
INV-2502-0042,B123,POL,2025-02-12,OA,60,EUR,9720.0,10101.05,1510.47,14681768.0,2025-04-13,0.0,Y,0,,,2025-04-13,paid,15617902.0,,936134.0
INV-2502-0043,B015,TWN,2025-02-13,DA,90,USD,1870.0,1870.0,1446.95,2705796.0,2025-05-14,0.0,N,1,QUALITY,,2025-05-02,paid,2615924.0,,-89872.0
INV-2502-0044,B065,IND,2025-02-13,LC_SIGHT,0,USD,19950.0,19950.0,1446.95,28866652.0,2025-02-20,0.0,N,0,,0,2025-02-20,paid,28622464.0,,-244188.0
INV-2502-0045,B002,CHN,2025-02-14,OA,90,USD,1520.0,1520.0,1439.89,2188633.0,2025-05-15,0.0,N,0,,,2025-05-10,paid,2125735.0,,-62898.0
INV-2502-0046,B049,ARE,2025-02-14,DA,90,USD,37630.0,37630.0,1439.89,54183061.0,2025-05-15,0.0,N,0,,,2025-05-29,paid,52527657.0,,-1655404.0
INV-2502-0047,B096,USA,2025-02-14,OA,90,USD,3650.0,3650.0,1439.89,5255598.0,2025-05-15,0.0,Y,1,QUANTITY,,2025-05-15,paid,5101422.0,,-154176.0
INV-2502-0048,B097,SAU,2025-02-14,OA,30,USD,177370.0,177370.0,1439.89,255393289.0,2025-03-16,0.0,Y,0,,,2025-03-12,paid,257488029.0,,2094740.0
INV-2502-0049,B126,GBR,2025-02-14,OA,60,USD,11670.0,11670.0,1439.89,16803516.0,2025-04-15,0.0,N,1,QUALITY,,2025-04-15,paid,16654957.0,,-148559.0
INV-2502-0050,B132,IDN,2025-02-14,OA,60,USD,11570.0,11570.0,1439.89,16659527.0,2025-04-15,0.0,Y,0,,,2025-04-15,paid,16512241.0,,-147286.0
INV-2502-0051,B139,DEU,2025-02-14,DA,90,EUR,7130.0,7485.09,1511.6,10777708.0,2025-05-15,0.0,Y,1,QUALITY,,2025-05-26,paid,11046580.0,,268872.0
INV-2502-0052,B149,CHN,2025-02-14,OA,90,USD,27390.0,27390.0,1439.89,39438587.0,2025-05-15,0.0,Y,0,,,2025-05-15,paid,38281634.0,,-1156954.0
INV-2502-0053,B018,NLD,2025-02-15,OA,30,EUR,18500.0,19421.34,1511.6,27964600.0,2025-03-17,0.0,Y,0,,,2025-03-17,paid,29191335.0,,1226735.0
INV-2502-0054,B062,USA,2025-02-15,OA,60,USD,7340.0,7340.0,1439.89,10568793.0,2025-04-16,0.0,Y,0,,,2025-04-12,paid,10413919.0,,-154874.0
INV-2502-0055,B070,POL,2025-02-15,OA,60,EUR,11440.0,12009.74,1511.6,17292704.0,2025-04-16,0.0,Y,0,,,2025-06-30,paid,18107006.0,,814302.0
INV-2502-0056,B101,IND,2025-02-15,DA,60,USD,12820.0,12820.0,1439.89,18459390.0,2025-04-16,0.0,Y,0,,,2025-04-12,paid,18188888.0,,-270502.0
INV-2502-0057,B140,USA,2025-02-15,OA,60,USD,20390.0,20390.0,1439.89,29359357.0,2025-04-16,0.0,Y,0,,,2025-04-13,paid,28929128.0,,-430229.0
INV-2502-0058,B015,TWN,2025-02-16,DA,90,USD,3550.0,3550.0,1439.89,5111610.0,2025-05-17,0.0,N,1,QUALITY,,2025-05-13,paid,5003011.0,,-108599.0
INV-2502-0059,B030,TUR,2025-02-16,OA,60,USD,7440.0,7440.0,1439.89,10712782.0,2025-04-17,0.0,N,0,,,2025-04-13,paid,10555798.0,,-156984.0
INV-2502-0060,B066,ARE,2025-02-16,DA,60,USD,5530.0,5530.0,1439.89,7962592.0,2025-04-17,0.0,Y,1,DOCS,,2025-04-20,paid,7871900.0,,-90692.0
INV-2502-0061,B080,JPN,2025-02-16,OA,60,JPY,745000.0,4893.26,9.4574,7045763.0,2025-04-17,0.0,Y,0,,,2025-04-14,paid,7413346.0,,367583.0
INV-2502-0062,B113,JPN,2025-02-16,TT_ADV,0,JPY,3897000.0,25596.04,9.4574,36855488.0,2025-02-16,1.0,N,0,,,2025-01-31,paid,36574124.0,,-281364.0
INV-2502-0063,B026,THA,2025-02-17,TT_SPLIT_30_70,30,USD,18450.0,18450.0,1439.89,26565970.0,2025-03-19,0.3,Y,0,,,2025-03-13,paid,26781780.0,,215810.0
INV-2502-0064,B067,BRA,2025-02-17,DP,0,USD,11440.0,11440.0,1439.89,16472342.0,2025-03-04,0.0,N,0,,,2025-03-04,paid,16684782.0,,212440.0
INV-2502-0065,B106,TUR,2025-02-17,LC_SIGHT,0,USD,22230.0,22230.0,1439.89,32008755.0,2025-02-22,0.0,N,0,,0,2025-02-22,paid,31879154.0,,-129601.0
INV-2502-0066,B055,USA,2025-02-18,OA,60,USD,11470.0,11470.0,1438.83,16503380.0,2025-04-19,0.0,Y,1,PRICE,,2025-04-20,paid,16327430.0,,-175950.0
INV-2502-0067,B073,BRA,2025-02-18,OA,30,USD,14440.0,14440.0,1438.83,20776705.0,2025-03-20,0.0,N,1,DOCS,,2025-03-20,paid,21194599.0,,417894.0
INV-2502-0068,B083,USA,2025-02-18,TT_SPLIT_30_70,30,USD,4510.0,4510.0,1438.83,6489123.0,2025-03-20,0.3,Y,0,,,2025-03-20,paid,6581921.0,,92798.0
INV-2502-0069,B089,NGA,2025-02-18,LC_SIGHT,0,USD,2600.0,2600.0,1438.83,3740958.0,2025-02-25,0.0,N,0,,0,2025-02-25,paid,3727854.0,,-13104.0
INV-2502-0070,B089,NGA,2025-02-18,LC_SIGHT,0,USD,18510.0,18510.0,1438.83,26632743.0,2025-02-27,0.0,N,0,,0,2025-02-27,paid,26790448.0,,157706.0
INV-2502-0071,B109,VNM,2025-02-18,OA,30,USD,7560.0,7560.0,1438.83,10877555.0,2025-03-20,0.0,Y,0,,,2025-03-15,paid,10975306.0,,97751.0
INV-2502-0072,B140,USA,2025-02-18,OA,60,USD,23630.0,23630.0,1438.83,33999553.0,2025-04-19,0.0,Y,1,PRICE,,2025-04-16,paid,33453623.0,,-545930.0
INV-2502-0073,B013,CHN,2025-02-19,TT_ADV,0,USD,44040.0,44040.0,1441.06,63464282.0,2025-02-19,1.0,N,0,,,2025-02-03,paid,64351688.0,,887406.0
INV-2502-0074,B029,CHN,2025-02-19,OA,60,USD,3320.0,3320.0,1441.06,4784319.0,2025-04-20,0.0,Y,0,,,2025-04-20,paid,4725987.0,,-58332.0
INV-2502-0075,B114,JPN,2025-02-19,OA,90,JPY,214000.0,1410.96,9.5013,2033278.0,2025-05-20,0.0,N,0,,,2025-05-20,paid,2060392.0,,27114.0
INV-2502-0076,B002,CHN,2025-02-20,OA,90,USD,64180.0,64180.0,1434.71,92079688.0,2025-05-21,0.0,N,0,,,2025-05-19,paid,89112646.0,,-2967042.0
INV-2502-0077,B009,CHN,2025-02-20,DA,90,CNY,19500.0,2687.6,197.74,3855930.0,2025-05-21,0.0,Y,0,,,2025-05-21,paid,3713970.0,,-141960.0
INV-2502-0078,B121,IND,2025-02-20,DA,90,USD,5350.0,5350.0,1434.71,7675698.0,2025-05-21,0.0,Y,0,,,2025-05-21,paid,7338274.0,,-337424.0
INV-2502-0079,B003,IDN,2025-02-21,DA,90,USD,3030.0,3030.0,1434.06,4345202.0,2025-05-22,0.0,N,0,,,2025-08-11,paid,4212346.0,,-132856.0
INV-2502-0080,B037,SAU,2025-02-21,DA,90,USD,5860.0,5860.0,1434.06,8403592.0,2025-05-22,0.0,Y,0,,,2025-06-17,paid,8075953.0,,-327639.0
INV-2502-0081,B062,USA,2025-02-21,OA,60,USD,3520.0,3520.0,1434.06,5047891.0,2025-04-22,0.0,Y,0,,,2025-05-11,paid,4894909.0,,-152982.0
INV-2502-0082,B135,TUR,2025-02-21,OA,30,USD,13660.0,13660.0,1434.06,19589260.0,2025-03-23,0.0,Y,0,,,2025-03-18,paid,19824485.0,,235225.0
INV-2502-0083,B065,IND,2025-02-22,LC_SIGHT,0,USD,114930.0,114930.0,1434.06,164816516.0,2025-03-04,0.0,N,0,,0,2025-03-04,paid,167620808.0,,2804292.0
INV-2502-0084,B092,POL,2025-02-22,TT_SPLIT_30_70,30,EUR,5840.0,6105.72,1499.31,8755970.0,2025-03-24,0.3,N,0,,,2025-04-04,paid,9211934.0,,455964.0
INV-2502-0085,B105,JPN,2025-02-22,OA,60,JPY,506000.0,3384.84,9.593,4854058.0,2025-04-23,0.0,Y,1,QUANTITY,,2025-04-19,paid,5064605.0,,210547.0
INV-2502-0086,B138,CHN,2025-02-22,OA,90,CNY,22100.0,3048.25,197.8,4371380.0,2025-05-23,0.0,Y,0,,,2025-05-19,paid,4253366.0,,-118014.0
INV-2502-0087,B030,TUR,2025-02-23,OA,60,USD,6910.0,6910.0,1434.06,9909355.0,2025-04-24,0.0,N,0,,,2025-04-18,paid,9824271.0,,-85084.0
INV-2502-0088,B033,VNM,2025-02-23,LC_SIGHT,0,USD,2990.0,2990.0,1434.06,4287839.0,2025-03-05,0.0,N,0,,0,2025-03-05,paid,4321178.0,,33339.0
INV-2502-0089,B036,VNM,2025-02-23,TT_ADV,0,USD,2180.0,2180.0,1434.06,3126251.0,2025-02-23,1.0,N,0,,,2025-02-12,paid,3168608.0,,42357.0
INV-2502-0090,B064,USA,2025-02-23,TT_SPLIT_30_70,30,USD,11850.0,11850.0,1434.06,16993611.0,2025-03-25,0.3,Y,0,,,2025-03-22,paid,17331692.0,,338080.0
INV-2502-0091,B104,MEX,2025-02-23,OA,60,USD,9910.0,9910.0,1434.06,14211535.0,2025-04-24,0.0,Y,0,,,2025-04-17,paid,14033551.0,,-177984.0
INV-2502-0092,B048,CHN,2025-02-24,OA,30,USD,1840.0,1840.0,1429.77,2630777.0,2025-03-26,0.0,Y,0,,,2025-03-13,paid,2678598.0,,47821.0
INV-2502-0093,B059,IDN,2025-02-24,OA,30,USD,13430.0,13430.0,1429.77,19201811.0,2025-03-26,0.0,Y,0,,,2025-04-13,paid,19330288.0,,128477.0
INV-2502-0094,B093,NGA,2025-02-24,OA,30,USD,120450.0,120450.0,1429.77,172215796.0,2025-03-26,0.0,Y,0,,,2025-04-10,paid,174893231.0,,2677435.0
INV-2502-0095,B105,JPN,2025-02-24,OA,60,JPY,3654000.0,24430.02,9.5592,34929317.0,2025-04-25,0.0,Y,0,,,2025-04-22,paid,36962768.0,,2033451.0
INV-2502-0096,B135,TUR,2025-02-24,OA,30,USD,7880.0,7880.0,1429.77,11266588.0,2025-03-26,0.0,Y,1,DOCS,,2025-03-26,paid,11561930.0,,295342.0
INV-2502-0097,B143,MYS,2025-02-24,OA,30,USD,2710.0,2710.0,1429.77,3874677.0,2025-03-26,0.0,Y,0,,,2025-03-26,paid,3976248.0,,101570.0
INV-2502-0098,B024,USA,2025-02-25,OA,30,USD,5860.0,5860.0,1433.79,8402009.0,2025-03-27,0.0,Y,0,,,2025-04-07,paid,8564361.0,,162352.0
INV-2502-0099,B030,TUR,2025-02-25,OA,60,USD,1460.0,1460.0,1433.79,2093333.0,2025-04-26,0.0,N,0,,,2025-04-18,paid,2078295.0,,-15038.0
INV-2502-0100,B055,USA,2025-02-25,OA,60,USD,18990.0,18990.0,1433.79,27227672.0,2025-04-26,0.0,Y,0,,,2025-04-26,paid,27359273.0,,131601.0
INV-2502-0101,B029,CHN,2025-02-26,OA,60,USD,24240.0,24240.0,1433.2,34740768.0,2025-04-27,0.0,Y,0,,,2025-04-26,paid,34923053.0,,182285.0
INV-2502-0102,B053,DEU,2025-02-26,OA,60,EUR,1990.0,2092.29,1506.87,2998671.0,2025-04-27,0.0,N,0,,,2025-04-27,paid,3262963.0,,264292.0
INV-2502-0103,B082,JPN,2025-02-26,OA,60,JPY,10292000.0,69013.56,9.6104,98910237.0,2025-04-27,0.0,Y,1,QUANTITY,,2025-05-22,paid,101529679.0,,2619442.0
INV-2502-0104,B115,CHN,2025-02-26,DA,60,CNY,103400.0,14243.11,197.42,20413228.0,2025-04-27,0.0,Y,0,,,2025-04-07,paid,20802012.0,,388784.0
INV-2502-0105,B003,IDN,2025-02-27,DA,90,USD,9170.0,9170.0,1447.35,13272200.0,2025-05-28,0.0,N,0,,,2025-09-07,paid,12765980.0,,-506220.0
INV-2502-0106,B119,IND,2025-02-27,DA,90,USD,13290.0,13290.0,1447.35,19235282.0,2025-05-28,0.0,Y,0,,,2025-06-02,paid,18316689.0,,-918593.0
INV-2502-0107,B053,DEU,2025-02-28,OA,60,EUR,22490.0,23394.05,1517.69,34132848.0,2025-04-29,0.0,N,0,,,2025-04-29,paid,36701881.0,,2569033.0
INV-2502-0108,B093,NGA,2025-02-28,OA,30,USD,11860.0,11860.0,1459.04,17304214.0,2025-03-30,0.0,Y,1,QUALITY,,2025-04-10,paid,17201388.0,,-102826.0
INV-2502-0109,B110,USA,2025-02-28,OA,90,USD,6500.0,6500.0,1459.04,9483760.0,2025-05-29,0.0,Y,1,QUALITY,,2025-06-02,paid,8946730.0,,-537030.0
INV-2503-0001,B017,EGY,2025-03-01,OA,90,USD,5170.0,5170.0,1459.04,7543237.0,2025-05-30,0.0,N,1,PRICE,,2025-06-21,paid,7095566.0,,-447670.0
INV-2503-0002,B066,ARE,2025-03-01,DA,60,USD,46820.0,46820.0,1459.04,68312253.0,2025-04-30,0.0,Y,0,,,2025-04-30,paid,66750338.0,,-1561915.0
INV-2503-0003,B115,CHN,2025-03-01,DA,60,CNY,89500.0,12289.2,200.34,17930430.0,2025-04-30,0.0,Y,1,PRICE,,2025-04-22,paid,17442655.0,,-487775.0
INV-2503-0004,B135,TUR,2025-03-01,OA,30,USD,2160.0,2160.0,1459.04,3151526.0,2025-03-31,0.0,Y,0,,,2025-03-26,paid,3169260.0,,17734.0
INV-2503-0005,B013,CHN,2025-03-02,TT_ADV,0,USD,10970.0,10970.0,1459.04,16005669.0,2025-03-02,1.0,N,0,,,2025-01-31,paid,15948844.0,,-56825.0
INV-2503-0006,B049,ARE,2025-03-02,DA,90,USD,7880.0,7880.0,1459.04,11497235.0,2025-05-31,0.0,N,0,,,2025-06-06,paid,10787138.0,,-710097.0
INV-2503-0007,B087,TWN,2025-03-02,TT_ADV,0,USD,8400.0,8400.0,1459.04,12255936.0,2025-03-02,1.0,N,0,,,2025-02-26,paid,12038880.0,,-217056.0
INV-2503-0008,B028,JPN,2025-03-03,OA,90,JPY,3663000.0,24394.01,9.6996,35529635.0,2025-06-01,0.0,Y,1,QUANTITY,,2025-05-29,paid,34872126.0,,-657509.0
INV-2503-0009,B070,POL,2025-03-03,OA,60,EUR,4610.0,4838.65,1528.73,7047445.0,2025-05-02,0.0,Y,0,,,2025-06-30,paid,7344053.0,,296608.0
INV-2503-0010,B030,TUR,2025-03-04,OA,60,USD,33740.0,33740.0,1458.46,49208440.0,2025-05-03,0.0,N,0,,,2025-04-23,paid,48109191.0,,-1099249.0
INV-2503-0011,B036,VNM,2025-03-04,TT_ADV,0,USD,5770.0,5770.0,1458.46,8415314.0,2025-03-04,1.0,N,0,,,2025-02-18,paid,8302049.0,,-113265.0
INV-2503-0012,B066,ARE,2025-03-04,DA,60,USD,12780.0,12780.0,1458.46,18639119.0,2025-05-03,0.0,Y,0,,,2025-05-02,paid,17877814.0,,-761305.0
INV-2503-0013,B071,TWN,2025-03-04,OA,60,USD,18180.0,18180.0,1458.46,26514803.0,2025-05-03,0.0,Y,0,,,2025-04-29,paid,26033942.0,,-480861.0
INV-2503-0014,B078,VNM,2025-03-04,TT_SPLIT_30_70,30,USD,5660.0,5660.0,1458.46,8254884.0,2025-04-03,0.3,N,0,,,2025-04-03,paid,8193999.0,,-60885.0
INV-2503-0015,B036,VNM,2025-03-05,TT_ADV,0,USD,14320.0,14320.0,1445.21,20695407.0,2025-03-05,1.0,N,0,,,2025-02-10,paid,20778320.0,,82913.0
INV-2503-0016,B036,VNM,2025-03-05,TT_SPLIT_30_70,30,USD,3350.0,3350.0,1445.21,4841454.0,2025-04-04,0.3,N,0,,,2025-04-02,paid,4874555.0,,33101.0
INV-2503-0017,B040,IND,2025-03-05,LC_USANCE,90,USD,4920.0,4920.0,1445.21,7110433.0,2025-06-03,0.0,N,0,,0,2025-06-03,paid,6781974.0,,-328459.0
INV-2503-0018,B041,TUR,2025-03-05,TT_ADV,0,USD,1810.0,1810.0,1445.21,2615830.0,2025-03-05,1.0,N,0,,,2025-02-13,paid,2618980.0,,3150.0
INV-2503-0019,B061,IND,2025-03-05,DA,60,USD,4000.0,4000.0,1445.21,5780840.0,2025-05-04,0.0,N,1,DOCS,,2025-04-30,paid,5702720.0,,-78120.0
INV-2503-0020,B003,IDN,2025-03-06,DA,90,USD,3540.0,3540.0,1447.34,5123584.0,2025-06-04,0.0,N,1,PRICE,,2025-09-07,paid,4903891.0,,-219693.0
INV-2503-0021,B026,THA,2025-03-06,OA,60,USD,5100.0,5100.0,1447.34,7381434.0,2025-05-05,0.0,Y,0,,,2025-05-03,paid,7134339.0,,-247095.0
INV-2503-0022,B044,THA,2025-03-06,DA,90,USD,17940.0,17940.0,1447.34,25965280.0,2025-06-04,0.0,N,0,,,2025-05-18,paid,25137349.0,,-827931.0
INV-2503-0023,B050,USA,2025-03-06,OA,60,USD,2860.0,2860.0,1447.34,4139392.0,2025-05-05,0.0,Y,0,,,2025-05-03,paid,4000825.0,,-138567.0
INV-2503-0024,B126,GBR,2025-03-06,OA,60,USD,11500.0,11500.0,1447.34,16644410.0,2025-05-05,0.0,N,0,,,2025-05-05,paid,15813765.0,,-830645.0
INV-2503-0025,B014,USA,2025-03-07,LC_USANCE,90,USD,4550.0,4550.0,1449.3,6594315.0,2025-06-05,0.0,N,0,,0,2025-06-05,paid,6169664.0,,-424652.0
INV-2503-0026,B026,THA,2025-03-07,TT_SPLIT_30_70,30,USD,4060.0,4060.0,1449.3,5884158.0,2025-04-06,0.3,Y,0,,,2025-04-04,paid,5905826.0,,21668.0
INV-2503-0027,B026,THA,2025-03-07,OA,60,USD,8810.0,8810.0,1449.3,12768333.0,2025-05-06,0.0,Y,0,,,2025-05-06,paid,12224434.0,,-543899.0
INV-2503-0028,B036,VNM,2025-03-07,TT_ADV,0,USD,10890.0,10890.0,1449.3,15782877.0,2025-03-07,1.0,N,0,,,2025-02-23,paid,15616913.0,,-165964.0
INV-2503-0029,B044,THA,2025-03-07,DA,90,USD,2630.0,2630.0,1449.3,3811659.0,2025-06-05,0.0,N,0,,,2025-06-07,paid,3577536.0,,-234123.0
INV-2503-0030,B050,USA,2025-03-07,OA,60,USD,8390.0,8390.0,1449.3,12159627.0,2025-05-06,0.0,Y,0,,,2025-05-08,paid,11608708.0,,-550919.0
INV-2503-0031,B087,TWN,2025-03-07,TT_SPLIT_30_70,30,USD,5370.0,5370.0,1449.3,7782741.0,2025-04-06,0.3,Y,0,,,2025-03-31,paid,7863968.0,,81227.0
INV-2503-0032,B121,IND,2025-03-07,DA,90,USD,6830.0,6830.0,1449.3,9898719.0,2025-06-05,0.0,Y,0,,,2025-06-05,paid,9261275.0,,-637444.0
INV-2503-0033,B140,USA,2025-03-07,OA,60,USD,8080.0,8080.0,1449.3,11710344.0,2025-05-06,0.0,Y,0,,,2025-04-27,paid,11641018.0,,-69326.0
INV-2503-0034,B002,CHN,2025-03-08,OA,90,USD,6670.0,6670.0,1449.3,9666831.0,2025-06-06,0.0,N,0,,,2025-06-02,paid,9180721.0,,-486110.0
INV-2503-0035,B050,USA,2025-03-08,OA,60,USD,5880.0,5880.0,1449.3,8521884.0,2025-05-07,0.0,Y,0,,,2025-05-08,paid,8253227.0,,-268657.0
INV-2503-0036,B078,VNM,2025-03-08,TT_ADV,0,USD,20100.0,20100.0,1449.3,29130930.0,2025-03-08,1.0,N,0,,,2025-02-13,paid,29083695.0,,-47235.0
INV-2503-0037,B081,JPN,2025-03-08,LC_USANCE,60,JPY,1251000.0,8502.71,9.8505,12322976.0,2025-05-07,0.0,N,0,,0,2025-05-07,paid,12136451.0,,-186525.0
INV-2503-0038,B135,TUR,2025-03-08,OA,30,USD,13810.0,13810.0,1449.3,20014833.0,2025-04-07,0.0,Y,0,,,2025-04-02,paid,20266878.0,,252045.0
INV-2503-0039,B009,CHN,2025-03-09,DA,90,CNY,19200.0,2654.19,200.35,3846720.0,2025-06-07,0.0,Y,0,,,2025-05-25,paid,3650304.0,,-196416.0
INV-2503-0040,B026,THA,2025-03-09,OA,60,USD,4220.0,4220.0,1449.3,6116046.0,2025-05-08,0.0,Y,0,,,2025-05-06,paid,5811573.0,,-304473.0
INV-2503-0041,B053,DEU,2025-03-09,OA,60,EUR,5710.0,6200.47,1573.79,8986341.0,2025-05-08,0.0,N,1,DOCS,,2025-05-15,paid,8929469.0,,-56872.0
INV-2503-0042,B101,IND,2025-03-09,DA,60,USD,10030.0,10030.0,1449.3,14536479.0,2025-05-08,0.0,Y,0,,,2025-05-02,paid,14030867.0,,-505612.0
INV-2503-0043,B135,TUR,2025-03-09,OA,30,USD,2450.0,2450.0,1449.3,3550785.0,2025-04-08,0.0,Y,1,QUALITY,,2025-04-10,paid,3553406.0,,2621.0
INV-2503-0044,B136,DEU,2025-03-09,DA,90,EUR,3610.0,3920.09,1573.79,5681382.0,2025-06-07,0.0,Y,0,,,2025-06-07,paid,5596619.0,,-84763.0
INV-2503-0045,B148,ARE,2025-03-09,OA,60,USD,3890.0,3890.0,1449.3,5637777.0,2025-05-08,0.0,N,0,,,2025-04-29,paid,5570519.0,,-67258.0
INV-2503-0046,B024,USA,2025-03-10,OA,30,USD,2460.0,2460.0,1456.74,3583580.0,2025-04-09,0.0,Y,0,,,2025-04-07,paid,3616741.0,,33161.0
INV-2503-0047,B049,ARE,2025-03-10,DA,90,USD,4280.0,4280.0,1456.74,6234847.0,2025-06-08,0.0,N,0,,,2025-06-13,paid,5830182.0,,-404665.0
INV-2503-0048,B055,USA,2025-03-10,OA,60,USD,13370.0,13370.0,1456.74,19476614.0,2025-05-09,0.0,Y,0,,,2025-05-09,paid,18698079.0,,-778535.0
INV-2503-0049,B112,MEX,2025-03-10,TT_SPLIT_30_70,30,USD,9890.0,9890.0,1456.74,14407159.0,2025-04-09,0.3,N,0,,,2025-04-09,paid,14452633.0,,45474.0
INV-2503-0050,B031,MEX,2025-03-11,TT_ADV,0,USD,98000.0,98000.0,1453.07,142400860.0,2025-03-11,1.0,N,0,,,2025-02-15,paid,141109220.0,,-1291640.0
INV-2503-0051,B043,CHN,2025-03-11,OA,90,CNY,38000.0,5257.5,201.04,7639520.0,2025-06-09,0.0,Y,0,,,2025-06-09,paid,7170980.0,,-468540.0
INV-2503-0052,B056,USA,2025-03-11,OA,90,USD,1950.0,1950.0,1453.07,2833486.0,2025-06-09,0.0,Y,0,,,2025-06-02,paid,2684019.0,,-149467.0
INV-2503-0053,B033,VNM,2025-03-12,LC_SIGHT,0,USD,34420.0,34420.0,1451.7,49967514.0,2025-03-22,0.0,N,0,,0,2025-03-22,paid,50476586.0,,509072.0
INV-2503-0054,B040,IND,2025-03-12,LC_USANCE,90,USD,5880.0,5880.0,1451.7,8535996.0,2025-06-10,0.0,N,0,,0,2025-06-10,paid,8041194.0,,-494802.0
INV-2503-0055,B062,USA,2025-03-12,TT_ADV,0,USD,6420.0,6420.0,1451.7,9319914.0,2025-03-12,1.0,N,0,,,2025-02-13,paid,9289419.0,,-30495.0
INV-2503-0056,B062,USA,2025-03-12,OA,60,USD,1190.0,1190.0,1451.7,1727523.0,2025-05-11,0.0,Y,0,,,2025-05-18,paid,1665245.0,,-62278.0
INV-2503-0057,B119,IND,2025-03-12,TT_ADV,0,USD,3660.0,3660.0,1451.7,5313222.0,2025-03-12,1.0,N,0,,,2025-02-14,paid,5269997.0,,-43225.0
INV-2503-0058,B127,VNM,2025-03-12,DP,0,USD,3970.0,3970.0,1451.7,5763249.0,2025-03-25,0.0,N,0,,,2025-03-25,paid,5817320.0,,54071.0
INV-2503-0059,B005,VNM,2025-03-13,OA,90,USD,4100.0,4100.0,1455.76,5968616.0,2025-06-11,0.0,Y,0,,,2025-06-11,paid,5609989.0,,-358627.0
INV-2503-0060,B059,IDN,2025-03-13,TT_ADV,0,USD,30930.0,30930.0,1455.76,45026657.0,2025-03-13,1.0,N,0,,,2025-03-03,paid,45049236.0,,22579.0
INV-2503-0061,B104,MEX,2025-03-13,OA,60,USD,4640.0,4640.0,1455.76,6754726.0,2025-05-12,0.0,Y,1,DOCS,,2025-05-09,paid,6489086.0,,-265640.0
INV-2503-0062,B120,JPN,2025-03-13,OA,60,JPY,222000.0,1502.94,9.8555,2187921.0,2025-05-12,0.0,N,0,,,2025-05-12,paid,2125361.0,,-62560.0
INV-2503-0063,B137,ARE,2025-03-13,TT_ADV,0,USD,16020.0,16020.0,1455.76,23321275.0,2025-03-13,1.0,N,0,,,2025-02-13,paid,23180139.0,,-141136.0
INV-2503-0064,B137,ARE,2025-03-13,TT_ADV,0,USD,15730.0,15730.0,1455.76,22899105.0,2025-03-13,1.0,N,0,,,2025-02-12,paid,22863398.0,,-35707.0
INV-2503-0065,B140,USA,2025-03-13,OA,60,USD,8110.0,8110.0,1455.76,11806214.0,2025-05-12,0.0,Y,0,,,2025-05-10,paid,11341916.0,,-464298.0
INV-2503-0066,B148,ARE,2025-03-13,OA,60,USD,9900.0,9900.0,1455.76,14412024.0,2025-05-12,0.0,N,0,,,2025-05-01,paid,14198566.0,,-213458.0
INV-2503-0067,B028,JPN,2025-03-14,OA,90,JPY,10587000.0,71288.1,9.7755,103493218.0,2025-06-12,0.0,Y,1,PRICE,,2025-06-11,paid,100263125.0,,-3230093.0
INV-2503-0068,B118,USA,2025-03-14,DA,90,USD,5310.0,5310.0,1451.76,7708846.0,2025-06-12,0.0,Y,0,,,2025-06-06,paid,7223087.0,,-485759.0
INV-2503-0069,B119,IND,2025-03-14,TT_ADV,0,USD,6200.0,6200.0,1451.76,9000912.0,2025-03-14,1.0,N,0,,,2025-02-28,paid,9046048.0,,45136.0
INV-2503-0070,B024,USA,2025-03-15,OA,30,USD,12870.0,12870.0,1451.76,18684151.0,2025-04-14,0.0,Y,0,,,2025-04-25,paid,18844441.0,,160290.0
INV-2503-0071,B049,ARE,2025-03-15,DA,90,USD,11110.0,11110.0,1451.76,16129054.0,2025-06-13,0.0,N,1,DOCS,,2025-06-21,paid,15246774.0,,-882280.0
INV-2503-0072,B067,BRA,2025-03-15,DP,0,USD,3420.0,3420.0,1451.76,4965019.0,2025-03-25,0.0,N,0,,,2025-07-23,paid,4703800.0,,-261219.0
INV-2503-0073,B063,CHN,2025-03-16,TT_ADV,0,CNY,18900.0,2611.29,200.58,3790962.0,2025-03-16,1.0,N,0,,,2025-02-15,paid,3752028.0,,-38934.0
INV-2503-0074,B086,DEU,2025-03-16,OA,90,EUR,7070.0,7686.49,1578.35,11158934.0,2025-06-14,0.0,N,0,,,2025-06-09,paid,10944926.0,,-214008.0
INV-2503-0075,B111,TWN,2025-03-16,DA,90,USD,20160.0,20160.0,1451.76,29267482.0,2025-06-14,0.0,N,0,,,2025-06-14,paid,27516989.0,,-1750493.0
INV-2503-0076,B020,SAU,2025-03-17,TT_SPLIT_30_70,30,USD,4960.0,4960.0,1444.71,7165762.0,2025-04-16,0.3,Y,0,,,2025-04-09,paid,7245990.0,,80228.0
INV-2503-0077,B029,CHN,2025-03-17,TT_SPLIT_30_70,30,USD,4930.0,4930.0,1444.71,7122420.0,2025-04-16,0.3,Y,0,,,2025-04-09,paid,7210490.0,,88070.0
INV-2503-0078,B041,TUR,2025-03-17,OA,30,USD,28750.0,28750.0,1444.71,41535412.0,2025-04-16,0.0,Y,0,,,2025-03-29,paid,42239500.0,,704088.0
INV-2503-0079,B092,POL,2025-03-17,TT_SPLIT_30_70,30,EUR,6150.0,6717.02,1577.91,9704146.0,2025-04-16,0.3,N,0,,,2025-04-16,paid,9710573.0,,6427.0
INV-2503-0080,B033,VNM,2025-03-18,LC_SIGHT,0,USD,5230.0,5230.0,1451.28,7590194.0,2025-03-24,0.0,N,0,,0,2025-03-24,paid,7671939.0,,81745.0
INV-2503-0081,B067,BRA,2025-03-18,TT_SPLIT_30_70,30,USD,7670.0,7670.0,1451.28,11131318.0,2025-04-17,0.3,N,0,,,2025-05-19,paid,10754521.0,,-376797.0
INV-2503-0082,B132,IDN,2025-03-18,TT_ADV,0,USD,11780.0,11780.0,1451.28,17096078.0,2025-03-18,1.0,N,0,,,2025-02-24,paid,16842691.0,,-253387.0
INV-2503-0083,B132,IDN,2025-03-18,OA,60,USD,12740.0,12740.0,1451.28,18489307.0,2025-05-17,0.0,Y,0,,,2025-07-06,paid,17532455.0,,-956852.0
INV-2503-0084,B140,USA,2025-03-18,OA,60,USD,10680.0,10680.0,1451.28,15499670.0,2025-05-17,0.0,Y,0,,,2025-05-10,paid,14936087.0,,-563583.0
INV-2503-0085,B004,EGY,2025-03-19,LC_SIGHT,0,USD,9940.0,9940.0,1462.15,14533771.0,2025-03-29,0.0,N,0,,0,2025-03-29,paid,14603848.0,,70077.0
INV-2503-0086,B009,CHN,2025-03-19,DA,90,CNY,29200.0,4038.65,202.23,5905116.0,2025-06-17,0.0,Y,0,,,2025-06-16,paid,5521720.0,,-383396.0
INV-2503-0087,B013,CHN,2025-03-19,TT_ADV,0,USD,5930.0,5930.0,1462.15,8670550.0,2025-03-19,1.0,N,0,,,2025-02-18,paid,8532262.0,,-138288.0
INV-2503-0088,B053,DEU,2025-03-19,OA,60,EUR,14800.0,16097.95,1590.38,23537624.0,2025-05-18,0.0,N,0,,,2025-06-03,paid,23166839.0,,-370785.0
INV-2503-0089,B139,DEU,2025-03-19,DA,90,EUR,44290.0,48174.22,1590.38,70437930.0,2025-06-17,0.0,Y,0,,,2025-05-28,paid,68710177.0,,-1727753.0
INV-2503-0090,B028,JPN,2025-03-20,OA,90,JPY,1204000.0,8089.23,9.8614,11873126.0,2025-06-18,0.0,Y,0,,,2025-06-15,paid,11409104.0,,-464022.0
INV-2503-0091,B062,USA,2025-03-20,OA,60,USD,2950.0,2950.0,1467.77,4329922.0,2025-05-19,0.0,Y,0,,,2025-05-18,paid,4133510.0,,-196412.0
INV-2503-0092,B132,IDN,2025-03-20,OA,60,USD,4870.0,4870.0,1467.77,7148040.0,2025-05-19,0.0,Y,0,,,2025-07-06,paid,6645846.0,,-502194.0
INV-2503-0093,B018,NLD,2025-03-21,OA,30,EUR,6880.0,7434.53,1584.69,10902667.0,2025-04-20,0.0,Y,1,QUANTITY,,2025-04-21,paid,11246942.0,,344275.0
INV-2503-0094,B022,IDN,2025-03-21,OA,90,USD,10270.0,10270.0,1466.49,15060852.0,2025-06-19,0.0,Y,0,,,2025-06-14,paid,14017831.0,,-1043021.0
INV-2503-0095,B030,TUR,2025-03-21,OA,60,USD,24200.0,24200.0,1466.49,35489058.0,2025-05-20,0.0,N,0,,,2025-05-21,paid,33193688.0,,-2295370.0
INV-2503-0096,B049,ARE,2025-03-21,DA,90,USD,4460.0,4460.0,1466.49,6540545.0,2025-06-19,0.0,N,0,,,2025-07-06,paid,6112625.0,,-427920.0
INV-2503-0097,B062,USA,2025-03-21,OA,60,USD,3140.0,3140.0,1466.49,4604779.0,2025-05-20,0.0,Y,0,,,2025-05-18,paid,4399737.0,,-205042.0
INV-2503-0098,B070,POL,2025-03-21,TT_ADV,0,EUR,19790.0,21385.09,1584.69,31361015.0,2025-03-21,1.0,N,0,,,2025-03-08,paid,31145304.0,,-215711.0
INV-2503-0099,B009,CHN,2025-03-22,DA,90,CNY,43100.0,5945.87,202.31,8719561.0,2025-06-20,0.0,Y,0,,,2025-06-17,paid,8220463.0,,-499098.0
INV-2503-0100,B018,NLD,2025-03-22,OA,30,EUR,14150.0,15290.5,1584.69,22423364.0,2025-04-21,0.0,Y,0,,,2025-04-21,paid,23131430.0,,708066.0
INV-2503-0101,B022,IDN,2025-03-22,OA,90,USD,10730.0,10730.0,1466.49,15735438.0,2025-06-20,0.0,Y,0,,,2025-06-19,paid,14719438.0,,-1016000.0
INV-2503-0102,B055,USA,2025-03-22,OA,60,USD,38140.0,38140.0,1466.49,55931929.0,2025-05-21,0.0,Y,0,,,2025-05-19,paid,52956627.0,,-2975302.0
INV-2503-0103,B059,IDN,2025-03-22,TT_ADV,0,USD,12410.0,12410.0,1466.49,18199141.0,2025-03-22,1.0,N,0,,,2025-02-23,paid,17796685.0,,-402456.0
INV-2503-0104,B062,USA,2025-03-22,OA,60,USD,8710.0,8710.0,1466.49,12773128.0,2025-05-21,0.0,Y,1,DOCS,,2025-05-27,paid,12111723.0,,-661405.0
INV-2503-0105,B063,CHN,2025-03-22,TT_ADV,0,CNY,154900.0,21369.27,202.31,31337819.0,2025-03-22,1.0,N,0,,,2025-02-27,paid,30773983.0,,-563836.0
INV-2503-0106,B033,VNM,2025-03-23,LC_SIGHT,0,USD,24600.0,24600.0,1466.49,36075654.0,2025-03-30,0.0,N,0,,0,2025-03-30,paid,36142320.0,,66666.0
INV-2503-0107,B073,BRA,2025-03-23,OA,30,USD,3280.0,3280.0,1466.49,4810087.0,2025-04-22,0.0,N,0,,,2025-04-02,paid,4795557.0,,-14530.0
INV-2503-0108,B120,JPN,2025-03-23,TT_SPLIT_30_70,30,JPY,985000.0,6611.6,9.8435,9695848.0,2025-04-22,0.3,N,0,,,2025-04-22,paid,9867011.0,,171163.0
INV-2503-0109,B021,CHN,2025-03-24,TT_ADV,0,CNY,41800.0,5763.17,202.25,8454050.0,2025-03-24,1.0,N,0,,,2025-03-03,paid,8357910.0,,-96140.0
INV-2503-0110,B037,SAU,2025-03-24,DA,90,USD,8070.0,8070.0,1466.91,11837964.0,2025-06-22,0.0,Y,0,,,2025-06-22,paid,11075672.0,,-762292.0
INV-2503-0111,B044,THA,2025-03-24,DA,90,USD,2480.0,2480.0,1466.91,3637937.0,2025-06-22,0.0,N,0,,,2025-06-22,paid,3403676.0,,-234261.0
INV-2503-0112,B086,DEU,2025-03-24,OA,90,EUR,3890.0,4198.86,1583.38,6159348.0,2025-06-22,0.0,N,0,,,2025-06-19,paid,6149351.0,,-9997.0
INV-2503-0113,B100,THA,2025-03-24,TT_SPLIT_30_70,30,USD,18490.0,18490.0,1466.91,27123166.0,2025-04-23,0.3,Y,0,,,2025-04-23,paid,26548460.0,,-574706.0
INV-2503-0114,B122,JPN,2025-03-24,DA,60,JPY,4448000.0,29507.79,9.7314,43285267.0,2025-05-23,0.0,N,0,,,2025-05-18,paid,42682563.0,,-602704.0
INV-2503-0115,B127,VNM,2025-03-24,DP,0,USD,9030.0,9030.0,1466.91,13246197.0,2025-04-08,0.0,N,0,,,2025-04-08,paid,13346069.0,,99872.0
INV-2503-0116,B005,VNM,2025-03-25,OA,90,USD,57490.0,57490.0,1465.32,84241247.0,2025-06-23,0.0,Y,0,,,2025-06-25,paid,79382209.0,,-4859038.0
INV-2503-0117,B009,CHN,2025-03-25,DA,90,CNY,184100.0,25368.84,201.92,37173472.0,2025-06-23,0.0,Y,0,,,2025-06-22,paid,35198079.0,,-1975393.0
INV-2503-0118,B102,GBR,2025-03-25,OA,60,USD,50370.0,50370.0,1465.32,73808168.0,2025-05-24,0.0,Y,1,DOCS,,2025-05-24,paid,68756561.0,,-5051607.0
INV-2503-0119,B026,THA,2025-03-26,OA,60,USD,7750.0,7750.0,1467.25,11371188.0,2025-05-25,0.0,Y,0,,,2025-05-06,paid,10672912.0,,-698276.0
INV-2503-0120,B028,JPN,2025-03-26,OA,90,JPY,7564000.0,50195.88,9.7369,73649912.0,2025-06-24,0.0,Y,0,,,2025-06-24,paid,70942000.0,,-2707912.0
INV-2503-0121,B036,VNM,2025-03-26,TT_ADV,0,USD,5730.0,5730.0,1467.25,8407342.0,2025-03-26,1.0,N,0,,,2025-03-23,paid,8402988.0,,-4354.0
INV-2503-0122,B049,ARE,2025-03-26,DA,90,USD,5130.0,5130.0,1467.25,7526992.0,2025-06-24,0.0,N,0,,,2025-07-06,paid,7000655.0,,-526337.0
INV-2503-0123,B066,ARE,2025-03-26,DA,60,USD,10760.0,10760.0,1467.25,15787610.0,2025-05-25,0.0,Y,0,,,2025-05-22,paid,14865478.0,,-922132.0
INV-2503-0124,B119,IND,2025-03-26,DA,90,USD,1810.0,1810.0,1467.25,2655722.0,2025-06-24,0.0,Y,1,QUANTITY,,2025-07-11,paid,2489420.0,,-166302.0
INV-2503-0125,B120,JPN,2025-03-26,OA,60,JPY,347000.0,2302.75,9.7369,3378704.0,2025-05-25,0.0,N,1,PRICE,,2025-05-25,paid,3321415.0,,-57289.0
INV-2503-0126,B125,MEX,2025-03-26,DA,60,USD,11850.0,11850.0,1467.25,17386912.0,2025-05-25,0.0,Y,0,,,2025-05-25,paid,16175606.0,,-1211306.0
INV-2503-0127,B127,VNM,2025-03-26,DP,0,USD,32450.0,32450.0,1467.25,47612262.0,2025-04-09,0.0,N,0,,,2025-04-09,paid,47790738.0,,178476.0
INV-2503-0128,B135,TUR,2025-03-26,TT_ADV,0,USD,7080.0,7080.0,1467.25,10388130.0,2025-03-26,1.0,N,0,,,2025-03-08,paid,10261044.0,,-127086.0
INV-2503-0129,B140,USA,2025-03-26,OA,60,USD,26440.0,26440.0,1467.25,38794090.0,2025-05-25,0.0,Y,0,,,2025-05-11,paid,36976604.0,,-1817486.0
INV-2503-0130,B140,USA,2025-03-26,OA,60,USD,38150.0,38150.0,1467.25,55975588.0,2025-05-25,0.0,Y,0,,,2025-05-25,paid,52496568.0,,-3479020.0
INV-2503-0131,B012,IDN,2025-03-27,DP,0,USD,1150.0,1150.0,1463.9,1683485.0,2025-04-10,0.0,N,0,,,2025-04-10,paid,1667925.0,,-15560.0
INV-2503-0132,B013,CHN,2025-03-27,TT_ADV,0,USD,21330.0,21330.0,1463.9,31224987.0,2025-03-27,1.0,N,0,,,2025-03-08,paid,30913569.0,,-311418.0
INV-2503-0133,B030,TUR,2025-03-27,OA,60,USD,10980.0,10980.0,1463.9,16073622.0,2025-05-26,0.0,N,1,PRICE,,2025-05-27,paid,15106833.0,,-966789.0
INV-2503-0134,B113,JPN,2025-03-27,OA,90,JPY,3004000.0,19897.93,9.6966,29128586.0,2025-06-25,0.0,Y,0,,,2025-06-24,paid,28174216.0,,-954370.0
INV-2503-0135,B047,MEX,2025-03-28,OA,90,USD,7000.0,7000.0,1469.2,10284400.0,2025-06-26,0.0,Y,1,DOCS,,2025-06-25,paid,9535190.0,,-749210.0
INV-2503-0136,B066,ARE,2025-03-28,DA,60,USD,5310.0,5310.0,1469.2,7801452.0,2025-05-27,0.0,Y,0,,,2025-05-22,paid,7336030.0,,-465422.0
INV-2503-0137,B087,TWN,2025-03-28,TT_ADV,0,USD,16670.0,16670.0,1469.2,24491564.0,2025-03-28,1.0,N,0,,,2025-02-28,paid,24322197.0,,-169367.0
INV-2503-0138,B113,JPN,2025-03-28,OA,90,JPY,1929000.0,12837.72,9.7777,18861183.0,2025-06-26,0.0,Y,0,,,2025-06-30,paid,18109838.0,,-751345.0
INV-2503-0139,B050,USA,2025-03-29,OA,60,USD,14500.0,14500.0,1469.2,21303400.0,2025-05-28,0.0,Y,0,,,2025-05-21,paid,19888780.0,,-1414620.0
INV-2503-0140,B115,CHN,2025-03-29,DA,60,CNY,47700.0,6567.68,202.29,9649233.0,2025-05-28,0.0,Y,0,,,2025-05-14,paid,9257139.0,,-392094.0
INV-2503-0141,B137,ARE,2025-03-29,TT_SPLIT_30_70,30,USD,58200.0,58200.0,1469.2,85507440.0,2025-04-28,0.3,N,0,,,2025-06-02,paid,81299987.0,,-4207453.0
INV-2503-0142,B005,VNM,2025-03-30,OA,90,USD,4330.0,4330.0,1469.2,6361636.0,2025-06-28,0.0,Y,0,,,2025-06-25,paid,5898196.0,,-463440.0
INV-2503-0143,B031,MEX,2025-03-30,OA,60,USD,15650.0,15650.0,1469.2,22992980.0,2025-05-29,0.0,Y,0,,,2025-05-29,paid,21467888.0,,-1525092.0
INV-2503-0144,B066,ARE,2025-03-30,DA,60,USD,35570.0,35570.0,1469.2,52259444.0,2025-05-29,0.0,Y,0,,,2025-05-29,paid,48784106.0,,-3475338.0
INV-2503-0145,B075,DEU,2025-03-31,OA,60,EUR,6290.0,6790.7,1591.81,10012485.0,2025-05-30,0.0,Y,0,,,2025-06-02,paid,9897441.0,,-115044.0
INV-2503-0146,B081,JPN,2025-03-31,LC_USANCE,60,JPY,2142000.0,14289.59,9.8362,21069140.0,2025-05-30,0.0,N,0,,0,2025-05-30,paid,20518646.0,,-550494.0
INV-2503-0147,B084,POL,2025-03-31,OA,90,EUR,5240.0,5657.12,1591.81,8341084.0,2025-06-29,0.0,N,0,,,2025-06-29,paid,8359424.0,,18340.0
INV-2504-0001,B023,IDN,2025-04-01,TT_ADV,0,USD,3840.0,3840.0,1471.0,5648640.0,2025-04-01,1.0,N,0,,,2025-03-12,paid,5574528.0,,-74112.0
INV-2504-0002,B025,DEU,2025-04-01,OA,60,EUR,2930.0,3164.4,1588.68,4654832.0,2025-05-31,0.0,Y,0,,,2025-05-31,paid,4591808.0,,-63024.0
INV-2504-0003,B028,JPN,2025-04-02,OA,90,JPY,1629000.0,10861.49,9.7484,15880144.0,2025-07-01,0.0,Y,1,QUALITY,,2025-06-27,paid,15314392.0,,-565752.0
INV-2504-0004,B059,IDN,2025-04-02,OA,30,USD,5600.0,5600.0,1462.06,8187536.0,2025-05-02,0.0,Y,0,,,2025-05-02,paid,7833784.0,,-353752.0
INV-2504-0005,B066,ARE,2025-04-02,DA,60,USD,9700.0,9700.0,1462.06,14181982.0,2025-06-01,0.0,Y,0,,,2025-05-29,paid,13305975.0,,-876007.0
INV-2504-0006,B090,USA,2025-04-02,TT_ADV,0,USD,4990.0,4990.0,1462.06,7295679.0,2025-04-02,1.0,N,0,,,2025-03-03,paid,7267885.0,,-27794.0
INV-2504-0007,B127,VNM,2025-04-02,DP,0,USD,20350.0,20350.0,1462.06,29752921.0,2025-04-17,0.0,N,0,,,2025-04-17,paid,28817635.0,,-935286.0
INV-2504-0008,B137,ARE,2025-04-02,TT_ADV,0,USD,13640.0,13640.0,1462.06,19942498.0,2025-04-02,1.0,N,0,,,2025-03-06,paid,19741718.0,,-200780.0
INV-2504-0009,B001,NLD,2025-04-03,OA,90,EUR,3820.0,4221.87,1603.15,6124033.0,2025-07-02,0.0,N,0,,,2025-07-02,paid,6111198.0,,-12835.0
INV-2504-0010,B058,MYS,2025-04-03,OA,30,USD,2140.0,2140.0,1450.55,3104177.0,2025-05-03,0.0,N,0,,,2025-04-30,paid,3050955.0,,-53222.0
INV-2504-0011,B077,VNM,2025-04-03,DP,0,USD,4850.0,4850.0,1450.55,7035168.0,2025-04-17,0.0,N,0,,,2025-04-17,paid,6868085.0,,-167083.0
INV-2504-0012,B094,VNM,2025-04-03,OA,90,USD,5040.0,5040.0,1450.55,7310772.0,2025-07-02,0.0,Y,0,,,2025-06-15,paid,6879247.0,,-431525.0
INV-2504-0013,B115,CHN,2025-04-03,DA,60,CNY,15900.0,2183.72,199.22,3167598.0,2025-06-02,0.0,Y,1,QUANTITY,,2025-06-05,paid,3004941.0,,-162657.0
INV-2504-0014,B062,USA,2025-04-04,OA,60,USD,7640.0,7640.0,1457.76,11137286.0,2025-06-03,0.0,Y,0,,,2025-06-27,paid,10487658.0,,-649628.0
INV-2504-0015,B132,IDN,2025-04-04,OA,60,USD,900.0,900.0,1457.76,1311984.0,2025-06-03,0.0,Y,0,,,2025-07-06,paid,1228185.0,,-83799.0
INV-2504-0016,B145,GBR,2025-04-04,TT_SPLIT_30_70,30,USD,7960.0,7960.0,1457.76,11603770.0,2025-05-04,0.3,N,0,,,2025-04-21,paid,11366299.0,,-237471.0
INV-2504-0017,B127,VNM,2025-04-05,DP,0,USD,16270.0,16270.0,1457.76,23717755.0,2025-04-17,0.0,N,0,,,2025-04-17,paid,23039947.0,,-677808.0
INV-2504-0018,B139,DEU,2025-04-05,DA,90,EUR,7400.0,8150.38,1605.58,11881292.0,2025-07-04,0.0,Y,1,DOCS,,2025-06-29,paid,11805294.0,,-75998.0
INV-2504-0019,B005,VNM,2025-04-06,OA,90,USD,13690.0,13690.0,1457.76,19956734.0,2025-07-05,0.0,Y,1,QUALITY,,2025-07-22,paid,18725398.0,,-1231336.0
INV-2504-0020,B041,TUR,2025-04-06,OA,30,USD,2390.0,2390.0,1457.76,3484046.0,2025-05-06,0.0,Y,0,,,2025-05-07,paid,3326545.0,,-157501.0
INV-2504-0021,B049,ARE,2025-04-06,DA,90,USD,25480.0,25480.0,1457.76,37143725.0,2025-07-05,0.0,N,0,,,2025-08-01,paid,34918634.0,,-2225091.0
INV-2504-0022,B050,USA,2025-04-06,TT_ADV,0,USD,21180.0,21180.0,1457.76,30875357.0,2025-04-06,1.0,N,0,,,2025-03-18,paid,30738110.0,,-137247.0
INV-2504-0023,B053,DEU,2025-04-06,OA,60,EUR,5170.0,5694.25,1605.58,8300849.0,2025-06-05,0.0,N,1,DOCS,,2025-06-07,paid,8015103.0,,-285746.0
INV-2504-0024,B064,USA,2025-04-06,TT_ADV,0,USD,11310.0,11310.0,1457.76,16487266.0,2025-04-06,1.0,N,0,,,2025-03-27,paid,16556709.0,,69443.0
INV-2504-0025,B086,DEU,2025-04-06,OA,90,EUR,27640.0,30442.76,1605.58,44378231.0,2025-07-05,0.0,N,0,,,2025-07-05,paid,44350038.0,,-28193.0
INV-2504-0026,B113,JPN,2025-04-06,OA,90,JPY,6297000.0,43150.62,9.9894,62903252.0,2025-07-05,0.0,Y,0,,,2025-07-19,paid,59061362.0,,-3841890.0
INV-2504-0027,B136,DEU,2025-04-06,DA,90,EUR,1450.0,1597.03,1605.58,2328091.0,2025-07-05,0.0,Y,1,QUALITY,,2025-06-28,paid,2313200.0,,-14892.0
INV-2504-0028,B137,ARE,2025-04-06,TT_ADV,0,USD,3570.0,3570.0,1457.76,5204203.0,2025-04-06,1.0,N,0,,,2025-03-07,paid,5174001.0,,-30202.0
INV-2504-0029,B025,DEU,2025-04-07,OA,60,EUR,1860.0,2029.63,1604.3,2983998.0,2025-06-06,0.0,Y,0,,,2025-06-04,paid,2898661.0,,-85337.0
INV-2504-0030,B037,SAU,2025-04-07,DA,90,USD,2040.0,2040.0,1470.22,2999249.0,2025-07-06,0.0,Y,1,PRICE,,2025-07-07,paid,2793984.0,,-205265.0
INV-2504-0031,B041,TUR,2025-04-07,OA,30,USD,16580.0,16580.0,1470.22,24376248.0,2025-05-07,0.0,Y,0,,,2025-05-10,paid,23092932.0,,-1283316.0
INV-2504-0032,B066,ARE,2025-04-07,DA,60,USD,6210.0,6210.0,1470.22,9130066.0,2025-06-06,0.0,Y,0,,,2025-05-29,paid,8518568.0,,-611498.0
INV-2504-0033,B080,JPN,2025-04-07,OA,60,JPY,965000.0,6522.03,9.9366,9588819.0,2025-06-06,0.0,Y,0,,,2025-06-06,paid,9061060.0,,-527758.0
INV-2504-0034,B104,MEX,2025-04-07,OA,60,USD,3690.0,3690.0,1470.22,5425112.0,2025-06-06,0.0,Y,0,,,2025-06-15,paid,5036592.0,,-388520.0
INV-2504-0035,B013,CHN,2025-04-08,TT_ADV,0,USD,7860.0,7860.0,1477.97,11616844.0,2025-04-08,1.0,N,0,,,2025-04-05,paid,11457994.0,,-158850.0
INV-2504-0036,B013,CHN,2025-04-08,TT_SPLIT_30_70,30,USD,15770.0,15770.0,1477.97,23307587.0,2025-05-08,0.3,N,0,,,2025-05-20,paid,22332086.0,,-975501.0
INV-2504-0037,B035,TWN,2025-04-08,TT_SPLIT_30_70,30,USD,13920.0,13920.0,1477.97,20573342.0,2025-05-08,0.3,N,0,,,2025-05-08,paid,19739326.0,,-834016.0
INV-2504-0038,B062,USA,2025-04-08,TT_ADV,0,USD,3350.0,3350.0,1477.97,4951200.0,2025-04-08,1.0,N,0,,,2025-03-14,paid,4863396.0,,-87804.0
INV-2504-0039,B072,DEU,2025-04-08,OA,30,EUR,8540.0,9318.84,1612.76,13772970.0,2025-05-08,0.0,N,0,,,2025-05-08,paid,13483977.0,,-288993.0
INV-2504-0040,B001,NLD,2025-04-09,OA,90,EUR,5670.0,6259.7,1625.92,9218966.0,2025-07-08,0.0,N,1,DOCS,,2025-07-18,paid,9179673.0,,-39293.0
INV-2504-0041,B003,IDN,2025-04-09,TT_ADV,0,USD,10050.0,10050.0,1472.75,14801138.0,2025-04-09,1.0,N,0,,,2025-03-23,paid,14738224.0,,-62914.0
INV-2504-0042,B010,POL,2025-04-09,TT_ADV,0,EUR,640.0,706.56,1625.92,1040589.0,2025-04-09,1.0,N,0,,,2025-03-12,paid,1015027.0,,-25562.0
INV-2504-0043,B036,VNM,2025-04-09,TT_ADV,0,USD,6240.0,6240.0,1472.75,9189960.0,2025-04-09,1.0,N,0,,,2025-03-18,paid,9055987.0,,-133973.0
INV-2504-0044,B059,IDN,2025-04-09,OA,30,USD,28880.0,28880.0,1472.75,42533020.0,2025-05-09,0.0,Y,0,,,2025-05-09,paid,40388969.0,,-2144051.0
INV-2504-0045,B082,JPN,2025-04-09,OA,60,JPY,1741000.0,11999.45,10.1506,17672195.0,2025-06-08,0.0,Y,0,,,2025-06-04,paid,16618890.0,,-1053305.0
INV-2504-0046,B101,IND,2025-04-09,DA,60,USD,16130.0,16130.0,1472.75,23755458.0,2025-06-08,0.0,Y,1,DOCS,,2025-06-11,paid,22070518.0,,-1684940.0
INV-2504-0047,B137,ARE,2025-04-10,TT_ADV,0,USD,7460.0,7460.0,1450.37,10819760.0,2025-04-10,1.0,N,0,,,2025-04-03,paid,10821103.0,,1343.0
INV-2504-0048,B040,IND,2025-04-11,LC_USANCE,90,USD,6340.0,6340.0,1418.79,8995129.0,2025-07-10,0.0,N,0,,5,2025-07-15,paid,8783373.0,,-211756.0
INV-2504-0049,B047,MEX,2025-04-11,OA,90,USD,5440.0,5440.0,1418.79,7718218.0,2025-07-10,0.0,Y,0,,,2025-07-10,paid,7471133.0,,-247085.0
INV-2504-0050,B096,USA,2025-04-11,OA,90,USD,23900.0,23900.0,1418.79,33909081.0,2025-07-10,0.0,Y,0,,,2025-07-10,paid,32823543.0,,-1085538.0
INV-2504-0051,B109,VNM,2025-04-11,OA,30,USD,26130.0,26130.0,1418.79,37072983.0,2025-05-11,0.0,Y,0,,,2025-05-11,paid,36543066.0,,-529917.0
INV-2504-0052,B129,CHN,2025-04-11,OA,30,USD,8530.0,8530.0,1418.79,12102279.0,2025-05-11,0.0,Y,0,,,2025-05-06,paid,11747090.0,,-355190.0
INV-2504-0053,B140,USA,2025-04-11,OA,60,USD,25040.0,25040.0,1418.79,35526502.0,2025-06-10,0.0,Y,1,DOCS,,2025-06-02,paid,34465557.0,,-1060945.0
INV-2504-0054,B066,ARE,2025-04-12,DA,60,USD,14680.0,14680.0,1418.79,20827837.0,2025-06-11,0.0,Y,1,QUANTITY,,2025-06-06,paid,20066061.0,,-761776.0
INV-2504-0055,B067,BRA,2025-04-12,DP,0,USD,5340.0,5340.0,1418.79,7576339.0,2025-04-23,0.0,N,0,,,2025-07-03,paid,7287231.0,,-289108.0
INV-2504-0056,B135,TUR,2025-04-12,OA,30,USD,8060.0,8060.0,1418.79,11435447.0,2025-05-12,0.0,Y,1,PRICE,,2025-05-20,paid,11255211.0,,-180236.0
INV-2504-0057,B013,CHN,2025-04-13,TT_ADV,0,USD,6710.0,6710.0,1418.79,9520081.0,2025-04-13,1.0,N,0,,,2025-03-27,paid,9822769.0,,302688.0
INV-2504-0058,B040,IND,2025-04-13,LC_USANCE,90,USD,11420.0,11420.0,1418.79,16202582.0,2025-07-12,0.0,N,0,,0,2025-07-12,paid,15706725.0,,-495857.0
INV-2504-0059,B087,TWN,2025-04-13,TT_SPLIT_30_70,30,USD,14870.0,14870.0,1418.79,21097407.0,2025-05-13,0.3,Y,0,,,2025-05-13,paid,21269795.0,,172388.0
INV-2504-0060,B124,CHN,2025-04-13,OA,60,CNY,698500.0,95795.8,194.58,135914130.0,2025-06-12,0.0,N,1,QUANTITY,,2025-07-25,paid,134761605.0,,-1152525.0
INV-2504-0061,B140,USA,2025-04-13,OA,60,USD,39040.0,39040.0,1418.79,55389562.0,2025-06-12,0.0,Y,0,,,2025-06-09,paid,53198830.0,,-2190732.0
INV-2504-0062,B084,POL,2025-04-14,OA,90,EUR,11860.0,13470.56,1615.74,19162676.0,2025-07-13,0.0,N,1,DOCS,,2025-07-13,paid,19078352.0,,-84324.0
INV-2504-0063,B148,ARE,2025-04-14,OA,60,USD,27230.0,27230.0,1422.56,38736309.0,2025-06-13,0.0,N,0,,,2025-06-13,paid,37167044.0,,-1569265.0
INV-2504-0064,B148,ARE,2025-04-14,OA,60,USD,3820.0,3820.0,1422.56,5434179.0,2025-06-13,0.0,N,0,,,2025-06-13,paid,5214033.0,,-220146.0
INV-2504-0065,B031,MEX,2025-04-15,OA,60,USD,10840.0,10840.0,1427.16,15470414.0,2025-06-14,0.0,Y,0,,,2025-06-10,paid,14824242.0,,-646172.0
INV-2504-0066,B082,JPN,2025-04-15,OA,60,JPY,562000.0,3927.34,9.9732,5604938.0,2025-06-14,0.0,Y,0,,,2025-06-10,paid,5282664.0,,-322274.0
INV-2504-0067,B086,DEU,2025-04-16,TT_SPLIT_30_70,30,EUR,24330.0,27692.47,1610.83,39191494.0,2025-05-16,0.3,N,0,,,2025-05-18,paid,38305712.0,,-885782.0
INV-2504-0068,B086,DEU,2025-04-16,OA,90,EUR,4310.0,4905.65,1610.83,6942677.0,2025-07-15,0.0,N,0,,,2025-07-08,paid,6926472.0,,-16205.0
INV-2504-0069,B092,POL,2025-04-16,TT_SPLIT_30_70,30,EUR,7650.0,8707.25,1610.83,12322850.0,2025-05-16,0.3,N,0,,,2025-05-16,paid,12038759.0,,-284091.0
INV-2504-0070,B104,MEX,2025-04-16,OA,60,USD,35340.0,35340.0,1415.24,50014582.0,2025-06-15,0.0,Y,0,,,2025-07-17,paid,48279212.0,,-1735370.0
INV-2504-0071,B024,USA,2025-04-17,OA,30,USD,3010.0,3010.0,1416.1,4262461.0,2025-05-17,0.0,Y,0,,,2025-05-16,paid,4217582.0,,-44879.0
INV-2504-0072,B029,CHN,2025-04-17,OA,60,USD,10620.0,10620.0,1416.1,15038982.0,2025-06-16,0.0,Y,0,,,2025-05-27,paid,14611527.0,,-427455.0
INV-2504-0073,B036,VNM,2025-04-17,TT_ADV,0,USD,39840.0,39840.0,1416.1,56417424.0,2025-04-17,1.0,N,0,,,2025-03-25,paid,58378349.0,,1960925.0
INV-2504-0074,B044,THA,2025-04-17,DA,90,USD,5390.0,5390.0,1416.1,7632779.0,2025-07-16,0.0,N,0,,,2025-07-04,paid,7355464.0,,-277315.0
INV-2504-0075,B082,JPN,2025-04-17,OA,60,JPY,407000.0,2859.55,9.9494,4049406.0,2025-06-16,0.0,Y,0,,,2025-06-10,paid,3840940.0,,-208466.0
INV-2504-0076,B086,DEU,2025-04-17,TT_SPLIT_30_70,30,EUR,12200.0,13864.11,1609.26,19632972.0,2025-05-17,0.3,N,0,,,2025-06-06,paid,19061180.0,,-571792.0
INV-2504-0077,B096,USA,2025-04-17,OA,90,USD,7210.0,7210.0,1416.1,10210081.0,2025-07-16,0.0,Y,0,,,2025-07-30,paid,10028891.0,,-181190.0
INV-2504-0078,B110,USA,2025-04-17,OA,90,USD,9450.0,9450.0,1416.1,13382145.0,2025-07-16,0.0,Y,0,,,2025-07-29,paid,13141454.0,,-240691.0
INV-2504-0079,B031,MEX,2025-04-18,OA,60,USD,3400.0,3400.0,1423.49,4839866.0,2025-06-17,0.0,Y,0,,,2025-06-18,paid,4665174.0,,-174692.0
INV-2504-0080,B075,DEU,2025-04-18,OA,60,EUR,2280.0,2596.93,1621.36,3696701.0,2025-06-17,0.0,Y,0,,,2025-06-17,paid,3603836.0,,-92865.0
INV-2504-0081,B129,CHN,2025-04-18,OA,30,USD,8980.0,8980.0,1423.49,12782940.0,2025-05-18,0.0,Y,0,,,2025-05-18,paid,12582686.0,,-200254.0
INV-2504-0082,B147,THA,2025-04-18,DA,60,USD,10410.0,10410.0,1423.49,14818531.0,2025-06-17,0.0,N,0,,,2025-06-17,paid,14264719.0,,-553812.0
INV-2504-0083,B144,TUR,2025-04-19,OA,60,USD,4290.0,4290.0,1423.49,6106772.0,2025-06-18,0.0,N,0,,,2025-06-18,paid,5886352.0,,-220420.0
INV-2504-0084,B144,TUR,2025-04-19,OA,60,USD,3340.0,3340.0,1423.49,4754457.0,2025-06-18,0.0,N,1,QUALITY,,2025-06-24,paid,4539060.0,,-215397.0
INV-2504-0085,B064,USA,2025-04-20,TT_SPLIT_30_70,30,USD,35380.0,35380.0,1423.49,50363076.0,2025-05-20,0.3,Y,0,,,2025-05-20,paid,49980618.0,,-382458.0
INV-2504-0086,B113,JPN,2025-04-20,OA,90,JPY,7161000.0,50351.72,10.0091,71675165.0,2025-07-19,0.0,Y,0,,,2025-09-03,paid,67118818.0,,-4556347.0
INV-2504-0087,B009,CHN,2025-04-21,DA,90,CNY,54400.0,7460.79,194.82,10598208.0,2025-07-20,0.0,Y,1,QUANTITY,,2025-07-15,paid,10506816.0,,-91392.0
INV-2504-0088,B015,TWN,2025-04-21,TT_ADV,0,USD,520.0,520.0,1420.52,738670.0,2025-04-21,1.0,N,0,,,2025-03-26,paid,762970.0,,24300.0
INV-2504-0089,B043,CHN,2025-04-21,OA,90,CNY,95200.0,13056.39,194.82,18546864.0,2025-07-20,0.0,Y,0,,,2025-07-07,paid,18173680.0,,-373184.0
INV-2504-0090,B073,BRA,2025-04-21,OA,30,USD,4420.0,4420.0,1420.52,6278698.0,2025-05-21,0.0,N,0,,,2025-05-21,paid,6062649.0,,-216049.0
INV-2504-0091,B126,GBR,2025-04-22,OA,60,USD,74410.0,74410.0,1425.0,106034250.0,2025-06-21,0.0,N,1,DOCS,,2025-06-14,paid,101564441.0,,-4469809.0
INV-2504-0092,B137,ARE,2025-04-22,TT_ADV,0,USD,8480.0,8480.0,1425.0,12084000.0,2025-04-22,1.0,N,0,,,2025-03-24,paid,12439397.0,,355397.0
INV-2504-0093,B005,VNM,2025-04-23,OA,90,USD,31510.0,31510.0,1425.88,44929479.0,2025-07-22,0.0,Y,1,QUANTITY,,2025-07-27,paid,43539428.0,,-1390051.0
INV-2504-0094,B011,IND,2025-04-23,LC_SIGHT,0,USD,2110.0,2110.0,1425.88,3008607.0,2025-05-02,0.0,N,0,,0,2025-05-02,paid,2951658.0,,-56949.0
INV-2504-0095,B035,TWN,2025-04-23,TT_SPLIT_30_70,30,USD,7410.0,7410.0,1425.88,10565771.0,2025-05-23,0.3,N,0,,,2025-05-19,paid,10426618.0,,-139153.0
INV-2504-0096,B055,USA,2025-04-23,OA,60,USD,17250.0,17250.0,1425.88,24596430.0,2025-06-22,0.0,Y,0,,,2025-06-19,paid,23668898.0,,-927532.0
INV-2504-0097,B066,ARE,2025-04-23,DA,60,USD,19590.0,19590.0,1425.88,27932989.0,2025-06-22,0.0,Y,0,,,2025-06-18,paid,26718456.0,,-1214533.0
INV-2504-0098,B142,IND,2025-04-23,OA,30,USD,3320.0,3320.0,1425.88,4733922.0,2025-05-23,0.0,Y,0,,,2025-06-17,paid,4549363.0,,-184559.0
INV-2504-0099,B017,EGY,2025-04-24,OA,90,USD,21050.0,21050.0,1432.97,30164018.0,2025-07-23,0.0,N,0,,,2025-07-19,paid,29265604.0,,-898414.0
INV-2504-0100,B026,THA,2025-04-24,OA,60,USD,2720.0,2720.0,1432.97,3897678.0,2025-06-23,0.0,Y,0,,,2025-06-23,paid,3760699.0,,-136979.0
INV-2504-0101,B031,MEX,2025-04-24,TT_ADV,0,USD,5950.0,5950.0,1432.97,8526172.0,2025-04-24,1.0,N,0,,,2025-04-18,paid,8469766.0,,-56406.0
INV-2504-0102,B037,SAU,2025-04-24,DA,90,USD,24900.0,24900.0,1432.97,35680953.0,2025-07-23,0.0,Y,0,,,2025-07-23,paid,34246962.0,,-1433991.0
INV-2504-0103,B050,USA,2025-04-24,OA,60,USD,13590.0,13590.0,1432.97,19474062.0,2025-06-23,0.0,Y,0,,,2025-06-18,paid,18646975.0,,-827087.0
INV-2504-0104,B086,DEU,2025-04-24,OA,90,EUR,4710.0,5351.96,1628.28,7669199.0,2025-07-23,0.0,N,0,,,2025-07-23,paid,7610418.0,,-58781.0
INV-2504-0105,B098,IND,2025-04-24,OA,30,USD,31610.0,31610.0,1432.97,45296182.0,2025-05-24,0.0,Y,0,,,2025-05-24,paid,43148598.0,,-2147584.0
INV-2504-0106,B129,CHN,2025-04-24,OA,30,USD,1410.0,1410.0,1432.97,2020488.0,2025-05-24,0.0,Y,1,QUANTITY,,2025-05-25,paid,1924692.0,,-95796.0
INV-2504-0107,B050,USA,2025-04-25,OA,60,USD,8870.0,8870.0,1440.72,12779186.0,2025-06-24,0.0,Y,1,DOCS,,2025-06-24,paid,12054330.0,,-724856.0
INV-2504-0108,B055,USA,2025-04-25,OA,60,USD,5960.0,5960.0,1440.72,8586691.0,2025-06-24,0.0,Y,0,,,2025-06-24,paid,8099640.0,,-487051.0
INV-2504-0109,B061,IND,2025-04-25,DA,60,USD,5980.0,5980.0,1440.72,8615506.0,2025-06-24,0.0,N,1,PRICE,,2025-06-21,paid,8207251.0,,-408255.0
INV-2504-0110,B075,DEU,2025-04-25,OA,60,EUR,10430.0,11870.36,1639.68,17101862.0,2025-06-24,0.0,Y,1,QUALITY,,2025-06-24,paid,16453638.0,,-648224.0
INV-2504-0111,B144,TUR,2025-04-25,OA,60,USD,9690.0,9690.0,1440.72,13960577.0,2025-06-24,0.0,N,0,,,2025-07-29,paid,13274354.0,,-686223.0
INV-2504-0112,B009,CHN,2025-04-26,DA,90,CNY,67800.0,9305.13,197.73,13406094.0,2025-07-25,0.0,Y,0,,,2025-07-25,paid,13080654.0,,-325440.0
INV-2504-0113,B031,MEX,2025-04-27,OA,60,USD,9340.0,9340.0,1440.72,13456325.0,2025-06-26,0.0,Y,0,,,2025-06-22,paid,12816663.0,,-639662.0
INV-2504-0114,B054,NLD,2025-04-27,OA,30,EUR,16690.0,18994.85,1639.68,27366259.0,2025-05-27,0.0,Y,0,,,2025-05-27,paid,26007860.0,,-1358399.0
INV-2504-0115,B058,MYS,2025-04-27,OA,30,USD,16390.0,16390.0,1440.72,23613401.0,2025-05-27,0.0,N,0,,,2025-05-24,paid,22372842.0,,-1240559.0
INV-2504-0116,B133,USA,2025-04-27,OA,90,USD,4160.0,4160.0,1440.72,5993395.0,2025-07-26,0.0,Y,0,,,2025-07-23,paid,5721581.0,,-271814.0
INV-2504-0117,B015,TWN,2025-04-29,TT_ADV,0,USD,4290.0,4290.0,1432.01,6143323.0,2025-04-29,1.0,N,0,,,2025-04-02,paid,6272237.0,,128914.0
INV-2504-0118,B049,ARE,2025-04-29,DA,90,USD,10670.0,10670.0,1432.01,15279547.0,2025-07-28,0.0,N,1,QUALITY,,2025-08-03,paid,14813588.0,,-465959.0
INV-2504-0119,B059,IDN,2025-04-29,OA,30,USD,5610.0,5610.0,1432.01,8033576.0,2025-05-29,0.0,Y,1,QUALITY,,2025-05-22,paid,7750496.0,,-283080.0
INV-2504-0120,B087,TWN,2025-04-29,TT_SPLIT_30_70,30,USD,3710.0,3710.0,1432.01,5312757.0,2025-05-29,0.3,Y,0,,,2025-05-29,paid,5197654.0,,-115103.0
INV-2504-0121,B106,TUR,2025-04-29,LC_SIGHT,0,USD,3130.0,3130.0,1432.01,4482191.0,2025-05-05,0.0,N,0,,0,2025-05-05,paid,4304094.0,,-178097.0
INV-2504-0122,B140,USA,2025-04-29,OA,60,USD,39000.0,39000.0,1432.01,55848390.0,2025-06-28,0.0,Y,0,,,2025-06-10,paid,53159112.0,,-2689278.0
INV-2504-0123,B140,USA,2025-04-29,OA,60,USD,10500.0,10500.0,1432.01,15036105.0,2025-06-28,0.0,Y,0,,,2025-06-26,paid,14234220.0,,-801885.0
INV-2504-0124,B029,CHN,2025-04-30,OA,60,USD,16220.0,16220.0,1425.68,23124530.0,2025-06-29,0.0,Y,1,PRICE,,2025-09-26,paid,22871011.0,,-253519.0
INV-2504-0125,B031,MEX,2025-04-30,OA,60,USD,25340.0,25340.0,1425.68,36126731.0,2025-06-29,0.0,Y,0,,,2025-06-27,paid,34480645.0,,-1646086.0
INV-2504-0126,B059,IDN,2025-04-30,OA,30,USD,14090.0,14090.0,1425.68,20087831.0,2025-05-30,0.0,Y,0,,,2025-05-26,paid,19233273.0,,-854558.0
INV-2504-0127,B072,DEU,2025-04-30,OA,30,EUR,5980.0,6786.68,1618.0,9675640.0,2025-05-30,0.0,N,0,,,2025-05-30,paid,9371677.0,,-303963.0
INV-2504-0128,B106,TUR,2025-04-30,TT_SPLIT_30_70,30,USD,5870.0,5870.0,1425.68,8368742.0,2025-05-30,0.3,N,0,,,2025-06-11,paid,8176722.0,,-192020.0
INV-2504-0129,B132,IDN,2025-04-30,TT_ADV,0,USD,15150.0,15150.0,1425.68,21599052.0,2025-04-30,1.0,N,0,,,2025-04-12,paid,21494668.0,,-104384.0
INV-2504-0130,B136,DEU,2025-04-30,TT_SPLIT_30_70,30,EUR,2960.0,3359.3,1618.0,4789280.0,2025-05-30,0.3,Y,0,,,2025-05-31,paid,4703212.0,,-86068.0
INV-2505-0001,B009,CHN,2025-05-01,DA,90,CNY,33700.0,4635.22,197.73,6663501.0,2025-07-30,0.0,Y,1,QUANTITY,,2025-07-27,paid,6501741.0,,-161760.0
INV-2505-0002,B084,POL,2025-05-01,OA,90,EUR,1210.0,1364.76,1621.45,1961954.0,2025-07-30,0.0,N,0,,,2025-07-20,paid,1958978.0,,-2976.0
INV-2505-0003,B137,ARE,2025-05-01,TT_ADV,0,USD,21060.0,21060.0,1437.58,30275435.0,2025-05-01,1.0,N,0,,,2025-04-11,paid,29879717.0,,-395718.0
INV-2505-0004,B003,IDN,2025-05-02,DA,90,USD,4900.0,4900.0,1398.89,6854561.0,2025-07-31,0.0,N,0,,,2025-09-07,paid,6787872.0,,-66689.0
INV-2505-0005,B074,MYS,2025-05-02,OA,30,USD,15990.0,15990.0,1398.89,22368251.0,2025-06-01,0.0,N,0,,,2025-07-07,paid,21915014.0,,-453237.0
INV-2505-0006,B106,TUR,2025-05-02,LC_SIGHT,0,USD,16310.0,16310.0,1398.89,22815896.0,2025-05-08,0.0,N,0,,0,2025-05-08,paid,22892879.0,,76983.0
INV-2505-0007,B149,CHN,2025-05-02,OA,90,USD,41010.0,41010.0,1398.89,57368479.0,2025-07-31,0.0,Y,0,,,2025-07-31,paid,57257752.0,,-110727.0
INV-2505-0008,B058,MYS,2025-05-03,OA,30,USD,9430.0,9430.0,1398.89,13191533.0,2025-06-02,0.0,N,0,,,2025-06-02,paid,12979641.0,,-211892.0
INV-2505-0009,B062,USA,2025-05-03,OA,60,USD,5040.0,5040.0,1398.89,7050406.0,2025-07-02,0.0,Y,0,,,2025-07-09,paid,6880589.0,,-169817.0
INV-2505-0010,B066,ARE,2025-05-03,DA,60,USD,12350.0,12350.0,1398.89,17276292.0,2025-07-02,0.0,Y,0,,,2025-06-22,paid,16948455.0,,-327837.0
INV-2505-0011,B073,BRA,2025-05-03,OA,30,USD,1940.0,1940.0,1398.89,2713847.0,2025-06-02,0.0,N,0,,,2025-05-26,paid,2648158.0,,-65689.0
INV-2505-0012,B095,EGY,2025-05-03,OA,30,USD,18410.0,18410.0,1398.89,25753565.0,2025-06-02,0.0,Y,0,,,2025-06-08,paid,25042755.0,,-710810.0
INV-2505-0013,B101,IND,2025-05-03,DA,60,USD,9870.0,9870.0,1398.89,13807044.0,2025-07-02,0.0,Y,0,,,2025-07-08,paid,13548944.0,,-258100.0
INV-2505-0014,B148,ARE,2025-05-03,OA,60,USD,16050.0,16050.0,1398.89,22452184.0,2025-07-02,0.0,N,0,,,2025-07-02,paid,21778245.0,,-673939.0
INV-2505-0015,B005,VNM,2025-05-04,OA,90,USD,29460.0,29460.0,1398.89,41211299.0,2025-08-02,0.0,Y,0,,,2025-08-02,paid,40900496.0,,-310803.0
INV-2505-0016,B106,TUR,2025-05-04,LC_SIGHT,0,USD,18240.0,18240.0,1398.89,25515754.0,2025-05-10,0.0,N,0,,0,2025-05-10,paid,25508822.0,,-6932.0
INV-2505-0017,B058,MYS,2025-05-05,OA,30,USD,4210.0,4210.0,1375.11,5789213.0,2025-06-04,0.0,N,1,DOCS,,2025-06-04,paid,5743114.0,,-46099.0
INV-2505-0018,B096,USA,2025-05-05,OA,90,USD,2130.0,2130.0,1375.11,2928984.0,2025-08-03,0.0,Y,1,QUALITY,,2025-07-30,paid,2964065.0,,35081.0
INV-2505-0019,B140,USA,2025-05-05,OA,60,USD,3070.0,3070.0,1375.11,4221588.0,2025-07-04,0.0,Y,0,,,2025-07-04,paid,4189476.0,,-32112.0
INV-2505-0020,B004,EGY,2025-05-06,LC_SIGHT,0,USD,4930.0,4930.0,1377.15,6789350.0,2025-05-11,0.0,N,0,,0,2025-05-11,paid,6894654.0,,105304.0
INV-2505-0021,B021,CHN,2025-05-06,OA,60,CNY,134000.0,18569.19,190.84,25572560.0,2025-07-05,0.0,N,1,QUANTITY,,2025-06-18,paid,25576580.0,,4020.0
INV-2505-0022,B036,VNM,2025-05-06,TT_ADV,0,USD,11360.0,11360.0,1377.15,15644424.0,2025-05-06,1.0,N,0,,,2025-04-06,paid,16560154.0,,915730.0
INV-2505-0023,B050,USA,2025-05-06,OA,60,USD,50090.0,50090.0,1377.15,68981444.0,2025-07-05,0.0,Y,0,,,2025-07-05,paid,68355318.0,,-626126.0
INV-2505-0024,B066,ARE,2025-05-06,DA,60,USD,11070.0,11070.0,1377.15,15245051.0,2025-07-05,0.0,Y,0,,,2025-06-22,paid,15193022.0,,-52030.0
INV-2505-0025,B072,DEU,2025-05-06,OA,30,EUR,19430.0,22043.38,1562.38,30357043.0,2025-06-05,0.0,N,0,,,2025-06-04,paid,30280101.0,,-76942.0
INV-2505-0026,B089,NGA,2025-05-06,LC_SIGHT,0,USD,8460.0,8460.0,1377.15,11650689.0,2025-05-12,0.0,N,0,,0,2025-05-12,paid,11994334.0,,343645.0
INV-2505-0027,B018,NLD,2025-05-07,OA,30,EUR,6760.0,7671.23,1579.48,10677285.0,2025-06-06,0.0,Y,0,,,2025-05-31,paid,10594069.0,,-83216.0
INV-2505-0028,B042,BRA,2025-05-07,TT_ADV,0,USD,6930.0,6930.0,1391.86,9645590.0,2025-05-07,1.0,N,0,,,2025-04-27,paid,9984190.0,,338600.0
INV-2505-0029,B064,USA,2025-05-07,TT_SPLIT_30_70,30,USD,19410.0,19410.0,1391.86,27016003.0,2025-06-06,0.3,Y,0,,,2025-06-03,paid,27017982.0,,1979.0
INV-2505-0030,B102,GBR,2025-05-07,OA,60,USD,4830.0,4830.0,1391.86,6722684.0,2025-07-06,0.0,Y,0,,,2025-07-06,paid,6591260.0,,-131424.0
INV-2505-0031,B111,TWN,2025-05-07,DA,90,USD,36660.0,36660.0,1391.86,51025588.0,2025-08-05,0.0,N,0,,,2025-08-23,paid,50653489.0,,-372099.0
INV-2505-0032,B067,BRA,2025-05-08,DP,0,USD,13290.0,13290.0,1403.61,18653977.0,2025-05-19,0.0,N,0,,,2025-05-19,paid,18452899.0,,-201078.0
INV-2505-0033,B087,TWN,2025-05-08,TT_SPLIT_30_70,30,USD,9100.0,9100.0,1403.61,12772851.0,2025-06-07,0.3,Y,0,,,2025-06-08,paid,12483953.0,,-288898.0
INV-2505-0034,B064,USA,2025-05-09,TT_SPLIT_30_70,30,USD,13960.0,13960.0,1398.51,19523200.0,2025-06-08,0.3,Y,0,,,2025-06-14,paid,19358681.0,,-164519.0
INV-2505-0035,B083,USA,2025-05-09,OA,60,USD,4280.0,4280.0,1398.51,5985623.0,2025-07-08,0.0,Y,1,QUANTITY,,2025-07-08,paid,5875327.0,,-110296.0
INV-2505-0036,B098,IND,2025-05-09,OA,30,USD,5350.0,5350.0,1398.51,7482028.0,2025-06-08,0.0,Y,1,PRICE,,2025-06-08,paid,7277498.0,,-204530.0
INV-2505-0037,B107,DEU,2025-05-09,OA,60,EUR,5140.0,5792.78,1576.12,8101257.0,2025-07-08,0.0,Y,0,,,2025-07-02,paid,8222921.0,,121664.0
INV-2505-0038,B120,JPN,2025-05-09,OA,60,JPY,1361000.0,9376.48,9.6349,13113099.0,2025-07-08,0.0,N,0,,,2025-07-07,paid,12779518.0,,-333581.0
INV-2505-0039,B005,VNM,2025-05-10,OA,90,USD,5820.0,5820.0,1398.51,8139328.0,2025-08-08,0.0,Y,0,,,2025-08-08,paid,8088054.0,,-51274.0
INV-2505-0040,B026,THA,2025-05-10,OA,60,USD,8240.0,8240.0,1398.51,11523722.0,2025-07-09,0.0,Y,0,,,2025-07-03,paid,11244716.0,,-279006.0
INV-2505-0041,B038,DEU,2025-05-10,TT_ADV,0,EUR,14960.0,16859.91,1576.12,23578755.0,2025-05-10,1.0,N,0,,,2025-05-06,paid,23373205.0,,-205550.0
INV-2505-0042,B049,ARE,2025-05-10,DA,90,USD,13220.0,13220.0,1398.51,18488302.0,2025-08-08,0.0,N,0,,,2025-08-16,paid,18350931.0,,-137371.0
INV-2505-0043,B049,ARE,2025-05-10,OA,30,USD,4050.0,4050.0,1398.51,5663966.0,2025-06-09,0.0,N,0,,,2025-06-19,paid,5540603.0,,-123363.0
INV-2505-0044,B061,IND,2025-05-10,DA,60,USD,12300.0,12300.0,1398.51,17201673.0,2025-07-09,0.0,N,0,,,2025-06-21,paid,16881135.0,,-320538.0
INV-2505-0045,B067,BRA,2025-05-10,DP,0,USD,7980.0,7980.0,1398.51,11160110.0,2025-05-20,0.0,N,0,,,2025-09-14,paid,11124599.0,,-35511.0
INV-2505-0046,B115,CHN,2025-05-10,DA,60,CNY,25900.0,3579.12,193.26,5005434.0,2025-07-09,0.0,Y,0,,,2025-07-08,paid,4955965.0,,-49469.0
INV-2505-0047,B037,SAU,2025-05-11,OA,60,USD,5500.0,5500.0,1398.51,7691805.0,2025-07-10,0.0,Y,0,,,2025-07-07,paid,7532800.0,,-159005.0
INV-2505-0048,B106,TUR,2025-05-11,LC_SIGHT,0,USD,9850.0,9850.0,1398.51,13775324.0,2025-05-17,0.0,N,0,,0,2025-05-17,paid,13801722.0,,26398.0
INV-2505-0049,B128,GBR,2025-05-11,OA,90,USD,11430.0,11430.0,1398.51,15984969.0,2025-08-09,0.0,N,1,DOCS,,2025-08-17,paid,15863354.0,,-121615.0
INV-2505-0050,B005,VNM,2025-05-12,TT_SPLIT_30_70,30,USD,17640.0,17640.0,1417.77,25009463.0,2025-06-11,0.3,Y,0,,,2025-06-23,paid,24529724.0,,-479739.0
INV-2505-0051,B047,MEX,2025-05-12,OA,90,USD,5160.0,5160.0,1417.77,7315693.0,2025-08-10,0.0,Y,0,,,2025-08-04,paid,7150264.0,,-165429.0
INV-2505-0052,B073,BRA,2025-05-12,OA,30,USD,5550.0,5550.0,1417.77,7868624.0,2025-06-11,0.0,N,0,,,2025-06-11,paid,7594010.0,,-274614.0
INV-2505-0053,B110,USA,2025-05-12,OA,90,USD,4830.0,4830.0,1417.77,6847829.0,2025-08-10,0.0,Y,0,,,2025-08-06,paid,6687811.0,,-160018.0
INV-2505-0054,B064,USA,2025-05-13,TT_SPLIT_30_70,30,USD,4930.0,4930.0,1418.65,6993944.0,2025-06-12,0.3,Y,0,,,2025-06-14,paid,6819250.0,,-174694.0
INV-2505-0055,B066,ARE,2025-05-13,DA,60,USD,31640.0,31640.0,1418.65,44886086.0,2025-07-12,0.0,Y,0,,,2025-07-07,paid,43334144.0,,-1551942.0
INV-2505-0056,B087,TWN,2025-05-13,TT_SPLIT_30_70,30,USD,13220.0,13220.0,1418.65,18754553.0,2025-06-12,0.3,Y,0,,,2025-06-08,paid,18108148.0,,-646405.0
INV-2505-0057,B101,IND,2025-05-13,DA,60,USD,30760.0,30760.0,1418.65,43637674.0,2025-07-12,0.0,Y,0,,,2025-07-10,paid,42231700.0,,-1405974.0
INV-2505-0058,B123,POL,2025-05-13,OA,60,EUR,4210.0,4705.09,1585.48,6674871.0,2025-07-12,0.0,Y,0,,,2025-07-12,paid,6772332.0,,97461.0
INV-2505-0059,B047,MEX,2025-05-14,TT_ADV,0,USD,9260.0,9260.0,1398.83,12953166.0,2025-05-14,1.0,N,0,,,2025-04-26,paid,13341067.0,,387901.0
INV-2505-0060,B123,POL,2025-05-14,OA,60,EUR,14070.0,15766.85,1567.53,22055147.0,2025-07-13,0.0,Y,0,,,2025-07-13,paid,22633424.0,,578277.0
INV-2505-0061,B066,ARE,2025-05-15,DA,60,USD,3420.0,3420.0,1397.65,4779963.0,2025-07-14,0.0,Y,0,,,2025-07-12,paid,4703765.0,,-76198.0
INV-2505-0062,B149,CHN,2025-05-15,TT_ADV,0,USD,22480.0,22480.0,1397.65,31419172.0,2025-05-15,1.0,N,0,,,2025-05-04,paid,31447047.0,,27875.0
INV-2505-0063,B010,POL,2025-05-16,OA,30,EUR,3200.0,3565.13,1561.07,4995424.0,2025-06-15,0.0,N,0,,,2025-06-15,paid,5047840.0,,52416.0
INV-2505-0064,B012,IDN,2025-05-16,TT_ADV,0,USD,5850.0,5850.0,1401.19,8196962.0,2025-05-16,1.0,N,0,,,2025-04-22,paid,8336250.0,,139288.0
INV-2505-0065,B031,MEX,2025-05-16,OA,60,USD,21610.0,21610.0,1401.19,30279716.0,2025-07-15,0.0,Y,0,,,2025-07-07,paid,29597056.0,,-682660.0
INV-2505-0066,B064,USA,2025-05-16,TT_SPLIT_30_70,30,USD,35770.0,35770.0,1401.19,50120566.0,2025-06-15,0.3,Y,0,,,2025-06-30,paid,49560718.0,,-559848.0
INV-2505-0067,B132,IDN,2025-05-16,OA,60,USD,20340.0,20340.0,1401.19,28500205.0,2025-07-15,0.0,Y,0,,,2025-07-08,paid,27846640.0,,-653565.0
INV-2505-0068,B143,MYS,2025-05-16,OA,30,USD,9550.0,9550.0,1401.19,13381364.0,2025-06-15,0.0,Y,0,,,2025-08-08,paid,13271635.0,,-109729.0
INV-2505-0069,B014,USA,2025-05-17,LC_USANCE,90,USD,17140.0,17140.0,1401.19,24016397.0,2025-08-15,0.0,N,0,,0,2025-08-15,paid,23788092.0,,-228305.0
INV-2505-0070,B041,TUR,2025-05-17,TT_ADV,0,USD,15650.0,15650.0,1401.19,21928624.0,2025-05-17,1.0,N,0,,,2025-05-01,paid,22498127.0,,569503.0
INV-2505-0071,B072,DEU,2025-05-17,OA,30,EUR,23620.0,26315.11,1561.07,36872473.0,2025-06-16,0.0,N,1,DOCS,,2025-06-29,paid,37636751.0,,764278.0
INV-2505-0072,B073,BRA,2025-05-17,OA,30,USD,1840.0,1840.0,1401.19,2578190.0,2025-06-16,0.0,N,0,,,2025-06-11,paid,2517654.0,,-60536.0
INV-2505-0073,B129,CHN,2025-05-17,OA,30,USD,740.0,740.0,1401.19,1036881.0,2025-06-16,0.0,Y,0,,,2025-06-09,paid,1002693.0,,-34188.0
INV-2505-0074,B018,NLD,2025-05-18,OA,30,EUR,7250.0,8077.25,1561.07,11317758.0,2025-06-17,0.0,Y,0,,,2025-06-16,paid,11398305.0,,80547.0
INV-2505-0075,B043,CHN,2025-05-18,OA,90,CNY,26100.0,3620.53,194.37,5073057.0,2025-08-16,0.0,Y,0,,,2025-08-16,paid,5043825.0,,-29232.0
INV-2505-0076,B101,IND,2025-05-18,DA,60,USD,3450.0,3450.0,1401.19,4834106.0,2025-07-17,0.0,Y,0,,,2025-07-29,paid,4797674.0,,-36432.0
INV-2505-0077,B014,USA,2025-05-19,LC_USANCE,90,USD,8850.0,8850.0,1388.48,12288048.0,2025-08-17,0.0,N,0,,0,2025-08-17,paid,12282649.0,,-5399.0
INV-2505-0078,B028,JPN,2025-05-19,OA,90,JPY,1371000.0,9455.84,9.5764,13129244.0,2025-08-17,0.0,Y,0,,,2025-08-10,paid,12899602.0,,-229642.0
INV-2505-0079,B058,MYS,2025-05-19,OA,30,USD,4590.0,4590.0,1388.48,6373123.0,2025-06-18,0.0,N,0,,,2025-06-19,paid,6297985.0,,-75138.0
INV-2505-0080,B072,DEU,2025-05-19,OA,30,EUR,2490.0,2797.77,1560.1,3884649.0,2025-06-18,0.0,N,0,,,2025-06-29,paid,3972322.0,,87673.0
INV-2505-0081,B074,MYS,2025-05-19,OA,30,USD,6020.0,6020.0,1388.48,8358650.0,2025-06-18,0.0,N,1,DOCS,,2025-07-07,paid,8244992.0,,-113658.0
INV-2505-0082,B136,DEU,2025-05-19,DA,90,EUR,6620.0,7438.25,1560.1,10327862.0,2025-08-17,0.0,Y,0,,,2025-08-18,paid,10715198.0,,387336.0
INV-2505-0083,B144,TUR,2025-05-19,OA,60,USD,5470.0,5470.0,1388.48,7594986.0,2025-07-18,0.0,N,1,QUALITY,,2025-08-07,paid,7591449.0,,-3537.0
INV-2505-0084,B062,USA,2025-05-20,OA,60,USD,7480.0,7480.0,1393.36,10422333.0,2025-07-19,0.0,Y,0,,,2025-07-19,paid,10399369.0,,-22964.0
INV-2505-0085,B128,GBR,2025-05-20,TT_ADV,0,USD,3330.0,3330.0,1393.36,4639889.0,2025-05-20,1.0,N,0,,,2025-05-04,paid,4658304.0,,18415.0
INV-2505-0086,B136,DEU,2025-05-20,DA,90,EUR,44960.0,50598.07,1568.09,70501326.0,2025-08-18,0.0,Y,0,,,2025-08-22,paid,72771315.0,,2269989.0
INV-2505-0087,B140,USA,2025-05-20,OA,60,USD,19610.0,19610.0,1393.36,27323790.0,2025-07-19,0.0,Y,0,,,2025-07-12,paid,26971006.0,,-352784.0
INV-2505-0088,B066,ARE,2025-05-21,TT_ADV,0,USD,63570.0,63570.0,1371.64,87195155.0,2025-05-21,1.0,N,0,,,2025-05-07,paid,88480540.0,,1285385.0
INV-2505-0089,B126,GBR,2025-05-21,OA,60,USD,3280.0,3280.0,1371.64,4498979.0,2025-07-20,0.0,N,0,,,2025-07-20,paid,4560151.0,,61172.0
INV-2505-0090,B014,USA,2025-05-22,LC_USANCE,90,USD,7580.0,7580.0,1381.55,10472149.0,2025-08-20,0.0,N,0,,0,2025-08-20,paid,10594566.0,,122417.0
INV-2505-0091,B087,TWN,2025-05-22,TT_SPLIT_30_70,30,USD,11440.0,11440.0,1381.55,15804932.0,2025-06-21,0.3,Y,0,,,2025-06-12,paid,15781472.0,,-23460.0
INV-2505-0092,B132,IDN,2025-05-22,OA,60,USD,7580.0,7580.0,1381.55,10472149.0,2025-07-21,0.0,Y,0,,,2025-07-21,paid,10433438.0,,-38711.0
INV-2505-0093,B026,THA,2025-05-23,OA,60,USD,4380.0,4380.0,1365.03,5978831.0,2025-07-22,0.0,Y,0,,,2025-07-22,paid,6051320.0,,72489.0
INV-2505-0094,B070,POL,2025-05-23,OA,60,EUR,7710.0,8750.86,1549.31,11945180.0,2025-07-22,0.0,Y,0,,,2025-07-21,paid,12464911.0,,519731.0
INV-2505-0095,B087,TWN,2025-05-23,TT_SPLIT_30_70,30,USD,13560.0,13560.0,1365.03,18509807.0,2025-06-22,0.3,Y,0,,,2025-06-17,paid,18676968.0,,167161.0
INV-2505-0096,B096,USA,2025-05-23,OA,90,USD,5670.0,5670.0,1365.03,7739720.0,2025-08-21,0.0,Y,0,,,2025-09-09,paid,7870867.0,,131147.0
INV-2505-0097,B129,CHN,2025-05-23,OA,30,USD,7660.0,7660.0,1365.03,10456130.0,2025-06-22,0.0,Y,0,,,2025-06-16,paid,10398833.0,,-57297.0
INV-2505-0098,B131,NGA,2025-05-23,LC_SIGHT,0,USD,4560.0,4560.0,1365.03,6224537.0,2025-05-29,0.0,N,0,,5,2025-06-03,paid,6285732.0,,61195.0
INV-2505-0099,B148,ARE,2025-05-23,OA,60,USD,15170.0,15170.0,1365.03,20707505.0,2025-07-22,0.0,N,0,,,2025-07-22,paid,20958569.0,,251064.0
INV-2505-0100,B027,VNM,2025-05-24,TT_ADV,0,USD,6770.0,6770.0,1365.03,9241253.0,2025-05-24,1.0,N,0,,,2025-05-14,paid,9470079.0,,228826.0
INV-2505-0101,B040,IND,2025-05-24,LC_USANCE,90,USD,13430.0,13430.0,1365.03,18332353.0,2025-08-22,0.0,N,0,,0,2025-08-22,paid,18556365.0,,224012.0
INV-2505-0102,B041,TUR,2025-05-24,OA,30,USD,8930.0,8930.0,1365.03,12189718.0,2025-06-23,0.0,Y,0,,,2025-06-28,paid,12151230.0,,-38488.0
INV-2505-0103,B127,VNM,2025-05-24,DP,0,USD,27630.0,27630.0,1365.03,37715779.0,2025-06-06,0.0,N,0,,,2025-06-06,paid,37584536.0,,-131243.0
INV-2505-0104,B004,EGY,2025-05-25,LC_SIGHT,0,USD,1900.0,1900.0,1365.03,2593557.0,2025-06-01,0.0,N,0,,15,2025-06-16,paid,2579345.0,,-14212.0
INV-2505-0105,B031,MEX,2025-05-25,OA,60,USD,10590.0,10590.0,1365.03,14455668.0,2025-07-24,0.0,Y,0,,,2025-07-22,paid,14630932.0,,175264.0
INV-2505-0106,B040,IND,2025-05-25,LC_USANCE,90,USD,5180.0,5180.0,1365.03,7070855.0,2025-08-23,0.0,N,0,,0,2025-08-23,paid,7157258.0,,86403.0
INV-2505-0107,B055,USA,2025-05-25,OA,60,USD,31530.0,31530.0,1365.03,43039396.0,2025-07-24,0.0,Y,1,PRICE,,2025-07-24,paid,43227630.0,,188234.0
INV-2505-0108,B127,VNM,2025-05-25,DP,0,USD,42500.0,42500.0,1365.03,58013775.0,2025-06-06,0.0,N,0,,,2025-06-06,paid,57811900.0,,-201875.0
INV-2505-0109,B030,TUR,2025-05-26,TT_ADV,0,USD,5150.0,5150.0,1365.03,7029904.0,2025-05-26,1.0,N,0,,,2025-05-18,paid,7216128.0,,186224.0
INV-2505-0110,B050,USA,2025-05-26,OA,60,USD,7660.0,7660.0,1365.03,10456130.0,2025-07-25,0.0,Y,0,,,2025-07-25,paid,10593167.0,,137037.0
INV-2505-0111,B076,POL,2025-05-26,OA,60,EUR,9350.0,10612.26,1549.31,14486048.0,2025-07-25,0.0,Y,0,,,2025-07-25,paid,15143200.0,,657152.0
INV-2505-0112,B110,USA,2025-05-26,OA,90,USD,2370.0,2370.0,1365.03,3235121.0,2025-08-24,0.0,Y,0,,,2025-09-06,paid,3283114.0,,47993.0
INV-2505-0113,B033,VNM,2025-05-27,LC_SIGHT,0,USD,3540.0,3540.0,1375.85,4870509.0,2025-06-02,0.0,N,0,,0,2025-06-02,paid,4872527.0,,2018.0
INV-2505-0114,B037,SAU,2025-05-27,DA,90,USD,35160.0,35160.0,1375.85,48374886.0,2025-08-25,0.0,Y,1,QUANTITY,,2025-08-27,paid,49032026.0,,657140.0
INV-2505-0115,B098,IND,2025-05-27,OA,30,USD,5450.0,5450.0,1375.85,7498382.0,2025-06-26,0.0,Y,1,DOCS,,2025-06-25,paid,7423826.0,,-74556.0
INV-2505-0116,B117,CHN,2025-05-27,OA,30,USD,17580.0,17580.0,1375.85,24187443.0,2025-06-26,0.0,Y,0,,,2025-06-19,paid,24121694.0,,-65749.0
INV-2505-0117,B030,TUR,2025-05-28,OA,60,USD,16340.0,16340.0,1374.6,22460964.0,2025-07-27,0.0,N,1,PRICE,,2025-07-23,paid,22473709.0,,12745.0
INV-2505-0118,B083,USA,2025-05-28,OA,60,USD,8590.0,8590.0,1374.6,11807814.0,2025-07-27,0.0,Y,0,,,2025-07-27,paid,11879283.0,,71469.0
INV-2505-0119,B128,GBR,2025-05-28,TT_SPLIT_30_70,30,USD,14630.0,14630.0,1374.6,20110398.0,2025-06-27,0.3,N,0,,,2025-06-27,paid,20239098.0,,128700.0
INV-2505-0120,B135,TUR,2025-05-28,OA,30,USD,3310.0,3310.0,1374.6,4549926.0,2025-06-27,0.0,Y,0,,,2025-06-20,paid,4542810.0,,-7116.0
INV-2505-0121,B033,VNM,2025-05-29,LC_SIGHT,0,USD,5750.0,5750.0,1371.75,7887562.0,2025-06-04,0.0,N,0,,0,2025-06-04,paid,7843920.0,,-43642.0
INV-2505-0122,B048,CHN,2025-05-29,OA,30,USD,6190.0,6190.0,1371.75,8491132.0,2025-06-28,0.0,Y,0,,,2025-06-13,paid,8448917.0,,-42215.0
INV-2505-0123,B087,TWN,2025-05-29,TT_SPLIT_30_70,30,USD,10880.0,10880.0,1371.75,14924640.0,2025-06-28,0.3,Y,0,,,2025-06-26,paid,14801587.0,,-123053.0
INV-2505-0124,B005,VNM,2025-05-30,OA,90,USD,10840.0,10840.0,1381.13,14971449.0,2025-08-28,0.0,Y,0,,,2025-08-23,paid,14977736.0,,6287.0
INV-2505-0125,B120,JPN,2025-05-30,OA,60,JPY,1042000.0,7227.07,9.5792,9981526.0,2025-07-29,0.0,N,0,,,2025-07-17,paid,9757392.0,,-224134.0
INV-2505-0126,B148,ARE,2025-05-30,OA,60,USD,26520.0,26520.0,1381.13,36627568.0,2025-07-29,0.0,N,1,QUANTITY,,2025-07-29,paid,36879508.0,,251940.0
INV-2505-0127,B013,CHN,2025-05-31,TT_ADV,0,USD,13780.0,13780.0,1381.13,19031971.0,2025-05-31,1.0,N,0,,,2025-05-13,paid,19548997.0,,517026.0
INV-2505-0128,B049,ARE,2025-05-31,DA,90,USD,16760.0,16760.0,1381.13,23147739.0,2025-08-29,0.0,N,0,,,2025-08-25,paid,23280646.0,,132907.0
INV-2505-0129,B049,ARE,2025-05-31,DA,90,USD,5910.0,5910.0,1381.13,8162478.0,2025-08-29,0.0,N,0,,,2025-08-25,paid,8209345.0,,46867.0
INV-2505-0130,B062,USA,2025-05-31,OA,60,USD,12830.0,12830.0,1381.13,17719898.0,2025-07-30,0.0,Y,0,,,2025-07-21,paid,17721053.0,,1155.0
INV-2505-0131,B142,IND,2025-05-31,OA,30,USD,2550.0,2550.0,1381.13,3521882.0,2025-06-30,0.0,Y,1,QUANTITY,,2025-08-03,paid,3540267.0,,18385.0
INV-2506-0001,B041,TUR,2025-06-01,OA,30,USD,9140.0,9140.0,1381.13,12623528.0,2025-07-01,0.0,Y,0,,,2025-07-03,paid,12472901.0,,-150627.0
INV-2506-0002,B048,CHN,2025-06-01,OA,30,USD,36120.0,36120.0,1381.13,49886416.0,2025-07-01,0.0,Y,0,,,2025-07-01,paid,49258746.0,,-627670.0
INV-2506-0003,B086,DEU,2025-06-01,OA,90,EUR,2820.0,3199.86,1567.17,4419419.0,2025-08-30,0.0,N,0,,,2025-08-23,paid,4563888.0,,144469.0
INV-2506-0004,B098,IND,2025-06-01,OA,30,USD,16080.0,16080.0,1381.13,22208570.0,2025-07-01,0.0,Y,0,,,2025-06-25,paid,21903694.0,,-304876.0
INV-2506-0005,B101,IND,2025-06-01,DA,60,USD,51350.0,51350.0,1381.13,70921026.0,2025-07-31,0.0,Y,0,,,2025-08-05,paid,71247656.0,,326630.0
INV-2506-0006,B140,USA,2025-06-01,OA,60,USD,31000.0,31000.0,1381.13,42815030.0,2025-07-31,0.0,Y,0,,,2025-07-26,paid,42870520.0,,55490.0
INV-2506-0007,B024,USA,2025-06-02,OA,30,USD,40890.0,40890.0,1376.42,56281814.0,2025-07-02,0.0,Y,0,,,2025-06-19,paid,56105578.0,,-176236.0
INV-2506-0008,B077,VNM,2025-06-02,DP,0,USD,6780.0,6780.0,1376.42,9332128.0,2025-06-15,0.0,N,0,,,2025-06-15,paid,9254225.0,,-77903.0
INV-2506-0009,B112,MEX,2025-06-02,TT_SPLIT_30_70,30,USD,36470.0,36470.0,1376.42,50198037.0,2025-07-02,0.3,N,0,,,2025-06-26,paid,49542927.0,,-655110.0
INV-2506-0010,B113,JPN,2025-06-02,OA,90,JPY,1230000.0,8615.86,9.6415,11859045.0,2025-08-31,0.0,Y,0,,,2025-09-14,paid,11597369.0,,-261676.0
INV-2506-0011,B127,VNM,2025-06-02,DP,0,USD,121890.0,121890.0,1376.42,167771834.0,2025-06-14,0.0,N,0,,,2025-06-14,paid,166371318.0,,-1400516.0
INV-2506-0012,B038,DEU,2025-06-03,TT_ADV,0,EUR,4320.0,4913.13,1567.71,6772507.0,2025-06-03,1.0,N,0,,,2025-05-27,paid,6731813.0,,-40694.0
INV-2506-0013,B049,ARE,2025-06-03,DA,90,USD,34810.0,34810.0,1378.45,47983844.0,2025-09-01,0.0,N,0,,,2025-08-29,paid,48369048.0,,385204.0
INV-2506-0014,B049,ARE,2025-06-03,DA,90,USD,13760.0,13760.0,1378.45,18967472.0,2025-09-01,0.0,N,0,,,2025-09-01,paid,19123098.0,,155626.0
INV-2506-0015,B053,DEU,2025-06-03,OA,60,EUR,8590.0,9769.4,1567.71,13466629.0,2025-08-02,0.0,N,0,,,2025-08-02,paid,13780336.0,,313707.0
INV-2506-0016,B124,CHN,2025-06-03,OA,60,CNY,146200.0,20341.47,191.79,28039698.0,2025-08-02,0.0,N,0,,,2025-08-20,paid,28476836.0,,437138.0
INV-2506-0017,B005,VNM,2025-06-04,OA,90,USD,4300.0,4300.0,1364.16,5865888.0,2025-09-02,0.0,Y,0,,,2025-08-31,paid,5975968.0,,110080.0
INV-2506-0018,B012,IDN,2025-06-04,DP,0,USD,9120.0,9120.0,1364.16,12441139.0,2025-06-16,0.0,N,0,,,2025-06-16,paid,12380856.0,,-60283.0
INV-2506-0019,B040,IND,2025-06-04,LC_USANCE,90,USD,12250.0,12250.0,1364.16,16710960.0,2025-09-02,0.0,N,0,,0,2025-09-02,paid,17085810.0,,374850.0
INV-2506-0020,B058,MYS,2025-06-04,OA,30,USD,6650.0,6650.0,1364.16,9071664.0,2025-07-04,0.0,N,1,QUALITY,,2025-06-30,paid,9000775.0,,-70889.0
INV-2506-0021,B066,ARE,2025-06-04,DA,60,USD,9070.0,9070.0,1364.16,12372931.0,2025-08-03,0.0,Y,1,DOCS,,2025-07-25,paid,12543084.0,,170153.0
INV-2506-0022,B083,USA,2025-06-04,OA,60,USD,11130.0,11130.0,1364.16,15183101.0,2025-08-03,0.0,Y,0,,,2025-08-03,paid,15452224.0,,269123.0
INV-2506-0023,B098,IND,2025-06-04,OA,30,USD,9180.0,9180.0,1364.16,12522989.0,2025-07-04,0.0,Y,0,,,2025-06-29,paid,12491410.0,,-31579.0
INV-2506-0024,B104,MEX,2025-06-04,OA,60,USD,7570.0,7570.0,1364.16,10326691.0,2025-08-03,0.0,Y,0,,,2025-07-30,paid,10534261.0,,207570.0
INV-2506-0025,B017,EGY,2025-06-05,OA,90,USD,2390.0,2390.0,1355.97,3240768.0,2025-09-03,0.0,N,1,PRICE,,2025-08-19,paid,3326976.0,,86208.0
INV-2506-0026,B058,MYS,2025-06-05,OA,30,USD,8200.0,8200.0,1355.97,11118954.0,2025-07-05,0.0,N,0,,,2025-07-01,paid,11136092.0,,17138.0
INV-2506-0027,B062,USA,2025-06-05,OA,60,USD,23720.0,23720.0,1355.97,32163608.0,2025-08-04,0.0,Y,0,,,2025-07-31,paid,33005276.0,,841668.0
INV-2506-0028,B062,USA,2025-06-05,OA,60,USD,7690.0,7690.0,1355.97,10427409.0,2025-08-04,0.0,Y,0,,,2025-07-31,paid,10736701.0,,309292.0
INV-2506-0029,B092,POL,2025-06-05,TT_SPLIT_30_70,30,EUR,2200.0,2516.8,1551.23,3412706.0,2025-07-05,0.3,N,0,,,2025-07-05,paid,3500411.0,,87705.0
INV-2506-0030,B009,CHN,2025-06-06,DA,90,CNY,227000.0,31578.21,189.23,42955210.0,2025-09-04,0.0,Y,0,,,2025-08-28,paid,44085670.0,,1130460.0
INV-2506-0031,B019,USA,2025-06-06,DA,90,USD,13960.0,13960.0,1360.28,18989509.0,2025-09-04,0.0,Y,0,,,2025-09-04,paid,19471408.0,,481899.0
INV-2506-0032,B076,POL,2025-06-06,OA,60,EUR,4420.0,5037.47,1550.31,6852370.0,2025-08-05,0.0,Y,0,,,2025-07-25,paid,7169991.0,,317621.0
INV-2506-0033,B082,JPN,2025-06-06,OA,60,JPY,962000.0,6640.46,9.3897,9032891.0,2025-08-05,0.0,Y,0,,,2025-08-07,paid,9047932.0,,15041.0
INV-2506-0034,B087,TWN,2025-06-06,TT_ADV,0,USD,10530.0,10530.0,1360.28,14323748.0,2025-06-06,1.0,N,0,,,2025-05-15,paid,14717255.0,,393507.0
INV-2506-0035,B148,ARE,2025-06-06,OA,60,USD,7610.0,7610.0,1360.28,10351731.0,2025-08-05,0.0,N,0,,,2025-08-01,paid,10565267.0,,213536.0
INV-2506-0036,B026,THA,2025-06-07,OA,60,USD,16550.0,16550.0,1360.28,22512634.0,2025-08-06,0.0,Y,0,,,2025-07-28,paid,22974876.0,,462242.0
INV-2506-0037,B104,MEX,2025-06-07,OA,60,USD,7570.0,7570.0,1360.28,10297320.0,2025-08-06,0.0,Y,0,,,2025-08-05,paid,10496865.0,,199545.0
INV-2506-0038,B128,GBR,2025-06-07,OA,90,USD,7470.0,7470.0,1360.28,10161292.0,2025-09-05,0.0,N,0,,,2025-08-19,paid,10398539.0,,237247.0
INV-2506-0039,B147,THA,2025-06-07,DA,60,USD,3380.0,3380.0,1360.28,4597746.0,2025-08-06,0.0,N,0,,,2025-08-06,paid,4680083.0,,82337.0
INV-2506-0040,B049,ARE,2025-06-08,DA,90,USD,27380.0,27380.0,1360.28,37244466.0,2025-09-06,0.0,N,0,,,2025-09-06,paid,37928966.0,,684500.0
INV-2506-0041,B086,DEU,2025-06-08,OA,90,EUR,7760.0,8844.07,1550.31,12030406.0,2025-09-06,0.0,N,0,,,2025-09-02,paid,12612406.0,,582000.0
INV-2506-0042,B104,MEX,2025-06-08,OA,60,USD,15210.0,15210.0,1360.28,20689859.0,2025-08-07,0.0,Y,0,,,2025-08-05,paid,21090794.0,,400935.0
INV-2506-0043,B110,USA,2025-06-08,OA,90,USD,6930.0,6930.0,1360.28,9426740.0,2025-09-06,0.0,Y,0,,,2025-10-30,paid,9614005.0,,187265.0
INV-2506-0044,B113,JPN,2025-06-08,TT_SPLIT_30_70,30,JPY,3016000.0,20818.75,9.3897,28319335.0,2025-07-08,0.3,Y,0,,,2025-07-19,paid,28372718.0,,53383.0
INV-2506-0045,B003,IDN,2025-06-09,DA,90,USD,10850.0,10850.0,1354.99,14701642.0,2025-09-07,0.0,N,0,,,2025-09-17,paid,14940605.0,,238963.0
INV-2506-0046,B030,TUR,2025-06-09,OA,60,USD,9910.0,9910.0,1354.99,13427951.0,2025-08-08,0.0,N,0,,,2025-08-09,paid,13771927.0,,343976.0
INV-2506-0047,B115,CHN,2025-06-09,DA,60,CNY,26800.0,3732.45,188.71,5057428.0,2025-08-08,0.0,Y,0,,,2025-08-14,paid,5180025.0,,122597.0
INV-2506-0048,B140,USA,2025-06-09,OA,60,USD,3710.0,3710.0,1354.99,5027013.0,2025-08-08,0.0,Y,0,,,2025-08-01,paid,5150741.0,,123728.0
INV-2506-0049,B055,USA,2025-06-10,OA,60,USD,75000.0,75000.0,1367.55,102566250.0,2025-08-09,0.0,Y,0,,,2025-08-02,paid,104125500.0,,1559250.0
INV-2506-0050,B066,ARE,2025-06-10,DA,60,USD,15050.0,15050.0,1367.55,20581628.0,2025-08-09,0.0,Y,1,QUALITY,,2025-08-03,paid,20819992.0,,238364.0
INV-2506-0051,B102,GBR,2025-06-10,OA,60,USD,3550.0,3550.0,1367.55,4854802.0,2025-08-09,0.0,Y,0,,,2025-08-09,paid,4933435.0,,78633.0
INV-2506-0052,B137,ARE,2025-06-10,TT_ADV,0,USD,5310.0,5310.0,1367.55,7261690.0,2025-06-10,1.0,N,0,,,2025-05-25,paid,7248309.0,,-13381.0
INV-2506-0053,B066,ARE,2025-06-11,DA,60,USD,22820.0,22820.0,1368.29,31224378.0,2025-08-10,0.0,Y,0,,,2025-08-06,paid,31626234.0,,401856.0
INV-2506-0054,B121,IND,2025-06-11,DA,90,USD,15000.0,15000.0,1368.29,20524350.0,2025-09-09,0.0,Y,0,,,2025-09-06,paid,20779200.0,,254850.0
INV-2506-0055,B066,ARE,2025-06-12,DA,60,USD,22500.0,22500.0,1356.47,30520575.0,2025-08-11,0.0,Y,0,,,2025-08-09,paid,31230553.0,,709978.0
INV-2506-0056,B066,ARE,2025-06-12,DA,60,USD,15670.0,15670.0,1356.47,21255885.0,2025-08-11,0.0,Y,0,,,2025-08-11,paid,21824236.0,,568351.0
INV-2506-0057,B098,IND,2025-06-12,OA,30,USD,2450.0,2450.0,1356.47,3323352.0,2025-07-12,0.0,Y,1,DOCS,,2025-07-08,paid,3363213.0,,39861.0
INV-2506-0058,B114,JPN,2025-06-12,OA,90,JPY,628000.0,4372.02,9.4435,5930518.0,2025-09-10,0.0,N,0,,,2025-09-07,paid,5924489.0,,-6029.0
INV-2506-0059,B119,IND,2025-06-12,DA,90,USD,5020.0,5020.0,1356.47,6809479.0,2025-09-10,0.0,Y,0,,,2025-11-15,paid,7295064.0,,485585.0
INV-2506-0060,B147,THA,2025-06-12,DA,60,USD,9270.0,9270.0,1356.47,12574477.0,2025-08-11,0.0,N,0,,,2025-08-11,paid,12910700.0,,336223.0
INV-2506-0061,B010,POL,2025-06-13,TT_ADV,0,EUR,2540.0,2935.48,1577.45,4006723.0,2025-06-13,1.0,N,0,,,2025-06-04,paid,3958387.0,,-48336.0
INV-2506-0062,B036,VNM,2025-06-13,TT_ADV,0,USD,13400.0,13400.0,1364.93,18290062.0,2025-06-13,1.0,N,0,,,2025-05-30,paid,18507142.0,,217080.0
INV-2506-0063,B081,JPN,2025-06-13,TT_ADV,0,JPY,1599000.0,11101.03,9.476,15152124.0,2025-06-13,1.0,N,0,,,2025-06-05,paid,15070575.0,,-81549.0
INV-2506-0064,B096,USA,2025-06-13,OA,90,USD,6340.0,6340.0,1364.93,8653656.0,2025-09-11,0.0,Y,0,,,2025-09-18,paid,8802919.0,,149263.0
INV-2506-0065,B137,ARE,2025-06-13,TT_ADV,0,USD,51120.0,51120.0,1364.93,69775222.0,2025-06-13,1.0,N,0,,,2025-05-20,paid,71228563.0,,1453341.0
INV-2506-0066,B144,TUR,2025-06-13,OA,60,USD,25390.0,25390.0,1364.93,34655573.0,2025-08-12,0.0,N,0,,,2025-08-11,paid,35214154.0,,558581.0
INV-2506-0067,B028,JPN,2025-06-14,OA,90,JPY,4227000.0,29345.87,9.476,40055052.0,2025-09-12,0.0,Y,0,,,2025-09-12,paid,39855960.0,,-199092.0
INV-2506-0068,B064,USA,2025-06-14,TT_SPLIT_30_70,30,USD,22140.0,22140.0,1364.93,30219550.0,2025-07-14,0.3,Y,0,,,2025-07-13,paid,30240239.0,,20689.0
INV-2506-0069,B081,JPN,2025-06-14,LC_USANCE,60,JPY,813000.0,5644.24,9.476,7703988.0,2025-08-13,0.0,N,0,,0,2025-08-13,paid,7613176.0,,-90812.0
INV-2506-0070,B129,CHN,2025-06-14,TT_ADV,0,USD,4230.0,4230.0,1364.93,5773654.0,2025-06-14,1.0,N,0,,,2025-06-11,paid,5787867.0,,14213.0
INV-2506-0071,B144,TUR,2025-06-14,OA,60,USD,9420.0,9420.0,1364.93,12857641.0,2025-08-13,0.0,N,0,,,2025-08-13,paid,12989238.0,,131597.0
INV-2506-0072,B045,ARE,2025-06-15,OA,60,USD,2560.0,2560.0,1364.93,3494221.0,2025-08-14,0.0,Y,0,,,2025-08-23,paid,3537178.0,,42957.0
INV-2506-0073,B064,USA,2025-06-15,TT_SPLIT_30_70,30,USD,7200.0,7200.0,1364.93,9827496.0,2025-07-15,0.3,Y,0,,,2025-07-13,paid,9870070.0,,42574.0
INV-2506-0074,B096,USA,2025-06-15,TT_SPLIT_30_70,30,USD,10100.0,10100.0,1364.93,13785793.0,2025-07-15,0.3,Y,0,,,2025-07-15,paid,13951110.0,,165317.0
INV-2506-0075,B104,MEX,2025-06-15,TT_SPLIT_30_70,30,USD,4800.0,4800.0,1364.93,6551664.0,2025-07-15,0.3,Y,0,,,2025-07-17,paid,6655939.0,,104275.0
INV-2506-0076,B123,POL,2025-06-15,OA,60,EUR,31220.0,36080.96,1577.45,49247989.0,2025-08-14,0.0,Y,0,,,2025-08-14,paid,50551424.0,,1303435.0
INV-2506-0077,B128,GBR,2025-06-15,OA,90,USD,24510.0,24510.0,1364.93,33454434.0,2025-09-13,0.0,N,0,,,2025-09-13,paid,34168411.0,,713977.0
INV-2506-0078,B047,MEX,2025-06-16,OA,90,USD,3710.0,3710.0,1357.55,5036510.0,2025-09-14,0.0,Y,0,,,2025-09-09,paid,5150074.0,,113564.0
INV-2506-0079,B048,CHN,2025-06-16,OA,30,USD,17940.0,17940.0,1357.55,24354447.0,2025-07-16,0.0,Y,0,,,2025-08-06,paid,24850916.0,,496469.0
INV-2506-0080,B061,IND,2025-06-16,DA,60,USD,3000.0,3000.0,1357.55,4072650.0,2025-08-15,0.0,N,0,,,2025-08-15,paid,4163610.0,,90960.0
INV-2506-0081,B086,DEU,2025-06-16,OA,90,EUR,7920.0,9172.16,1572.18,12451666.0,2025-09-14,0.0,N,0,,,2025-09-03,paid,12847080.0,,395414.0
INV-2506-0082,B022,IDN,2025-06-17,OA,90,USD,21250.0,21250.0,1370.29,29118662.0,2025-09-15,0.0,Y,1,PRICE,,2025-09-15,paid,29433162.0,,314500.0
INV-2506-0083,B058,MYS,2025-06-17,OA,30,USD,26570.0,26570.0,1370.29,36408605.0,2025-07-17,0.0,N,0,,,2025-07-17,paid,36959933.0,,551328.0
INV-2506-0084,B086,DEU,2025-06-17,OA,90,EUR,16040.0,18502.15,1580.63,25353305.0,2025-09-15,0.0,N,1,QUANTITY,,2025-09-12,paid,26193320.0,,840015.0
INV-2506-0085,B106,TUR,2025-06-17,LC_SIGHT,0,USD,34520.0,34520.0,1370.29,47302411.0,2025-06-26,0.0,N,0,,0,2025-06-26,paid,46796693.0,,-505718.0
INV-2506-0086,B129,CHN,2025-06-17,OA,30,USD,11910.0,11910.0,1370.29,16320154.0,2025-07-17,0.0,Y,0,,,2025-07-02,paid,16160679.0,,-159475.0
INV-2506-0087,B026,THA,2025-06-18,OA,60,USD,11250.0,11250.0,1372.11,15436237.0,2025-08-17,0.0,Y,0,,,2025-08-15,paid,15613537.0,,177300.0
INV-2506-0088,B062,USA,2025-06-18,OA,60,USD,31820.0,31820.0,1372.11,43660540.0,2025-08-17,0.0,Y,0,,,2025-08-01,paid,44176979.0,,516439.0
INV-2506-0089,B113,JPN,2025-06-18,OA,90,JPY,804000.0,5560.93,9.4903,7630201.0,2025-09-16,0.0,Y,0,,,2025-10-18,paid,7591461.0,,-38740.0
INV-2506-0090,B003,IDN,2025-06-19,DA,90,USD,12070.0,12070.0,1372.11,16561368.0,2025-09-17,0.0,N,0,,,2025-10-15,paid,17038960.0,,477592.0
INV-2506-0091,B028,JPN,2025-06-19,OA,90,JPY,2588000.0,17900.09,9.4903,24560896.0,2025-09-17,0.0,Y,0,,,2025-09-17,paid,24322283.0,,-238613.0
INV-2506-0092,B110,USA,2025-06-19,OA,90,USD,2200.0,2200.0,1372.11,3018642.0,2025-09-17,0.0,Y,0,,,2025-10-30,paid,3146990.0,,128348.0
INV-2506-0093,B135,TUR,2025-06-19,OA,30,USD,5200.0,5200.0,1372.11,7134972.0,2025-07-19,0.0,Y,0,,,2025-07-19,paid,7229508.0,,94536.0
INV-2506-0094,B140,USA,2025-06-19,OA,60,USD,19210.0,19210.0,1372.11,26358233.0,2025-08-18,0.0,Y,1,PRICE,,2025-08-01,paid,26670011.0,,311778.0
INV-2506-0095,B030,TUR,2025-06-20,OA,60,USD,13670.0,13670.0,1372.45,18761392.0,2025-08-19,0.0,N,0,,,2025-08-18,paid,18964938.0,,203546.0
INV-2506-0096,B053,DEU,2025-06-20,OA,60,EUR,10930.0,12591.34,1581.06,17280986.0,2025-08-19,0.0,N,0,,,2025-09-09,paid,17786826.0,,505840.0
INV-2506-0097,B075,DEU,2025-06-20,TT_SPLIT_30_70,30,EUR,18790.0,21646.05,1581.06,29708117.0,2025-07-20,0.3,Y,0,,,2025-07-15,paid,30082132.0,,374015.0
INV-2506-0098,B096,USA,2025-06-20,OA,90,USD,11290.0,11290.0,1372.45,15494960.0,2025-09-18,0.0,Y,0,,,2025-09-22,paid,15698334.0,,203374.0
INV-2506-0099,B140,USA,2025-06-20,OA,60,USD,53210.0,53210.0,1372.45,73028064.0,2025-08-19,0.0,Y,0,,,2025-08-13,paid,73692229.0,,664165.0
INV-2506-0100,B042,BRA,2025-06-21,TT_ADV,0,USD,10350.0,10350.0,1372.45,14204858.0,2025-06-21,1.0,N,0,,,2025-05-28,paid,14227110.0,,22252.0
INV-2506-0101,B048,CHN,2025-06-21,OA,30,USD,11340.0,11340.0,1372.45,15563583.0,2025-07-21,0.0,Y,1,QUALITY,,2025-08-06,paid,15701818.0,,138235.0
INV-2506-0102,B062,USA,2025-06-21,OA,60,USD,2980.0,2980.0,1372.45,4089901.0,2025-08-20,0.0,Y,1,QUALITY,,2025-08-21,paid,4177602.0,,87701.0
INV-2506-0103,B066,ARE,2025-06-21,DA,60,USD,5330.0,5330.0,1372.45,7315158.0,2025-08-20,0.0,Y,0,,,2025-08-20,paid,7449741.0,,134583.0
INV-2506-0104,B004,EGY,2025-06-22,TT_ADV,0,USD,8880.0,8880.0,1372.45,12187356.0,2025-06-22,1.0,N,0,,,2025-06-10,paid,12143844.0,,-43512.0
INV-2506-0105,B030,TUR,2025-06-22,OA,60,USD,10190.0,10190.0,1372.45,13985266.0,2025-08-21,0.0,N,0,,,2025-08-23,paid,14079625.0,,94359.0
INV-2506-0106,B086,DEU,2025-06-22,OA,90,EUR,14320.0,16496.61,1581.06,22640779.0,2025-09-20,0.0,N,0,,,2025-09-19,paid,23519168.0,,878389.0
INV-2506-0107,B098,IND,2025-06-22,OA,30,USD,47460.0,47460.0,1372.45,65136477.0,2025-07-22,0.0,Y,0,,,2025-07-12,paid,65156684.0,,20207.0
INV-2506-0108,B137,ARE,2025-06-22,TT_ADV,0,USD,20580.0,20580.0,1372.45,28245021.0,2025-06-22,1.0,N,0,,,2025-06-10,paid,28144179.0,,-100842.0
INV-2506-0109,B142,IND,2025-06-22,OA,30,USD,3200.0,3200.0,1372.45,4391840.0,2025-07-22,0.0,Y,1,DOCS,,2025-08-13,paid,4433814.0,,41974.0
INV-2506-0110,B148,ARE,2025-06-22,OA,60,USD,113710.0,113710.0,1372.45,156061290.0,2025-08-21,0.0,N,1,PRICE,,2025-08-14,paid,158123989.0,,2062699.0
INV-2506-0111,B063,CHN,2025-06-23,TT_ADV,0,CNY,24300.0,3384.86,192.59,4679937.0,2025-06-23,1.0,N,0,,,2025-06-17,paid,4634739.0,,-45198.0
INV-2506-0112,B033,VNM,2025-06-24,LC_SIGHT,0,USD,12620.0,12620.0,1359.0,17150580.0,2025-07-02,0.0,N,0,,0,2025-07-02,paid,17124078.0,,-26502.0
INV-2506-0113,B100,THA,2025-06-24,TT_SPLIT_30_70,30,USD,21680.0,21680.0,1359.0,29463120.0,2025-07-24,0.3,Y,0,,,2025-07-19,paid,30064480.0,,601360.0
INV-2506-0114,B113,JPN,2025-06-24,OA,90,JPY,638000.0,4403.05,9.3789,5983738.0,2025-09-22,0.0,Y,0,,,2025-10-18,paid,6034523.0,,50785.0
INV-2506-0115,B130,TUR,2025-06-24,LC_SIGHT,0,USD,20040.0,20040.0,1359.0,27234360.0,2025-06-29,0.0,N,0,,0,2025-06-29,paid,27268829.0,,34469.0
INV-2506-0116,B018,NLD,2025-06-25,OA,30,EUR,18970.0,22043.12,1582.84,30026475.0,2025-07-25,0.0,Y,0,,,2025-07-25,paid,30772565.0,,746090.0
INV-2506-0117,B019,USA,2025-06-25,DA,90,USD,11880.0,11880.0,1362.17,16182580.0,2025-09-23,0.0,Y,1,QUANTITY,,2025-09-23,paid,16545679.0,,363099.0
INV-2506-0118,B022,IDN,2025-06-25,OA,90,USD,21680.0,21680.0,1362.17,29531846.0,2025-09-23,0.0,Y,0,,,2025-09-23,paid,30227990.0,,696144.0
INV-2506-0119,B027,VNM,2025-06-25,TT_ADV,0,USD,28710.0,28710.0,1362.17,39107901.0,2025-06-25,1.0,N,0,,,2025-06-07,paid,39053639.0,,-54262.0
INV-2506-0120,B040,IND,2025-06-25,TT_SPLIT_30_70,30,USD,9910.0,9910.0,1362.17,13499105.0,2025-07-25,0.3,N,0,,,2025-07-25,paid,13637428.0,,138323.0
INV-2506-0121,B078,VNM,2025-06-25,TT_SPLIT_30_70,30,USD,9030.0,9030.0,1362.17,12300395.0,2025-07-25,0.3,N,0,,,2025-07-25,paid,12419040.0,,118645.0
INV-2506-0122,B087,TWN,2025-06-25,TT_SPLIT_30_70,30,USD,37270.0,37270.0,1362.17,50768076.0,2025-07-25,0.3,Y,0,,,2025-07-24,paid,51113382.0,,345306.0
INV-2506-0123,B087,TWN,2025-06-26,TT_SPLIT_30_70,30,USD,6000.0,6000.0,1355.64,8133840.0,2025-07-26,0.3,Y,0,,,2025-07-24,paid,8228610.0,,94770.0
INV-2506-0124,B132,IDN,2025-06-26,OA,60,USD,142350.0,142350.0,1355.64,192975354.0,2025-08-25,0.0,Y,1,QUANTITY,,2025-08-22,paid,196686418.0,,3711064.0
INV-2506-0125,B150,GBR,2025-06-26,OA,30,USD,5260.0,5260.0,1355.64,7130666.0,2025-07-26,0.0,Y,0,,,2025-09-16,paid,7266637.0,,135971.0
INV-2506-0126,B046,USA,2025-06-27,OA,30,USD,39860.0,39860.0,1360.72,54238299.0,2025-07-27,0.0,N,1,QUALITY,,2025-07-22,paid,55069779.0,,831480.0
INV-2506-0127,B095,EGY,2025-06-27,OA,30,USD,21770.0,21770.0,1360.72,29622874.0,2025-07-27,0.0,Y,1,QUALITY,,2025-08-04,paid,30226957.0,,604083.0
INV-2506-0128,B132,IDN,2025-06-27,TT_SPLIT_30_70,30,USD,6100.0,6100.0,1360.72,8300392.0,2025-07-27,0.3,Y,0,,,2025-07-21,paid,8379234.0,,78842.0
INV-2506-0129,B009,CHN,2025-06-28,DA,90,CNY,38600.0,5381.85,189.72,7323192.0,2025-09-26,0.0,Y,0,,,2025-09-16,paid,7495734.0,,172542.0
INV-2506-0130,B061,IND,2025-06-28,DA,60,USD,6300.0,6300.0,1360.72,8572536.0,2025-08-27,0.0,N,1,QUANTITY,,2025-08-27,paid,8785602.0,,213066.0
INV-2506-0131,B063,CHN,2025-06-28,TT_ADV,0,CNY,19800.0,2760.64,189.72,3756456.0,2025-06-28,1.0,N,0,,,2025-06-03,paid,3797442.0,,40986.0
INV-2506-0132,B072,DEU,2025-06-28,OA,30,EUR,12790.0,14995.01,1595.31,20404015.0,2025-07-28,0.0,N,0,,,2025-07-28,paid,20611980.0,,207965.0
INV-2506-0133,B139,DEU,2025-06-28,DA,90,EUR,14430.0,16917.75,1595.31,23020323.0,2025-09-26,0.0,Y,0,,,2025-09-14,paid,23564190.0,,543867.0
INV-2506-0134,B140,USA,2025-06-28,OA,60,USD,21810.0,21810.0,1360.72,29677303.0,2025-08-27,0.0,Y,0,,,2025-08-16,paid,30139738.0,,462436.0
INV-2506-0135,B047,MEX,2025-06-29,OA,90,USD,41330.0,41330.0,1360.72,56238558.0,2025-09-27,0.0,Y,1,PRICE,,2025-09-28,paid,58277366.0,,2038808.0
INV-2506-0136,B086,DEU,2025-06-29,OA,90,EUR,18380.0,21548.74,1595.31,29321798.0,2025-09-27,0.0,N,0,,,2025-09-20,paid,30187312.0,,865514.0
INV-2506-0137,B019,USA,2025-06-30,DA,90,USD,18910.0,18910.0,1353.5,25594685.0,2025-09-28,0.0,Y,0,,,2025-09-28,paid,26509973.0,,915288.0
INV-2506-0138,B028,JPN,2025-06-30,TT_ADV,0,JPY,3969000.0,27529.93,9.3882,37261766.0,2025-06-30,1.0,N,0,,,2025-06-15,paid,37610244.0,,348478.0
INV-2506-0139,B077,VNM,2025-06-30,DP,0,USD,3040.0,3040.0,1353.5,4114640.0,2025-07-15,0.0,N,0,,,2025-07-15,paid,4211586.0,,96946.0
INV-2506-0140,B087,TWN,2025-06-30,TT_SPLIT_30_70,30,USD,14090.0,14090.0,1353.5,19070815.0,2025-07-30,0.3,Y,0,,,2025-07-30,paid,19475057.0,,404242.0
INV-2506-0141,B096,USA,2025-06-30,OA,90,USD,38720.0,38720.0,1353.5,52407520.0,2025-09-28,0.0,Y,0,,,2025-10-09,paid,54091086.0,,1683566.0
INV-2506-0142,B113,JPN,2025-06-30,OA,90,JPY,586000.0,4064.64,9.3882,5501485.0,2025-09-28,0.0,Y,0,,,2025-10-18,paid,5542681.0,,41196.0
INV-2506-0143,B116,GBR,2025-06-30,OA,60,USD,5000.0,5000.0,1353.5,6767500.0,2025-08-29,0.0,Y,0,,,2025-08-19,paid,6960200.0,,192700.0
INV-2507-0001,B009,CHN,2025-07-01,TT_ADV,0,CNY,131700.0,18381.91,189.55,24963735.0,2025-07-01,1.0,N,0,,,2025-06-06,paid,24921591.0,,-42144.0
INV-2507-0002,B075,DEU,2025-07-01,OA,60,EUR,3990.0,4698.62,1599.25,6381008.0,2025-08-30,0.0,Y,0,,,2025-08-28,paid,6449436.0,,68428.0
INV-2507-0003,B083,USA,2025-07-01,OA,60,USD,14650.0,14650.0,1358.06,19895579.0,2025-08-30,0.0,Y,0,,,2025-08-28,paid,20288052.0,,392474.0
INV-2507-0004,B082,JPN,2025-07-02,OA,60,JPY,365000.0,2538.94,9.4386,3445089.0,2025-08-31,0.0,Y,1,DOCS,,2025-08-24,paid,3434978.0,,-10110.0
INV-2507-0005,B084,POL,2025-07-02,OA,90,EUR,16010.0,18875.85,1599.79,25612638.0,2025-09-30,0.0,N,0,,,2025-09-30,paid,26389763.0,,777125.0
INV-2507-0006,B129,CHN,2025-07-02,OA,30,USD,2150.0,2150.0,1356.9,2917335.0,2025-08-01,0.0,Y,0,,,2025-07-29,paid,2989855.0,,72520.0
INV-2507-0007,B005,VNM,2025-07-03,OA,90,USD,112380.0,112380.0,1364.65,153359367.0,2025-10-01,0.0,Y,1,PRICE,,2025-09-29,paid,157305029.0,,3945662.0
INV-2507-0008,B079,JPN,2025-07-03,TT_ADV,0,JPY,4656000.0,32119.29,9.414,43831584.0,2025-07-03,1.0,N,0,,,2025-06-11,paid,44094182.0,,262598.0
INV-2507-0009,B140,USA,2025-07-03,OA,60,USD,33670.0,33670.0,1364.65,45947766.0,2025-09-01,0.0,Y,0,,,2025-08-27,paid,46875056.0,,927290.0
INV-2507-0010,B005,VNM,2025-07-04,TT_ADV,0,USD,4210.0,4210.0,1364.65,5745176.0,2025-07-04,1.0,N,0,,,2025-06-23,paid,5820788.0,,75612.0
INV-2507-0011,B077,VNM,2025-07-04,DP,0,USD,12800.0,12800.0,1364.65,17467520.0,2025-07-19,0.0,N,0,,,2025-09-15,paid,17729152.0,,261632.0
INV-2507-0012,B079,JPN,2025-07-04,OA,60,JPY,4418000.0,30477.45,9.414,41591052.0,2025-09-02,0.0,Y,0,,,2025-09-02,paid,41570729.0,,-20323.0
INV-2507-0013,B131,NGA,2025-07-04,LC_SIGHT,0,USD,14440.0,14440.0,1364.65,19705546.0,2025-07-11,0.0,N,0,,0,2025-07-11,paid,19860343.0,,154797.0
INV-2507-0014,B059,IDN,2025-07-05,OA,30,USD,4240.0,4240.0,1364.65,5786116.0,2025-08-04,0.0,Y,0,,,2025-08-01,paid,5886562.0,,100446.0
INV-2507-0015,B071,TWN,2025-07-05,OA,60,USD,9370.0,9370.0,1364.65,12786770.0,2025-09-03,0.0,Y,0,,,2025-08-16,paid,13004342.0,,217572.0
INV-2507-0016,B117,CHN,2025-07-05,OA,30,USD,2580.0,2580.0,1364.65,3520797.0,2025-08-04,0.0,Y,0,,,2025-08-04,paid,3575132.0,,54335.0
INV-2507-0017,B047,MEX,2025-07-06,TT_ADV,0,USD,46890.0,46890.0,1364.65,63988439.0,2025-07-06,1.0,N,0,,,2025-07-02,paid,63625041.0,,-363398.0
INV-2507-0018,B066,ARE,2025-07-06,DA,60,USD,2880.0,2880.0,1364.65,3930192.0,2025-09-04,0.0,Y,0,,,2025-08-31,paid,4002509.0,,72317.0
INV-2507-0019,B082,JPN,2025-07-06,OA,60,JPY,490000.0,3380.25,9.414,4612860.0,2025-09-04,0.0,Y,0,,,2025-08-27,paid,4624865.0,,12005.0
INV-2507-0020,B118,USA,2025-07-06,DA,90,USD,1590.0,1590.0,1364.65,2169794.0,2025-10-04,0.0,Y,0,,,2025-10-04,paid,2235794.0,,66000.0
INV-2507-0021,B019,USA,2025-07-07,DA,90,USD,9770.0,9770.0,1369.6,13380992.0,2025-10-05,0.0,Y,0,,,2025-09-28,paid,13776188.0,,395196.0
INV-2507-0022,B073,BRA,2025-07-07,TT_SPLIT_30_70,30,USD,8990.0,8990.0,1369.6,12312704.0,2025-08-06,0.3,N,0,,,2025-08-06,paid,12383401.0,,70697.0
INV-2507-0023,B073,BRA,2025-07-07,OA,30,USD,1080.0,1080.0,1369.6,1479168.0,2025-08-06,0.0,N,0,,,2025-08-06,paid,1495411.0,,16243.0
INV-2507-0024,B101,IND,2025-07-07,DA,60,USD,9370.0,9370.0,1369.6,12833152.0,2025-09-05,0.0,Y,0,,,2025-08-21,paid,13135616.0,,302464.0
INV-2507-0025,B123,POL,2025-07-07,OA,60,EUR,14880.0,17458.69,1606.95,23911416.0,2025-09-05,0.0,Y,0,,,2025-08-23,paid,24081792.0,,170376.0
INV-2507-0026,B132,IDN,2025-07-07,OA,60,USD,6650.0,6650.0,1369.6,9107840.0,2025-09-05,0.0,Y,0,,,2025-09-06,paid,9251239.0,,143399.0
INV-2507-0027,B050,USA,2025-07-08,OA,60,USD,17060.0,17060.0,1372.74,23418944.0,2025-09-06,0.0,Y,0,,,2025-09-06,paid,23632877.0,,213933.0
INV-2507-0028,B064,USA,2025-07-08,TT_SPLIT_30_70,30,USD,129540.0,129540.0,1372.74,177824740.0,2025-08-07,0.3,Y,0,,,2025-08-07,paid,178497700.0,,672960.0
INV-2507-0029,B066,ARE,2025-07-08,TT_ADV,0,USD,24080.0,24080.0,1372.74,33055579.0,2025-07-08,1.0,N,0,,,2025-06-11,paid,32948423.0,,-107156.0
INV-2507-0030,B087,TWN,2025-07-08,TT_SPLIT_30_70,30,USD,18580.0,18580.0,1372.74,25505509.0,2025-08-07,0.3,Y,0,,,2025-08-05,paid,25641199.0,,135690.0
INV-2507-0031,B087,TWN,2025-07-08,TT_SPLIT_30_70,30,USD,16680.0,16680.0,1372.74,22897303.0,2025-08-07,0.3,Y,0,,,2025-08-07,paid,23051260.0,,153957.0
INV-2507-0032,B132,IDN,2025-07-08,OA,60,USD,4110.0,4110.0,1372.74,5641961.0,2025-09-06,0.0,Y,1,PRICE,,2025-09-06,paid,5693501.0,,51540.0
INV-2507-0033,B035,TWN,2025-07-09,TT_ADV,0,USD,11190.0,11190.0,1375.04,15386698.0,2025-07-09,1.0,N,0,,,2025-06-26,paid,15169612.0,,-217086.0
INV-2507-0034,B064,USA,2025-07-09,TT_SPLIT_30_70,30,USD,29240.0,29240.0,1375.04,40206170.0,2025-08-08,0.3,Y,0,,,2025-08-08,paid,40415089.0,,208919.0
INV-2507-0035,B084,POL,2025-07-09,OA,90,EUR,23710.0,27757.31,1609.76,38167410.0,2025-10-07,0.0,N,0,,,2025-10-13,paid,39263727.0,,1096317.0
INV-2507-0036,B047,MEX,2025-07-10,OA,90,USD,29350.0,29350.0,1373.37,40308410.0,2025-10-08,0.0,Y,0,,,2025-10-04,paid,41270796.0,,962386.0
INV-2507-0037,B133,USA,2025-07-10,OA,90,USD,2000.0,2000.0,1373.37,2746740.0,2025-10-08,0.0,Y,0,,,2025-10-08,paid,2848340.0,,101600.0
INV-2507-0038,B142,IND,2025-07-10,OA,30,USD,4810.0,4810.0,1373.37,6605910.0,2025-08-09,0.0,Y,1,QUALITY,,2025-08-13,paid,6632509.0,,26599.0
INV-2507-0039,B014,USA,2025-07-11,OA,60,USD,5460.0,5460.0,1375.37,7509520.0,2025-09-09,0.0,N,0,,,2025-09-06,paid,7563629.0,,54109.0
INV-2507-0040,B033,VNM,2025-07-11,OA,90,USD,32580.0,32580.0,1375.37,44809555.0,2025-10-09,0.0,N,0,,,2025-10-09,paid,46383494.0,,1573939.0
INV-2507-0041,B038,DEU,2025-07-11,TT_ADV,0,EUR,4520.0,5286.58,1608.63,7271008.0,2025-07-11,1.0,N,0,,,2025-06-23,paid,7210575.0,,-60433.0
INV-2507-0042,B058,MYS,2025-07-11,OA,30,USD,13880.0,13880.0,1375.37,19090136.0,2025-08-10,0.0,N,1,QUALITY,,2025-08-12,paid,19328295.0,,238159.0
INV-2507-0043,B121,IND,2025-07-11,DA,90,USD,2620.0,2620.0,1375.37,3603469.0,2025-10-09,0.0,Y,0,,,2025-09-30,paid,3680131.0,,76662.0
INV-2507-0044,B140,USA,2025-07-11,OA,60,USD,10210.0,10210.0,1375.37,14042528.0,2025-09-09,0.0,Y,0,,,2025-09-05,paid,14143709.0,,101181.0
INV-2507-0045,B044,THA,2025-07-12,DA,90,USD,7720.0,7720.0,1375.37,10617856.0,2025-10-10,0.0,N,0,,,,default,,10472257.0,-145599.0
INV-2507-0046,B049,ARE,2025-07-12,DA,90,USD,31150.0,31150.0,1375.37,42842776.0,2025-10-10,0.0,N,0,,,2025-09-20,paid,43529944.0,,687168.0
INV-2507-0047,B058,MYS,2025-07-12,OA,30,USD,13480.0,13480.0,1375.37,18539988.0,2025-08-11,0.0,N,0,,,2025-08-12,paid,18675192.0,,135204.0
INV-2507-0048,B062,USA,2025-07-12,OA,60,USD,15570.0,15570.0,1375.37,21414511.0,2025-09-10,0.0,Y,0,,,2025-08-30,paid,21638563.0,,224052.0
INV-2507-0049,B078,VNM,2025-07-12,TT_ADV,0,USD,4390.0,4390.0,1375.37,6037874.0,2025-07-12,1.0,N,0,,,2025-07-07,paid,6012544.0,,-25330.0
INV-2507-0050,B028,JPN,2025-07-13,TT_SPLIT_30_70,30,JPY,3023000.0,20524.05,9.3378,28228169.0,2025-08-12,0.3,Y,0,,,2025-08-09,paid,28436031.0,,207862.0
INV-2507-0051,B024,USA,2025-07-14,OA,30,USD,3710.0,3710.0,1382.51,5129112.0,2025-08-13,0.0,Y,0,,,2025-08-07,paid,5142246.0,,13134.0
INV-2507-0052,B098,IND,2025-07-14,OA,30,USD,35080.0,35080.0,1382.51,48498451.0,2025-08-13,0.0,Y,0,,,2025-08-04,paid,48610707.0,,112256.0
INV-2507-0053,B106,TUR,2025-07-14,LC_SIGHT,0,USD,9740.0,9740.0,1382.51,13465647.0,2025-07-20,0.0,N,0,,0,2025-07-20,paid,13541425.0,,75778.0
INV-2507-0054,B132,IDN,2025-07-14,OA,60,USD,11720.0,11720.0,1382.51,16203017.0,2025-09-12,0.0,Y,0,,,2025-09-25,paid,16350404.0,,147387.0
INV-2507-0055,B142,IND,2025-07-14,OA,30,USD,14710.0,14710.0,1382.51,20336722.0,2025-08-13,0.0,Y,0,,,2025-11-01,paid,20476464.0,,139742.0
INV-2507-0056,B121,IND,2025-07-15,DA,90,USD,19180.0,19180.0,1385.39,26571780.0,2025-10-13,0.0,Y,0,,,2025-10-09,paid,26990714.0,,418934.0
INV-2507-0057,B132,IDN,2025-07-15,TT_ADV,0,USD,12140.0,12140.0,1385.39,16818635.0,2025-07-15,1.0,N,0,,,2025-06-26,paid,16457470.0,,-361165.0
INV-2507-0058,B017,EGY,2025-07-16,OA,90,USD,2490.0,2490.0,1390.84,3463192.0,2025-10-14,0.0,N,0,,,2025-10-13,paid,3556691.0,,93499.0
INV-2507-0059,B022,IDN,2025-07-16,OA,90,USD,12110.0,12110.0,1390.84,16843072.0,2025-10-14,0.0,Y,0,,,2025-10-11,paid,17297803.0,,454731.0
INV-2507-0060,B096,USA,2025-07-16,OA,90,USD,17340.0,17340.0,1390.84,24117166.0,2025-10-14,0.0,Y,0,,,2025-11-15,paid,24853990.0,,736824.0
INV-2507-0061,B097,SAU,2025-07-16,OA,30,USD,192050.0,192050.0,1390.84,267110822.0,2025-08-15,0.0,Y,0,,,2025-08-09,paid,266891885.0,,-218937.0
INV-2507-0062,B121,IND,2025-07-16,TT_ADV,0,USD,34720.0,34720.0,1390.84,48289965.0,2025-07-16,1.0,N,0,,,2025-07-10,paid,47683406.0,,-606559.0
INV-2507-0063,B127,VNM,2025-07-16,DP,0,USD,4770.0,4770.0,1390.84,6634307.0,2025-07-29,0.0,N,0,,,2025-07-29,paid,6633305.0,,-1002.0
INV-2507-0064,B140,USA,2025-07-16,OA,60,USD,10320.0,10320.0,1390.84,14353469.0,2025-09-14,0.0,Y,0,,,2025-09-14,paid,14386699.0,,33230.0
INV-2507-0065,B147,THA,2025-07-16,DA,60,USD,21250.0,21250.0,1390.84,29555350.0,2025-09-14,0.0,N,0,,,,default,,28825838.0,-729512.0
INV-2507-0066,B026,THA,2025-07-17,OA,60,USD,5020.0,5020.0,1391.04,6983021.0,2025-09-15,0.0,Y,1,PRICE,,2025-09-15,paid,6953152.0,,-29869.0
INV-2507-0067,B098,IND,2025-07-17,OA,30,USD,9840.0,9840.0,1391.04,13687834.0,2025-08-16,0.0,Y,1,DOCS,,2025-08-16,paid,13656641.0,,-31193.0
INV-2507-0068,B124,CHN,2025-07-17,OA,60,CNY,72400.0,10078.98,193.65,14020260.0,2025-09-15,0.0,N,0,,,2025-09-15,paid,14086868.0,,66608.0
INV-2507-0069,B014,USA,2025-07-18,LC_USANCE,90,USD,3870.0,3870.0,1390.29,5380422.0,2025-10-16,0.0,N,0,,0,2025-10-16,paid,5480191.0,,99769.0
INV-2507-0070,B086,DEU,2025-07-18,OA,90,EUR,8290.0,9653.69,1618.99,13421427.0,2025-10-16,0.0,N,0,,,2025-10-15,paid,13730147.0,,308720.0
INV-2507-0071,B108,VNM,2025-07-18,OA,90,USD,58520.0,58520.0,1390.29,81359771.0,2025-10-16,0.0,Y,0,,,2025-10-16,paid,82868416.0,,1508645.0
INV-2507-0072,B137,ARE,2025-07-18,TT_ADV,0,USD,7280.0,7280.0,1390.29,10121311.0,2025-07-18,1.0,N,0,,,2025-06-22,paid,9991436.0,,-129875.0
INV-2507-0073,B147,THA,2025-07-18,DA,60,USD,9290.0,9290.0,1390.29,12915794.0,2025-09-16,0.0,N,0,,,,default,,12601978.0,-313816.0
INV-2507-0074,B001,NLD,2025-07-19,OA,90,EUR,8400.0,9781.78,1618.99,13599516.0,2025-10-17,0.0,N,0,,,2025-10-15,paid,13912332.0,,312816.0
INV-2507-0075,B045,ARE,2025-07-19,OA,60,USD,14830.0,14830.0,1390.29,20618001.0,2025-09-17,0.0,Y,0,,,2025-08-29,paid,20610141.0,,-7860.0
INV-2507-0076,B077,VNM,2025-07-19,DP,0,USD,28200.0,28200.0,1390.29,39206178.0,2025-07-29,0.0,N,0,,,2025-07-29,paid,39215766.0,,9588.0
INV-2507-0077,B083,USA,2025-07-19,OA,60,USD,15310.0,15310.0,1390.29,21285340.0,2025-09-17,0.0,Y,0,,,2025-09-20,paid,21394653.0,,109313.0
INV-2507-0078,B086,DEU,2025-07-19,OA,90,EUR,2460.0,2864.67,1618.99,3982715.0,2025-10-17,0.0,N,0,,,2025-10-15,paid,4074326.0,,91611.0
INV-2507-0079,B127,VNM,2025-07-19,DP,0,USD,9270.0,9270.0,1390.29,12887988.0,2025-08-01,0.0,N,0,,,2025-08-01,paid,12869912.0,,-18076.0
INV-2507-0080,B005,VNM,2025-07-20,OA,90,USD,9780.0,9780.0,1390.29,13597036.0,2025-10-18,0.0,Y,0,,,2025-10-18,paid,13906084.0,,309048.0
INV-2507-0081,B020,SAU,2025-07-20,TT_SPLIT_30_70,30,USD,13010.0,13010.0,1390.29,18087673.0,2025-08-19,0.3,Y,0,,,2025-08-16,paid,17996004.0,,-91669.0
INV-2507-0082,B028,JPN,2025-07-20,OA,90,JPY,5281000.0,35550.43,9.3591,49425407.0,2025-10-18,0.0,Y,0,,,2025-10-18,paid,49950339.0,,524932.0
INV-2507-0083,B028,JPN,2025-07-20,OA,90,JPY,12355000.0,83170.91,9.3591,115631680.0,2025-10-18,0.0,Y,0,,,2025-10-18,paid,116859768.0,,1228088.0
INV-2507-0084,B066,ARE,2025-07-20,DA,60,USD,15020.0,15020.0,1390.29,20882156.0,2025-09-18,0.0,Y,0,,,2025-09-12,paid,20938781.0,,56625.0
INV-2507-0085,B066,ARE,2025-07-20,DA,60,USD,33850.0,33850.0,1390.29,47061316.0,2025-09-18,0.0,Y,0,,,2025-09-18,paid,46941384.0,,-119932.0
INV-2507-0086,B095,EGY,2025-07-20,OA,30,USD,5730.0,5730.0,1390.29,7966362.0,2025-08-19,0.0,Y,1,PRICE,,2025-08-04,paid,7940118.0,,-26244.0
INV-2507-0087,B101,IND,2025-07-20,DA,60,USD,96850.0,96850.0,1390.29,134649586.0,2025-09-18,0.0,Y,0,,,2025-10-29,paid,136518231.0,,1868645.0
INV-2507-0088,B144,TUR,2025-07-20,OA,60,USD,10200.0,10200.0,1390.29,14180958.0,2025-09-18,0.0,N,0,,,2025-09-18,paid,14162802.0,,-18156.0
INV-2507-0089,B037,SAU,2025-07-21,DA,90,USD,3410.0,3410.0,1381.22,4709960.0,2025-10-19,0.0,Y,0,,,2025-10-19,paid,4848645.0,,138685.0
INV-2507-0090,B040,IND,2025-07-21,LC_USANCE,90,USD,31540.0,31540.0,1381.22,43563679.0,2025-10-19,0.0,N,0,,0,2025-10-19,paid,44846411.0,,1282732.0
INV-2507-0091,B062,USA,2025-07-21,OA,60,USD,11960.0,11960.0,1381.22,16519391.0,2025-09-19,0.0,Y,0,,,2025-09-13,paid,16672958.0,,153567.0
INV-2507-0092,B086,DEU,2025-07-21,OA,90,EUR,12400.0,14514.22,1616.72,20047328.0,2025-10-19,0.0,N,0,,,2025-10-16,paid,20482940.0,,435612.0
INV-2507-0093,B049,ARE,2025-07-22,DA,90,USD,37980.0,37980.0,1381.58,52472408.0,2025-10-20,0.0,N,1,DOCS,,2025-10-21,paid,54047354.0,,1574946.0
INV-2507-0094,B058,MYS,2025-07-22,OA,30,USD,5980.0,5980.0,1381.58,8261848.0,2025-08-21,0.0,N,0,,,2025-08-21,paid,8383242.0,,121394.0
INV-2507-0095,B061,IND,2025-07-22,DA,60,USD,14670.0,14670.0,1381.58,20267779.0,2025-09-20,0.0,N,0,,,2025-09-19,paid,20500298.0,,232519.0
INV-2507-0096,B084,POL,2025-07-22,OA,90,EUR,7520.0,8835.26,1623.22,12206614.0,2025-10-20,0.0,N,0,,,2025-10-18,paid,12482523.0,,275909.0
INV-2507-0097,B049,ARE,2025-07-23,DA,90,USD,32920.0,32920.0,1375.38,45277510.0,2025-10-21,0.0,N,0,,,2025-10-21,paid,47094694.0,,1817184.0
INV-2507-0098,B066,ARE,2025-07-23,DA,60,USD,17450.0,17450.0,1375.38,24000381.0,2025-09-21,0.0,Y,0,,,2025-09-18,paid,24229500.0,,229118.0
INV-2507-0099,B081,JPN,2025-07-23,LC_USANCE,60,JPY,3844000.0,26230.08,9.3851,36076324.0,2025-09-21,0.0,N,0,,0,2025-09-21,paid,36337332.0,,261008.0
INV-2507-0100,B087,TWN,2025-07-23,TT_SPLIT_30_70,30,USD,6200.0,6200.0,1375.38,8527356.0,2025-08-22,0.3,Y,0,,,2025-08-13,paid,8542614.0,,15258.0
INV-2507-0101,B098,IND,2025-07-23,OA,30,USD,9050.0,9050.0,1375.38,12447189.0,2025-08-22,0.0,Y,1,QUANTITY,,2025-08-20,paid,12649185.0,,201996.0
INV-2507-0102,B108,VNM,2025-07-23,OA,90,USD,6880.0,6880.0,1375.38,9462614.0,2025-10-21,0.0,Y,0,,,2025-12-03,paid,10085667.0,,623053.0
INV-2507-0103,B111,TWN,2025-07-23,DA,90,USD,13000.0,13000.0,1375.38,17879940.0,2025-10-21,0.0,N,1,QUANTITY,,2025-10-29,paid,18470790.0,,590850.0
INV-2507-0104,B140,USA,2025-07-23,OA,60,USD,12950.0,12950.0,1375.38,17811171.0,2025-09-21,0.0,Y,0,,,2025-09-21,paid,18096718.0,,285548.0
INV-2507-0105,B137,ARE,2025-07-24,OA,90,USD,5880.0,5880.0,1371.0,8061480.0,2025-10-22,0.0,N,0,,,2025-11-20,paid,8659182.0,,597702.0
INV-2507-0106,B018,NLD,2025-07-25,OA,30,EUR,10340.0,12128.86,1622.17,16773238.0,2025-08-24,0.0,Y,0,,,2025-08-20,paid,16835381.0,,62143.0
INV-2507-0107,B018,NLD,2025-07-25,OA,30,EUR,25190.0,29547.96,1622.17,40862462.0,2025-08-24,0.0,Y,0,,,2025-08-22,paid,40767496.0,,-94966.0
INV-2507-0108,B053,DEU,2025-07-25,OA,60,EUR,13280.0,15577.49,1622.17,21542418.0,2025-09-23,0.0,N,0,,,2025-09-21,paid,21811072.0,,268654.0
INV-2507-0109,B084,POL,2025-07-25,OA,90,EUR,7920.0,9290.19,1622.17,12847586.0,2025-10-23,0.0,N,1,QUANTITY,,2025-10-29,paid,13125499.0,,277913.0
INV-2507-0110,B086,DEU,2025-07-25,OA,90,EUR,15600.0,18298.85,1622.17,25305852.0,2025-10-23,0.0,N,1,QUALITY,,2025-10-22,paid,25903020.0,,597168.0
INV-2507-0111,B101,IND,2025-07-25,DA,60,USD,26610.0,26610.0,1382.92,36799501.0,2025-09-23,0.0,Y,0,,,2025-10-29,paid,37808286.0,,1008785.0
INV-2507-0112,B135,TUR,2025-07-25,OA,30,USD,10100.0,10100.0,1382.92,13967492.0,2025-08-24,0.0,Y,0,,,2025-08-06,paid,13984864.0,,17372.0
INV-2507-0113,B028,JPN,2025-07-26,OA,90,JPY,3949000.0,26723.97,9.3586,36957111.0,2025-10-24,0.0,Y,0,,,2025-10-19,paid,37351616.0,,394506.0
INV-2507-0114,B049,ARE,2025-07-26,DA,90,USD,28880.0,28880.0,1382.92,39938730.0,2025-10-24,0.0,N,0,,,2025-10-25,paid,41539548.0,,1600818.0
INV-2507-0115,B115,CHN,2025-07-26,DA,60,CNY,24800.0,3459.83,192.93,4784664.0,2025-09-24,0.0,Y,0,,,2025-09-24,paid,4884856.0,,100192.0
INV-2507-0116,B143,MYS,2025-07-26,OA,30,USD,22140.0,22140.0,1382.92,30617849.0,2025-08-25,0.0,Y,0,,,2025-08-18,paid,30715708.0,,97859.0
INV-2507-0117,B148,ARE,2025-07-26,OA,60,USD,12180.0,12180.0,1382.92,16843966.0,2025-09-24,0.0,N,0,,,2025-09-25,paid,17157601.0,,313635.0
INV-2507-0118,B062,USA,2025-07-27,OA,60,USD,99400.0,99400.0,1382.92,137462248.0,2025-09-25,0.0,Y,0,,,2025-09-25,paid,139467992.0,,2005744.0
INV-2507-0119,B064,USA,2025-07-27,TT_SPLIT_30_70,30,USD,29120.0,29120.0,1382.92,40270630.0,2025-08-26,0.3,Y,0,,,2025-08-26,paid,40211687.0,,-58943.0
INV-2507-0120,B066,ARE,2025-07-27,DA,60,USD,5030.0,5030.0,1382.92,6956088.0,2025-09-25,0.0,Y,0,,,2025-09-25,paid,7085610.0,,129522.0
INV-2507-0121,B086,DEU,2025-07-27,OA,90,EUR,13130.0,15401.54,1622.17,21299092.0,2025-10-25,0.0,N,0,,,2025-10-22,paid,21801708.0,,502616.0
INV-2507-0122,B089,NGA,2025-07-27,LC_SIGHT,0,USD,24980.0,24980.0,1382.92,34545342.0,2025-08-03,0.0,N,0,,0,2025-08-03,paid,34680733.0,,135391.0
INV-2507-0123,B137,ARE,2025-07-27,TT_ADV,0,USD,19140.0,19140.0,1382.92,26469089.0,2025-07-27,1.0,N,0,,,2025-07-01,paid,25993268.0,,-475821.0
INV-2507-0124,B140,USA,2025-07-27,OA,60,USD,7880.0,7880.0,1382.92,10897410.0,2025-09-25,0.0,Y,0,,,2025-09-25,paid,11100320.0,,202910.0
INV-2507-0125,B062,USA,2025-07-28,OA,60,USD,5630.0,5630.0,1388.21,7815622.0,2025-09-26,0.0,Y,0,,,2025-09-25,paid,7930812.0,,115190.0
INV-2507-0126,B100,THA,2025-07-28,TT_SPLIT_30_70,30,USD,25220.0,25220.0,1388.21,35010656.0,2025-08-27,0.3,Y,0,,,2025-08-27,paid,35138143.0,,127487.0
INV-2507-0127,B018,NLD,2025-07-29,OA,30,EUR,3760.0,4336.78,1603.95,6030852.0,2025-08-28,0.0,Y,0,,,2025-08-26,paid,6107857.0,,77005.0
INV-2507-0128,B030,TUR,2025-07-29,OA,60,USD,1080.0,1080.0,1390.63,1501880.0,2025-09-27,0.0,N,0,,,2025-09-27,paid,1522854.0,,20974.0
INV-2507-0129,B035,TWN,2025-07-29,OA,30,USD,20290.0,20290.0,1390.63,28215883.0,2025-08-28,0.0,N,1,QUALITY,,2025-08-17,paid,28159882.0,,-56001.0
INV-2507-0130,B064,USA,2025-07-29,TT_SPLIT_30_70,30,USD,13960.0,13960.0,1390.63,19413195.0,2025-08-28,0.3,Y,0,,,2025-08-26,paid,19300175.0,,-113020.0
INV-2507-0131,B077,VNM,2025-07-29,DP,0,USD,34810.0,34810.0,1390.63,48407830.0,2025-08-12,0.0,N,0,,,2025-08-12,paid,48225774.0,,-182056.0
INV-2507-0132,B087,TWN,2025-07-29,TT_SPLIT_30_70,30,USD,11980.0,11980.0,1390.63,16659747.0,2025-08-28,0.3,Y,0,,,2025-08-26,paid,16629138.0,,-30608.0
INV-2507-0133,B022,IDN,2025-07-30,OA,90,USD,4800.0,4800.0,1391.58,6679584.0,2025-10-28,0.0,Y,0,,,2025-10-11,paid,6856272.0,,176688.0
INV-2507-0134,B027,VNM,2025-07-30,TT_ADV,0,USD,35360.0,35360.0,1391.58,49206269.0,2025-07-30,1.0,N,0,,,2025-07-23,paid,48633437.0,,-572832.0
INV-2507-0135,B030,TUR,2025-07-31,OA,60,USD,28440.0,28440.0,1396.19,39707644.0,2025-09-29,0.0,N,0,,,2025-09-30,paid,39947677.0,,240033.0
INV-2507-0136,B040,IND,2025-07-31,LC_USANCE,90,USD,8930.0,8930.0,1396.19,12467977.0,2025-10-29,0.0,N,0,,0,2025-10-29,paid,12688012.0,,220035.0
INV-2507-0137,B073,BRA,2025-07-31,OA,30,USD,6490.0,6490.0,1396.19,9061273.0,2025-08-30,0.0,N,0,,,2025-08-30,paid,9019542.0,,-41731.0
INV-2507-0138,B127,VNM,2025-07-31,DP,0,USD,18550.0,18550.0,1396.19,25899324.0,2025-08-14,0.0,N,0,,,2025-08-14,paid,25795444.0,,-103880.0
INV-2507-0139,B129,CHN,2025-07-31,OA,30,USD,4710.0,4710.0,1396.19,6576055.0,2025-08-30,0.0,Y,1,QUANTITY,,2025-08-30,paid,6545770.0,,-30285.0
INV-2507-0140,B132,IDN,2025-07-31,TT_ADV,0,USD,4130.0,4130.0,1396.19,5766265.0,2025-07-31,1.0,N,0,,,2025-07-16,paid,5744169.0,,-22096.0
INV-2507-0141,B138,CHN,2025-07-31,OA,90,CNY,26000.0,3611.01,193.91,5041660.0,2025-10-29,0.0,Y,0,,,2025-10-19,paid,5187520.0,,145860.0
INV-2508-0001,B026,THA,2025-08-01,OA,60,USD,20710.0,20710.0,1388.34,28752521.0,2025-09-30,0.0,Y,1,PRICE,,2025-10-04,paid,29121574.0,,369053.0
INV-2508-0002,B086,DEU,2025-08-01,OA,90,EUR,47450.0,54828.58,1604.23,76120714.0,2025-10-30,0.0,N,0,,,2025-10-25,paid,79075312.0,,2954598.0
INV-2508-0003,B110,USA,2025-08-01,OA,90,USD,13740.0,13740.0,1388.34,19075792.0,2025-10-30,0.0,Y,0,,,2026-01-05,paid,19688582.0,,612790.0
INV-2508-0004,B018,NLD,2025-08-02,OA,30,EUR,4830.0,5581.08,1604.23,7748431.0,2025-09-01,0.0,Y,0,,,2025-09-01,paid,7850296.0,,101865.0
INV-2508-0005,B047,MEX,2025-08-02,OA,90,USD,16570.0,16570.0,1388.34,23004794.0,2025-10-31,0.0,Y,0,,,2025-10-21,paid,23704711.0,,699917.0
INV-2508-0006,B050,USA,2025-08-02,OA,60,USD,37900.0,37900.0,1388.34,52618086.0,2025-10-01,0.0,Y,0,,,2025-09-20,paid,52962597.0,,344511.0
INV-2508-0007,B062,USA,2025-08-02,OA,60,USD,3640.0,3640.0,1388.34,5053558.0,2025-10-01,0.0,Y,0,,,2025-09-25,paid,5127559.0,,74001.0
INV-2508-0008,B087,TWN,2025-08-02,TT_SPLIT_30_70,30,USD,7780.0,7780.0,1388.34,10801285.0,2025-09-01,0.3,Y,0,,,2025-08-26,paid,10799224.0,,-2062.0
INV-2508-0009,B140,USA,2025-08-02,OA,60,USD,44710.0,44710.0,1388.34,62072681.0,2025-10-01,0.0,Y,0,,,2025-10-01,paid,62703540.0,,630858.0
INV-2508-0010,B148,ARE,2025-08-02,OA,60,USD,4790.0,4790.0,1388.34,6650149.0,2025-10-01,0.0,N,1,QUANTITY,,2025-09-26,paid,6754140.0,,103990.0
INV-2508-0011,B037,SAU,2025-08-03,DA,90,USD,20730.0,20730.0,1388.34,28780288.0,2025-11-01,0.0,Y,0,,,2025-11-01,paid,29610110.0,,829822.0
INV-2508-0012,B046,USA,2025-08-03,OA,30,USD,55400.0,55400.0,1388.34,76914036.0,2025-09-02,0.0,N,0,,,2025-08-20,paid,77432580.0,,518544.0
INV-2508-0013,B058,MYS,2025-08-03,OA,30,USD,92750.0,92750.0,1388.34,128768535.0,2025-09-02,0.0,N,0,,,2025-09-01,paid,128900240.0,,131705.0
INV-2508-0014,B062,USA,2025-08-03,OA,60,USD,29320.0,29320.0,1388.34,40706129.0,2025-10-02,0.0,Y,0,,,2025-09-25,paid,41302204.0,,596075.0
INV-2508-0015,B075,DEU,2025-08-03,OA,60,EUR,800.0,924.4,1604.23,1283384.0,2025-10-02,0.0,Y,1,QUALITY,,2025-09-25,paid,1315472.0,,32088.0
INV-2508-0016,B087,TWN,2025-08-03,TT_SPLIT_30_70,30,USD,14180.0,14180.0,1388.34,19686661.0,2025-09-02,0.3,Y,0,,,2025-08-28,paid,19635687.0,,-50974.0
INV-2508-0017,B090,USA,2025-08-03,TT_ADV,0,USD,15520.0,15520.0,1388.34,21547037.0,2025-08-03,1.0,N,0,,,2025-07-31,paid,21668869.0,,121832.0
INV-2508-0018,B136,DEU,2025-08-03,DA,90,EUR,12790.0,14778.87,1604.23,20518102.0,2025-11-01,0.0,Y,0,,,2025-11-01,paid,21084059.0,,565957.0
INV-2508-0019,B024,USA,2025-08-04,OA,30,USD,8660.0,8660.0,1385.71,12000249.0,2025-09-03,0.0,Y,0,,,2025-10-02,paid,12182195.0,,181946.0
INV-2508-0020,B047,MEX,2025-08-04,OA,90,USD,24700.0,24700.0,1385.71,34227037.0,2025-11-02,0.0,Y,0,,,2025-10-31,paid,35298706.0,,1071669.0
INV-2508-0021,B087,TWN,2025-08-04,TT_SPLIT_30_70,30,USD,24440.0,24440.0,1385.71,33866752.0,2025-09-03,0.3,Y,0,,,2025-09-02,paid,34055160.0,,188408.0
INV-2508-0022,B101,IND,2025-08-04,TT_ADV,0,USD,34710.0,34710.0,1385.71,48097994.0,2025-08-04,1.0,N,0,,,2025-07-17,paid,48282998.0,,185004.0
INV-2508-0023,B101,IND,2025-08-04,DA,60,USD,3610.0,3610.0,1385.71,5002413.0,2025-10-03,0.0,Y,0,,,2025-10-29,paid,5129196.0,,126783.0
INV-2508-0024,B104,MEX,2025-08-04,OA,60,USD,12680.0,12680.0,1385.71,17570803.0,2025-10-03,0.0,Y,0,,,2025-10-03,paid,17830109.0,,259306.0
INV-2508-0025,B132,IDN,2025-08-04,OA,60,USD,24320.0,24320.0,1385.71,33700467.0,2025-10-03,0.0,Y,1,QUALITY,,2025-10-02,paid,34211430.0,,510963.0
INV-2508-0026,B001,NLD,2025-08-05,OA,90,EUR,10530.0,12193.75,1605.73,16908337.0,2025-11-03,0.0,N,1,PRICE,,2025-11-03,paid,17371130.0,,462793.0
INV-2508-0027,B058,MYS,2025-08-06,OA,30,USD,34210.0,34210.0,1384.64,47368534.0,2025-09-05,0.0,N,0,,,2025-09-05,paid,47390429.0,,21895.0
INV-2508-0028,B062,USA,2025-08-06,OA,60,USD,6830.0,6830.0,1384.64,9457091.0,2025-10-05,0.0,Y,0,,,2025-09-26,paid,9628986.0,,171894.0
INV-2508-0029,B106,TUR,2025-08-06,LC_SIGHT,0,USD,4250.0,4250.0,1384.64,5884720.0,2025-08-11,0.0,N,0,,0,2025-08-11,paid,5919145.0,,34425.0
INV-2508-0030,B146,BRA,2025-08-06,OA,60,USD,12400.0,12400.0,1384.64,17169536.0,2025-10-05,0.0,N,1,PRICE,,2025-10-15,paid,17673933.0,,504397.0
INV-2508-0031,B004,EGY,2025-08-07,LC_SIGHT,0,USD,34030.0,34030.0,1386.05,47167282.0,2025-08-16,0.0,N,0,,0,2025-08-16,paid,47229216.0,,61934.0
INV-2508-0032,B041,TUR,2025-08-07,OA,30,USD,16110.0,16110.0,1386.05,22329266.0,2025-09-06,0.0,Y,0,,,2025-08-24,paid,22259348.0,,-69918.0
INV-2508-0033,B050,USA,2025-08-07,OA,60,USD,4700.0,4700.0,1386.05,6514435.0,2025-10-06,0.0,Y,0,,,2025-10-05,paid,6608952.0,,94517.0
INV-2508-0034,B053,DEU,2025-08-07,TT_ADV,0,EUR,19400.0,22583.53,1613.5,31301900.0,2025-08-07,1.0,N,0,,,2025-07-18,paid,31408406.0,,106506.0
INV-2508-0035,B101,IND,2025-08-07,DA,60,USD,10600.0,10600.0,1386.05,14692130.0,2025-10-06,0.0,Y,1,QUALITY,,2025-10-29,paid,15060798.0,,368668.0
INV-2508-0036,B120,JPN,2025-08-07,OA,60,JPY,114000.0,773.67,9.4065,1072341.0,2025-10-06,0.0,N,0,,,2025-09-29,paid,1074062.0,,1721.0
INV-2508-0037,B129,CHN,2025-08-07,TT_SPLIT_30_70,30,USD,2790.0,2790.0,1386.05,3867080.0,2025-09-06,0.3,Y,0,,,2025-09-06,paid,3869125.0,,2045.0
INV-2508-0038,B148,ARE,2025-08-07,OA,60,USD,11520.0,11520.0,1386.05,15967296.0,2025-10-06,0.0,N,1,QUANTITY,,2025-10-06,paid,16248614.0,,281318.0
INV-2508-0039,B084,POL,2025-08-08,OA,90,EUR,6150.0,7170.9,1620.39,9965398.0,2025-11-06,0.0,N,0,,,2025-11-13,paid,10497742.0,,532344.0
INV-2508-0040,B112,MEX,2025-08-08,TT_SPLIT_30_70,30,USD,14410.0,14410.0,1389.7,20025577.0,2025-09-07,0.3,N,0,,,2025-08-31,paid,19964234.0,,-61343.0
INV-2508-0041,B137,ARE,2025-08-08,TT_ADV,0,USD,11640.0,11640.0,1389.7,16176108.0,2025-08-08,1.0,N,0,,,2025-08-04,paid,16129664.0,,-46444.0
INV-2508-0042,B035,TWN,2025-08-09,TT_ADV,0,USD,3950.0,3950.0,1389.7,5489315.0,2025-08-09,1.0,N,0,,,2025-07-21,paid,5455819.0,,-33496.0
INV-2508-0043,B066,ARE,2025-08-09,DA,60,USD,29160.0,29160.0,1389.7,40523652.0,2025-10-08,0.0,Y,0,,,2025-10-08,paid,41528797.0,,1005145.0
INV-2508-0044,B061,IND,2025-08-10,DA,60,USD,9960.0,9960.0,1389.7,13841412.0,2025-10-09,0.0,N,1,QUANTITY,,2025-10-06,paid,14048281.0,,206869.0
INV-2508-0045,B098,IND,2025-08-10,TT_ADV,0,USD,6370.0,6370.0,1389.7,8852389.0,2025-08-10,1.0,N,0,,,2025-08-04,paid,8826973.0,,-25416.0
INV-2508-0046,B113,JPN,2025-08-10,TT_SPLIT_30_70,30,JPY,636000.0,4306.01,9.4089,5984060.0,2025-09-09,0.3,Y,0,,,2025-09-17,paid,5979386.0,,-4674.0
INV-2508-0047,B143,MYS,2025-08-10,OA,30,USD,7860.0,7860.0,1389.7,10923042.0,2025-09-09,0.0,Y,0,,,2025-09-14,paid,10957312.0,,34270.0
INV-2508-0048,B087,TWN,2025-08-11,TT_SPLIT_30_70,30,USD,48750.0,48750.0,1392.74,67896075.0,2025-09-10,0.3,Y,0,,,2025-09-10,paid,67555556.0,,-340519.0
INV-2508-0049,B121,IND,2025-08-11,DA,90,USD,4910.0,4910.0,1392.74,6838353.0,2025-11-09,0.0,Y,1,PRICE,,2025-11-09,paid,7173854.0,,335501.0
INV-2508-0050,B143,MYS,2025-08-11,OA,30,USD,5080.0,5080.0,1392.74,7075119.0,2025-09-10,0.0,Y,0,,,2025-09-16,paid,7017969.0,,-57150.0
INV-2508-0051,B033,VNM,2025-08-12,LC_SIGHT,0,USD,41750.0,41750.0,1385.4,57840450.0,2025-08-18,0.0,N,0,,0,2025-08-18,paid,57921445.0,,80995.0
INV-2508-0052,B086,DEU,2025-08-12,OA,90,EUR,20120.0,23486.11,1617.18,32537662.0,2025-11-10,0.0,N,0,,,2025-11-09,paid,34035596.0,,1497934.0
INV-2508-0053,B127,VNM,2025-08-12,OA,30,USD,7090.0,7090.0,1385.4,9822486.0,2025-09-11,0.0,N,0,,,2025-09-15,paid,9820288.0,,-2198.0
INV-2508-0054,B140,USA,2025-08-12,OA,60,USD,3030.0,3030.0,1385.4,4197762.0,2025-10-11,0.0,Y,0,,,2025-10-04,paid,4260665.0,,62903.0
INV-2508-0055,B049,ARE,2025-08-13,DA,90,USD,8380.0,8380.0,1378.9,11555182.0,2025-11-11,0.0,N,0,,,2025-11-04,paid,12069044.0,,513862.0
INV-2508-0056,B066,ARE,2025-08-13,TT_ADV,0,USD,3700.0,3700.0,1378.9,5101930.0,2025-08-13,1.0,N,0,,,2025-07-22,paid,5111846.0,,9916.0
INV-2508-0057,B079,JPN,2025-08-13,OA,60,JPY,20831000.0,141466.19,9.3643,195067733.0,2025-10-12,0.0,Y,1,PRICE,,2025-10-12,paid,195832231.0,,764498.0
INV-2508-0058,B098,IND,2025-08-13,OA,30,USD,10180.0,10180.0,1378.9,14037202.0,2025-09-12,0.0,Y,1,PRICE,,2025-09-08,paid,14112432.0,,75230.0
INV-2508-0059,B124,CHN,2025-08-13,OA,60,CNY,34300.0,4780.96,192.2,6592460.0,2025-10-12,0.0,N,0,,,2025-10-09,paid,6851082.0,,258622.0
INV-2508-0060,B048,CHN,2025-08-14,OA,30,USD,17080.0,17080.0,1390.59,23751277.0,2025-09-13,0.0,Y,0,,,2025-10-11,paid,24211833.0,,460556.0
INV-2508-0061,B053,DEU,2025-08-14,OA,60,EUR,9370.0,10910.41,1619.2,15171904.0,2025-10-13,0.0,N,0,,,2025-10-09,paid,15419553.0,,247649.0
INV-2508-0062,B062,USA,2025-08-14,OA,60,USD,21050.0,21050.0,1390.59,29271920.0,2025-10-13,0.0,Y,0,,,2025-10-13,paid,30067610.0,,795690.0
INV-2508-0063,B073,BRA,2025-08-14,OA,30,USD,17850.0,17850.0,1390.59,24822032.0,2025-09-13,0.0,N,0,,,2025-09-06,paid,24727248.0,,-94784.0
INV-2508-0064,B132,IDN,2025-08-14,OA,60,USD,28590.0,28590.0,1390.59,39756968.0,2025-10-13,0.0,Y,0,,,2025-10-11,paid,40837670.0,,1080702.0
INV-2508-0065,B133,USA,2025-08-14,OA,90,USD,60540.0,60540.0,1390.59,84186319.0,2025-11-12,0.0,Y,0,,,2025-11-12,paid,88909044.0,,4722725.0
INV-2508-0066,B142,IND,2025-08-14,OA,30,USD,2670.0,2670.0,1390.59,3712875.0,2025-09-13,0.0,Y,0,,,2025-11-19,paid,3875874.0,,162998.0
INV-2508-0067,B029,CHN,2025-08-15,OA,60,USD,24510.0,24510.0,1387.87,34016694.0,2025-10-14,0.0,Y,0,,,2025-10-11,paid,34857800.0,,841106.0
INV-2508-0068,B040,IND,2025-08-15,LC_USANCE,90,USD,9860.0,9860.0,1387.87,13684398.0,2025-11-13,0.0,N,0,,0,2025-11-13,paid,14448055.0,,763657.0
INV-2508-0069,B049,ARE,2025-08-15,TT_ADV,0,USD,22250.0,22250.0,1387.87,30880107.0,2025-08-15,1.0,N,0,,,2025-07-19,paid,30933952.0,,53846.0
INV-2508-0070,B064,USA,2025-08-15,TT_SPLIT_30_70,30,USD,5790.0,5790.0,1387.87,8035767.0,2025-09-14,0.3,Y,0,,,2025-09-04,paid,8055256.0,,19489.0
INV-2508-0071,B086,DEU,2025-08-15,OA,90,EUR,8650.0,10127.43,1624.92,14055558.0,2025-11-13,0.0,N,1,PRICE,,2025-11-09,paid,14632600.0,,577042.0
INV-2508-0072,B105,JPN,2025-08-15,OA,60,JPY,1987000.0,13517.02,9.4413,18759863.0,2025-10-14,0.0,Y,0,,,2025-10-14,paid,18720719.0,,-39144.0
INV-2508-0073,B113,JPN,2025-08-15,OA,90,JPY,2335000.0,15884.37,9.4413,22045436.0,2025-11-13,0.0,Y,0,,,2025-11-13,paid,22160084.0,,114648.0
INV-2508-0074,B050,USA,2025-08-16,OA,60,USD,5180.0,5180.0,1387.87,7189167.0,2025-10-15,0.0,Y,1,QUANTITY,,2025-10-20,paid,7357620.0,,168453.0
INV-2508-0075,B079,JPN,2025-08-16,OA,60,JPY,1876000.0,12761.91,9.4413,17711879.0,2025-10-15,0.0,Y,0,,,2025-10-12,paid,17636276.0,,-75603.0
INV-2508-0076,B083,USA,2025-08-16,OA,60,USD,34200.0,34200.0,1387.87,47465154.0,2025-10-15,0.0,Y,0,,,2025-10-13,paid,48850938.0,,1385784.0
INV-2508-0077,B098,IND,2025-08-16,OA,30,USD,12060.0,12060.0,1387.87,16737712.0,2025-09-15,0.0,Y,0,,,2025-09-12,paid,16797756.0,,60044.0
INV-2508-0078,B145,GBR,2025-08-16,TT_ADV,0,USD,4790.0,4790.0,1387.87,6647897.0,2025-08-16,1.0,N,0,,,2025-07-17,paid,6663082.0,,15185.0
INV-2508-0079,B059,IDN,2025-08-17,TT_ADV,0,USD,2940.0,2940.0,1387.87,4080338.0,2025-08-17,1.0,N,0,,,2025-07-18,paid,4087453.0,,7115.0
INV-2508-0080,B127,VNM,2025-08-17,DP,0,USD,14860.0,14860.0,1387.87,20623748.0,2025-08-28,0.0,N,0,,,2025-08-29,paid,20651834.0,,28086.0
INV-2508-0081,B004,EGY,2025-08-18,LC_SIGHT,0,USD,13010.0,13010.0,1387.34,18049293.0,2025-08-23,0.0,N,0,,0,2025-08-23,paid,17976047.0,,-73246.0
INV-2508-0082,B004,EGY,2025-08-18,LC_SIGHT,0,USD,29500.0,29500.0,1387.34,40926530.0,2025-08-25,0.0,N,0,,0,2025-08-25,paid,40977270.0,,50740.0
INV-2508-0083,B019,USA,2025-08-18,DA,90,USD,4760.0,4760.0,1387.34,6603738.0,2025-11-16,0.0,Y,0,,,2025-11-16,paid,6917232.0,,313494.0
INV-2508-0084,B083,USA,2025-08-18,OA,60,USD,9650.0,9650.0,1387.34,13387831.0,2025-10-17,0.0,Y,0,,,2025-10-17,paid,13721239.0,,333408.0
INV-2508-0085,B089,NGA,2025-08-18,LC_SIGHT,0,USD,34830.0,34830.0,1387.34,48321052.0,2025-08-25,0.0,N,0,,0,2025-08-25,paid,48380960.0,,59908.0
INV-2508-0086,B109,VNM,2025-08-18,TT_SPLIT_30_70,30,USD,5000.0,5000.0,1387.34,6936700.0,2025-09-17,0.3,Y,0,,,2025-09-12,paid,6957775.0,,21075.0
INV-2508-0087,B139,DEU,2025-08-18,DA,90,EUR,9330.0,10885.31,1618.61,15101631.0,2025-11-16,0.0,Y,0,,,2025-11-16,paid,15750719.0,,649088.0
INV-2508-0088,B140,USA,2025-08-18,OA,60,USD,6920.0,6920.0,1387.34,9600393.0,2025-10-17,0.0,Y,0,,,2025-10-11,paid,9797984.0,,197591.0
INV-2508-0089,B021,CHN,2025-08-19,OA,60,CNY,278300.0,38750.96,193.83,53942889.0,2025-10-18,0.0,N,0,,,2025-10-18,paid,55526416.0,,1583527.0
INV-2508-0090,B089,NGA,2025-08-19,LC_SIGHT,0,USD,9800.0,9800.0,1392.04,13641992.0,2025-08-25,0.0,N,0,,0,2025-08-25,paid,13612788.0,,-29204.0
INV-2508-0091,B101,IND,2025-08-19,DA,60,USD,5810.0,5810.0,1392.04,8087752.0,2025-10-18,0.0,Y,0,,,2025-10-29,paid,8255022.0,,167270.0
INV-2508-0092,B101,IND,2025-08-19,DA,60,USD,98980.0,98980.0,1392.04,137784119.0,2025-10-18,0.0,Y,0,,,2025-11-26,paid,144097794.0,,6313675.0
INV-2508-0093,B098,IND,2025-08-20,OA,30,USD,37790.0,37790.0,1397.7,52819083.0,2025-09-19,0.0,Y,0,,,2025-09-19,paid,52808880.0,,-10203.0
INV-2508-0094,B111,TWN,2025-08-20,DA,90,USD,6200.0,6200.0,1397.7,8665740.0,2025-11-18,0.0,N,0,,,2025-11-15,paid,9009840.0,,344100.0
INV-2508-0095,B132,IDN,2025-08-20,OA,60,USD,4900.0,4900.0,1397.7,6848730.0,2025-10-19,0.0,Y,0,,,2025-10-29,paid,6962067.0,,113337.0
INV-2508-0096,B144,TUR,2025-08-20,OA,60,USD,19420.0,19420.0,1397.7,27143334.0,2025-10-19,0.0,N,0,,,2025-10-19,paid,27613104.0,,469770.0
INV-2508-0097,B129,CHN,2025-08-21,OA,30,USD,3670.0,3670.0,1401.88,5144900.0,2025-09-20,0.0,Y,1,QUANTITY,,2025-10-08,paid,5226704.0,,81804.0
INV-2508-0098,B005,VNM,2025-08-22,OA,90,USD,4430.0,4430.0,1381.71,6120975.0,2025-11-20,0.0,Y,0,,,2025-11-22,paid,6515821.0,,394846.0
INV-2508-0099,B036,VNM,2025-08-22,TT_ADV,0,USD,15490.0,15490.0,1381.71,21402688.0,2025-08-22,1.0,N,0,,,2025-07-30,paid,21555574.0,,152886.0
INV-2508-0100,B055,USA,2025-08-22,OA,60,USD,38830.0,38830.0,1381.71,53651799.0,2025-10-21,0.0,Y,0,,,2026-02-22,paid,56147015.0,,2495216.0
INV-2508-0101,B074,MYS,2025-08-22,OA,30,USD,1820.0,1820.0,1381.71,2514712.0,2025-09-21,0.0,N,0,,,2025-09-17,paid,2503410.0,,-11302.0
INV-2508-0102,B140,USA,2025-08-22,OA,60,USD,10240.0,10240.0,1381.71,14148710.0,2025-10-21,0.0,Y,0,,,2025-10-20,paid,14544794.0,,396084.0
INV-2508-0103,B147,THA,2025-08-22,TT_ADV,0,USD,15990.0,15990.0,1381.71,22093543.0,2025-08-22,1.0,N,0,,,2025-07-24,paid,21922290.0,,-171253.0
INV-2508-0104,B010,POL,2025-08-23,TT_ADV,0,EUR,18010.0,21095.15,1618.4,29147384.0,2025-08-23,1.0,N,0,,,2025-08-03,paid,28892182.0,,-255202.0
INV-2508-0105,B015,TWN,2025-08-23,DA,90,USD,34770.0,34770.0,1381.71,48042057.0,2025-11-21,0.0,N,0,,,2025-11-07,paid,50801404.0,,2759347.0
INV-2508-0106,B084,POL,2025-08-23,OA,90,EUR,10240.0,11994.13,1618.4,16572416.0,2025-11-21,0.0,N,0,,,2025-11-16,paid,17286963.0,,714547.0
INV-2508-0107,B120,JPN,2025-08-23,TT_ADV,0,JPY,3210000.0,21863.48,9.4109,30208989.0,2025-08-23,1.0,N,0,,,2025-08-14,paid,30224076.0,,15087.0
INV-2508-0108,B128,GBR,2025-08-23,OA,90,USD,10530.0,10530.0,1381.71,14549406.0,2025-11-21,0.0,N,0,,,2025-11-17,paid,15370746.0,,821340.0
INV-2508-0109,B026,THA,2025-08-24,OA,60,USD,22150.0,22150.0,1381.71,30604876.0,2025-10-23,0.0,Y,0,,,2025-10-23,paid,31835088.0,,1230212.0
INV-2508-0110,B084,POL,2025-08-24,OA,90,EUR,17820.0,20872.61,1618.4,28839888.0,2025-11-22,0.0,N,0,,,2025-11-26,paid,30329818.0,,1489930.0
INV-2508-0111,B096,USA,2025-08-24,OA,90,USD,17920.0,17920.0,1381.71,24760243.0,2025-11-22,0.0,Y,0,,,2025-11-15,paid,26041344.0,,1281101.0
INV-2508-0112,B109,VNM,2025-08-24,OA,30,USD,2660.0,2660.0,1381.71,3675349.0,2025-09-23,0.0,Y,1,DOCS,,2025-09-24,paid,3736502.0,,61153.0
INV-2508-0113,B127,VNM,2025-08-24,DP,0,USD,6510.0,6510.0,1381.71,8994932.0,2025-09-07,0.0,N,0,,,2025-09-07,paid,9018173.0,,23241.0
INV-2508-0114,B022,IDN,2025-08-25,OA,90,USD,10220.0,10220.0,1389.06,14196193.0,2025-11-23,0.0,Y,0,,,2025-11-23,paid,15031985.0,,835792.0
INV-2508-0115,B037,SAU,2025-08-25,TT_ADV,0,USD,10290.0,10290.0,1389.06,14293427.0,2025-08-25,1.0,N,0,,,2025-07-28,paid,14284681.0,,-8746.0
INV-2508-0116,B096,USA,2025-08-25,OA,90,USD,9030.0,9030.0,1389.06,12543212.0,2025-11-23,0.0,Y,0,,,2025-12-01,paid,13254144.0,,710932.0
INV-2508-0117,B005,VNM,2025-08-26,OA,90,USD,4850.0,4850.0,1393.52,6758572.0,2025-11-24,0.0,Y,0,,,2025-11-22,paid,7133574.0,,375002.0
INV-2508-0118,B037,SAU,2025-08-26,DA,90,USD,1110.0,1110.0,1393.52,1546807.0,2025-11-24,0.0,Y,1,QUANTITY,,2025-12-13,paid,1640269.0,,93462.0
INV-2508-0119,B073,BRA,2025-08-26,OA,30,USD,43670.0,43670.0,1393.52,60855018.0,2025-09-25,0.0,N,0,,,2025-09-25,paid,61516619.0,,661601.0
INV-2508-0120,B095,EGY,2025-08-26,OA,30,USD,23400.0,23400.0,1393.52,32608368.0,2025-09-25,0.0,Y,1,QUALITY,,2025-09-12,paid,32621004.0,,12636.0
INV-2508-0121,B098,IND,2025-08-26,OA,30,USD,40200.0,40200.0,1393.52,56019504.0,2025-09-25,0.0,Y,0,,,2025-09-25,paid,56612495.0,,592991.0
INV-2508-0122,B117,CHN,2025-08-26,TT_ADV,0,USD,11100.0,11100.0,1393.52,15468072.0,2025-08-26,1.0,N,0,,,2025-07-30,paid,15446538.0,,-21534.0
INV-2508-0123,B145,GBR,2025-08-26,TT_ADV,0,USD,35060.0,35060.0,1393.52,48856811.0,2025-08-26,1.0,N,0,,,2025-08-21,paid,49149913.0,,293102.0
INV-2508-0124,B004,EGY,2025-08-27,LC_SIGHT,0,USD,15970.0,15970.0,1394.54,22270804.0,2025-09-06,0.0,N,0,,0,2025-09-06,paid,22122922.0,,-147882.0
INV-2508-0125,B045,ARE,2025-08-27,TT_ADV,0,USD,7030.0,7030.0,1394.54,9803616.0,2025-08-27,1.0,N,0,,,2025-08-03,paid,9760030.0,,-43586.0
INV-2508-0126,B050,USA,2025-08-27,TT_ADV,0,USD,8710.0,8710.0,1394.54,12146443.0,2025-08-27,1.0,N,0,,,2025-08-11,paid,12130765.0,,-15678.0
INV-2508-0127,B066,ARE,2025-08-27,DA,60,USD,11630.0,11630.0,1394.54,16218500.0,2025-10-26,0.0,Y,0,,,2025-10-28,paid,16662534.0,,444034.0
INV-2508-0128,B095,EGY,2025-08-27,OA,30,USD,1390.0,1390.0,1394.54,1938411.0,2025-09-26,0.0,Y,0,,,2025-09-26,paid,1959970.0,,21558.0
INV-2508-0129,B033,VNM,2025-08-28,LC_SIGHT,0,USD,21740.0,21740.0,1384.85,30106639.0,2025-09-03,0.0,N,0,,0,2025-09-03,paid,30201425.0,,94786.0
INV-2508-0130,B059,IDN,2025-08-28,OA,30,USD,2920.0,2920.0,1384.85,4043762.0,2025-09-27,0.0,Y,0,,,2025-09-27,paid,4117346.0,,73584.0
INV-2508-0131,B082,JPN,2025-08-28,OA,60,JPY,734000.0,4993.86,9.422,6915748.0,2025-10-27,0.0,Y,0,,,2025-10-22,paid,6914647.0,,-1101.0
INV-2508-0132,B101,IND,2025-08-28,DA,60,USD,32110.0,32110.0,1384.85,44467534.0,2025-10-27,0.0,Y,0,,,2025-11-26,paid,47150003.0,,2682469.0
INV-2508-0133,B122,JPN,2025-08-28,DA,60,JPY,232000.0,1578.44,9.422,2185904.0,2025-10-27,0.0,N,0,,,2025-10-27,paid,2171218.0,,-14686.0
INV-2508-0134,B018,NLD,2025-08-29,OA,30,EUR,8400.0,9823.77,1625.32,13652688.0,2025-09-28,0.0,Y,0,,,2025-09-25,paid,13812456.0,,159768.0
INV-2508-0135,B079,JPN,2025-08-29,OA,60,JPY,1790000.0,12185.18,9.4606,16934474.0,2025-10-28,0.0,Y,0,,,2025-10-25,paid,16847659.0,,-86815.0
INV-2508-0136,B080,JPN,2025-08-29,OA,60,JPY,2230000.0,15180.42,9.4606,21097138.0,2025-10-28,0.0,Y,0,,,2025-10-27,paid,20935642.0,,-161496.0
INV-2508-0137,B098,IND,2025-08-29,OA,30,USD,4040.0,4040.0,1389.76,5614630.0,2025-09-28,0.0,Y,1,QUALITY,,2025-09-25,paid,5691027.0,,76397.0
INV-2508-0138,B118,USA,2025-08-29,DA,90,USD,19030.0,19030.0,1389.76,26447133.0,2025-11-27,0.0,Y,1,PRICE,,2025-11-28,paid,27929380.0,,1482246.0
INV-2508-0139,B137,ARE,2025-08-29,TT_ADV,0,USD,7030.0,7030.0,1389.76,9770013.0,2025-08-29,1.0,N,0,,,2025-08-23,paid,9713421.0,,-56592.0
INV-2508-0140,B052,VNM,2025-08-30,LC_SIGHT,0,USD,58160.0,58160.0,1389.76,80828442.0,2025-09-09,0.0,N,0,,0,2025-09-09,paid,80735386.0,,-93056.0
INV-2508-0141,B066,ARE,2025-08-30,TT_SPLIT_30_70,30,USD,290850.0,290850.0,1389.76,404211696.0,2025-09-29,0.3,Y,0,,,2025-09-27,paid,408602658.0,,4390962.0
INV-2508-0142,B073,BRA,2025-08-30,OA,30,USD,2430.0,2430.0,1389.76,3377117.0,2025-09-29,0.0,N,1,QUANTITY,,2025-09-26,paid,3426422.0,,49304.0
INV-2508-0143,B080,JPN,2025-08-30,OA,60,JPY,1257000.0,8556.85,9.4606,11891974.0,2025-10-29,0.0,Y,0,,,2025-10-27,paid,11763886.0,,-128088.0
INV-2508-0144,B033,VNM,2025-08-31,LC_SIGHT,0,USD,34080.0,34080.0,1389.76,47363021.0,2025-09-08,0.0,N,0,,0,2025-09-08,paid,47244763.0,,-118258.0
INV-2508-0145,B086,DEU,2025-08-31,OA,90,EUR,4540.0,5309.52,1625.32,7378953.0,2025-11-29,0.0,N,0,,,2025-11-29,paid,7729214.0,,350261.0
INV-2509-0001,B014,USA,2025-09-01,LC_USANCE,90,USD,22010.0,22010.0,1389.76,30588618.0,2025-11-30,0.0,N,0,,10,2025-12-10,paid,32359102.0,,1770484.0
INV-2509-0002,B064,USA,2025-09-01,TT_SPLIT_30_70,30,USD,34470.0,34470.0,1389.76,47905027.0,2025-10-01,0.3,Y,0,,,2025-09-24,paid,48182269.0,,277242.0
INV-2509-0003,B070,POL,2025-09-01,OA,60,EUR,5420.0,6338.67,1625.32,8809234.0,2025-10-31,0.0,Y,1,QUALITY,,2025-10-13,paid,8990642.0,,181408.0
INV-2509-0004,B140,USA,2025-09-01,OA,60,USD,11370.0,11370.0,1389.76,15801571.0,2025-10-31,0.0,Y,0,,,2025-10-24,paid,16354039.0,,552468.0
INV-2509-0005,B147,THA,2025-09-01,DA,60,USD,2980.0,2980.0,1389.76,4141485.0,2025-10-31,0.0,N,1,DOCS,,,default,,4042400.0,-99085.0
INV-2509-0006,B078,VNM,2025-09-02,TT_SPLIT_30_70,30,USD,52120.0,52120.0,1394.76,72694891.0,2025-10-02,0.3,N,0,,,2025-09-25,paid,73102001.0,,407110.0
INV-2509-0007,B080,JPN,2025-09-02,OA,60,JPY,13280000.0,89590.2,9.4094,124956832.0,2025-11-01,0.0,Y,0,,,2025-10-29,paid,124209168.0,,-747664.0
INV-2509-0008,B084,POL,2025-09-02,TT_SPLIT_30_70,30,EUR,25780.0,30041.36,1625.31,41900492.0,2025-10-02,0.3,N,0,,,2025-10-05,paid,42206268.0,,305776.0
INV-2509-0009,B028,JPN,2025-09-03,OA,90,JPY,236000.0,1594.93,9.3885,2215686.0,2025-12-02,0.0,Y,0,,,2025-12-02,paid,2223828.0,,8142.0
INV-2509-0010,B041,TUR,2025-09-03,OA,30,USD,3110.0,3110.0,1389.21,4320443.0,2025-10-03,0.0,Y,1,QUANTITY,,2025-10-15,paid,4425903.0,,105460.0
INV-2509-0011,B054,NLD,2025-09-03,OA,30,EUR,62410.0,72869.84,1622.04,101231516.0,2025-10-03,0.0,Y,0,,,2025-09-19,paid,102502184.0,,1270668.0
INV-2509-0012,B070,POL,2025-09-03,TT_ADV,0,EUR,4480.0,5230.84,1622.04,7266739.0,2025-09-03,1.0,N,0,,,2025-08-04,paid,7181395.0,,-85344.0
INV-2509-0013,B101,IND,2025-09-03,DA,60,USD,8380.0,8380.0,1389.21,11641580.0,2025-11-02,0.0,Y,0,,,2025-11-26,paid,12305108.0,,663528.0
INV-2509-0014,B013,CHN,2025-09-04,TT_ADV,0,USD,7930.0,7930.0,1394.8,11060764.0,2025-09-04,1.0,N,0,,,2025-08-12,paid,10986222.0,,-74542.0
INV-2509-0015,B040,IND,2025-09-04,LC_USANCE,90,USD,23020.0,23020.0,1394.8,32108296.0,2025-12-03,0.0,N,0,,0,2025-12-03,paid,33745939.0,,1637643.0
INV-2509-0016,B047,MEX,2025-09-04,OA,90,USD,26790.0,26790.0,1394.8,37366692.0,2025-12-03,0.0,Y,0,,,2025-12-03,paid,39272533.0,,1905841.0
INV-2509-0017,B062,USA,2025-09-04,OA,60,USD,15010.0,15010.0,1394.8,20935948.0,2025-11-03,0.0,Y,0,,,2025-11-03,paid,21474056.0,,538108.0
INV-2509-0018,B087,TWN,2025-09-04,TT_ADV,0,USD,8690.0,8690.0,1394.8,12120812.0,2025-09-04,1.0,N,0,,,2025-08-19,paid,12096828.0,,-23984.0
INV-2509-0019,B139,DEU,2025-09-04,TT_ADV,0,EUR,9780.0,11391.72,1624.66,15889175.0,2025-09-04,1.0,N,0,,,2025-08-07,paid,15780030.0,,-109145.0
INV-2509-0020,B040,IND,2025-09-05,LC_USANCE,90,USD,16930.0,16930.0,1385.28,23452790.0,2025-12-04,0.0,N,0,,0,2025-12-04,paid,24941615.0,,1488825.0
INV-2509-0021,B050,USA,2025-09-05,TT_ADV,0,USD,17270.0,17270.0,1385.28,23923786.0,2025-09-05,1.0,N,0,,,2025-08-17,paid,23968515.0,,44729.0
INV-2509-0022,B066,ARE,2025-09-05,DA,60,USD,71880.0,71880.0,1385.28,99573926.0,2025-11-04,0.0,Y,0,,,2025-11-05,paid,103575486.0,,4001560.0
INV-2509-0023,B102,GBR,2025-09-05,OA,60,USD,10750.0,10750.0,1385.28,14891760.0,2025-11-04,0.0,Y,0,,,2025-11-04,paid,15482365.0,,590605.0
INV-2509-0024,B110,USA,2025-09-05,OA,90,USD,21970.0,21970.0,1385.28,30434602.0,2025-12-04,0.0,Y,1,DOCS,,2026-05-06,paid,32314972.0,,1880370.0
INV-2509-0025,B148,ARE,2025-09-05,OA,60,USD,8030.0,8030.0,1385.28,11123798.0,2025-11-04,0.0,N,0,,,2025-10-18,paid,11417777.0,,293979.0
INV-2509-0026,B020,SAU,2025-09-06,TT_SPLIT_30_70,30,USD,22390.0,22390.0,1385.28,31016419.0,2025-10-06,0.3,Y,0,,,2025-10-06,paid,31461331.0,,444912.0
INV-2509-0027,B047,MEX,2025-09-06,OA,90,USD,11090.0,11090.0,1385.28,15362755.0,2025-12-05,0.0,Y,0,,,2025-12-03,paid,16257275.0,,894520.0
INV-2509-0028,B072,DEU,2025-09-06,OA,30,EUR,7700.0,9054.43,1628.95,12542915.0,2025-10-06,0.0,N,1,QUALITY,,2025-10-06,paid,12700402.0,,157487.0
INV-2509-0029,B086,DEU,2025-09-06,OA,90,EUR,5640.0,6632.07,1628.95,9187278.0,2025-12-05,0.0,N,0,,,2025-12-04,paid,9687433.0,,500155.0
INV-2509-0030,B107,DEU,2025-09-06,OA,60,EUR,25350.0,29809.05,1628.95,41293882.0,2025-11-05,0.0,Y,0,,,2025-10-30,paid,41933210.0,,639328.0
INV-2509-0031,B040,IND,2025-09-07,LC_USANCE,90,USD,2570.0,2570.0,1385.28,3560170.0,2025-12-06,0.0,N,0,,0,2025-12-06,paid,3785173.0,,225003.0
INV-2509-0032,B092,POL,2025-09-07,TT_SPLIT_30_70,30,EUR,4320.0,5079.89,1628.95,7037064.0,2025-10-07,0.3,N,0,,,2025-10-05,paid,7101518.0,,64454.0
INV-2509-0033,B026,THA,2025-09-08,OA,60,USD,11460.0,11460.0,1386.29,15886883.0,2025-11-07,0.0,Y,0,,,2025-11-07,paid,16743862.0,,856979.0
INV-2509-0034,B040,IND,2025-09-08,LC_USANCE,90,USD,24070.0,24070.0,1386.29,33368000.0,2025-12-07,0.0,N,0,,0,2025-12-07,paid,35451018.0,,2083018.0
INV-2509-0035,B086,DEU,2025-09-08,OA,90,EUR,9900.0,11633.49,1629.03,16127397.0,2025-12-07,0.0,N,0,,,2025-12-05,paid,16982033.0,,854636.0
INV-2509-0036,B105,JPN,2025-09-08,OA,60,JPY,4746000.0,32158.89,9.3935,44581551.0,2025-11-07,0.0,Y,0,,,2025-11-01,paid,44005387.0,,-576164.0
INV-2509-0037,B138,CHN,2025-09-08,OA,90,CNY,45500.0,6382.12,194.45,8847475.0,2025-12-07,0.0,Y,0,,,2025-12-06,paid,9479015.0,,631540.0
INV-2509-0038,B046,USA,2025-09-09,OA,30,USD,12500.0,12500.0,1388.16,17352000.0,2025-10-09,0.0,N,0,,,2025-10-09,paid,17796000.0,,444000.0
INV-2509-0039,B047,MEX,2025-09-09,OA,90,USD,10780.0,10780.0,1388.16,14964365.0,2025-12-08,0.0,Y,0,,,2025-12-08,paid,15837868.0,,873503.0
INV-2509-0040,B080,JPN,2025-09-09,OA,60,JPY,1582000.0,10745.08,9.4285,14915887.0,2025-11-08,0.0,Y,0,,,2025-11-06,paid,14988343.0,,72456.0
INV-2509-0041,B107,DEU,2025-09-09,OA,60,EUR,6730.0,7889.58,1627.34,10951998.0,2025-11-08,0.0,Y,0,,,2025-11-08,paid,11384670.0,,432672.0
INV-2509-0042,B116,GBR,2025-09-09,OA,60,USD,5920.0,5920.0,1388.16,8217907.0,2025-11-08,0.0,Y,0,,,2025-11-02,paid,8455950.0,,238043.0
INV-2509-0043,B018,NLD,2025-09-10,OA,30,EUR,16330.0,19129.0,1624.7,26531351.0,2025-10-10,0.0,Y,0,,,2025-10-08,paid,26991694.0,,460343.0
INV-2509-0044,B022,IDN,2025-09-10,TT_ADV,0,USD,11330.0,11330.0,1386.97,15714370.0,2025-09-10,1.0,N,0,,,2025-08-24,paid,15654774.0,,-59596.0
INV-2509-0045,B028,JPN,2025-09-10,TT_ADV,0,JPY,447000.0,3033.19,9.4115,4206940.0,2025-09-10,1.0,N,0,,,2025-09-07,paid,4216953.0,,10013.0
INV-2509-0046,B029,CHN,2025-09-10,OA,60,USD,11880.0,11880.0,1386.97,16477204.0,2025-11-09,0.0,Y,1,PRICE,,2025-11-14,paid,17264016.0,,786812.0
INV-2509-0047,B049,ARE,2025-09-10,DA,90,USD,24320.0,24320.0,1386.97,33731110.0,2025-12-09,0.0,N,0,,,2025-12-14,paid,35938150.0,,2207040.0
INV-2509-0048,B050,USA,2025-09-10,OA,60,USD,2770.0,2770.0,1386.97,3841907.0,2025-11-09,0.0,Y,0,,,2025-11-05,paid,3991432.0,,149524.0
INV-2509-0049,B068,THA,2025-09-10,OA,60,USD,5990.0,5990.0,1386.97,8307950.0,2025-11-09,0.0,N,1,DOCS,,2025-11-05,paid,8631290.0,,323340.0
INV-2509-0050,B113,JPN,2025-09-10,OA,90,JPY,353000.0,2395.34,9.4115,3322260.0,2025-12-09,0.0,Y,1,QUANTITY,,2025-12-14,paid,3347887.0,,25627.0
INV-2509-0051,B149,CHN,2025-09-10,OA,90,USD,2020.0,2020.0,1386.97,2801679.0,2025-12-09,0.0,Y,0,,,2025-12-03,paid,2961199.0,,159520.0
INV-2509-0052,B013,CHN,2025-09-11,TT_ADV,0,USD,2260.0,2260.0,1388.97,3139072.0,2025-09-11,1.0,N,0,,,2025-08-30,paid,3140858.0,,1786.0
INV-2509-0053,B026,THA,2025-09-11,OA,60,USD,4460.0,4460.0,1388.97,6194806.0,2025-11-10,0.0,Y,0,,,2025-11-09,paid,6516372.0,,321566.0
INV-2509-0054,B040,IND,2025-09-11,LC_USANCE,90,USD,29190.0,29190.0,1388.97,40544034.0,2025-12-10,0.0,N,0,,0,2025-12-10,paid,42915138.0,,2371104.0
INV-2509-0055,B048,CHN,2025-09-11,OA,30,USD,8680.0,8680.0,1388.97,12056260.0,2025-10-11,0.0,Y,0,,,2025-10-17,paid,12342917.0,,286657.0
INV-2509-0056,B087,TWN,2025-09-11,TT_SPLIT_30_70,30,USD,3560.0,3560.0,1388.97,4944733.0,2025-10-11,0.3,Y,0,,,2025-10-02,paid,4994915.0,,50182.0
INV-2509-0057,B121,IND,2025-09-11,DA,90,USD,5350.0,5350.0,1388.97,7430990.0,2025-12-10,0.0,Y,0,,,2025-12-10,paid,7865570.0,,434580.0
INV-2509-0058,B143,MYS,2025-09-11,OA,30,USD,24090.0,24090.0,1388.97,33460287.0,2025-10-11,0.0,Y,0,,,2025-11-04,paid,34298605.0,,838318.0
INV-2509-0059,B148,ARE,2025-09-11,OA,60,USD,4120.0,4120.0,1388.97,5722556.0,2025-11-10,0.0,N,0,,,2025-11-05,paid,5936714.0,,214158.0
INV-2509-0060,B049,ARE,2025-09-12,DA,90,USD,11390.0,11390.0,1394.06,15878343.0,2025-12-11,0.0,N,1,QUANTITY,,2025-12-14,paid,16831231.0,,952888.0
INV-2509-0061,B030,TUR,2025-09-13,TT_ADV,0,USD,9450.0,9450.0,1394.06,13173867.0,2025-09-13,1.0,N,0,,,2025-09-06,paid,13090896.0,,-82971.0
INV-2509-0062,B056,USA,2025-09-13,OA,90,USD,3370.0,3370.0,1394.06,4697982.0,2025-12-12,0.0,Y,0,,,2025-12-08,paid,4951170.0,,253188.0
INV-2509-0063,B107,DEU,2025-09-13,OA,60,EUR,37590.0,44032.88,1633.0,61384470.0,2025-11-12,0.0,Y,0,,,2025-11-10,paid,63260429.0,,1875959.0
INV-2509-0064,B123,POL,2025-09-13,OA,60,EUR,6440.0,7543.81,1633.0,10516520.0,2025-11-12,0.0,Y,0,,,2025-11-05,paid,10657749.0,,141229.0
INV-2509-0065,B126,GBR,2025-09-13,OA,60,USD,6760.0,6760.0,1394.06,9423846.0,2025-11-12,0.0,N,0,,,2025-11-12,paid,9927736.0,,503890.0
INV-2509-0066,B131,NGA,2025-09-13,LC_SIGHT,0,USD,17420.0,17420.0,1394.06,24284525.0,2025-09-21,0.0,N,0,,0,2025-09-21,paid,24343231.0,,58706.0
INV-2509-0067,B043,CHN,2025-09-14,OA,90,CNY,43900.0,6162.11,195.68,8590352.0,2025-12-13,0.0,Y,0,,,2026-01-01,paid,9068423.0,,478071.0
INV-2509-0068,B098,IND,2025-09-14,OA,30,USD,14970.0,14970.0,1394.06,20869078.0,2025-10-14,0.0,Y,0,,,2025-10-09,paid,21312490.0,,443412.0
INV-2509-0069,B013,CHN,2025-09-15,TT_ADV,0,USD,10580.0,10580.0,1385.09,14654252.0,2025-09-15,1.0,N,0,,,2025-09-10,paid,14674143.0,,19891.0
INV-2509-0070,B022,IDN,2025-09-15,OA,90,USD,45600.0,45600.0,1385.09,63160104.0,2025-12-14,0.0,Y,0,,,2025-12-14,paid,67384032.0,,4223928.0
INV-2509-0071,B050,USA,2025-09-15,OA,60,USD,5740.0,5740.0,1385.09,7950417.0,2025-11-14,0.0,Y,0,,,2025-12-06,paid,8454044.0,,503627.0
INV-2509-0072,B053,DEU,2025-09-15,OA,60,EUR,1510.0,1777.57,1630.53,2462100.0,2025-11-14,0.0,N,0,,,2025-11-08,paid,2554361.0,,92261.0
INV-2509-0073,B070,POL,2025-09-15,TT_SPLIT_30_70,30,EUR,20660.0,24320.98,1630.53,33686750.0,2025-10-15,0.3,Y,0,,,2025-10-02,paid,33885788.0,,199038.0
INV-2509-0074,B071,TWN,2025-09-15,OA,60,USD,20000.0,20000.0,1385.09,27701800.0,2025-11-14,0.0,Y,0,,,2025-11-13,paid,29306400.0,,1604600.0
INV-2509-0075,B087,TWN,2025-09-15,TT_SPLIT_30_70,30,USD,10690.0,10690.0,1385.09,14806612.0,2025-10-15,0.3,Y,0,,,2025-10-02,paid,14995504.0,,188892.0
INV-2509-0076,B013,CHN,2025-09-16,TT_ADV,0,USD,32850.0,32850.0,1381.49,45381946.0,2025-09-16,1.0,N,0,,,2025-09-05,paid,45506448.0,,124502.0
INV-2509-0077,B032,EGY,2025-09-16,OA,30,USD,20910.0,20910.0,1381.49,28886956.0,2025-10-16,0.0,Y,0,,,2025-10-15,paid,29757439.0,,870483.0
INV-2509-0078,B062,USA,2025-09-16,OA,60,USD,2980.0,2980.0,1381.49,4116840.0,2025-11-15,0.0,Y,0,,,2025-11-11,paid,4339893.0,,223053.0
INV-2509-0079,B063,CHN,2025-09-16,OA,30,CNY,151600.0,21309.75,194.19,29439204.0,2025-10-16,0.0,N,0,,,2025-10-16,paid,30138080.0,,698876.0
INV-2509-0080,B072,DEU,2025-09-16,OA,30,EUR,5420.0,6421.62,1636.79,8871402.0,2025-10-16,0.0,N,0,,,2025-10-06,paid,8949721.0,,78319.0
INV-2509-0081,B077,VNM,2025-09-16,DP,0,USD,13660.0,13660.0,1381.49,18871153.0,2025-09-26,0.0,N,0,,,2025-09-26,paid,19261283.0,,390130.0
INV-2509-0082,B101,IND,2025-09-16,DA,60,USD,13570.0,13570.0,1381.49,18746819.0,2025-11-15,0.0,Y,0,,,2025-11-26,paid,19926052.0,,1179233.0
INV-2509-0083,B106,TUR,2025-09-16,LC_SIGHT,0,USD,6910.0,6910.0,1381.49,9546096.0,2025-09-24,0.0,N,0,,0,2025-09-24,paid,9706477.0,,160381.0
INV-2509-0084,B141,DEU,2025-09-16,DA,60,EUR,16590.0,19655.84,1636.79,27154346.0,2025-11-15,0.0,N,0,,,2025-11-13,paid,28318300.0,,1163954.0
INV-2509-0085,B019,USA,2025-09-17,DA,90,USD,3890.0,3890.0,1375.5,5350695.0,2025-12-16,0.0,Y,0,,,2025-12-21,paid,5746541.0,,395846.0
INV-2509-0086,B030,TUR,2025-09-17,OA,60,USD,2870.0,2870.0,1375.5,3947685.0,2025-11-16,0.0,N,0,,,2025-12-11,paid,4225307.0,,277622.0
INV-2509-0087,B061,IND,2025-09-17,DA,60,USD,7730.0,7730.0,1375.5,10632615.0,2025-11-16,0.0,N,1,DOCS,,2025-11-26,paid,11350655.0,,718040.0
INV-2509-0088,B066,ARE,2025-09-17,TT_ADV,0,USD,43620.0,43620.0,1375.5,59999310.0,2025-09-17,1.0,N,0,,,2025-08-27,paid,60829835.0,,830525.0
INV-2509-0089,B081,JPN,2025-09-17,LC_USANCE,60,JPY,789000.0,5390.84,9.3981,7415101.0,2025-11-16,0.0,N,0,,0,2025-11-16,paid,7414470.0,,-631.0
INV-2509-0090,B109,VNM,2025-09-17,OA,30,USD,3020.0,3020.0,1375.5,4154010.0,2025-10-17,0.0,Y,0,,,2025-10-17,paid,4294108.0,,140098.0
INV-2509-0091,B111,TWN,2025-09-17,DA,90,USD,8020.0,8020.0,1375.5,11031510.0,2025-12-16,0.0,N,0,,,2025-12-10,paid,11791004.0,,759494.0
INV-2509-0092,B128,GBR,2025-09-17,OA,90,USD,20180.0,20180.0,1375.5,27757590.0,2025-12-16,0.0,N,0,,,2025-12-19,paid,29777584.0,,2019994.0
INV-2509-0093,B055,USA,2025-09-18,OA,60,USD,19150.0,19150.0,1388.51,26589966.0,2025-11-17,0.0,Y,0,,,2026-02-22,paid,27690326.0,,1100360.0
INV-2509-0094,B065,IND,2025-09-18,LC_SIGHT,0,USD,52820.0,52820.0,1388.51,73341098.0,2025-09-26,0.0,N,0,,0,2025-09-26,paid,74478841.0,,1137743.0
INV-2509-0095,B066,ARE,2025-09-18,DA,60,USD,9510.0,9510.0,1388.51,13204730.0,2025-11-17,0.0,Y,0,,,2025-11-12,paid,13966386.0,,761656.0
INV-2509-0096,B113,JPN,2025-09-18,OA,90,JPY,660000.0,4458.88,9.3806,6191196.0,2025-12-17,0.0,Y,0,,,2025-12-19,paid,6193176.0,,1980.0
INV-2509-0097,B031,MEX,2025-09-19,OA,60,USD,9720.0,9720.0,1397.43,13583020.0,2025-11-18,0.0,Y,0,,,2025-11-14,paid,14125104.0,,542084.0
INV-2509-0098,B038,DEU,2025-09-19,TT_ADV,0,EUR,15850.0,18628.51,1642.4,26032040.0,2025-09-19,1.0,N,0,,,2025-09-12,paid,25883050.0,,-148990.0
INV-2509-0099,B062,USA,2025-09-19,TT_ADV,0,USD,2070.0,2070.0,1397.43,2892680.0,2025-09-19,1.0,N,0,,,2025-09-08,paid,2869620.0,,-23060.0
INV-2509-0100,B063,CHN,2025-09-19,TT_ADV,0,CNY,65600.0,9221.08,196.43,12885808.0,2025-09-19,1.0,N,0,,,2025-09-08,paid,12755920.0,,-129888.0
INV-2509-0101,B087,TWN,2025-09-19,TT_ADV,0,USD,21060.0,21060.0,1397.43,29429876.0,2025-09-19,1.0,N,0,,,2025-09-07,paid,29173997.0,,-255879.0
INV-2509-0102,B127,VNM,2025-09-19,DP,0,USD,940.0,940.0,1397.43,1313584.0,2025-10-02,0.0,N,0,,,2025-10-02,paid,1322317.0,,8733.0
INV-2509-0103,B128,GBR,2025-09-19,OA,90,USD,3880.0,3880.0,1397.43,5422028.0,2025-12-18,0.0,N,0,,,2025-12-19,paid,5731769.0,,309741.0
INV-2509-0104,B001,NLD,2025-09-20,OA,90,EUR,5390.0,6334.87,1642.4,8852536.0,2025-12-19,0.0,N,0,,,2025-12-17,paid,9340277.0,,487741.0
INV-2509-0105,B015,TWN,2025-09-20,DA,90,USD,26950.0,26950.0,1397.43,37660738.0,2025-12-19,0.0,N,0,,,2025-12-02,paid,39595748.0,,1935010.0
INV-2509-0106,B062,USA,2025-09-20,OA,60,USD,7690.0,7690.0,1397.43,10746237.0,2025-11-19,0.0,Y,0,,,2025-11-19,paid,11203508.0,,457271.0
INV-2509-0107,B068,THA,2025-09-20,OA,60,USD,7950.0,7950.0,1397.43,11109568.0,2025-11-19,0.0,N,0,,,2025-11-15,paid,11528930.0,,419362.0
INV-2509-0108,B082,JPN,2025-09-20,OA,60,JPY,2205000.0,14915.86,9.453,20843865.0,2025-11-19,0.0,Y,0,,,2025-11-15,paid,20721046.0,,-122818.0
INV-2509-0109,B100,THA,2025-09-20,TT_SPLIT_30_70,30,USD,8990.0,8990.0,1397.43,12562896.0,2025-10-20,0.3,Y,0,,,2025-10-20,paid,12664986.0,,102090.0
INV-2509-0110,B114,JPN,2025-09-20,OA,90,JPY,757000.0,5120.77,9.453,7155921.0,2025-12-19,0.0,N,0,,,2025-12-06,paid,7179237.0,,23316.0
INV-2509-0111,B121,IND,2025-09-20,DA,90,USD,16120.0,16120.0,1397.43,22526572.0,2025-12-19,0.0,Y,0,,,2026-01-05,paid,23840016.0,,1313444.0
INV-2509-0112,B037,SAU,2025-09-21,DA,90,USD,8340.0,8340.0,1397.43,11654566.0,2025-12-20,0.0,Y,0,,,2025-12-30,paid,12281672.0,,627106.0
INV-2509-0113,B055,USA,2025-09-21,OA,60,USD,3390.0,3390.0,1397.43,4737288.0,2025-11-20,0.0,Y,1,QUANTITY,,2026-02-22,paid,4901838.0,,164550.0
INV-2509-0114,B028,JPN,2025-09-22,OA,90,JPY,718000.0,4856.92,9.4189,6762770.0,2025-12-21,0.0,Y,0,,,2025-12-21,paid,6737425.0,,-25345.0
INV-2509-0115,B087,TWN,2025-09-22,TT_SPLIT_30_70,30,USD,19110.0,19110.0,1392.4,26608764.0,2025-10-22,0.3,Y,0,,,2025-10-15,paid,26961910.0,,353146.0
INV-2509-0116,B113,JPN,2025-09-22,OA,90,JPY,1647000.0,11141.14,9.4189,15512928.0,2025-12-21,0.0,Y,0,,,2025-12-31,paid,15341995.0,,-170933.0
INV-2509-0117,B139,DEU,2025-09-22,DA,90,EUR,11210.0,13197.51,1639.27,18376217.0,2025-12-21,0.0,Y,0,,,2025-12-12,paid,19432647.0,,1056430.0
INV-2509-0118,B013,CHN,2025-09-23,TT_ADV,0,USD,7980.0,7980.0,1394.28,11126354.0,2025-09-23,1.0,N,0,,,2025-09-02,paid,11130185.0,,3831.0
INV-2509-0119,B086,DEU,2025-09-23,TT_ADV,0,EUR,32010.0,37771.79,1645.25,52664452.0,2025-09-23,1.0,N,0,,,2025-09-20,paid,52573224.0,,-91228.0
INV-2509-0120,B112,MEX,2025-09-23,TT_SPLIT_30_70,30,USD,3520.0,3520.0,1394.28,4907866.0,2025-10-23,0.3,N,0,,,2025-10-06,paid,4941665.0,,33799.0
INV-2509-0121,B140,USA,2025-09-23,OA,60,USD,116590.0,116590.0,1394.28,162559105.0,2025-11-22,0.0,Y,0,,,2025-11-22,paid,171433036.0,,8873931.0
INV-2509-0122,B143,MYS,2025-09-23,OA,30,USD,21620.0,21620.0,1394.28,30144334.0,2025-10-23,0.0,Y,0,,,2025-11-04,paid,31137556.0,,993222.0
INV-2509-0123,B144,TUR,2025-09-23,OA,60,USD,9780.0,9780.0,1394.28,13636058.0,2025-11-22,0.0,N,0,,,2025-11-20,paid,14402517.0,,766459.0
INV-2509-0124,B017,EGY,2025-09-24,TT_ADV,0,USD,4070.0,4070.0,1404.7,5717129.0,2025-09-24,1.0,N,0,,,2025-08-29,paid,5656323.0,,-60806.0
INV-2509-0125,B066,ARE,2025-09-24,DA,60,USD,3660.0,3660.0,1404.7,5141202.0,2025-11-23,0.0,Y,0,,,2025-11-20,paid,5389899.0,,248697.0
INV-2509-0126,B070,POL,2025-09-24,OA,60,EUR,8920.0,10473.87,1649.4,14712648.0,2025-11-23,0.0,Y,0,,,2025-11-23,paid,15095762.0,,383114.0
INV-2509-0127,B073,BRA,2025-09-24,OA,30,USD,10900.0,10900.0,1404.7,15311230.0,2025-10-24,0.0,N,0,,,2025-10-19,paid,15498601.0,,187371.0
INV-2509-0128,B079,JPN,2025-09-24,OA,60,JPY,675000.0,4539.04,9.4459,6375982.0,2025-11-23,0.0,Y,0,,,2025-11-16,paid,6343178.0,,-32804.0
INV-2509-0129,B095,EGY,2025-09-24,OA,30,USD,10610.0,10610.0,1404.7,14903867.0,2025-10-24,0.0,Y,1,DOCS,,2025-10-17,paid,15086253.0,,182386.0
INV-2509-0130,B102,GBR,2025-09-24,TT_ADV,0,USD,11580.0,11580.0,1404.7,16266426.0,2025-09-24,1.0,N,0,,,2025-09-21,paid,16182239.0,,-84187.0
INV-2509-0131,B029,CHN,2025-09-25,OA,60,USD,10600.0,10600.0,1408.67,14931902.0,2025-11-24,0.0,Y,0,,,2026-03-20,paid,15502761.0,,570859.0
INV-2509-0132,B058,MYS,2025-09-25,OA,30,USD,29790.0,29790.0,1408.67,41964279.0,2025-10-25,0.0,N,0,,,2025-10-14,paid,42597019.0,,632740.0
INV-2509-0133,B066,ARE,2025-09-25,DA,60,USD,7890.0,7890.0,1408.67,11114406.0,2025-11-24,0.0,Y,0,,,2025-11-20,paid,11619208.0,,504802.0
INV-2509-0134,B070,POL,2025-09-25,OA,60,EUR,26870.0,31365.34,1644.34,44183416.0,2025-11-24,0.0,Y,1,DOCS,,2025-12-04,paid,46152718.0,,1969302.0
INV-2509-0135,B087,TWN,2025-09-25,TT_SPLIT_30_70,30,USD,13770.0,13770.0,1408.67,19397386.0,2025-10-25,0.3,Y,0,,,2025-10-23,paid,19612515.0,,215129.0
INV-2509-0136,B087,TWN,2025-09-25,TT_SPLIT_30_70,30,USD,12340.0,12340.0,1408.67,17382988.0,2025-10-25,0.3,Y,0,,,2025-10-25,paid,17585277.0,,202289.0
INV-2509-0137,B101,IND,2025-09-25,DA,60,USD,2740.0,2740.0,1408.67,3859756.0,2025-11-24,0.0,Y,0,,,2025-11-26,paid,4023389.0,,163633.0
INV-2509-0138,B114,JPN,2025-09-25,OA,90,JPY,1208000.0,8065.14,9.4049,11361119.0,2025-12-24,0.0,N,0,,,2025-12-23,paid,11447491.0,,86372.0
INV-2509-0139,B117,CHN,2025-09-25,OA,30,USD,3990.0,3990.0,1408.67,5620593.0,2025-10-25,0.0,Y,0,,,2025-10-25,paid,5739016.0,,118424.0
INV-2509-0140,B121,IND,2025-09-25,DA,90,USD,15000.0,15000.0,1408.67,21130050.0,2025-12-24,0.0,Y,0,,,2026-01-05,paid,21673200.0,,543150.0
INV-2509-0141,B033,VNM,2025-09-26,LC_SIGHT,0,USD,5990.0,5990.0,1410.05,8446200.0,2025-10-02,0.0,N,0,,5,2025-10-07,paid,8464589.0,,18389.0
INV-2509-0142,B049,ARE,2025-09-26,DA,90,USD,1320.0,1320.0,1410.05,1861266.0,2025-12-25,0.0,N,0,,,2025-12-23,paid,1955514.0,,94248.0
INV-2509-0143,B062,USA,2025-09-26,OA,60,USD,5730.0,5730.0,1410.05,8079586.0,2025-11-25,0.0,Y,0,,,2025-11-19,paid,8409864.0,,330278.0
INV-2509-0144,B066,ARE,2025-09-26,DA,60,USD,16340.0,16340.0,1410.05,23040217.0,2025-11-25,0.0,Y,0,,,2025-11-24,paid,24082434.0,,1042218.0
INV-2509-0145,B068,THA,2025-09-26,OA,60,USD,39190.0,39190.0,1410.05,55259860.0,2025-11-25,0.0,N,0,,,2025-12-09,paid,57588921.0,,2329061.0
INV-2509-0146,B139,DEU,2025-09-26,DA,90,EUR,9780.0,11434.77,1648.63,16123601.0,2025-12-25,0.0,Y,0,,,2025-12-25,paid,16631672.0,,508071.0
INV-2509-0147,B033,VNM,2025-09-27,LC_SIGHT,0,USD,2940.0,2940.0,1410.05,4145547.0,2025-10-03,0.0,N,0,,0,2025-10-03,paid,4134110.0,,-11437.0
INV-2509-0148,B049,ARE,2025-09-27,DA,90,USD,6300.0,6300.0,1410.05,8883315.0,2025-12-26,0.0,N,0,,,2025-12-26,paid,9079308.0,,195993.0
INV-2509-0149,B057,VNM,2025-09-27,LC_USANCE,90,USD,25810.0,25810.0,1410.05,36393390.0,2025-12-26,0.0,N,0,,0,2025-12-26,paid,37196340.0,,802950.0
INV-2509-0150,B086,DEU,2025-09-27,OA,90,EUR,12880.0,15059.29,1648.63,21234354.0,2025-12-26,0.0,N,0,,,2025-12-21,paid,22301720.0,,1067366.0
INV-2509-0151,B092,POL,2025-09-27,TT_SPLIT_30_70,30,EUR,3760.0,4396.19,1648.63,6198849.0,2025-10-27,0.3,N,0,,,2025-10-27,paid,6229858.0,,31009.0
INV-2509-0152,B129,CHN,2025-09-27,TT_ADV,0,USD,8280.0,8280.0,1410.05,11675214.0,2025-09-27,1.0,N,0,,,2025-09-21,paid,11570720.0,,-104494.0
INV-2509-0153,B043,CHN,2025-09-28,OA,90,CNY,64800.0,9085.01,197.69,12810312.0,2025-12-27,0.0,Y,0,,,2026-01-04,paid,13394808.0,,584496.0
INV-2509-0154,B058,MYS,2025-09-28,OA,30,USD,10000.0,10000.0,1410.05,14100500.0,2025-10-28,0.0,N,1,QUANTITY,,2025-10-23,paid,14372500.0,,272000.0
INV-2509-0155,B095,EGY,2025-09-28,OA,30,USD,6960.0,6960.0,1410.05,9813948.0,2025-10-28,0.0,Y,0,,,2025-10-28,paid,9971731.0,,157783.0
INV-2509-0156,B095,EGY,2025-09-28,OA,30,USD,13990.0,13990.0,1410.05,19726600.0,2025-10-28,0.0,Y,0,,,2025-10-28,paid,20043753.0,,317153.0
INV-2509-0157,B098,IND,2025-09-28,OA,30,USD,64290.0,64290.0,1410.05,90652114.0,2025-10-28,0.0,Y,0,,,2025-10-28,paid,92028450.0,,1376336.0
INV-2509-0158,B107,DEU,2025-09-28,OA,60,EUR,5720.0,6687.82,1648.63,9430164.0,2025-11-27,0.0,Y,0,,,2025-11-10,paid,9617265.0,,187101.0
INV-2509-0159,B137,ARE,2025-09-28,TT_ADV,0,USD,4010.0,4010.0,1410.05,5654300.0,2025-09-28,1.0,N,0,,,2025-09-17,paid,5515755.0,,-138545.0
INV-2509-0160,B073,BRA,2025-09-29,OA,30,USD,9860.0,9860.0,1399.76,13801634.0,2025-10-29,0.0,N,0,,,2025-10-25,paid,14182131.0,,380497.0
INV-2509-0161,B098,IND,2025-09-29,OA,30,USD,19290.0,19290.0,1399.76,27001370.0,2025-10-29,0.0,Y,0,,,2025-10-28,paid,27637169.0,,635799.0
INV-2509-0162,B140,USA,2025-09-29,OA,60,USD,4690.0,4690.0,1399.76,6564874.0,2025-11-28,0.0,Y,0,,,2025-11-22,paid,6898240.0,,333366.0
INV-2509-0163,B076,POL,2025-09-30,OA,60,EUR,12530.0,14703.93,1648.33,20653575.0,2025-11-29,0.0,Y,0,,,2025-11-17,paid,21212914.0,,559339.0
INV-2509-0164,B083,USA,2025-09-30,OA,60,USD,2200.0,2200.0,1404.63,3090186.0,2025-11-29,0.0,Y,0,,,,default,,2984322.0,-105864.0
INV-2509-0165,B092,POL,2025-09-30,TT_SPLIT_30_70,30,EUR,3500.0,4107.24,1648.33,5769155.0,2025-10-30,0.3,N,0,,,2025-10-28,paid,5795646.0,,26492.0
INV-2509-0166,B108,VNM,2025-09-30,OA,90,USD,17770.0,17770.0,1404.63,24960275.0,2025-12-29,0.0,Y,0,,,2025-12-29,paid,25480048.0,,519773.0
INV-2509-0167,B120,JPN,2025-09-30,TT_SPLIT_30_70,30,JPY,706000.0,4771.25,9.4927,6701846.0,2025-10-30,0.3,N,0,,,2025-10-22,paid,6652991.0,,-48855.0
INV-2509-0168,B122,JPN,2025-09-30,DA,60,JPY,7248000.0,48983.07,9.4927,68803090.0,2025-11-29,0.0,N,0,,,2025-11-09,paid,69187234.0,,384144.0
INV-2509-0169,B137,ARE,2025-09-30,TT_ADV,0,USD,38720.0,38720.0,1404.63,54387274.0,2025-09-30,1.0,N,0,,,2025-09-23,paid,53986522.0,,-400752.0
INV-2510-0001,B007,NLD,2025-10-01,OA,90,EUR,10790.0,12649.1,1644.09,17739731.0,2025-12-30,0.0,Y,0,,,2025-12-30,paid,18272649.0,,532918.0
INV-2510-0002,B018,NLD,2025-10-01,OA,30,EUR,18140.0,21265.49,1644.09,29823793.0,2025-10-31,0.0,Y,0,,,2025-10-21,paid,30144326.0,,320533.0
INV-2510-0003,B018,NLD,2025-10-01,TT_SPLIT_30_70,30,EUR,4210.0,4935.38,1644.09,6921619.0,2025-10-31,0.3,Y,0,,,2025-10-29,paid,6935891.0,,14272.0
INV-2510-0004,B037,SAU,2025-10-01,DA,90,USD,5790.0,5790.0,1402.45,8120186.0,2025-12-30,0.0,Y,0,,,2026-01-04,paid,8339825.0,,219639.0
INV-2510-0005,B081,JPN,2025-10-01,LC_USANCE,60,JPY,1548000.0,10519.16,9.5301,14752595.0,2025-11-30,0.0,N,0,,0,2025-11-30,paid,14547794.0,,-204801.0
INV-2510-0006,B124,CHN,2025-10-01,OA,60,CNY,91000.0,12780.68,196.97,17924270.0,2025-11-30,0.0,N,0,,,2025-11-30,paid,18877040.0,,952770.0
INV-2510-0007,B140,USA,2025-10-01,OA,60,USD,8770.0,8770.0,1402.45,12299486.0,2025-11-30,0.0,Y,0,,,2025-11-30,paid,12871290.0,,571804.0
INV-2510-0008,B059,IDN,2025-10-02,OA,30,USD,57810.0,57810.0,1406.72,81322483.0,2025-11-01,0.0,Y,1,QUANTITY,,2025-11-02,paid,82574070.0,,1251587.0
INV-2510-0009,B086,DEU,2025-10-02,OA,90,EUR,18620.0,21777.96,1645.3,30635486.0,2025-12-31,0.0,N,0,,,2025-12-31,paid,31566858.0,,931372.0
INV-2510-0010,B033,VNM,2025-10-03,LC_SIGHT,0,USD,6510.0,6510.0,1406.16,9154102.0,2025-10-10,0.0,N,0,,0,2025-10-10,paid,9298819.0,,144717.0
INV-2510-0011,B023,IDN,2025-10-04,DA,90,USD,19610.0,19610.0,1406.16,27574798.0,2026-01-02,0.0,Y,0,,,2026-01-02,paid,28325664.0,,750866.0
INV-2510-0012,B028,JPN,2025-10-04,OA,90,JPY,978000.0,6638.17,9.5443,9334325.0,2026-01-02,0.0,Y,0,,,2025-12-30,paid,9009043.0,,-325282.0
INV-2510-0013,B117,CHN,2025-10-04,OA,30,USD,11290.0,11290.0,1406.16,15875546.0,2025-11-03,0.0,Y,0,,,2025-11-03,paid,16152039.0,,276493.0
INV-2510-0014,B026,THA,2025-10-05,OA,60,USD,7740.0,7740.0,1406.16,10883678.0,2025-12-04,0.0,Y,0,,,2025-12-04,paid,11402723.0,,519045.0
INV-2510-0015,B035,TWN,2025-10-05,TT_ADV,0,USD,5920.0,5920.0,1406.16,8324467.0,2025-10-05,1.0,N,0,,,2025-09-23,paid,8254138.0,,-70329.0
INV-2510-0016,B055,USA,2025-10-05,OA,60,USD,1990.0,1990.0,1406.16,2798258.0,2025-12-04,0.0,Y,0,,,2026-02-22,paid,2877480.0,,79222.0
INV-2510-0017,B056,USA,2025-10-05,OA,90,USD,6360.0,6360.0,1406.16,8943178.0,2026-01-03,0.0,Y,0,,,2026-01-03,paid,9186702.0,,243524.0
INV-2510-0018,B063,CHN,2025-10-05,TT_ADV,0,CNY,271800.0,38173.31,197.49,53677782.0,2025-10-05,1.0,N,0,,,2025-09-05,paid,52791714.0,,-886068.0
INV-2510-0019,B075,DEU,2025-10-05,OA,60,EUR,18570.0,21814.23,1651.82,30674297.0,2025-12-04,0.0,Y,0,,,2025-12-03,paid,31741515.0,,1067218.0
INV-2510-0020,B087,TWN,2025-10-05,TT_ADV,0,USD,10170.0,10170.0,1406.16,14300647.0,2025-10-05,1.0,N,0,,,2025-09-23,paid,14179828.0,,-120819.0
INV-2510-0021,B087,TWN,2025-10-05,TT_ADV,0,USD,16340.0,16340.0,1406.16,22976654.0,2025-10-05,1.0,N,0,,,2025-09-22,paid,22751816.0,,-224838.0
INV-2510-0022,B109,VNM,2025-10-05,OA,30,USD,24620.0,24620.0,1406.16,34619659.0,2025-11-04,0.0,Y,0,,,2025-10-29,paid,34980835.0,,361176.0
INV-2510-0023,B113,JPN,2025-10-05,OA,90,JPY,1523000.0,10337.35,9.5443,14535969.0,2026-01-03,0.0,Y,1,QUALITY,,2026-01-05,paid,14043726.0,,-492243.0
INV-2510-0024,B033,VNM,2025-10-06,LC_SIGHT,0,USD,10590.0,10590.0,1410.47,14936877.0,2025-10-15,0.0,N,0,,8,2025-10-23,paid,15220478.0,,283600.0
INV-2510-0025,B087,TWN,2025-10-06,TT_SPLIT_30_70,30,USD,6970.0,6970.0,1410.47,9830976.0,2025-11-05,0.3,Y,0,,,2025-11-04,paid,9887338.0,,56362.0
INV-2510-0026,B107,DEU,2025-10-06,OA,60,EUR,50000.0,58535.1,1651.24,82562000.0,2025-12-05,0.0,Y,0,,,2026-01-24,paid,86055262.0,,3493262.0
INV-2510-0027,B074,MYS,2025-10-07,OA,30,USD,22590.0,22590.0,1413.12,31922381.0,2025-11-06,0.0,N,0,,,2025-11-06,paid,32739235.0,,816854.0
INV-2510-0028,B133,USA,2025-10-07,OA,90,USD,1460.0,1460.0,1413.12,2063155.0,2026-01-05,0.0,Y,0,,,2026-01-05,paid,2109525.0,,46370.0
INV-2510-0029,B043,CHN,2025-10-08,OA,90,CNY,191700.0,26923.64,200.02,38343834.0,2026-01-06,0.0,Y,0,,,2026-01-31,paid,39697587.0,,1353753.0
INV-2510-0030,B062,USA,2025-10-08,OA,60,USD,40650.0,40650.0,1424.17,57892510.0,2025-12-07,0.0,Y,1,QUALITY,,2025-12-11,paid,59798523.0,,1906013.0
INV-2510-0031,B141,DEU,2025-10-08,DA,60,EUR,11010.0,12778.19,1652.89,18198319.0,2025-12-07,0.0,N,0,,,2025-11-30,paid,18744195.0,,545876.0
INV-2510-0032,B026,THA,2025-10-09,OA,60,USD,4360.0,4360.0,1423.68,6207245.0,2025-12-08,0.0,Y,0,,,2025-12-08,paid,6405668.0,,198423.0
INV-2510-0033,B089,NGA,2025-10-09,LC_SIGHT,0,USD,37260.0,37260.0,1423.68,53046317.0,2025-10-16,0.0,N,0,,0,2025-10-16,paid,52762768.0,,-283549.0
INV-2510-0034,B098,IND,2025-10-09,OA,30,USD,5410.0,5410.0,1423.68,7702109.0,2025-11-08,0.0,Y,1,PRICE,,2025-11-01,paid,7727482.0,,25373.0
INV-2510-0035,B098,IND,2025-10-09,OA,30,USD,48980.0,48980.0,1423.68,69731846.0,2025-11-08,0.0,Y,0,,,2025-11-06,paid,70074686.0,,342840.0
INV-2510-0036,B127,VNM,2025-10-09,DP,0,USD,8870.0,8870.0,1423.68,12628042.0,2025-10-22,0.0,N,0,,,2025-10-22,paid,12683568.0,,55526.0
INV-2510-0037,B037,SAU,2025-10-10,DA,90,USD,40710.0,40710.0,1428.39,58149757.0,2026-01-08,0.0,Y,1,QUALITY,,2026-01-06,paid,58806312.0,,656555.0
INV-2510-0038,B058,MYS,2025-10-10,OA,30,USD,13910.0,13910.0,1428.39,19868905.0,2025-11-09,0.0,N,0,,,2025-11-09,paid,20323484.0,,454579.0
INV-2510-0039,B066,ARE,2025-10-10,DA,60,USD,9750.0,9750.0,1428.39,13926803.0,2025-12-09,0.0,Y,1,DOCS,,2025-12-09,paid,14327430.0,,400627.0
INV-2510-0040,B071,TWN,2025-10-10,OA,60,USD,15000.0,15000.0,1428.39,21425850.0,2025-12-09,0.0,Y,0,,,2025-12-08,paid,22037850.0,,612000.0
INV-2510-0041,B101,IND,2025-10-10,DA,60,USD,3140.0,3140.0,1428.39,4485145.0,2025-12-09,0.0,Y,0,,,2025-11-26,paid,4610745.0,,125600.0
INV-2510-0042,B101,IND,2025-10-10,DA,60,USD,62180.0,62180.0,1428.39,88817290.0,2025-12-09,0.0,Y,0,,,2025-12-08,paid,91342405.0,,2525115.0
INV-2510-0043,B135,TUR,2025-10-10,OA,30,USD,4580.0,4580.0,1428.39,6542026.0,2025-11-09,0.0,Y,0,,,2025-10-28,paid,6561858.0,,19832.0
INV-2510-0044,B004,EGY,2025-10-11,LC_SIGHT,0,USD,15150.0,15150.0,1428.39,21640108.0,2025-10-21,0.0,N,0,,0,2025-10-21,paid,21673287.0,,33179.0
INV-2510-0045,B080,JPN,2025-10-11,OA,60,JPY,501000.0,3297.35,9.401,4709901.0,2025-12-10,0.0,Y,1,QUANTITY,,2025-12-21,paid,4701184.0,,-8717.0
INV-2510-0046,B087,TWN,2025-10-11,TT_SPLIT_30_70,30,USD,13830.0,13830.0,1428.39,19754634.0,2025-11-10,0.3,Y,0,,,2025-11-10,paid,19751840.0,,-2794.0
INV-2510-0047,B089,NGA,2025-10-11,LC_SIGHT,0,USD,3400.0,3400.0,1428.39,4856526.0,2025-10-17,0.0,N,0,,0,2025-10-17,paid,4834426.0,,-22100.0
INV-2510-0048,B101,IND,2025-10-11,DA,60,USD,5170.0,5170.0,1428.39,7384776.0,2025-12-10,0.0,Y,0,,,2025-12-08,paid,7595712.0,,210936.0
INV-2510-0049,B138,CHN,2025-10-11,OA,90,CNY,43300.0,6069.44,200.22,8669526.0,2026-01-09,0.0,Y,0,,,2026-01-03,paid,8950543.0,,281017.0
INV-2510-0050,B148,ARE,2025-10-11,OA,60,USD,16660.0,16660.0,1428.39,23796977.0,2025-12-10,0.0,N,0,,,2025-12-04,paid,24543845.0,,746868.0
INV-2510-0051,B148,ARE,2025-10-11,OA,60,USD,11150.0,11150.0,1428.39,15926549.0,2025-12-10,0.0,N,0,,,2025-12-08,paid,16381468.0,,454920.0
INV-2510-0052,B031,MEX,2025-10-12,OA,60,USD,11660.0,11660.0,1428.39,16655027.0,2025-12-11,0.0,Y,0,,,2025-11-29,paid,17112799.0,,457772.0
INV-2510-0053,B044,THA,2025-10-12,DA,90,USD,5610.0,5610.0,1428.39,8013268.0,2026-01-10,0.0,N,0,,,,default,,7610021.0,-403247.0
INV-2510-0054,B087,TWN,2025-10-12,TT_SPLIT_30_70,30,USD,5870.0,5870.0,1428.39,8384649.0,2025-11-11,0.3,Y,0,,,2025-11-11,paid,8436117.0,,51468.0
INV-2510-0055,B087,TWN,2025-10-12,TT_SPLIT_30_70,30,USD,1120.0,1120.0,1428.39,1599797.0,2025-11-11,0.3,Y,0,,,2025-11-11,paid,1610175.0,,10378.0
INV-2510-0056,B098,IND,2025-10-12,OA,30,USD,19460.0,19460.0,1428.39,27796469.0,2025-11-11,0.0,Y,0,,,2025-11-11,paid,28331128.0,,534659.0
INV-2510-0057,B104,MEX,2025-10-12,OA,60,USD,19400.0,19400.0,1428.39,27710766.0,2025-12-11,0.0,Y,0,,,2025-12-06,paid,28572902.0,,862136.0
INV-2510-0058,B005,VNM,2025-10-13,OA,90,USD,34600.0,34600.0,1428.39,49422294.0,2026-01-11,0.0,Y,1,DOCS,,2026-01-11,paid,50330606.0,,908312.0
INV-2510-0059,B073,BRA,2025-10-13,OA,30,USD,27500.0,27500.0,1428.39,39280725.0,2025-11-12,0.0,N,0,,,2025-10-28,paid,39399800.0,,119075.0
INV-2510-0060,B084,POL,2025-10-13,OA,90,EUR,33160.0,38508.72,1658.79,55005476.0,2026-01-11,0.0,N,0,,,2026-01-11,paid,56270862.0,,1265386.0
INV-2510-0061,B148,ARE,2025-10-13,OA,60,USD,5330.0,5330.0,1428.39,7613319.0,2025-12-12,0.0,N,0,,,2025-12-12,paid,7876248.0,,262929.0
INV-2510-0062,B005,VNM,2025-10-14,OA,90,USD,10000.0,10000.0,1429.91,14299100.0,2026-01-12,0.0,Y,0,,,2026-01-11,paid,14586100.0,,287000.0
INV-2510-0063,B033,VNM,2025-10-14,LC_SIGHT,0,USD,7910.0,7910.0,1429.91,11310588.0,2025-10-21,0.0,N,0,,0,2025-10-21,paid,11315888.0,,5300.0
INV-2510-0064,B059,IDN,2025-10-14,OA,30,USD,24250.0,24250.0,1429.91,34675318.0,2025-11-13,0.0,Y,0,,,2025-11-13,paid,35534010.0,,858692.0
INV-2510-0065,B070,POL,2025-10-14,TT_ADV,0,EUR,41460.0,48126.78,1659.84,68816966.0,2025-10-14,1.0,N,0,,,2025-09-18,paid,67814464.0,,-1002502.0
INV-2510-0066,B087,TWN,2025-10-14,TT_SPLIT_30_70,30,USD,12610.0,12610.0,1429.91,18031165.0,2025-11-13,0.3,Y,0,,,2025-11-13,paid,18223836.0,,192671.0
INV-2510-0067,B088,USA,2025-10-14,TT_ADV,0,USD,27350.0,27350.0,1429.91,39108038.0,2025-10-14,1.0,N,0,,,2025-10-09,paid,38937648.0,,-170390.0
INV-2510-0068,B098,IND,2025-10-14,OA,30,USD,6720.0,6720.0,1429.91,9608995.0,2025-11-13,0.0,Y,1,QUALITY,,2025-11-11,paid,9786605.0,,177610.0
INV-2510-0069,B106,TUR,2025-10-14,LC_SIGHT,0,USD,9230.0,9230.0,1429.91,13198069.0,2025-10-22,0.0,N,0,,0,2025-10-22,paid,13198346.0,,277.0
INV-2510-0070,B118,USA,2025-10-14,DA,90,USD,6620.0,6620.0,1429.91,9466004.0,2026-01-12,0.0,Y,0,,,2026-01-12,paid,9712070.0,,246066.0
INV-2510-0071,B120,JPN,2025-10-14,OA,60,JPY,2111000.0,13909.27,9.4216,19888998.0,2025-12-13,0.0,N,0,,,2025-12-13,paid,20020935.0,,131937.0
INV-2510-0072,B143,MYS,2025-10-14,OA,30,USD,20110.0,20110.0,1429.91,28755490.0,2025-11-13,0.0,Y,0,,,2025-11-13,paid,29467585.0,,712095.0
INV-2510-0073,B030,TUR,2025-10-15,OA,60,USD,5590.0,5590.0,1423.12,7955241.0,2025-12-14,0.0,N,0,,,2025-12-31,paid,8075034.0,,119794.0
INV-2510-0074,B059,IDN,2025-10-15,OA,30,USD,6120.0,6120.0,1423.12,8709494.0,2025-11-14,0.0,Y,1,QUALITY,,2025-11-20,paid,9012618.0,,303124.0
INV-2510-0075,B076,POL,2025-10-15,OA,60,EUR,4430.0,5155.64,1656.23,7337099.0,2025-12-14,0.0,Y,1,DOCS,,2025-12-14,paid,7679449.0,,342350.0
INV-2510-0076,B087,TWN,2025-10-15,TT_SPLIT_30_70,30,USD,4780.0,4780.0,1423.12,6802514.0,2025-11-14,0.3,Y,0,,,2025-11-13,paid,6925575.0,,123061.0
INV-2510-0077,B098,IND,2025-10-15,OA,30,USD,20190.0,20190.0,1423.12,28732793.0,2025-11-14,0.0,Y,0,,,2025-11-14,paid,29340108.0,,607315.0
INV-2510-0078,B098,IND,2025-10-15,TT_ADV,0,USD,4640.0,4640.0,1423.12,6603277.0,2025-10-15,1.0,N,0,,,2025-10-02,paid,6527181.0,,-76096.0
INV-2510-0079,B140,USA,2025-10-15,OA,60,USD,4020.0,4020.0,1423.12,5720942.0,2025-12-14,0.0,Y,1,PRICE,,2025-12-14,paid,5940434.0,,219492.0
INV-2510-0080,B023,IDN,2025-10-16,TT_ADV,0,USD,5330.0,5330.0,1416.07,7547653.0,2025-10-16,1.0,N,0,,,2025-10-04,paid,7494833.0,,-52820.0
INV-2510-0081,B148,ARE,2025-10-16,OA,60,USD,53210.0,53210.0,1416.07,75349085.0,2025-12-15,0.0,N,1,QUANTITY,,2025-12-19,paid,78473840.0,,3124755.0
INV-2510-0082,B047,MEX,2025-10-17,OA,90,USD,3230.0,3230.0,1421.89,4592705.0,2026-01-15,0.0,Y,0,,,2026-01-12,paid,4738668.0,,145963.0
INV-2510-0083,B128,GBR,2025-10-17,OA,90,USD,8810.0,8810.0,1421.89,12526851.0,2026-01-15,0.0,N,0,,,2026-01-08,paid,12793442.0,,266590.0
INV-2510-0084,B132,IDN,2025-10-17,OA,60,USD,2140.0,2140.0,1421.89,3042845.0,2025-12-16,0.0,Y,0,,,2025-12-16,paid,3151107.0,,108262.0
INV-2510-0085,B062,USA,2025-10-18,OA,60,USD,11080.0,11080.0,1421.89,15754541.0,2025-12-17,0.0,Y,0,,,2025-12-11,paid,16302890.0,,548349.0
INV-2510-0086,B086,DEU,2025-10-18,OA,90,EUR,11750.0,13716.91,1659.91,19503942.0,2026-01-16,0.0,N,0,,,2026-01-16,paid,20089562.0,,585620.0
INV-2510-0087,B089,NGA,2025-10-18,LC_SIGHT,0,USD,6550.0,6550.0,1421.89,9313380.0,2025-10-25,0.0,N,0,,0,2025-10-25,paid,9421192.0,,107812.0
INV-2510-0088,B090,USA,2025-10-18,OA,60,USD,3430.0,3430.0,1421.89,4877083.0,2025-12-17,0.0,N,0,,,2025-12-17,paid,5059422.0,,182338.0
INV-2510-0089,B142,IND,2025-10-18,OA,30,USD,4170.0,4170.0,1421.89,5929281.0,2025-11-17,0.0,Y,0,,,2025-11-28,paid,6120165.0,,190884.0
INV-2510-0090,B148,ARE,2025-10-18,OA,60,USD,18400.0,18400.0,1421.89,26162776.0,2025-12-17,0.0,N,1,DOCS,,2025-12-24,paid,27151348.0,,988572.0
INV-2510-0091,B022,IDN,2025-10-19,OA,90,USD,19860.0,19860.0,1421.89,28238735.0,2026-01-17,0.0,Y,1,QUANTITY,,2026-01-11,paid,28967995.0,,729260.0
INV-2510-0092,B084,POL,2025-10-19,OA,90,EUR,8180.0,9549.31,1659.91,13578064.0,2026-01-17,0.0,N,1,DOCS,,2026-01-17,paid,13985755.0,,407691.0
INV-2510-0093,B125,MEX,2025-10-19,DA,60,USD,3950.0,3950.0,1421.89,5616466.0,2025-12-18,0.0,Y,1,DOCS,,2025-12-18,paid,5819180.0,,202714.0
INV-2510-0094,B062,USA,2025-10-20,TT_ADV,0,USD,49040.0,49040.0,1420.39,69655926.0,2025-10-20,1.0,N,0,,,2025-10-02,paid,68985549.0,,-670377.0
INV-2510-0095,B062,USA,2025-10-20,OA,60,USD,12610.0,12610.0,1420.39,17911118.0,2025-12-19,0.0,Y,0,,,2025-12-19,paid,18628249.0,,717131.0
INV-2510-0096,B144,TUR,2025-10-20,OA,60,USD,8520.0,8520.0,1420.39,12101723.0,2025-12-19,0.0,N,0,,,2025-12-19,paid,12586255.0,,484532.0
INV-2510-0097,B009,CHN,2025-10-21,TT_ADV,0,CNY,271700.0,38149.83,200.87,54576379.0,2025-10-21,1.0,N,0,,,2025-10-09,paid,54269358.0,,-307021.0
INV-2510-0098,B013,CHN,2025-10-21,TT_ADV,0,USD,4660.0,4660.0,1430.58,6666503.0,2025-10-21,1.0,N,0,,,2025-10-09,paid,6634349.0,,-32154.0
INV-2510-0099,B028,JPN,2025-10-21,OA,90,JPY,981000.0,6465.87,9.4291,9249947.0,2026-01-19,0.0,Y,1,QUALITY,,2026-01-21,paid,9092693.0,,-157254.0
INV-2510-0100,B126,GBR,2025-10-21,OA,60,USD,8870.0,8870.0,1430.58,12689245.0,2025-12-20,0.0,N,0,,,2025-12-20,paid,13103296.0,,414051.0
INV-2510-0101,B077,VNM,2025-10-22,DP,0,USD,13270.0,13270.0,1429.94,18975304.0,2025-11-03,0.0,N,0,,,2025-11-03,paid,18984726.0,,9422.0
INV-2510-0102,B104,MEX,2025-10-22,OA,60,USD,2030.0,2030.0,1429.94,2902778.0,2025-12-21,0.0,Y,0,,,2025-12-28,paid,2925555.0,,22777.0
INV-2510-0103,B114,JPN,2025-10-22,OA,90,JPY,7170000.0,47236.24,9.4205,67544985.0,2026-01-20,0.0,N,0,,,2026-01-20,paid,67132710.0,,-412275.0
INV-2510-0104,B050,USA,2025-10-23,OA,60,USD,26690.0,26690.0,1437.25,38360202.0,2025-12-22,0.0,Y,0,,,2025-12-25,paid,38530218.0,,170016.0
INV-2510-0105,B077,VNM,2025-10-23,DP,0,USD,5970.0,5970.0,1437.25,8580382.0,2025-11-05,0.0,N,0,,,2025-11-05,paid,8602472.0,,22090.0
INV-2510-0106,B036,VNM,2025-10-24,TT_ADV,0,USD,19930.0,19930.0,1438.35,28666316.0,2025-10-24,1.0,N,0,,,2025-10-15,paid,28362782.0,,-303534.0
INV-2510-0107,B080,JPN,2025-10-24,OA,60,JPY,635000.0,4155.24,9.4121,5976684.0,2025-12-23,0.0,Y,1,QUALITY,,2025-12-23,paid,6017514.0,,40830.0
INV-2510-0108,B088,USA,2025-10-24,TT_ADV,0,USD,5500.0,5500.0,1438.35,7910925.0,2025-10-24,1.0,N,0,,,2025-10-09,paid,7830240.0,,-80685.0
INV-2510-0109,B148,ARE,2025-10-24,OA,60,USD,7680.0,7680.0,1438.35,11046528.0,2025-12-23,0.0,N,0,,,2025-12-24,paid,11087002.0,,40474.0
INV-2510-0110,B148,ARE,2025-10-24,OA,60,USD,6460.0,6460.0,1438.35,9291741.0,2025-12-23,0.0,N,0,,,2025-12-24,paid,9325785.0,,34044.0
INV-2510-0111,B019,USA,2025-10-25,DA,90,USD,6390.0,6390.0,1438.35,9191056.0,2026-01-23,0.0,Y,0,,,2026-01-16,paid,9419180.0,,228124.0
INV-2510-0112,B068,THA,2025-10-25,OA,60,USD,15510.0,15510.0,1438.35,22308808.0,2025-12-24,0.0,N,0,,,2025-12-24,paid,22390546.0,,81738.0
INV-2510-0113,B073,BRA,2025-10-25,OA,30,USD,10490.0,10490.0,1438.35,15088291.0,2025-11-24,0.0,N,0,,,2025-11-19,paid,15396068.0,,307777.0
INV-2510-0114,B077,VNM,2025-10-25,DP,0,USD,5670.0,5670.0,1438.35,8155444.0,2025-11-08,0.0,N,0,,,2025-11-08,paid,8284267.0,,128823.0
INV-2510-0115,B081,JPN,2025-10-25,LC_USANCE,60,JPY,225000.0,1472.33,9.4121,2117722.0,2025-12-24,0.0,N,0,,0,2025-12-24,paid,2084422.0,,-33300.0
INV-2510-0116,B124,CHN,2025-10-25,OA,60,CNY,26300.0,3693.17,201.98,5312074.0,2025-12-24,0.0,N,1,DOCS,,2026-01-12,paid,5533257.0,,221183.0
INV-2510-0117,B148,ARE,2025-10-25,OA,60,USD,27580.0,27580.0,1438.35,39669693.0,2025-12-24,0.0,N,0,,,2025-12-24,paid,39815040.0,,145347.0
INV-2510-0118,B011,IND,2025-10-26,LC_SIGHT,0,USD,4440.0,4440.0,1438.35,6386274.0,2025-11-04,0.0,N,0,,0,2025-11-04,paid,6394577.0,,8303.0
INV-2510-0119,B046,USA,2025-10-26,OA,30,USD,39150.0,39150.0,1438.35,56311402.0,2025-11-25,0.0,N,1,PRICE,,2025-12-26,paid,57031378.0,,719976.0
INV-2510-0120,B073,BRA,2025-10-26,OA,30,USD,5320.0,5320.0,1438.35,7652022.0,2025-11-25,0.0,N,0,,,2025-11-24,paid,7852001.0,,199979.0
INV-2510-0121,B084,POL,2025-10-26,OA,90,EUR,12020.0,13974.49,1672.23,20100205.0,2026-01-24,0.0,N,1,QUANTITY,,2026-02-09,paid,20853137.0,,752932.0
INV-2510-0122,B108,VNM,2025-10-26,OA,90,USD,14040.0,14040.0,1438.35,20194434.0,2026-01-24,0.0,Y,0,,,2026-01-21,paid,20581938.0,,387504.0
INV-2510-0123,B119,IND,2025-10-26,DA,90,USD,11240.0,11240.0,1438.35,16167054.0,2026-01-24,0.0,Y,0,,,2026-01-24,paid,16442884.0,,275830.0
INV-2510-0124,B033,VNM,2025-10-27,LC_SIGHT,0,USD,3230.0,3230.0,1432.72,4627686.0,2025-11-03,0.0,N,0,,0,2025-11-03,paid,4621000.0,,-6686.0
INV-2510-0125,B072,DEU,2025-10-27,OA,30,EUR,9790.0,11391.62,1667.11,16321007.0,2025-11-26,0.0,N,0,,,2025-11-25,paid,16603840.0,,282833.0
INV-2510-0126,B120,JPN,2025-10-27,OA,60,JPY,2907000.0,18988.87,9.3587,27205741.0,2025-12-26,0.0,N,1,DOCS,,2026-01-25,paid,26946956.0,,-258785.0
INV-2510-0127,B148,ARE,2025-10-27,OA,60,USD,8830.0,8830.0,1432.72,12650918.0,2025-12-26,0.0,N,1,QUALITY,,2025-12-24,paid,12747165.0,,96247.0
INV-2510-0128,B003,IDN,2025-10-28,DA,90,USD,13600.0,13600.0,1432.72,19484992.0,2026-01-26,0.0,N,0,,,2026-01-26,paid,19604264.0,,119272.0
INV-2510-0129,B084,POL,2025-10-28,OA,90,EUR,38440.0,44817.24,1670.41,64210560.0,2026-01-26,0.0,N,1,QUALITY,,2026-03-17,paid,66457979.0,,2247419.0
INV-2510-0130,B087,TWN,2025-10-28,OA,30,USD,4240.0,4240.0,1432.72,6074733.0,2025-11-27,0.0,Y,0,,,2025-11-13,paid,6212957.0,,138224.0
INV-2510-0131,B113,JPN,2025-10-28,OA,90,JPY,4881000.0,32082.24,9.4171,45964865.0,2026-01-26,0.0,Y,0,,,2026-01-23,paid,45315692.0,,-649173.0
INV-2510-0132,B013,CHN,2025-10-29,TT_ADV,0,USD,309620.0,309620.0,1420.83,439917385.0,2025-10-29,1.0,N,0,,,2025-10-13,paid,442258112.0,,2340727.0
INV-2510-0133,B023,IDN,2025-10-29,DA,90,USD,10090.0,10090.0,1420.83,14336175.0,2026-01-27,0.0,Y,0,,,2026-01-08,paid,14652194.0,,316018.0
INV-2510-0134,B050,USA,2025-10-29,OA,60,USD,16190.0,16190.0,1420.83,23003238.0,2025-12-28,0.0,Y,0,,,2025-12-28,paid,23332380.0,,329142.0
INV-2510-0135,B064,USA,2025-10-29,TT_SPLIT_30_70,30,USD,63170.0,63170.0,1420.83,89753831.0,2025-11-28,0.3,Y,0,,,2025-11-28,paid,91967434.0,,2213603.0
INV-2510-0136,B098,IND,2025-10-29,OA,30,USD,7630.0,7630.0,1420.83,10840933.0,2025-11-28,0.0,Y,0,,,2025-11-25,paid,11200993.0,,360060.0
INV-2510-0137,B139,DEU,2025-10-29,DA,90,EUR,5300.0,6181.93,1657.26,8783478.0,2026-01-27,0.0,Y,1,QUALITY,,2026-01-27,paid,9126971.0,,343493.0
INV-2510-0138,B150,GBR,2025-10-30,OA,30,USD,15580.0,15580.0,1430.45,22286411.0,2025-11-29,0.0,Y,0,,,2025-12-07,paid,22946691.0,,660280.0
INV-2510-0139,B060,IDN,2025-10-31,TT_ADV,0,USD,26870.0,26870.0,1428.37,38380302.0,2025-10-31,1.0,N,0,,,2025-10-19,paid,38206184.0,,-174118.0
INV-2510-0140,B081,JPN,2025-10-31,LC_USANCE,60,JPY,1612000.0,10464.11,9.2721,14946625.0,2025-12-30,0.0,N,0,,0,2025-12-30,paid,14849260.0,,-97365.0
INV-2510-0141,B137,ARE,2025-10-31,TT_ADV,0,USD,7940.0,7940.0,1428.37,11341258.0,2025-10-31,1.0,N,0,,,2025-10-16,paid,11243596.0,,-97662.0
INV-2510-0142,B137,ARE,2025-10-31,TT_ADV,0,USD,7290.0,7290.0,1428.37,10412817.0,2025-10-31,1.0,N,0,,,2025-10-23,paid,10477552.0,,64736.0
INV-2511-0001,B064,USA,2025-11-01,TT_SPLIT_30_70,30,USD,41720.0,41720.0,1428.37,59591596.0,2025-12-01,0.3,Y,0,,,2025-11-30,paid,60657626.0,,1066030.0
INV-2511-0002,B087,TWN,2025-11-01,TT_SPLIT_30_70,30,USD,11470.0,11470.0,1428.37,16383404.0,2025-12-01,0.3,Y,0,,,2025-11-27,paid,16727433.0,,344029.0
INV-2511-0003,B093,NGA,2025-11-02,OA,30,USD,146740.0,146740.0,1428.37,209599014.0,2025-12-02,0.0,Y,0,,,2025-11-26,paid,215462491.0,,5863477.0
INV-2511-0004,B098,IND,2025-11-02,OA,30,USD,7980.0,7980.0,1428.37,11398393.0,2025-12-02,0.0,Y,0,,,2025-11-26,paid,11717752.0,,319359.0
INV-2511-0005,B022,IDN,2025-11-03,OA,90,USD,14480.0,14480.0,1430.65,20715812.0,2026-02-01,0.0,Y,0,,,2026-02-01,paid,20916505.0,,200693.0
INV-2511-0006,B052,VNM,2025-11-03,LC_SIGHT,0,USD,24890.0,24890.0,1430.65,35608878.0,2025-11-08,0.0,N,0,,0,2025-11-08,paid,36366032.0,,757154.0
INV-2511-0007,B082,JPN,2025-11-03,OA,60,JPY,3119000.0,20236.17,9.2821,28950870.0,2026-01-02,0.0,Y,0,,,2026-01-02,paid,28747199.0,,-203671.0
INV-2511-0008,B087,TWN,2025-11-03,TT_SPLIT_30_70,30,USD,10280.0,10280.0,1430.65,14707082.0,2025-12-03,0.3,Y,0,,,2025-11-30,paid,14972717.0,,265635.0
INV-2511-0009,B038,DEU,2025-11-04,TT_ADV,0,EUR,2880.0,3309.41,1654.96,4766285.0,2025-11-04,1.0,N,0,,,2025-10-11,paid,4777315.0,,11030.0
INV-2511-0010,B057,VNM,2025-11-04,LC_USANCE,90,USD,12130.0,12130.0,1440.22,17469869.0,2026-02-02,0.0,N,0,,0,2026-02-02,paid,17613124.0,,143255.0
INV-2511-0011,B066,ARE,2025-11-04,DA,60,USD,13960.0,13960.0,1440.22,20105471.0,2026-01-03,0.0,Y,0,,,2025-12-25,paid,20152935.0,,47464.0
INV-2511-0012,B079,JPN,2025-11-04,OA,60,JPY,2002000.0,13038.12,9.3795,18777759.0,2026-01-03,0.0,Y,0,,,2025-12-29,paid,18389771.0,,-387988.0
INV-2511-0013,B088,USA,2025-11-04,TT_ADV,0,USD,9370.0,9370.0,1440.22,13494861.0,2025-11-04,1.0,N,0,,,2025-10-29,paid,13313177.0,,-181684.0
INV-2511-0014,B115,CHN,2025-11-04,DA,60,CNY,16500.0,2314.34,202.01,3333165.0,2026-01-03,0.0,Y,0,,,2025-12-29,paid,3377220.0,,44055.0
INV-2511-0015,B128,GBR,2025-11-04,OA,90,USD,47490.0,47490.0,1440.22,68396048.0,2026-02-02,0.0,N,0,,,2026-02-10,paid,69184382.0,,788334.0
INV-2511-0016,B145,GBR,2025-11-04,TT_ADV,0,USD,12080.0,12080.0,1440.22,17397858.0,2025-11-04,1.0,N,0,,,2025-10-13,paid,17254951.0,,-142907.0
INV-2511-0017,B071,TWN,2025-11-05,OA,60,USD,30000.0,30000.0,1440.95,43228500.0,2026-01-04,0.0,Y,0,,,,default,,40695300.0,-2533200.0
INV-2511-0018,B072,DEU,2025-11-05,OA,30,EUR,1860.0,2136.21,1654.93,3078170.0,2025-12-05,0.0,N,0,,,2025-12-05,paid,3187370.0,,109200.0
INV-2511-0019,B090,USA,2025-11-05,OA,60,USD,10790.0,10790.0,1440.95,15547850.0,2026-01-04,0.0,N,0,,,2026-01-04,paid,15585616.0,,37766.0
INV-2511-0020,B093,NGA,2025-11-05,OA,30,USD,12940.0,12940.0,1440.95,18645893.0,2025-12-05,0.0,Y,0,,,2025-11-26,paid,19000967.0,,355074.0
INV-2511-0021,B118,USA,2025-11-05,DA,90,USD,24860.0,24860.0,1440.95,35822017.0,2026-02-03,0.0,Y,0,,,2026-01-20,paid,36751284.0,,929267.0
INV-2511-0022,B134,MEX,2025-11-05,OA,60,USD,15840.0,15840.0,1440.95,22824648.0,2026-01-04,0.0,Y,0,,,2026-01-07,paid,22927608.0,,102960.0
INV-2511-0023,B144,TUR,2025-11-05,OA,60,USD,29810.0,29810.0,1440.95,42954720.0,2026-01-04,0.0,N,0,,,2026-01-28,paid,43131867.0,,177147.0
INV-2511-0024,B026,THA,2025-11-06,OA,60,USD,13040.0,13040.0,1449.28,18898611.0,2026-01-05,0.0,Y,0,,,2025-12-30,paid,18770037.0,,-128574.0
INV-2511-0025,B059,IDN,2025-11-06,OA,30,USD,31330.0,31330.0,1449.28,45405942.0,2025-12-06,0.0,Y,0,,,2025-12-05,paid,46143764.0,,737822.0
INV-2511-0026,B066,ARE,2025-11-06,DA,60,USD,17750.0,17750.0,1449.28,25724720.0,2026-01-05,0.0,Y,0,,,2026-01-05,paid,25507690.0,,-217030.0
INV-2511-0027,B127,VNM,2025-11-06,TT_ADV,0,USD,13740.0,13740.0,1449.28,19913107.0,2025-11-06,1.0,N,0,,,2025-11-01,paid,19625804.0,,-287303.0
INV-2511-0028,B141,DEU,2025-11-06,DA,60,EUR,15370.0,17735.4,1672.32,25703558.0,2026-01-05,0.0,N,0,,,2025-12-18,paid,26558284.0,,854726.0
INV-2511-0029,B046,USA,2025-11-07,OA,30,USD,19260.0,19260.0,1461.07,28140208.0,2025-12-07,0.0,N,0,,,2025-12-26,paid,27756742.0,,-383466.0
INV-2511-0030,B059,IDN,2025-11-07,OA,30,USD,23250.0,23250.0,1461.07,33969878.0,2025-12-07,0.0,Y,0,,,2025-12-07,paid,34243298.0,,273420.0
INV-2511-0031,B081,JPN,2025-11-07,LC_USANCE,60,JPY,959000.0,6265.49,9.5457,9154326.0,2026-01-06,0.0,N,0,,0,2026-01-06,paid,8855214.0,,-299112.0
INV-2511-0032,B087,TWN,2025-11-07,TT_SPLIT_30_70,30,USD,26460.0,26460.0,1461.07,38659912.0,2025-12-07,0.3,Y,0,,,2025-12-07,paid,38688648.0,,28736.0
INV-2511-0033,B093,NGA,2025-11-07,OA,30,USD,39650.0,39650.0,1461.07,57931426.0,2025-12-07,0.0,Y,1,PRICE,,2025-12-05,paid,58397710.0,,466284.0
INV-2511-0034,B129,CHN,2025-11-07,OA,30,USD,7240.0,7240.0,1461.07,10578147.0,2025-12-07,0.0,Y,0,,,2025-12-07,paid,10663289.0,,85142.0
INV-2511-0035,B143,MYS,2025-11-07,OA,30,USD,5420.0,5420.0,1461.07,7918999.0,2025-12-07,0.0,Y,0,,,2025-12-06,paid,7982739.0,,63740.0
INV-2511-0036,B015,TWN,2025-11-08,DA,90,USD,1140.0,1140.0,1461.07,1665620.0,2026-02-06,0.0,N,1,QUALITY,,2026-02-13,paid,1644906.0,,-20714.0
INV-2511-0037,B024,USA,2025-11-08,OA,30,USD,4360.0,4360.0,1461.07,6370265.0,2025-12-08,0.0,Y,0,,,2025-12-07,paid,6421539.0,,51274.0
INV-2511-0038,B062,USA,2025-11-08,OA,60,USD,10040.0,10040.0,1461.07,14669143.0,2026-01-07,0.0,Y,0,,,2025-12-26,paid,14469246.0,,-199897.0
INV-2511-0039,B082,JPN,2025-11-08,OA,60,JPY,2190000.0,14308.06,9.5457,20905083.0,2026-01-07,0.0,Y,0,,,2026-01-07,paid,20225307.0,,-679776.0
INV-2511-0040,B088,USA,2025-11-08,TT_ADV,0,USD,17320.0,17320.0,1461.07,25305732.0,2025-11-08,1.0,N,0,,,2025-11-03,paid,24778858.0,,-526874.0
INV-2511-0041,B013,CHN,2025-11-09,TT_ADV,0,USD,6360.0,6360.0,1461.07,9292405.0,2025-11-09,1.0,N,0,,,2025-10-10,paid,9084560.0,,-207845.0
INV-2511-0042,B035,TWN,2025-11-09,OA,60,USD,11470.0,11470.0,1461.07,16758473.0,2026-01-08,0.0,N,0,,,2026-01-05,paid,16572774.0,,-185699.0
INV-2511-0043,B036,VNM,2025-11-09,TT_ADV,0,USD,7690.0,7690.0,1461.07,11235628.0,2025-11-09,1.0,N,0,,,2025-11-03,paid,11001698.0,,-233930.0
INV-2511-0044,B063,CHN,2025-11-09,TT_ADV,0,CNY,97800.0,13732.18,205.15,20063670.0,2025-11-09,1.0,N,0,,,2025-11-01,paid,19628460.0,,-435210.0
INV-2511-0045,B088,USA,2025-11-09,TT_ADV,0,USD,12560.0,12560.0,1461.07,18351039.0,2025-11-09,1.0,N,0,,,2025-11-03,paid,17968964.0,,-382075.0
INV-2511-0046,B145,GBR,2025-11-09,TT_ADV,0,USD,1910.0,1910.0,1461.07,2790644.0,2025-11-09,1.0,N,0,,,2025-10-29,paid,2713785.0,,-76859.0
INV-2511-0047,B005,VNM,2025-11-10,OA,90,USD,54140.0,54140.0,1456.34,78846248.0,2026-02-08,0.0,Y,0,,,2026-02-08,paid,79193285.0,,347037.0
INV-2511-0048,B013,CHN,2025-11-10,TT_ADV,0,USD,6250.0,6250.0,1456.34,9102125.0,2025-11-10,1.0,N,0,,,2025-10-25,paid,8989688.0,,-112438.0
INV-2511-0049,B031,MEX,2025-11-10,OA,60,USD,6310.0,6310.0,1456.34,9189505.0,2026-01-09,0.0,Y,0,,,2026-01-09,paid,9203829.0,,14324.0
INV-2511-0050,B088,USA,2025-11-10,TT_ADV,0,USD,5130.0,5130.0,1456.34,7471024.0,2025-11-10,1.0,N,0,,,2025-10-11,paid,7327641.0,,-143383.0
INV-2511-0051,B009,CHN,2025-11-11,DA,90,CNY,54800.0,7697.3,204.56,11209888.0,2026-02-09,0.0,Y,1,QUANTITY,,2026-02-08,paid,11552388.0,,342500.0
INV-2511-0052,B026,THA,2025-11-11,OA,60,USD,6750.0,6750.0,1456.34,9830295.0,2026-01-10,0.0,Y,1,DOCS,,2026-01-07,paid,9770288.0,,-60008.0
INV-2511-0053,B028,JPN,2025-11-11,OA,90,JPY,939000.0,6097.82,9.4574,8880499.0,2026-02-09,0.0,Y,0,,,2026-02-09,paid,8772232.0,,-108267.0
INV-2511-0054,B030,TUR,2025-11-11,OA,60,USD,2280.0,2280.0,1456.34,3320455.0,2026-01-10,0.0,N,0,,,2026-01-08,paid,3310902.0,,-9553.0
INV-2511-0055,B057,VNM,2025-11-11,LC_USANCE,90,USD,6620.0,6620.0,1456.34,9640971.0,2026-02-09,0.0,N,0,,0,2026-02-09,paid,9652754.0,,11783.0
INV-2511-0056,B066,ARE,2025-11-11,DA,60,USD,5120.0,5120.0,1456.34,7456461.0,2026-01-10,0.0,Y,0,,,2026-01-05,paid,7397786.0,,-58675.0
INV-2511-0057,B087,TWN,2025-11-11,TT_SPLIT_30_70,30,USD,77820.0,77820.0,1456.34,113332379.0,2025-12-11,0.3,Y,0,,,2025-12-11,paid,113731673.0,,399294.0
INV-2511-0058,B100,THA,2025-11-11,TT_SPLIT_30_70,30,USD,2070.0,2070.0,1456.34,3014624.0,2025-12-11,0.3,Y,0,,,2025-12-11,paid,3019047.0,,4423.0
INV-2511-0059,B002,CHN,2025-11-12,TT_ADV,0,USD,5370.0,5370.0,1468.6,7886382.0,2025-11-12,1.0,N,0,,,2025-10-18,paid,7635549.0,,-250833.0
INV-2511-0060,B012,IDN,2025-11-12,DP,0,USD,16040.0,16040.0,1468.6,23556344.0,2025-11-26,0.0,N,0,,,2025-11-26,paid,23552976.0,,-3368.0
INV-2511-0061,B030,TUR,2025-11-12,TT_SPLIT_30_70,30,USD,2410.0,2410.0,1468.6,3539326.0,2025-12-12,0.3,N,0,,,2025-12-11,paid,3522145.0,,-17181.0
INV-2511-0062,B040,IND,2025-11-12,LC_USANCE,90,USD,10940.0,10940.0,1468.6,16066484.0,2026-02-10,0.0,N,0,,0,2026-02-10,paid,15937611.0,,-128873.0
INV-2511-0063,B086,DEU,2025-11-12,OA,90,EUR,10600.0,12287.51,1702.4,18045440.0,2026-02-10,0.0,N,1,DOCS,,2026-02-04,paid,18256804.0,,211364.0
INV-2511-0064,B098,IND,2025-11-12,OA,30,USD,15630.0,15630.0,1468.6,22954218.0,2025-12-12,0.0,Y,0,,,2025-12-02,paid,22957639.0,,3421.0
INV-2511-0065,B101,IND,2025-11-12,DA,60,USD,5610.0,5610.0,1468.6,8238846.0,2026-01-11,0.0,Y,0,,,2026-01-10,paid,8182802.0,,-56044.0
INV-2511-0066,B102,GBR,2025-11-12,OA,60,USD,12220.0,12220.0,1468.6,17946292.0,2026-01-11,0.0,Y,0,,,2026-04-04,paid,18555443.0,,609151.0
INV-2511-0067,B014,USA,2025-11-13,LC_USANCE,90,USD,14220.0,14220.0,1465.32,20836850.0,2026-02-11,0.0,N,0,,0,2026-02-11,paid,20575771.0,,-261079.0
INV-2511-0068,B038,DEU,2025-11-13,TT_ADV,0,EUR,3570.0,4158.69,1706.95,6093812.0,2025-11-13,1.0,N,0,,,2025-11-01,paid,5885074.0,,-208738.0
INV-2511-0069,B055,USA,2025-11-13,OA,60,USD,14810.0,14810.0,1465.32,21701389.0,2026-01-12,0.0,Y,1,QUALITY,,2026-02-22,paid,21414816.0,,-286573.0
INV-2511-0070,B059,IDN,2025-11-13,OA,30,USD,19150.0,19150.0,1465.32,28060878.0,2025-12-13,0.0,Y,0,,,2025-12-13,paid,28298338.0,,237460.0
INV-2511-0071,B062,USA,2025-11-13,TT_ADV,0,USD,9980.0,9980.0,1465.32,14623894.0,2025-11-13,1.0,N,0,,,2025-11-08,paid,14581479.0,,-42415.0
INV-2511-0072,B064,USA,2025-11-13,TT_SPLIT_30_70,30,USD,7760.0,7760.0,1465.32,11370883.0,2025-12-13,0.3,Y,0,,,2025-12-13,paid,11355806.0,,-15077.0
INV-2511-0073,B066,ARE,2025-11-13,DA,60,USD,12630.0,12630.0,1465.32,18506992.0,2026-01-12,0.0,Y,0,,,2026-01-10,paid,18319132.0,,-187860.0
INV-2511-0074,B080,JPN,2025-11-13,OA,60,JPY,1425000.0,9229.26,9.4904,13523820.0,2026-01-12,0.0,Y,0,,,2026-01-12,paid,13219012.0,,-304808.0
INV-2511-0075,B140,USA,2025-11-13,TT_SPLIT_30_70,30,USD,10350.0,10350.0,1465.32,15166062.0,2025-12-13,0.3,Y,0,,,2025-12-13,paid,15206096.0,,40034.0
INV-2511-0076,B021,CHN,2025-11-14,OA,60,CNY,133700.0,18833.19,204.7,27368390.0,2026-01-13,0.0,N,0,,,2026-01-13,paid,28278887.0,,910497.0
INV-2511-0077,B023,IDN,2025-11-14,DA,90,USD,2170.0,2170.0,1453.2,3153444.0,2026-02-12,0.0,Y,0,,,2026-02-16,paid,3131093.0,,-22351.0
INV-2511-0078,B049,ARE,2025-11-14,DA,90,USD,24430.0,24430.0,1453.2,35501676.0,2026-02-12,0.0,N,0,,,2026-02-12,paid,35174314.0,,-327362.0
INV-2511-0079,B062,USA,2025-11-14,OA,60,USD,10150.0,10150.0,1453.2,14749980.0,2026-01-13,0.0,Y,0,,,2026-01-06,paid,14685705.0,,-64275.0
INV-2511-0080,B096,USA,2025-11-14,OA,90,USD,14770.0,14770.0,1453.2,21463764.0,2026-02-12,0.0,Y,0,,,2026-02-07,paid,21604818.0,,141054.0
INV-2511-0081,B107,DEU,2025-11-14,OA,60,EUR,14360.0,16681.99,1688.18,24242265.0,2026-01-13,0.0,Y,0,,,2026-01-24,paid,24727489.0,,485224.0
INV-2511-0082,B140,USA,2025-11-14,OA,60,USD,22290.0,22290.0,1453.2,32391828.0,2026-01-13,0.0,Y,0,,,2026-01-13,paid,32435810.0,,43982.0
INV-2511-0083,B140,USA,2025-11-14,OA,60,USD,14920.0,14920.0,1453.2,21681744.0,2026-01-13,0.0,Y,0,,,2026-01-13,paid,22018638.0,,336894.0
INV-2511-0084,B009,CHN,2025-11-15,DA,90,CNY,77800.0,10959.03,204.7,15925660.0,2026-02-13,0.0,Y,1,DOCS,,2026-02-19,paid,16343446.0,,417786.0
INV-2511-0085,B087,TWN,2025-11-15,TT_SPLIT_30_70,30,USD,17230.0,17230.0,1453.2,25038636.0,2025-12-15,0.3,Y,0,,,2025-12-15,paid,25057296.0,,18660.0
INV-2511-0086,B104,MEX,2025-11-15,OA,60,USD,44340.0,44340.0,1453.2,64434888.0,2026-01-14,0.0,Y,0,,,2026-01-14,paid,64926619.0,,491731.0
INV-2511-0087,B132,IDN,2025-11-15,OA,60,USD,7060.0,7060.0,1453.2,10259592.0,2026-01-14,0.0,Y,1,PRICE,,2026-01-08,paid,10252179.0,,-7413.0
INV-2511-0088,B035,TWN,2025-11-16,TT_ADV,0,USD,8980.0,8980.0,1453.2,13049736.0,2025-11-16,1.0,N,0,,,2025-10-21,paid,12846608.0,,-203128.0
INV-2511-0089,B057,VNM,2025-11-16,LC_USANCE,90,USD,5500.0,5500.0,1453.2,7992600.0,2026-02-14,0.0,N,0,,0,2026-02-14,paid,7935950.0,,-56650.0
INV-2511-0090,B060,IDN,2025-11-16,TT_ADV,0,USD,5070.0,5070.0,1453.2,7367724.0,2025-11-16,1.0,N,0,,,2025-11-06,paid,7347850.0,,-19874.0
INV-2511-0091,B065,IND,2025-11-16,LC_SIGHT,0,USD,118800.0,118800.0,1453.2,172640160.0,2025-11-23,0.0,N,0,,0,2025-11-23,paid,174735792.0,,2095632.0
INV-2511-0092,B126,GBR,2025-11-16,OA,60,USD,9890.0,9890.0,1453.2,14372148.0,2026-01-15,0.0,N,0,,,2026-01-15,paid,14532267.0,,160119.0
INV-2511-0093,B127,VNM,2025-11-16,DP,0,USD,6360.0,6360.0,1453.2,9242352.0,2025-11-28,0.0,N,0,,,2025-12-01,paid,9335144.0,,92792.0
INV-2511-0094,B141,DEU,2025-11-16,DA,60,EUR,6420.0,7458.1,1688.18,10838116.0,2026-01-15,0.0,N,0,,,2026-01-15,paid,10947577.0,,109461.0
INV-2511-0095,B036,VNM,2025-11-17,TT_SPLIT_30_70,30,USD,18460.0,18460.0,1459.71,26946247.0,2025-12-17,0.3,N,0,,,2025-12-17,paid,26982428.0,,36181.0
INV-2511-0096,B094,VNM,2025-11-17,OA,90,USD,17280.0,17280.0,1459.71,25223789.0,2026-02-15,0.0,Y,0,,,2026-02-11,paid,25003469.0,,-220320.0
INV-2511-0097,B113,JPN,2025-11-17,OA,90,JPY,993000.0,6398.16,9.4053,9339463.0,2026-02-15,0.0,Y,0,,,2026-02-15,paid,9378786.0,,39323.0
INV-2511-0098,B148,ARE,2025-11-17,OA,60,USD,7390.0,7390.0,1459.71,10787257.0,2026-01-16,0.0,N,1,PRICE,,2026-01-11,paid,10779128.0,,-8129.0
INV-2511-0099,B028,JPN,2025-11-18,OA,90,JPY,446000.0,2869.29,9.4011,4192891.0,2026-02-16,0.0,Y,0,,,2026-02-13,paid,4212425.0,,19534.0
INV-2511-0100,B073,BRA,2025-11-18,OA,30,USD,4220.0,4220.0,1461.3,6166686.0,2025-12-18,0.0,N,1,PRICE,,2025-12-16,paid,6213866.0,,47180.0
INV-2511-0101,B120,JPN,2025-11-18,OA,60,JPY,742000.0,4773.57,9.4011,6975616.0,2026-01-17,0.0,N,0,,,2026-01-25,paid,6888802.0,,-86814.0
INV-2511-0102,B127,VNM,2025-11-18,DP,0,USD,15090.0,15090.0,1461.3,22051017.0,2025-12-01,0.0,N,0,,,2025-12-07,paid,22225005.0,,173988.0
INV-2511-0103,B050,USA,2025-11-19,TT_ADV,0,USD,11800.0,11800.0,1467.69,17318742.0,2025-11-19,1.0,N,0,,,2025-11-09,paid,17240626.0,,-78116.0
INV-2511-0104,B101,IND,2025-11-19,DA,60,USD,35280.0,35280.0,1467.69,51780103.0,2026-01-18,0.0,Y,1,QUANTITY,,2026-01-16,paid,51790022.0,,9919.0
INV-2511-0105,B101,IND,2025-11-19,DA,60,USD,11000.0,11000.0,1467.69,16144590.0,2026-01-18,0.0,Y,0,,,2026-01-16,paid,16214550.0,,69960.0
INV-2511-0106,B105,JPN,2025-11-19,OA,60,JPY,1421000.0,9072.31,9.3704,13315338.0,2026-01-18,0.0,Y,1,DOCS,,2026-01-22,paid,13139845.0,,-175493.0
INV-2511-0107,B113,JPN,2025-11-19,OA,90,JPY,753000.0,4807.49,9.3704,7055911.0,2026-02-17,0.0,Y,1,PRICE,,2026-02-17,paid,7082492.0,,26581.0
INV-2511-0108,B144,TUR,2025-11-19,OA,60,USD,10410.0,10410.0,1467.69,15278653.0,2026-01-18,0.0,N,0,,,2026-01-28,paid,14949385.0,,-329268.0
INV-2511-0109,B149,CHN,2025-11-19,OA,90,USD,7990.0,7990.0,1467.69,11726843.0,2026-02-17,0.0,Y,0,,,2026-02-11,paid,11561210.0,,-165633.0
INV-2511-0110,B033,VNM,2025-11-20,LC_SIGHT,0,USD,2450.0,2450.0,1472.65,3607992.0,2025-11-27,0.0,N,0,,0,2025-11-27,paid,3597556.0,,-10436.0
INV-2511-0111,B039,SAU,2025-11-20,TT_SPLIT_30_70,30,USD,3080.0,3080.0,1472.65,4535762.0,2025-12-20,0.3,N,0,,,2025-12-08,paid,4516346.0,,-19416.0
INV-2511-0112,B068,THA,2025-11-20,OA,60,USD,21250.0,21250.0,1472.65,31293813.0,2026-01-19,0.0,N,0,,,2026-01-19,paid,31323562.0,,29750.0
INV-2511-0113,B070,POL,2025-11-20,OA,60,EUR,12520.0,14440.53,1698.55,21265846.0,2026-01-19,0.0,Y,1,PRICE,,2026-01-19,paid,21406070.0,,140224.0
INV-2511-0114,B087,TWN,2025-11-20,TT_SPLIT_30_70,30,USD,42050.0,42050.0,1472.65,61924933.0,2025-12-20,0.3,Y,0,,,2025-12-20,paid,61854877.0,,-70056.0
INV-2511-0115,B111,TWN,2025-11-20,DA,90,USD,3820.0,3820.0,1472.65,5625523.0,2026-02-18,0.0,N,0,,,2026-02-17,paid,5517723.0,,-107800.0
INV-2511-0116,B140,USA,2025-11-20,OA,60,USD,3320.0,3320.0,1472.65,4889198.0,2026-01-19,0.0,Y,0,,,2026-01-13,paid,4899590.0,,10392.0
INV-2511-0117,B041,TUR,2025-11-21,OA,30,USD,31070.0,31070.0,1470.84,45698999.0,2025-12-21,0.0,Y,0,,,2025-12-14,paid,45912760.0,,213761.0
INV-2511-0118,B049,ARE,2025-11-21,DA,90,USD,18480.0,18480.0,1470.84,27181123.0,2026-02-19,0.0,N,1,PRICE,,2026-03-14,paid,27699302.0,,518179.0
INV-2511-0119,B057,VNM,2025-11-21,LC_USANCE,90,USD,9750.0,9750.0,1470.84,14340690.0,2026-02-19,0.0,N,0,,0,2026-02-19,paid,14138475.0,,-202215.0
INV-2511-0120,B059,IDN,2025-11-21,OA,30,USD,11440.0,11440.0,1470.84,16826410.0,2025-12-21,0.0,Y,0,,,2025-12-21,paid,16899854.0,,73444.0
INV-2511-0121,B080,JPN,2025-11-21,OA,60,JPY,1655000.0,10569.64,9.3935,15546242.0,2026-01-20,0.0,Y,0,,,2026-01-20,paid,15495765.0,,-50477.0
INV-2511-0122,B095,EGY,2025-11-21,OA,30,USD,6660.0,6660.0,1470.84,9795794.0,2025-12-21,0.0,Y,0,,,2025-12-19,paid,9838552.0,,42758.0
INV-2511-0123,B127,VNM,2025-11-21,DP,0,USD,4290.0,4290.0,1470.84,6309904.0,2025-12-04,0.0,N,0,,,2025-12-04,paid,6320114.0,,10210.0
INV-2511-0124,B130,TUR,2025-11-21,TT_ADV,0,USD,16070.0,16070.0,1470.84,23636399.0,2025-11-21,1.0,N,0,,,2025-11-06,paid,23289930.0,,-346469.0
INV-2511-0125,B028,JPN,2025-11-22,OA,90,JPY,4387000.0,28017.52,9.3935,41209284.0,2026-02-20,0.0,Y,0,,,2026-02-19,paid,41053107.0,,-156177.0
INV-2511-0126,B066,ARE,2025-11-22,DA,60,USD,22370.0,22370.0,1470.84,32902691.0,2026-01-21,0.0,Y,0,,,2026-01-21,paid,32793302.0,,-109390.0
INV-2511-0127,B088,USA,2025-11-22,TT_ADV,0,USD,6960.0,6960.0,1470.84,10237046.0,2025-11-22,1.0,N,0,,,2025-11-02,paid,9941455.0,,-295591.0
INV-2511-0128,B116,GBR,2025-11-22,OA,60,USD,30050.0,30050.0,1470.84,44198742.0,2026-01-21,0.0,Y,0,,,2026-01-21,paid,44100640.0,,-98102.0
INV-2511-0129,B141,DEU,2025-11-22,DA,60,EUR,13640.0,15694.2,1692.35,23083654.0,2026-01-21,0.0,N,0,,,2026-01-20,paid,23670992.0,,587338.0
INV-2511-0130,B031,MEX,2025-11-23,OA,60,USD,4930.0,4930.0,1470.84,7251241.0,2026-01-22,0.0,Y,1,DOCS,,2026-01-20,paid,7288167.0,,36926.0
INV-2511-0131,B073,BRA,2025-11-23,OA,30,USD,9180.0,9180.0,1470.84,13502311.0,2025-12-23,0.0,N,0,,,2025-12-22,paid,13549649.0,,47338.0
INV-2511-0132,B121,IND,2025-11-23,DA,90,USD,2450.0,2450.0,1470.84,3603558.0,2026-02-21,0.0,Y,0,,,2026-02-21,paid,3542626.0,,-60932.0
INV-2511-0133,B125,MEX,2025-11-23,DA,60,USD,11600.0,11600.0,1470.84,17061744.0,2026-01-22,0.0,Y,0,,,2026-01-22,paid,16986344.0,,-75400.0
INV-2511-0134,B002,CHN,2025-11-24,OA,90,USD,20320.0,20320.0,1475.94,29991101.0,2026-02-22,0.0,N,1,QUALITY,,2026-02-20,paid,29382110.0,,-608991.0
INV-2511-0135,B076,POL,2025-11-24,OA,60,EUR,3860.0,4445.95,1699.99,6561961.0,2026-01-23,0.0,Y,0,,,2026-01-23,paid,6646804.0,,84843.0
INV-2511-0136,B028,JPN,2025-11-25,OA,90,JPY,4010000.0,25655.73,9.3923,37663123.0,2026-02-23,0.0,Y,0,,,2026-02-21,paid,37410894.0,,-252229.0
INV-2511-0137,B041,TUR,2025-11-25,OA,30,USD,9200.0,9200.0,1468.02,13505784.0,2025-12-25,0.0,Y,0,,,2025-12-21,paid,13590792.0,,85008.0
INV-2511-0138,B048,CHN,2025-11-25,OA,30,USD,5430.0,5430.0,1468.02,7971349.0,2025-12-25,0.0,Y,0,,,2025-12-23,paid,8044274.0,,72924.0
INV-2511-0139,B050,USA,2025-11-25,OA,60,USD,2760.0,2760.0,1468.02,4051735.0,2026-01-24,0.0,Y,0,,,2026-01-18,paid,4068378.0,,16643.0
INV-2511-0140,B098,IND,2025-11-25,TT_ADV,0,USD,5950.0,5950.0,1468.02,8734719.0,2025-11-25,1.0,N,0,,,2025-10-26,paid,8558182.0,,-176536.0
INV-2511-0141,B030,TUR,2025-11-26,OA,60,USD,3080.0,3080.0,1468.39,4522641.0,2026-01-25,0.0,N,0,,,2026-02-20,paid,4453588.0,,-69053.0
INV-2511-0142,B048,CHN,2025-11-26,OA,30,USD,3590.0,3590.0,1468.39,5271520.0,2025-12-26,0.0,Y,1,QUANTITY,,2025-12-30,paid,5167518.0,,-104002.0
INV-2511-0143,B080,JPN,2025-11-26,OA,60,JPY,1029000.0,6580.14,9.3899,9662207.0,2026-01-25,0.0,Y,1,PRICE,,2026-01-25,paid,9553339.0,,-108868.0
INV-2511-0144,B087,TWN,2025-11-26,TT_SPLIT_30_70,30,USD,31650.0,31650.0,1468.39,46474544.0,2025-12-26,0.3,Y,0,,,2025-12-25,paid,45781535.0,,-693009.0
INV-2511-0145,B114,JPN,2025-11-26,OA,90,JPY,3610000.0,23084.83,9.3899,33897539.0,2026-02-24,0.0,N,0,,,2026-02-18,paid,33777687.0,,-119852.0
INV-2511-0146,B149,CHN,2025-11-26,OA,90,USD,17020.0,17020.0,1468.39,24991998.0,2026-02-24,0.0,Y,1,QUALITY,,2026-02-24,paid,24516459.0,,-475539.0
INV-2511-0147,B003,IDN,2025-11-27,DA,90,USD,3290.0,3290.0,1468.39,4831003.0,2026-02-25,0.0,N,1,DOCS,,2026-02-17,paid,4752175.0,,-78828.0
INV-2511-0148,B047,MEX,2025-11-27,OA,90,USD,3690.0,3690.0,1468.39,5418359.0,2026-02-25,0.0,Y,1,DOCS,,2026-02-18,paid,5332604.0,,-85756.0
INV-2511-0149,B013,CHN,2025-11-28,TT_ADV,0,USD,28110.0,28110.0,1467.65,41255642.0,2025-11-28,1.0,N,0,,,2025-11-25,paid,41266042.0,,10400.0
INV-2511-0150,B036,VNM,2025-11-28,TT_ADV,0,USD,7240.0,7240.0,1467.65,10625786.0,2025-11-28,1.0,N,0,,,2025-11-11,paid,10543902.0,,-81884.0
INV-2511-0151,B057,VNM,2025-11-28,LC_USANCE,90,USD,31330.0,31330.0,1467.65,45981474.0,2026-02-26,0.0,N,0,,8,2026-03-06,paid,46461763.0,,480289.0
INV-2511-0152,B114,JPN,2025-11-28,TT_ADV,0,JPY,877000.0,5615.69,9.3978,8241871.0,2025-11-28,1.0,N,0,,,2025-10-29,paid,8202669.0,,-39202.0
INV-2511-0153,B003,IDN,2025-11-29,DA,90,USD,13480.0,13480.0,1467.65,19783922.0,2026-02-27,0.0,N,0,,,2026-02-23,paid,19464962.0,,-318960.0
INV-2511-0154,B048,CHN,2025-11-29,OA,30,USD,6320.0,6320.0,1467.65,9275548.0,2025-12-29,0.0,Y,0,,,2026-01-01,paid,9129556.0,,-145992.0
INV-2511-0155,B058,MYS,2025-11-29,OA,30,USD,8620.0,8620.0,1467.65,12651143.0,2025-12-29,0.0,N,0,,,2025-12-28,paid,12422799.0,,-228344.0
INV-2511-0156,B062,USA,2025-11-29,OA,60,USD,41190.0,41190.0,1467.65,60452504.0,2026-01-28,0.0,Y,0,,,2026-01-28,paid,59556713.0,,-895791.0
INV-2511-0157,B140,USA,2025-11-29,OA,60,USD,63100.0,63100.0,1467.65,92608715.0,2026-01-28,0.0,Y,0,,,2026-01-28,paid,90907833.0,,-1700882.0
INV-2511-0158,B142,IND,2025-11-29,OA,30,USD,17900.0,17900.0,1467.65,26270935.0,2025-12-29,0.0,Y,1,QUALITY,,2025-12-29,paid,25666452.0,,-604483.0
INV-2511-0159,B047,MEX,2025-11-30,OA,90,USD,11320.0,11320.0,1467.65,16613798.0,2026-02-28,0.0,Y,0,,,2026-02-28,paid,16298762.0,,-315036.0
INV-2511-0160,B086,DEU,2025-11-30,OA,90,EUR,3510.0,4071.59,1702.47,5975670.0,2026-02-28,0.0,N,0,,,2026-02-28,paid,5974582.0,,-1088.0
INV-2511-0161,B114,JPN,2025-11-30,OA,90,JPY,2207000.0,14132.08,9.3978,20740945.0,2026-02-28,0.0,N,0,,,2026-02-28,paid,20363327.0,,-377618.0
INV-2512-0001,B031,MEX,2025-12-01,OA,60,USD,17130.0,17130.0,1467.79,25143243.0,2026-01-30,0.0,Y,1,PRICE,,2026-01-28,paid,24599708.0,,-543535.0
INV-2512-0002,B040,IND,2025-12-01,LC_USANCE,90,USD,22460.0,22460.0,1467.79,32966563.0,2026-03-01,0.0,N,0,,0,2026-03-01,paid,32338357.0,,-628206.0
INV-2512-0003,B101,IND,2025-12-01,DA,60,USD,9740.0,9740.0,1467.79,14296275.0,2026-01-30,0.0,Y,1,PRICE,,2026-01-18,paid,14357247.0,,60972.0
INV-2512-0004,B108,VNM,2025-12-01,OA,90,USD,2070.0,2070.0,1467.79,3038325.0,2026-03-01,0.0,Y,0,,,2026-03-01,paid,2980427.0,,-57898.0
INV-2512-0005,B116,GBR,2025-12-01,OA,60,USD,6030.0,6030.0,1467.79,8850774.0,2026-01-30,0.0,Y,0,,,2026-01-21,paid,8839678.0,,-11096.0
INV-2512-0006,B127,VNM,2025-12-01,DP,0,USD,7480.0,7480.0,1467.79,10979069.0,2025-12-15,0.0,N,0,,,2025-12-24,paid,10798278.0,,-180791.0
INV-2512-0007,B135,TUR,2025-12-01,OA,30,USD,17370.0,17370.0,1467.79,25495512.0,2025-12-31,0.0,Y,0,,,2026-01-03,paid,25090096.0,,-405416.0
INV-2512-0008,B009,CHN,2025-12-02,DA,90,CNY,65500.0,9264.41,207.81,13611555.0,2026-03-02,0.0,Y,0,,,2026-02-27,paid,13751725.0,,140170.0
INV-2512-0009,B092,POL,2025-12-02,TT_SPLIT_30_70,30,EUR,8270.0,9589.9,1703.72,14089764.0,2026-01-01,0.3,N,0,,,2026-01-01,paid,13920089.0,,-169675.0
INV-2512-0010,B098,IND,2025-12-02,OA,30,USD,10150.0,10150.0,1469.23,14912684.0,2026-01-01,0.0,Y,0,,,2025-12-27,paid,14627774.0,,-284910.0
INV-2512-0011,B101,IND,2025-12-02,DA,60,USD,4150.0,4150.0,1469.23,6097304.0,2026-01-31,0.0,Y,0,,,2026-01-18,paid,6117308.0,,20004.0
INV-2512-0012,B127,VNM,2025-12-02,TT_ADV,0,USD,12250.0,12250.0,1469.23,17998068.0,2025-12-02,1.0,N,0,,,2025-11-17,paid,17881448.0,,-116620.0
INV-2512-0013,B128,GBR,2025-12-03,OA,90,USD,12610.0,12610.0,1465.94,18485503.0,2026-03-03,0.0,N,0,,,2026-02-24,paid,18164074.0,,-321428.0
INV-2512-0014,B139,DEU,2025-12-03,DA,90,EUR,15750.0,18364.54,1709.29,26921318.0,2026-03-03,0.0,Y,0,,,2026-03-03,paid,27151268.0,,229950.0
INV-2512-0015,B140,USA,2025-12-03,OA,60,USD,17030.0,17030.0,1465.94,24964958.0,2026-02-01,0.0,Y,0,,,2026-01-29,paid,24442493.0,,-522465.0
INV-2512-0016,B023,IDN,2025-12-04,DA,90,USD,11840.0,11840.0,1473.22,17442925.0,2026-03-04,0.0,Y,0,,,2026-03-04,paid,17318368.0,,-124557.0
INV-2512-0017,B068,THA,2025-12-04,OA,60,USD,21840.0,21840.0,1473.22,32175125.0,2026-02-02,0.0,N,0,,,2026-01-19,paid,32193252.0,,18127.0
INV-2512-0018,B088,USA,2025-12-04,TT_SPLIT_30_70,30,USD,11030.0,11030.0,1473.22,16249617.0,2026-01-03,0.3,N,0,,,2026-01-01,paid,16009824.0,,-239793.0
INV-2512-0019,B113,JPN,2025-12-04,OA,90,JPY,1397000.0,9018.74,9.5108,13286588.0,2026-03-04,0.0,Y,0,,,2026-02-20,paid,13033172.0,,-253416.0
INV-2512-0020,B128,GBR,2025-12-04,TT_SPLIT_30_70,30,USD,6000.0,6000.0,1473.22,8839320.0,2026-01-03,0.3,N,0,,,2026-01-02,paid,8708460.0,,-130860.0
INV-2512-0021,B148,ARE,2025-12-04,OA,60,USD,27850.0,27850.0,1473.22,41029177.0,2026-02-02,0.0,N,0,,,2026-02-02,paid,40439036.0,,-590142.0
INV-2512-0022,B033,VNM,2025-12-05,TT_ADV,0,USD,17330.0,17330.0,1472.83,25524144.0,2025-12-05,1.0,N,0,,,2025-11-29,paid,25434374.0,,-89770.0
INV-2512-0023,B140,USA,2025-12-06,OA,60,USD,10900.0,10900.0,1472.83,16053847.0,2026-02-04,0.0,Y,0,,,2026-01-29,paid,15628856.0,,-424991.0
INV-2512-0024,B050,USA,2025-12-07,OA,60,USD,4510.0,4510.0,1472.83,6642463.0,2026-02-05,0.0,Y,0,,,2026-02-11,paid,6525790.0,,-116673.0
INV-2512-0025,B053,DEU,2025-12-07,OA,60,EUR,12870.0,14974.27,1713.64,22054547.0,2026-02-05,0.0,N,0,,,2026-02-03,paid,22021085.0,,-33462.0
INV-2512-0026,B062,USA,2025-12-07,OA,60,USD,15110.0,15110.0,1472.83,22254461.0,2026-02-05,0.0,Y,0,,,2026-01-28,paid,21698867.0,,-555594.0
INV-2512-0027,B068,THA,2025-12-07,OA,60,USD,27520.0,27520.0,1472.83,40532282.0,2026-02-05,0.0,N,0,,,2026-02-05,paid,40265338.0,,-266944.0
INV-2512-0028,B143,MYS,2025-12-07,OA,30,USD,17210.0,17210.0,1472.83,25347404.0,2026-01-06,0.0,Y,0,,,2025-12-24,paid,24844700.0,,-502704.0
INV-2512-0029,B005,VNM,2025-12-08,OA,90,USD,11500.0,11500.0,1469.19,16895685.0,2026-03-08,0.0,Y,1,QUALITY,,2026-03-08,paid,17054270.0,,158585.0
INV-2512-0030,B040,IND,2025-12-08,LC_USANCE,90,USD,10060.0,10060.0,1469.19,14780051.0,2026-03-08,0.0,N,0,,0,2026-03-08,paid,14918779.0,,138728.0
INV-2512-0031,B062,USA,2025-12-08,OA,60,USD,19480.0,19480.0,1469.19,28619821.0,2026-02-06,0.0,Y,0,,,2026-01-28,paid,27974449.0,,-645372.0
INV-2512-0032,B088,USA,2025-12-08,TT_ADV,0,USD,5850.0,5850.0,1469.19,8594762.0,2025-12-08,1.0,N,0,,,2025-11-16,paid,8501220.0,,-93542.0
INV-2512-0033,B051,USA,2025-12-09,OA,90,USD,20730.0,20730.0,1469.48,30462320.0,2026-03-09,0.0,N,0,,,2026-03-05,paid,30750053.0,,287733.0
INV-2512-0034,B087,TWN,2025-12-09,TT_SPLIT_30_70,30,USD,33920.0,33920.0,1469.48,49844762.0,2026-01-08,0.3,Y,0,,,2026-01-06,paid,49290712.0,,-554050.0
INV-2512-0035,B097,SAU,2025-12-09,OA,30,USD,144010.0,144010.0,1469.48,211619815.0,2026-01-08,0.0,Y,0,,,2026-01-01,paid,208029646.0,,-3590170.0
INV-2512-0036,B022,IDN,2025-12-10,OA,90,USD,9770.0,9770.0,1470.2,14363854.0,2026-03-10,0.0,Y,0,,,2026-03-10,paid,14315883.0,,-47971.0
INV-2512-0037,B051,USA,2025-12-10,OA,90,USD,6940.0,6940.0,1470.2,10203188.0,2026-03-10,0.0,N,0,,,2026-03-09,paid,10258361.0,,55173.0
INV-2512-0038,B126,GBR,2025-12-10,OA,90,USD,1600.0,1600.0,1470.2,2352320.0,2026-03-10,0.0,N,0,,,2026-03-05,paid,2373376.0,,21056.0
INV-2512-0039,B127,VNM,2025-12-10,DP,0,USD,8340.0,8340.0,1470.2,12261468.0,2025-12-21,0.0,N,0,,,2025-12-21,paid,12320348.0,,58880.0
INV-2512-0040,B132,IDN,2025-12-10,OA,60,USD,6790.0,6790.0,1470.2,9982658.0,2026-02-08,0.0,Y,0,,,2026-02-01,paid,9808223.0,,-174435.0
INV-2512-0041,B139,DEU,2025-12-10,DA,90,EUR,22760.0,26515.35,1712.78,38982873.0,2026-03-10,0.0,Y,1,DOCS,,2026-03-08,paid,39173374.0,,190501.0
INV-2512-0042,B076,POL,2025-12-11,OA,60,EUR,9290.0,10921.3,1729.75,16069378.0,2026-02-09,0.0,Y,1,QUANTITY,,2026-02-09,paid,16116942.0,,47564.0
INV-2512-0043,B128,GBR,2025-12-11,TT_ADV,0,USD,18730.0,18730.0,1471.38,27558947.0,2025-12-11,1.0,N,0,,,2025-11-16,paid,27218436.0,,-340511.0
INV-2512-0044,B148,ARE,2025-12-11,OA,60,USD,3640.0,3640.0,1471.38,5355823.0,2026-02-09,0.0,N,0,,,2026-02-02,paid,5285389.0,,-70434.0
INV-2512-0045,B148,ARE,2025-12-11,OA,60,USD,4060.0,4060.0,1471.38,5973803.0,2026-02-09,0.0,N,0,,,2026-02-09,paid,5919967.0,,-53836.0
INV-2512-0046,B067,BRA,2025-12-12,DP,0,USD,11090.0,11090.0,1477.72,16387915.0,2025-12-22,0.0,N,0,,,2025-12-26,paid,15982464.0,,-405451.0
INV-2512-0047,B073,BRA,2025-12-12,OA,30,USD,6050.0,6050.0,1477.72,8940206.0,2026-01-11,0.0,N,0,,,2026-01-11,paid,8824590.0,,-115616.0
INV-2512-0048,B086,DEU,2025-12-12,OA,90,EUR,12800.0,15015.65,1733.51,22188928.0,2026-03-12,0.0,N,1,DOCS,,2026-03-03,paid,22065792.0,,-123136.0
INV-2512-0049,B087,TWN,2025-12-12,TT_SPLIT_30_70,30,USD,2930.0,2930.0,1477.72,4329720.0,2026-01-11,0.3,Y,0,,,2026-01-11,paid,4286227.0,,-43493.0
INV-2512-0050,B116,GBR,2025-12-12,OA,60,USD,4830.0,4830.0,1477.72,7137388.0,2026-02-10,0.0,Y,0,,,2026-02-10,paid,7036441.0,,-100947.0
INV-2512-0051,B141,DEU,2025-12-12,TT_SPLIT_30_70,30,EUR,13130.0,15402.77,1733.51,22760986.0,2026-01-11,0.3,N,0,,,2026-01-01,paid,22347431.0,,-413555.0
INV-2512-0052,B019,USA,2025-12-13,DA,90,USD,4240.0,4240.0,1477.72,6265533.0,2026-03-13,0.0,Y,0,,,2026-03-23,paid,6326377.0,,60844.0
INV-2512-0053,B026,THA,2025-12-13,OA,60,USD,20370.0,20370.0,1477.72,30101156.0,2026-02-11,0.0,Y,1,PRICE,,2026-02-14,paid,29391873.0,,-709283.0
INV-2512-0054,B064,USA,2025-12-13,OA,60,USD,7230.0,7230.0,1477.72,10683916.0,2026-02-11,0.0,Y,0,,,2026-02-11,paid,10461521.0,,-222395.0
INV-2512-0055,B092,POL,2025-12-13,TT_ADV,0,EUR,6190.0,7261.48,1733.51,10730427.0,2025-12-13,1.0,N,0,,,2025-11-15,paid,10449834.0,,-280593.0
INV-2512-0056,B029,CHN,2025-12-14,OA,60,USD,13020.0,13020.0,1477.72,19239914.0,2026-02-12,0.0,Y,0,,,2026-03-28,paid,19644559.0,,404645.0
INV-2512-0057,B068,THA,2025-12-14,OA,60,USD,16850.0,16850.0,1477.72,24899582.0,2026-02-12,0.0,N,0,,,2026-02-07,paid,24647338.0,,-252244.0
INV-2512-0058,B105,JPN,2025-12-14,OA,60,JPY,3883000.0,24921.34,9.4841,36826760.0,2026-02-12,0.0,Y,0,,,2026-02-11,paid,36739393.0,,-87367.0
INV-2512-0059,B136,DEU,2025-12-14,DA,90,EUR,1140.0,1337.33,1733.51,1976201.0,2026-03-14,0.0,Y,1,QUALITY,,2026-03-31,paid,2000438.0,,24237.0
INV-2512-0060,B142,IND,2025-12-14,OA,30,USD,32120.0,32120.0,1477.72,47464366.0,2026-01-13,0.0,Y,0,,,2026-01-06,paid,46475392.0,,-988974.0
INV-2512-0061,B013,CHN,2025-12-15,TT_ADV,0,USD,2660.0,2660.0,1468.62,3906529.0,2025-12-15,1.0,N,0,,,2025-12-09,paid,3908817.0,,2288.0
INV-2512-0062,B018,NLD,2025-12-15,OA,30,EUR,3560.0,4185.14,1726.51,6146376.0,2026-01-14,0.0,Y,0,,,2026-01-14,paid,6075603.0,,-70773.0
INV-2512-0063,B023,IDN,2025-12-15,DA,90,USD,4660.0,4660.0,1468.62,6843769.0,2026-03-15,0.0,Y,0,,,2026-03-11,paid,6873220.0,,29451.0
INV-2512-0064,B062,USA,2025-12-15,OA,60,USD,12420.0,12420.0,1468.62,18240260.0,2026-02-13,0.0,Y,0,,,2026-01-29,paid,17808293.0,,-431967.0
INV-2512-0065,B066,ARE,2025-12-15,TT_ADV,0,USD,63810.0,63810.0,1468.62,93712642.0,2025-12-15,1.0,N,0,,,2025-11-27,paid,93697966.0,,-14676.0
INV-2512-0066,B086,DEU,2025-12-15,OA,90,EUR,24370.0,28649.38,1726.51,42075049.0,2026-03-15,0.0,N,0,,,2026-03-10,paid,41593985.0,,-481064.0
INV-2512-0067,B098,IND,2025-12-15,OA,30,USD,14660.0,14660.0,1468.62,21529969.0,2026-01-14,0.0,Y,0,,,2026-01-11,paid,21383223.0,,-146746.0
INV-2512-0068,B127,VNM,2025-12-15,DP,0,USD,6280.0,6280.0,1468.62,9222934.0,2025-12-25,0.0,N,0,,,2025-12-25,paid,9065934.0,,-157000.0
INV-2512-0069,B134,MEX,2025-12-15,OA,60,USD,4270.0,4270.0,1468.62,6271007.0,2026-02-13,0.0,Y,0,,,2026-02-13,paid,6161183.0,,-109824.0
INV-2512-0070,B005,VNM,2025-12-16,OA,90,USD,9920.0,9920.0,1472.48,14607002.0,2026-03-16,0.0,Y,0,,,2026-04-02,paid,14857195.0,,250193.0
INV-2512-0071,B013,CHN,2025-12-16,TT_ADV,0,USD,22510.0,22510.0,1472.48,33145525.0,2025-12-16,1.0,N,0,,,2025-11-21,paid,33108608.0,,-36917.0
INV-2512-0072,B049,ARE,2025-12-16,TT_ADV,0,USD,16900.0,16900.0,1472.48,24884912.0,2025-12-16,1.0,N,0,,,2025-11-27,paid,24815791.0,,-69121.0
INV-2512-0073,B050,USA,2025-12-16,OA,60,USD,34530.0,34530.0,1472.48,50844734.0,2026-02-14,0.0,Y,0,,,2026-02-12,paid,49716294.0,,-1128440.0
INV-2512-0074,B098,IND,2025-12-16,OA,30,USD,22090.0,22090.0,1472.48,32527083.0,2026-01-15,0.0,Y,0,,,2026-01-14,paid,32303964.0,,-223119.0
INV-2512-0075,B026,THA,2025-12-17,TT_SPLIT_30_70,30,USD,8890.0,8890.0,1475.05,13113194.0,2026-01-16,0.3,Y,0,,,2026-01-10,paid,12991526.0,,-121668.0
INV-2512-0076,B028,JPN,2025-12-17,OA,90,JPY,1407000.0,9042.46,9.4798,13338079.0,2026-03-17,0.0,Y,0,,,2026-03-17,paid,13170927.0,,-167152.0
INV-2512-0077,B101,IND,2025-12-17,DA,60,USD,23050.0,23050.0,1475.05,33999902.0,2026-02-15,0.0,Y,1,QUALITY,,2026-02-18,paid,33310708.0,,-689194.0
INV-2512-0078,B064,USA,2025-12-18,TT_SPLIT_30_70,30,USD,33690.0,33690.0,1473.21,49632445.0,2026-01-17,0.3,Y,0,,,2026-01-13,paid,49669100.0,,36655.0
INV-2512-0079,B088,USA,2025-12-18,TT_ADV,0,USD,4960.0,4960.0,1473.21,7307122.0,2025-12-18,1.0,N,0,,,2025-12-08,paid,7287182.0,,-19940.0
INV-2512-0080,B091,NLD,2025-12-18,TT_ADV,0,EUR,13570.0,15916.27,1727.93,23448010.0,2025-12-18,1.0,N,0,,,2025-12-09,paid,23209178.0,,-238832.0
INV-2512-0081,B102,GBR,2025-12-18,TT_ADV,0,USD,13240.0,13240.0,1473.21,19505300.0,2025-12-18,1.0,N,0,,,2025-11-23,paid,19473922.0,,-31378.0
INV-2512-0082,B121,IND,2025-12-18,DA,90,USD,33930.0,33930.0,1473.21,49986015.0,2026-03-18,0.0,Y,1,QUANTITY,,2026-04-14,paid,49928334.0,,-57681.0
INV-2512-0083,B140,USA,2025-12-18,OA,60,USD,14720.0,14720.0,1473.21,21685651.0,2026-02-16,0.0,Y,0,,,2026-02-15,paid,21239488.0,,-446163.0
INV-2512-0084,B148,ARE,2025-12-18,OA,60,USD,38580.0,38580.0,1473.21,56836442.0,2026-02-16,0.0,N,0,,,2026-02-11,paid,55823717.0,,-1012725.0
INV-2512-0085,B149,CHN,2025-12-18,OA,90,USD,6370.0,6370.0,1473.21,9384348.0,2026-03-18,0.0,Y,0,,,2026-03-19,paid,9528756.0,,144408.0
INV-2512-0086,B049,ARE,2025-12-19,DA,90,USD,13790.0,13790.0,1477.26,20371415.0,2026-03-19,0.0,N,0,,,2026-03-19,paid,20628185.0,,256770.0
INV-2512-0087,B141,DEU,2025-12-19,DA,60,EUR,1360.0,1594.06,1731.5,2354840.0,2026-02-17,0.0,N,1,DOCS,,2026-02-13,paid,2329299.0,,-25541.0
INV-2512-0088,B017,EGY,2025-12-20,OA,90,USD,2420.0,2420.0,1477.26,3574969.0,2026-03-20,0.0,N,0,,,2026-03-17,paid,3602606.0,,27637.0
INV-2512-0089,B107,DEU,2025-12-20,OA,60,EUR,6510.0,7630.39,1731.5,11272065.0,2026-02-18,0.0,Y,0,,,2026-01-29,paid,11147984.0,,-124081.0
INV-2512-0090,B127,VNM,2025-12-20,DP,0,USD,14860.0,14860.0,1477.26,21952084.0,2026-01-01,0.0,N,0,,,2026-01-01,paid,21466013.0,,-486071.0
INV-2512-0091,B143,MYS,2025-12-20,OA,30,USD,21770.0,21770.0,1477.26,32159950.0,2026-01-19,0.0,Y,0,,,2026-01-05,paid,31455038.0,,-704912.0
INV-2512-0092,B019,USA,2025-12-21,OA,60,USD,10960.0,10960.0,1477.26,16190770.0,2026-02-19,0.0,Y,0,,,2026-02-13,paid,15814184.0,,-376586.0
INV-2512-0093,B024,USA,2025-12-21,OA,30,USD,12610.0,12610.0,1477.26,18628249.0,2026-01-20,0.0,Y,0,,,2026-01-12,paid,18499879.0,,-128370.0
INV-2512-0094,B043,CHN,2025-12-21,OA,90,CNY,224500.0,31884.94,209.81,47102345.0,2026-03-21,0.0,Y,1,QUANTITY,,2026-03-16,paid,48536326.0,,1433981.0
INV-2512-0095,B043,CHN,2025-12-21,OA,90,CNY,48600.0,6902.49,209.81,10196766.0,2026-03-21,0.0,Y,0,,,2026-03-16,paid,10522872.0,,326106.0
INV-2512-0096,B088,USA,2025-12-21,TT_ADV,0,USD,2340.0,2340.0,1477.26,3456788.0,2025-12-21,1.0,N,0,,,2025-11-29,paid,3434301.0,,-22487.0
INV-2512-0097,B135,TUR,2025-12-21,OA,30,USD,8220.0,8220.0,1477.26,12143077.0,2026-01-20,0.0,Y,0,,,2026-01-21,paid,12050109.0,,-92968.0
INV-2512-0098,B004,EGY,2025-12-22,LC_SIGHT,0,USD,7900.0,7900.0,1480.13,11693027.0,2025-12-27,0.0,N,0,,0,2025-12-27,paid,11385164.0,,-307863.0
INV-2512-0099,B050,USA,2025-12-22,OA,60,USD,28800.0,28800.0,1480.13,42627744.0,2026-02-20,0.0,Y,0,,,2026-02-20,paid,41643936.0,,-983808.0
INV-2512-0100,B058,MYS,2025-12-22,OA,30,USD,7170.0,7170.0,1480.13,10612532.0,2026-01-21,0.0,N,0,,,2026-01-16,paid,10568938.0,,-43594.0
INV-2512-0101,B076,POL,2025-12-22,TT_ADV,0,EUR,21900.0,25732.46,1739.15,38087385.0,2025-12-22,1.0,N,0,,,2025-12-17,paid,37950291.0,,-137094.0
INV-2512-0102,B087,TWN,2025-12-22,TT_SPLIT_30_70,30,USD,8430.0,8430.0,1480.13,12477496.0,2026-01-21,0.3,Y,0,,,2026-01-14,paid,12348138.0,,-129358.0
INV-2512-0103,B117,CHN,2025-12-22,TT_SPLIT_30_70,30,USD,1930.0,1930.0,1480.13,2856651.0,2026-01-21,0.3,Y,0,,,2026-01-21,paid,2833267.0,,-23384.0
INV-2512-0104,B129,CHN,2025-12-22,OA,30,USD,30650.0,30650.0,1480.13,45365984.0,2026-01-21,0.0,Y,0,,,2026-01-21,paid,44931368.0,,-434616.0
INV-2512-0105,B143,MYS,2025-12-22,OA,30,USD,3890.0,3890.0,1480.13,5757706.0,2026-01-21,0.0,Y,0,,,2026-01-18,paid,5734054.0,,-23652.0
INV-2512-0106,B148,ARE,2025-12-22,OA,60,USD,10310.0,10310.0,1480.13,15260140.0,2026-02-20,0.0,N,0,,,2026-02-16,paid,14876299.0,,-383841.0
INV-2512-0107,B001,NLD,2025-12-23,TT_ADV,0,EUR,3490.0,4109.83,1744.56,6088514.0,2025-12-23,1.0,N,0,,,2025-12-20,paid,6042935.0,,-45579.0
INV-2512-0108,B030,TUR,2025-12-23,OA,60,USD,19810.0,19810.0,1481.45,29347524.0,2026-02-21,0.0,N,0,,,2026-02-21,paid,28644666.0,,-702858.0
INV-2512-0109,B036,VNM,2025-12-23,TT_ADV,0,USD,21470.0,21470.0,1481.45,31806732.0,2025-12-23,1.0,N,0,,,2025-12-01,paid,31513451.0,,-293281.0
INV-2512-0110,B036,VNM,2025-12-23,TT_ADV,0,USD,8880.0,8880.0,1481.45,13155276.0,2025-12-23,1.0,N,0,,,2025-12-14,paid,13122154.0,,-33122.0
INV-2512-0111,B036,VNM,2025-12-23,TT_ADV,0,USD,34480.0,34480.0,1481.45,51080396.0,2025-12-23,1.0,N,0,,,2025-12-20,paid,50935925.0,,-144471.0
INV-2512-0112,B058,MYS,2025-12-23,OA,30,USD,2460.0,2460.0,1481.45,3644367.0,2026-01-22,0.0,N,0,,,2026-01-17,paid,3626163.0,,-18204.0
INV-2512-0113,B098,IND,2025-12-23,OA,30,USD,19380.0,19380.0,1481.45,28710501.0,2026-01-22,0.0,Y,0,,,2026-01-22,paid,28378909.0,,-331592.0
INV-2512-0114,B148,ARE,2025-12-23,OA,60,USD,4360.0,4360.0,1481.45,6459122.0,2026-02-21,0.0,N,1,PRICE,,2026-02-28,paid,6277615.0,,-181507.0
INV-2512-0115,B045,ARE,2025-12-24,OA,60,USD,2630.0,2630.0,1443.62,3796721.0,2026-02-22,0.0,Y,0,,,2026-02-02,paid,3818839.0,,22118.0
INV-2512-0116,B005,VNM,2025-12-25,OA,90,USD,5630.0,5630.0,1443.62,8127581.0,2026-03-25,0.0,Y,0,,,2026-04-02,paid,8498710.0,,371129.0
INV-2512-0117,B063,CHN,2025-12-25,TT_ADV,0,CNY,57800.0,8240.27,205.81,11895818.0,2025-12-25,1.0,N,0,,,2025-12-13,paid,12106788.0,,210970.0
INV-2512-0118,B127,VNM,2025-12-25,DP,0,USD,33370.0,33370.0,1443.62,48173599.0,2026-01-06,0.0,N,0,,,2026-01-06,paid,48284054.0,,110455.0
INV-2512-0119,B129,CHN,2025-12-25,OA,30,USD,7660.0,7660.0,1443.62,11058129.0,2026-01-24,0.0,Y,0,,,2026-02-09,paid,11070865.0,,12736.0
INV-2512-0120,B137,ARE,2025-12-25,TT_SPLIT_30_70,30,USD,3370.0,3370.0,1443.62,4864999.0,2026-01-24,0.3,N,0,,,2026-02-18,paid,4902619.0,,37620.0
INV-2512-0121,B032,EGY,2025-12-26,OA,30,USD,15970.0,15970.0,1441.16,23015325.0,2026-01-25,0.0,Y,1,QUALITY,,2026-02-11,paid,23107951.0,,92626.0
INV-2512-0122,B068,THA,2025-12-26,OA,60,USD,14260.0,14260.0,1441.16,20550942.0,2026-02-24,0.0,N,1,DOCS,,2026-02-18,paid,20607839.0,,56897.0
INV-2512-0123,B072,DEU,2025-12-26,OA,30,EUR,4530.0,5330.0,1695.67,7681385.0,2026-01-25,0.0,N,0,,,2026-01-08,paid,7666934.0,,-14451.0
INV-2512-0124,B120,JPN,2025-12-26,OA,60,JPY,2038000.0,13011.49,9.201,18751638.0,2026-02-24,0.0,N,0,,,2026-02-24,paid,18859244.0,,107606.0
INV-2512-0125,B137,ARE,2025-12-26,TT_ADV,0,USD,10440.0,10440.0,1441.16,15045710.0,2025-12-26,1.0,N,0,,,2025-11-30,paid,15322266.0,,276556.0
INV-2512-0126,B019,USA,2025-12-27,DA,90,USD,5990.0,5990.0,1441.16,8632548.0,2026-03-27,0.0,Y,1,QUANTITY,,2026-05-18,paid,8953073.0,,320525.0
INV-2512-0127,B038,DEU,2025-12-27,TT_SPLIT_30_70,30,EUR,57510.0,67666.31,1695.67,97517982.0,2026-01-26,0.3,N,0,,,2026-01-14,paid,98612052.0,,1094070.0
INV-2512-0128,B046,USA,2025-12-27,OA,30,USD,49230.0,49230.0,1441.16,70948307.0,2026-01-26,0.0,N,0,,,2026-01-17,paid,72567482.0,,1619174.0
INV-2512-0129,B062,USA,2025-12-27,OA,60,USD,1670.0,1670.0,1441.16,2406737.0,2026-02-25,0.0,Y,0,,,2026-02-25,paid,2383290.0,,-23447.0
INV-2512-0130,B088,USA,2025-12-27,TT_ADV,0,USD,35460.0,35460.0,1441.16,51103534.0,2025-12-27,1.0,N,0,,,2025-12-20,paid,52383640.0,,1280106.0
INV-2512-0131,B029,CHN,2025-12-28,TT_ADV,0,USD,53760.0,53760.0,1441.16,77476762.0,2025-12-28,1.0,N,0,,,2025-12-02,paid,78985805.0,,1509043.0
INV-2512-0132,B058,MYS,2025-12-28,OA,30,USD,42630.0,42630.0,1441.16,61436651.0,2026-01-27,0.0,N,1,QUALITY,,2026-01-27,paid,61278494.0,,-158158.0
INV-2512-0133,B068,THA,2025-12-28,OA,60,USD,7690.0,7690.0,1441.16,11082520.0,2026-02-26,0.0,N,0,,,2026-02-26,paid,11022231.0,,-60289.0
INV-2512-0134,B084,POL,2025-12-28,OA,90,EUR,8230.0,9683.42,1695.67,13955364.0,2026-03-28,0.0,N,0,,,2026-03-26,paid,14291971.0,,336607.0
INV-2512-0135,B084,POL,2025-12-28,OA,90,EUR,34960.0,41133.96,1695.67,59280623.0,2026-03-28,0.0,N,0,,,2026-03-26,paid,60710487.0,,1429864.0
INV-2512-0136,B086,DEU,2025-12-28,OA,90,EUR,10620.0,12495.5,1695.67,18008015.0,2026-03-28,0.0,N,1,QUALITY,,2026-03-24,paid,18406265.0,,398250.0
INV-2512-0137,B126,GBR,2025-12-28,OA,90,USD,3050.0,3050.0,1441.16,4395538.0,2026-03-28,0.0,N,0,,,2026-03-23,paid,4550814.0,,155276.0
INV-2512-0138,B140,USA,2025-12-28,OA,60,USD,21260.0,21260.0,1441.16,30639062.0,2026-02-26,0.0,Y,0,,,2026-02-19,paid,30829126.0,,190064.0
INV-2512-0139,B005,VNM,2025-12-29,OA,90,USD,13030.0,13030.0,1433.88,18683456.0,2026-03-29,0.0,Y,1,QUALITY,,2026-05-18,paid,19428435.0,,744979.0
INV-2512-0140,B053,DEU,2025-12-29,OA,60,EUR,5280.0,6207.17,1685.67,8900338.0,2026-02-27,0.0,N,0,,,2026-02-27,paid,8987405.0,,87067.0
INV-2512-0141,B061,IND,2025-12-29,DA,60,USD,5430.0,5430.0,1433.88,7785968.0,2026-02-27,0.0,N,0,,,2026-02-27,paid,7818223.0,,32255.0
INV-2512-0142,B084,POL,2025-12-29,OA,90,EUR,44380.0,52173.15,1685.67,74810035.0,2026-03-29,0.0,N,1,QUALITY,,2026-05-20,paid,77057678.0,,2247643.0
INV-2512-0143,B086,DEU,2025-12-29,OA,90,EUR,18920.0,22242.36,1685.67,31892876.0,2026-03-29,0.0,N,0,,,2026-03-29,paid,32908691.0,,1015815.0
INV-2512-0144,B123,POL,2025-12-29,OA,60,EUR,6790.0,7982.33,1685.67,11445699.0,2026-02-27,0.0,Y,0,,,2026-02-27,paid,11557666.0,,111967.0
INV-2512-0145,B127,VNM,2025-12-29,DP,0,USD,11610.0,11610.0,1433.88,16647347.0,2026-01-13,0.0,N,0,,,2026-01-13,paid,17133806.0,,486459.0
INV-2512-0146,B009,CHN,2025-12-30,DA,90,CNY,65300.0,9333.95,205.75,13435475.0,2026-03-30,0.0,Y,0,,,2026-03-24,paid,14183813.0,,748338.0
INV-2512-0147,B033,VNM,2025-12-30,LC_SIGHT,0,USD,13770.0,13770.0,1439.42,19820813.0,2026-01-05,0.0,N,0,,0,2026-01-05,paid,19895998.0,,75185.0
INV-2512-0148,B064,USA,2025-12-30,TT_SPLIT_30_70,30,USD,30130.0,30130.0,1439.42,43369725.0,2026-01-29,0.3,Y,0,,,2026-01-17,paid,44339820.0,,970095.0
INV-2512-0149,B064,USA,2025-12-30,TT_SPLIT_30_70,30,USD,10690.0,10690.0,1439.42,15387400.0,2026-01-29,0.3,Y,0,,,2026-01-29,paid,15430694.0,,43294.0
INV-2512-0150,B068,THA,2025-12-30,OA,60,USD,11380.0,11380.0,1439.42,16380600.0,2026-02-28,0.0,N,0,,,2026-02-28,paid,16385152.0,,4552.0
INV-2512-0151,B101,IND,2025-12-30,DA,60,USD,11330.0,11330.0,1439.42,16308629.0,2026-02-28,0.0,Y,1,DOCS,,2026-03-14,paid,16982310.0,,673681.0
INV-2512-0152,B128,GBR,2025-12-30,OA,90,USD,6860.0,6860.0,1439.42,9874421.0,2026-03-30,0.0,N,0,,,2026-03-30,paid,10418282.0,,543861.0
INV-2512-0153,B148,ARE,2025-12-30,OA,60,USD,17110.0,17110.0,1439.42,24628476.0,2026-02-28,0.0,N,1,QUALITY,,2026-03-02,paid,24635268.0,,6792.0
INV-2512-0154,B092,POL,2025-12-31,TT_SPLIT_30_70,30,EUR,4440.0,5210.77,1695.32,7527221.0,2026-01-30,0.3,N,0,,,2026-01-22,paid,7646182.0,,118961.0
INV-2512-0155,B119,IND,2025-12-31,DA,90,USD,7020.0,7020.0,1444.55,10140741.0,2026-03-31,0.0,Y,1,QUALITY,,2026-03-31,paid,10694970.0,,554229.0
INV-2601-0001,B028,JPN,2026-01-01,TT_ADV,0,JPY,3587000.0,22876.3,9.2127,33045955.0,2026-01-01,1.0,N,0,,,2025-12-25,paid,33230327.0,,184372.0
INV-2601-0002,B035,TWN,2026-01-01,TT_ADV,0,USD,6300.0,6300.0,1444.55,9100665.0,2026-01-01,1.0,N,0,,,2025-12-22,paid,9324819.0,,224154.0
INV-2601-0003,B084,POL,2026-01-01,TT_ADV,0,EUR,5460.0,6407.84,1695.32,9256447.0,2026-01-01,1.0,N,0,,,2025-12-07,paid,9356474.0,,100027.0
INV-2601-0004,B107,DEU,2026-01-01,OA,60,EUR,9520.0,11172.65,1695.32,16139446.0,2026-03-02,0.0,Y,0,,,2026-03-02,paid,16023398.0,,-116048.0
INV-2601-0005,B139,DEU,2026-01-01,DA,90,EUR,4760.0,5586.32,1695.32,8069723.0,2026-04-01,0.0,Y,1,DOCS,,2026-04-01,paid,8354942.0,,285219.0
INV-2601-0006,B140,USA,2026-01-01,OA,60,USD,26900.0,26900.0,1444.55,38858395.0,2026-03-02,0.0,Y,0,,,2026-02-27,paid,38731158.0,,-127237.0
INV-2601-0007,B148,ARE,2026-01-01,OA,60,USD,1730.0,1730.0,1444.55,2499072.0,2026-03-02,0.0,N,0,,,2026-03-02,paid,2490854.0,,-8218.0
INV-2601-0008,B038,DEU,2026-01-02,TT_ADV,0,EUR,1820.0,2136.32,1695.5,3085810.0,2026-01-02,1.0,N,0,,,2025-12-14,paid,3154988.0,,69178.0
INV-2601-0009,B050,USA,2026-01-02,OA,60,USD,15400.0,15400.0,1444.45,22244530.0,2026-03-03,0.0,Y,0,,,2026-03-02,paid,22172920.0,,-71610.0
INV-2601-0010,B089,NGA,2026-01-02,LC_SIGHT,0,USD,3930.0,3930.0,1444.45,5676688.0,2026-01-10,0.0,N,0,,0,2026-01-10,paid,5732337.0,,55649.0
INV-2601-0011,B057,VNM,2026-01-03,LC_USANCE,90,USD,8160.0,8160.0,1444.45,11786712.0,2026-04-03,0.0,N,0,,0,2026-04-03,paid,12322987.0,,536275.0
INV-2601-0012,B087,TWN,2026-01-03,TT_SPLIT_30_70,30,USD,14830.0,14830.0,1444.45,21421194.0,2026-02-02,0.3,Y,0,,,2026-01-27,paid,21459885.0,,38691.0
INV-2601-0013,B116,GBR,2026-01-03,OA,60,USD,6560.0,6560.0,1444.45,9475592.0,2026-03-04,0.0,Y,0,,,2026-03-04,paid,9595312.0,,119720.0
INV-2601-0014,B129,CHN,2026-01-03,OA,30,USD,4050.0,4050.0,1444.45,5850022.0,2026-02-02,0.0,Y,0,,,2026-03-04,paid,5917431.0,,67409.0
INV-2601-0015,B061,IND,2026-01-04,DA,60,USD,5690.0,5690.0,1444.45,8218920.0,2026-03-05,0.0,N,0,,,2026-03-05,paid,8440318.0,,221398.0
INV-2601-0016,B087,TWN,2026-01-04,TT_SPLIT_30_70,30,USD,25000.0,25000.0,1444.45,36111250.0,2026-02-03,0.3,Y,0,,,2026-01-29,paid,36175100.0,,63850.0
INV-2601-0017,B037,SAU,2026-01-05,DA,90,USD,10850.0,10850.0,1444.88,15676948.0,2026-04-05,0.0,Y,1,QUANTITY,,2026-04-05,paid,16385344.0,,708396.0
INV-2601-0018,B063,CHN,2026-01-05,TT_ADV,0,CNY,135000.0,19319.22,206.77,27913950.0,2026-01-05,1.0,N,0,,,2025-12-31,paid,27886950.0,,-27000.0
INV-2601-0019,B012,IDN,2026-01-06,OA,30,USD,11350.0,11350.0,1446.93,16422656.0,2026-02-05,0.0,N,0,,,2026-01-28,paid,16299281.0,,-123375.0
INV-2601-0020,B052,VNM,2026-01-06,LC_SIGHT,0,USD,53390.0,53390.0,1446.93,77251593.0,2026-01-13,0.0,N,0,,0,2026-01-13,paid,78791894.0,,1540301.0
INV-2601-0021,B086,DEU,2026-01-06,OA,90,EUR,12860.0,15032.09,1691.32,21750375.0,2026-04-06,0.0,N,0,,,2026-04-01,paid,22572386.0,,822011.0
INV-2601-0022,B002,CHN,2026-01-07,OA,90,USD,8050.0,8050.0,1447.45,11651972.0,2026-04-07,0.0,N,1,DOCS,,2026-04-02,paid,12151797.0,,499825.0
INV-2601-0023,B002,CHN,2026-01-07,OA,90,USD,4140.0,4140.0,1447.45,5992443.0,2026-04-07,0.0,N,0,,,2026-04-07,paid,6217700.0,,225257.0
INV-2601-0024,B082,JPN,2026-01-07,OA,60,JPY,2559000.0,16327.43,9.2353,23633133.0,2026-03-08,0.0,Y,0,,,2026-03-13,paid,24041805.0,,408672.0
INV-2601-0025,B087,TWN,2026-01-07,TT_SPLIT_30_70,30,USD,40710.0,40710.0,1447.45,58925690.0,2026-02-06,0.3,Y,0,,,2026-02-06,paid,59325055.0,,399365.0
INV-2601-0026,B093,NGA,2026-01-08,OA,30,USD,77810.0,77810.0,1452.15,112991792.0,2026-02-07,0.0,Y,0,,,2026-01-23,paid,113827471.0,,835679.0
INV-2601-0027,B022,IDN,2026-01-09,OA,90,USD,16980.0,16980.0,1458.61,24767198.0,2026-04-09,0.0,Y,1,PRICE,,2026-03-22,paid,25540467.0,,773269.0
INV-2601-0028,B026,THA,2026-01-09,OA,60,USD,43720.0,43720.0,1458.61,63770429.0,2026-03-10,0.0,Y,0,,,2026-03-06,paid,64835886.0,,1065457.0
INV-2601-0029,B064,USA,2026-01-09,TT_SPLIT_30_70,30,USD,16940.0,16940.0,1458.61,24708853.0,2026-02-08,0.3,Y,0,,,2026-01-29,paid,24485618.0,,-223235.0
INV-2601-0030,B086,DEU,2026-01-09,TT_ADV,0,EUR,9660.0,11238.46,1696.95,16392537.0,2026-01-09,1.0,N,0,,,2025-12-15,paid,16678087.0,,285550.0
INV-2601-0031,B133,USA,2026-01-09,OA,90,USD,19580.0,19580.0,1458.61,28559584.0,2026-04-09,0.0,Y,0,,,2026-04-09,paid,28839774.0,,280190.0
INV-2601-0032,B026,THA,2026-01-10,OA,60,USD,9170.0,9170.0,1458.61,13375454.0,2026-03-11,0.0,Y,1,PRICE,,2026-03-12,paid,13473572.0,,98118.0
INV-2601-0033,B068,THA,2026-01-10,OA,60,USD,2210.0,2210.0,1458.61,3223528.0,2026-03-11,0.0,N,0,,,2026-03-11,paid,3259617.0,,36089.0
INV-2601-0034,B072,DEU,2026-01-10,OA,30,EUR,6350.0,7387.6,1696.95,10775632.0,2026-02-09,0.0,N,0,,,2026-02-03,paid,10865104.0,,89472.0
INV-2601-0035,B098,IND,2026-01-10,OA,30,USD,2760.0,2760.0,1458.61,4025764.0,2026-02-09,0.0,Y,0,,,2026-02-09,paid,4024411.0,,-1353.0
INV-2601-0036,B026,THA,2026-01-11,OA,60,USD,7640.0,7640.0,1458.61,11143780.0,2026-03-12,0.0,Y,0,,,2026-03-15,paid,11407256.0,,263476.0
INV-2601-0037,B062,USA,2026-01-11,OA,60,USD,49950.0,49950.0,1458.61,72857570.0,2026-03-12,0.0,Y,0,,,2026-03-04,paid,73061865.0,,204295.0
INV-2601-0038,B081,JPN,2026-01-11,LC_USANCE,60,JPY,923000.0,5839.17,9.2276,8517075.0,2026-03-12,0.0,N,0,,0,2026-03-12,paid,8648602.0,,131527.0
INV-2601-0039,B123,POL,2026-01-11,OA,60,EUR,17170.0,19975.61,1696.95,29136632.0,2026-03-12,0.0,Y,1,DOCS,,2026-03-12,paid,29512826.0,,376194.0
INV-2601-0040,B137,ARE,2026-01-11,TT_ADV,0,USD,12260.0,12260.0,1458.61,17882559.0,2026-01-11,1.0,N,0,,,2025-12-20,paid,18111208.0,,228649.0
INV-2601-0041,B024,USA,2026-01-12,OA,30,USD,10290.0,10290.0,1467.08,15096253.0,2026-02-11,0.0,Y,0,,,2026-02-07,paid,15051698.0,,-44556.0
INV-2601-0042,B041,TUR,2026-01-12,OA,30,USD,5660.0,5660.0,1467.08,8303673.0,2026-02-11,0.0,Y,0,,,2026-02-11,paid,8189794.0,,-113879.0
INV-2601-0043,B053,DEU,2026-01-12,OA,60,EUR,17760.0,20729.52,1712.38,30411869.0,2026-03-13,0.0,N,0,,,2026-03-10,paid,30312235.0,,-99634.0
INV-2601-0044,B058,MYS,2026-01-12,OA,30,USD,27290.0,27290.0,1467.08,40036613.0,2026-02-11,0.0,N,1,DOCS,,2026-02-09,paid,39792095.0,,-244518.0
INV-2601-0045,B066,ARE,2026-01-12,DA,60,USD,5740.0,5740.0,1467.08,8421039.0,2026-03-13,0.0,Y,1,QUALITY,,2026-03-15,paid,8603571.0,,182532.0
INV-2601-0046,B087,TWN,2026-01-12,TT_SPLIT_30_70,30,USD,3270.0,3270.0,1467.08,4797352.0,2026-02-11,0.3,Y,0,,,2026-02-11,paid,4729195.0,,-68157.0
INV-2601-0047,B092,POL,2026-01-12,TT_SPLIT_30_70,30,EUR,10520.0,12278.97,1712.38,18014238.0,2026-02-11,0.3,N,0,,,2026-02-03,paid,17984830.0,,-29408.0
INV-2601-0048,B121,IND,2026-01-12,DA,90,USD,9960.0,9960.0,1467.08,14612117.0,2026-04-12,0.0,Y,0,,,2026-05-25,paid,15112607.0,,500490.0
INV-2601-0049,B142,IND,2026-01-12,OA,30,USD,4420.0,4420.0,1467.08,6484494.0,2026-02-11,0.0,Y,0,,,2026-02-04,paid,6449841.0,,-34653.0
INV-2601-0050,B026,THA,2026-01-13,OA,60,USD,7780.0,7780.0,1475.78,11481568.0,2026-03-14,0.0,Y,0,,,2026-03-18,paid,11668007.0,,186439.0
INV-2601-0051,B079,JPN,2026-01-13,OA,60,JPY,1520000.0,9556.11,9.2781,14102712.0,2026-03-14,0.0,Y,0,,,2026-03-06,paid,14299248.0,,196536.0
INV-2601-0052,B101,IND,2026-01-13,TT_ADV,0,USD,24440.0,24440.0,1475.78,36068063.0,2026-01-13,1.0,N,0,,,2025-12-18,paid,36005252.0,,-62811.0
INV-2601-0053,B101,IND,2026-01-13,TT_ADV,0,USD,10270.0,10270.0,1475.78,15156261.0,2026-01-13,1.0,N,0,,,2025-12-30,paid,14782843.0,,-373418.0
INV-2601-0054,B101,IND,2026-01-13,DA,60,USD,24110.0,24110.0,1475.78,35581056.0,2026-03-14,0.0,Y,0,,,2026-03-26,paid,36202464.0,,621408.0
INV-2601-0055,B123,POL,2026-01-13,TT_SPLIT_30_70,30,EUR,7510.0,8746.13,1718.69,12907362.0,2026-02-12,0.3,Y,0,,,2026-02-12,paid,12796657.0,,-110705.0
INV-2601-0056,B005,VNM,2026-01-14,OA,90,USD,2700.0,2700.0,1464.29,3953583.0,2026-04-14,0.0,Y,1,QUALITY,,2026-05-18,paid,4035609.0,,82026.0
INV-2601-0057,B026,THA,2026-01-14,OA,60,USD,4040.0,4040.0,1464.29,5915732.0,2026-03-15,0.0,Y,0,,,2026-03-18,paid,6060768.0,,145036.0
INV-2601-0058,B029,CHN,2026-01-14,OA,60,USD,26450.0,26450.0,1464.29,38730470.0,2026-03-15,0.0,Y,1,QUALITY,,2026-04-14,paid,39529287.0,,798817.0
INV-2601-0059,B035,TWN,2026-01-14,TT_ADV,0,USD,6380.0,6380.0,1464.29,9342170.0,2026-01-14,1.0,N,0,,,2026-01-03,paid,9215591.0,,-126579.0
INV-2601-0060,B011,IND,2026-01-15,LC_SIGHT,0,USD,2490.0,2490.0,1469.39,3658781.0,2026-01-24,0.0,N,0,,0,2026-01-24,paid,3642596.0,,-16185.0
INV-2601-0061,B050,USA,2026-01-15,OA,60,USD,3810.0,3810.0,1469.39,5598376.0,2026-03-16,0.0,Y,0,,,2026-03-29,paid,5752567.0,,154191.0
INV-2601-0062,B063,CHN,2026-01-15,TT_ADV,0,CNY,38300.0,5498.2,210.94,8079002.0,2026-01-15,1.0,N,0,,,2025-12-31,paid,7911631.0,,-167371.0
INV-2601-0063,B110,USA,2026-01-15,OA,90,USD,19130.0,19130.0,1469.39,28109431.0,2026-04-15,0.0,Y,0,,,2026-05-06,paid,27681301.0,,-428130.0
INV-2601-0064,B129,CHN,2026-01-15,OA,30,USD,5030.0,5030.0,1469.39,7391032.0,2026-02-14,0.0,Y,0,,,2026-03-20,paid,7532714.0,,141682.0
INV-2601-0065,B028,JPN,2026-01-16,OA,90,JPY,3707000.0,23458.93,9.3282,34579637.0,2026-04-16,0.0,Y,0,,,2026-04-12,paid,34548499.0,,-31138.0
INV-2601-0066,B033,VNM,2026-01-16,LC_SIGHT,0,USD,4470.0,4470.0,1474.05,6589004.0,2026-01-23,0.0,N,0,,0,2026-01-23,paid,6539118.0,,-49886.0
INV-2601-0067,B062,USA,2026-01-16,OA,60,USD,4210.0,4210.0,1474.05,6205750.0,2026-03-17,0.0,Y,0,,,2026-03-14,paid,6310285.0,,104535.0
INV-2601-0068,B096,USA,2026-01-16,OA,90,USD,4500.0,4500.0,1474.05,6633225.0,2026-04-16,0.0,Y,1,DOCS,,2026-04-16,paid,6651855.0,,18630.0
INV-2601-0069,B132,IDN,2026-01-16,TT_SPLIT_30_70,30,USD,11670.0,11670.0,1474.05,17202164.0,2026-02-15,0.3,Y,0,,,2026-02-04,paid,16954333.0,,-247831.0
INV-2601-0070,B140,USA,2026-01-16,OA,60,USD,14740.0,14740.0,1474.05,21727497.0,2026-03-17,0.0,Y,0,,,2026-02-28,paid,21222947.0,,-504550.0
INV-2601-0071,B144,TUR,2026-01-16,OA,60,USD,2710.0,2710.0,1474.05,3994676.0,2026-03-17,0.0,N,0,,,2026-03-17,paid,4034323.0,,39647.0
INV-2601-0072,B012,IDN,2026-01-17,DP,0,USD,15310.0,15310.0,1474.05,22567706.0,2026-01-30,0.0,N,0,,,2026-01-30,paid,22115448.0,,-452258.0
INV-2601-0073,B023,IDN,2026-01-17,DA,90,USD,10770.0,10770.0,1474.05,15875518.0,2026-04-17,0.0,Y,0,,,2026-04-28,paid,15857425.0,,-18093.0
INV-2601-0074,B033,VNM,2026-01-17,LC_SIGHT,0,USD,20860.0,20860.0,1474.05,30748683.0,2026-01-22,0.0,N,0,,0,2026-01-22,paid,30546132.0,,-202551.0
INV-2601-0075,B040,IND,2026-01-17,LC_USANCE,90,USD,7150.0,7150.0,1474.05,10539458.0,2026-04-17,0.0,N,0,,0,2026-04-17,paid,10450869.0,,-88589.0
INV-2601-0076,B070,POL,2026-01-17,TT_ADV,0,EUR,2360.0,2737.36,1709.75,4035010.0,2026-01-17,1.0,N,0,,,2025-12-26,paid,4001781.0,,-33229.0
INV-2601-0077,B080,JPN,2026-01-17,OA,60,JPY,147000.0,930.26,9.3282,1371245.0,2026-03-18,0.0,Y,0,,,2026-03-18,paid,1382800.0,,11555.0
INV-2601-0078,B098,IND,2026-01-17,OA,30,USD,24930.0,24930.0,1474.05,36748066.0,2026-02-16,0.0,Y,0,,,2026-02-16,paid,35971497.0,,-776569.0
INV-2601-0079,B127,VNM,2026-01-17,DP,0,USD,9870.0,9870.0,1474.05,14548874.0,2026-01-28,0.0,N,0,,,2026-01-28,paid,14173912.0,,-374962.0
INV-2601-0080,B150,GBR,2026-01-17,OA,30,USD,3660.0,3660.0,1474.05,5395023.0,2026-02-16,0.0,Y,0,,,2026-03-23,paid,5460976.0,,65953.0
INV-2601-0081,B007,NLD,2026-01-18,OA,90,EUR,2510.0,2911.35,1709.75,4291472.0,2026-04-18,0.0,Y,0,,,2026-04-18,paid,4329499.0,,38027.0
INV-2601-0082,B018,NLD,2026-01-18,OA,30,EUR,5710.0,6623.03,1709.75,9762672.0,2026-02-17,0.0,Y,1,QUALITY,,2026-03-09,paid,9783914.0,,21242.0
INV-2601-0083,B098,IND,2026-01-18,TT_ADV,0,USD,16810.0,16810.0,1474.05,24778780.0,2026-01-18,1.0,N,0,,,2025-12-28,paid,24225900.0,,-552880.0
INV-2601-0084,B105,JPN,2026-01-18,OA,60,JPY,2978000.0,18845.62,9.3282,27779380.0,2026-03-19,0.0,Y,0,,,2026-03-19,paid,28160564.0,,381184.0
INV-2601-0085,B112,MEX,2026-01-18,TT_SPLIT_30_70,30,USD,13630.0,13630.0,1474.05,20091302.0,2026-02-17,0.3,N,0,,,2026-02-17,paid,19674210.0,,-417092.0
INV-2601-0086,B127,VNM,2026-01-18,DP,0,USD,6280.0,6280.0,1474.05,9257034.0,2026-01-28,0.0,N,0,,,2026-02-05,paid,9188456.0,,-68578.0
INV-2601-0087,B132,IDN,2026-01-18,OA,60,USD,19460.0,19460.0,1474.05,28685013.0,2026-03-19,0.0,Y,1,QUANTITY,,2026-03-13,paid,29168205.0,,483192.0
INV-2601-0088,B148,ARE,2026-01-18,OA,60,USD,17230.0,17230.0,1474.05,25397882.0,2026-03-19,0.0,N,0,,,2026-03-19,paid,25774012.0,,376130.0
INV-2601-0089,B036,VNM,2026-01-19,TT_ADV,0,USD,15410.0,15410.0,1474.05,22715110.0,2026-01-19,1.0,N,0,,,2025-12-30,paid,22181462.0,,-533648.0
INV-2601-0090,B095,EGY,2026-01-19,TT_ADV,0,USD,2980.0,2980.0,1474.05,4392669.0,2026-01-19,1.0,N,0,,,2025-12-26,paid,4294657.0,,-98012.0
INV-2601-0091,B114,JPN,2026-01-19,OA,90,JPY,1841000.0,11650.36,9.3282,17173216.0,2026-04-19,0.0,N,0,,,2026-04-14,paid,17047660.0,,-125556.0
INV-2601-0092,B140,USA,2026-01-19,OA,60,USD,22340.0,22340.0,1474.05,32930277.0,2026-03-20,0.0,Y,1,QUALITY,,2026-03-15,paid,33484979.0,,554702.0
INV-2601-0093,B030,TUR,2026-01-20,OA,60,USD,15770.0,15770.0,1478.33,23313264.0,2026-03-21,0.0,N,0,,,2026-03-18,paid,23657996.0,,344732.0
INV-2601-0094,B054,NLD,2026-01-20,OA,30,EUR,48630.0,57086.7,1735.41,84392988.0,2026-02-19,0.0,Y,1,PRICE,,2026-02-21,paid,82841205.0,,-1551783.0
INV-2601-0095,B057,VNM,2026-01-20,LC_USANCE,90,USD,9420.0,9420.0,1478.33,13925869.0,2026-04-20,0.0,N,0,,0,2026-04-20,paid,13850320.0,,-75549.0
INV-2601-0096,B064,USA,2026-01-20,TT_SPLIT_30_70,30,USD,3700.0,3700.0,1478.33,5469821.0,2026-02-19,0.3,Y,0,,,2026-02-15,paid,5328718.0,,-141103.0
INV-2601-0097,B002,CHN,2026-01-21,OA,90,USD,19370.0,19370.0,1465.95,28395452.0,2026-04-21,0.0,N,0,,,2026-04-21,paid,28638932.0,,243480.0
INV-2601-0098,B007,NLD,2026-01-21,OA,90,EUR,29850.0,34939.33,1715.89,51219316.0,2026-04-21,0.0,Y,1,DOCS,,2026-05-25,paid,52552716.0,,1333400.0
INV-2601-0099,B097,SAU,2026-01-21,OA,30,USD,371260.0,371260.0,1465.95,544248597.0,2026-02-20,0.0,Y,0,,,2026-02-07,paid,543060565.0,,-1188032.0
INV-2601-0100,B113,JPN,2026-01-21,OA,90,JPY,368000.0,2326.76,9.2688,3410918.0,2026-04-21,0.0,Y,0,,,2026-04-16,paid,3419714.0,,8796.0
INV-2601-0101,B009,CHN,2026-01-22,DA,90,CNY,53400.0,7661.34,210.09,11218806.0,2026-04-22,0.0,Y,0,,,2026-04-16,paid,11572848.0,,354042.0
INV-2601-0102,B057,VNM,2026-01-22,LC_USANCE,90,USD,10810.0,10810.0,1464.34,15829515.0,2026-04-22,0.0,N,0,,0,2026-04-22,paid,16005394.0,,175879.0
INV-2601-0103,B059,IDN,2026-01-22,OA,30,USD,20190.0,20190.0,1464.34,29565025.0,2026-02-21,0.0,Y,0,,,2026-03-01,paid,29045331.0,,-519694.0
INV-2601-0104,B073,BRA,2026-01-22,OA,30,USD,30560.0,30560.0,1464.34,44750230.0,2026-02-21,0.0,N,0,,,2026-02-21,paid,44188843.0,,-561387.0
INV-2601-0105,B075,DEU,2026-01-22,OA,60,EUR,25720.0,30190.1,1718.84,44208565.0,2026-03-23,0.0,Y,0,,,2026-03-23,paid,44466279.0,,257714.0
INV-2601-0106,B077,VNM,2026-01-22,DP,0,USD,4170.0,4170.0,1464.34,6106298.0,2026-02-06,0.0,N,0,,,2026-02-06,paid,6099668.0,,-6630.0
INV-2601-0107,B082,JPN,2026-01-22,OA,60,JPY,1530000.0,9661.52,9.2469,14147757.0,2026-03-23,0.0,Y,1,DOCS,,2026-03-20,paid,14394488.0,,246731.0
INV-2601-0108,B106,TUR,2026-01-22,LC_SIGHT,0,USD,98850.0,98850.0,1464.34,144750009.0,2026-01-29,0.0,N,0,,0,2026-01-29,paid,141735084.0,,-3014925.0
INV-2601-0109,B132,IDN,2026-01-22,OA,60,USD,14520.0,14520.0,1464.34,21262217.0,2026-03-23,0.0,Y,1,QUANTITY,,2026-03-25,paid,21809695.0,,547478.0
INV-2601-0110,B087,TWN,2026-01-23,TT_SPLIT_30_70,30,USD,6050.0,6050.0,1462.89,8850484.0,2026-02-22,0.3,Y,0,,,2026-02-22,paid,8743853.0,,-106631.0
INV-2601-0111,B108,VNM,2026-01-23,OA,90,USD,3170.0,3170.0,1462.89,4637361.0,2026-04-23,0.0,Y,0,,,2026-04-19,paid,4633462.0,,-3899.0
INV-2601-0112,B037,SAU,2026-01-24,DA,90,USD,8990.0,8990.0,1462.89,13151381.0,2026-04-24,0.0,Y,0,,,2026-04-24,paid,13273465.0,,122084.0
INV-2601-0113,B082,JPN,2026-01-24,OA,60,JPY,1124000.0,7133.37,9.2841,10435328.0,2026-03-25,0.0,Y,0,,,2026-03-20,paid,10615730.0,,180402.0
INV-2601-0114,B086,DEU,2026-01-24,OA,90,EUR,11830.0,13925.11,1721.97,20370905.0,2026-04-24,0.0,N,0,,,2026-04-05,paid,20586211.0,,215306.0
INV-2601-0115,B145,GBR,2026-01-24,TT_ADV,0,USD,15630.0,15630.0,1462.89,22864971.0,2026-01-24,1.0,N,0,,,2026-01-07,paid,22623644.0,,-241328.0
INV-2601-0116,B041,TUR,2026-01-25,OA,30,USD,1130.0,1130.0,1462.89,1653066.0,2026-02-24,0.0,Y,0,,,2026-02-18,paid,1633020.0,,-20046.0
INV-2601-0117,B043,CHN,2026-01-25,OA,90,CNY,74300.0,10670.44,210.09,15609687.0,2026-04-25,0.0,Y,1,DOCS,,2026-04-26,paid,16048057.0,,438370.0
INV-2601-0118,B054,NLD,2026-01-25,OA,30,EUR,62350.0,73392.28,1721.97,107364830.0,2026-02-24,0.0,Y,0,,,2026-02-26,paid,105382100.0,,-1982730.0
INV-2601-0119,B070,POL,2026-01-25,OA,60,EUR,2810.0,3307.66,1721.97,4838736.0,2026-03-26,0.0,Y,0,,,2026-03-24,paid,4870208.0,,31472.0
INV-2601-0120,B086,DEU,2026-01-25,OA,90,EUR,28760.0,33853.44,1721.97,49523857.0,2026-04-25,0.0,N,0,,,2026-04-21,paid,50016413.0,,492556.0
INV-2601-0121,B108,VNM,2026-01-25,OA,90,USD,8250.0,8250.0,1462.89,12068842.0,2026-04-25,0.0,Y,0,,,2026-04-25,paid,12180878.0,,112036.0
INV-2601-0122,B132,IDN,2026-01-25,OA,60,USD,6540.0,6540.0,1462.89,9567301.0,2026-03-26,0.0,Y,0,,,2026-03-25,paid,9812093.0,,244792.0
INV-2601-0123,B148,ARE,2026-01-25,OA,60,USD,4030.0,4030.0,1462.89,5895447.0,2026-03-26,0.0,N,1,DOCS,,2026-03-26,paid,6063417.0,,167970.0
INV-2601-0124,B031,MEX,2026-01-26,OA,60,USD,7760.0,7760.0,1441.49,11185962.0,2026-03-27,0.0,Y,1,DOCS,,2026-04-03,paid,11718919.0,,532957.0
INV-2601-0125,B059,IDN,2026-01-26,OA,30,USD,4120.0,4120.0,1441.49,5938939.0,2026-02-25,0.0,Y,1,QUALITY,,2026-03-02,paid,5932052.0,,-6887.0
INV-2601-0126,B086,DEU,2026-01-26,OA,90,EUR,10920.0,12979.55,1713.36,18709891.0,2026-04-26,0.0,N,0,,,2026-04-21,paid,18974155.0,,264264.0
INV-2601-0127,B124,CHN,2026-01-26,OA,60,CNY,22000.0,3163.5,207.28,4560160.0,2026-03-27,0.0,N,0,,,2026-03-24,paid,4778620.0,,218460.0
INV-2601-0128,B129,CHN,2026-01-26,OA,30,USD,3430.0,3430.0,1441.49,4944311.0,2026-02-25,0.0,Y,0,,,2026-03-20,paid,5159234.0,,214924.0
INV-2601-0129,B041,TUR,2026-01-27,OA,30,USD,10280.0,10280.0,1437.45,14776986.0,2026-02-26,0.0,Y,0,,,2026-03-11,paid,15162383.0,,385397.0
INV-2601-0130,B057,VNM,2026-01-27,LC_USANCE,90,USD,44040.0,44040.0,1437.45,63305298.0,2026-04-27,0.0,N,0,,0,2026-04-27,paid,64888536.0,,1583238.0
INV-2601-0131,B059,IDN,2026-01-27,OA,30,USD,3790.0,3790.0,1437.45,5447936.0,2026-02-26,0.0,Y,0,,,2026-03-02,paid,5456842.0,,8906.0
INV-2601-0132,B062,USA,2026-01-27,OA,60,USD,8590.0,8590.0,1437.45,12347696.0,2026-03-28,0.0,Y,0,,,2026-03-17,paid,12832437.0,,484741.0
INV-2601-0133,B066,ARE,2026-01-27,TT_ADV,0,USD,14460.0,14460.0,1437.45,20785527.0,2026-01-27,1.0,N,0,,,2026-01-21,paid,21197637.0,,412110.0
INV-2601-0134,B096,USA,2026-01-27,OA,90,USD,30360.0,30360.0,1437.45,43640982.0,2026-04-27,0.0,Y,0,,,2026-04-27,paid,44732424.0,,1091442.0
INV-2601-0135,B127,VNM,2026-01-27,DP,0,USD,21270.0,21270.0,1437.45,30574562.0,2026-02-10,0.0,N,0,,,2026-02-10,paid,30986561.0,,411999.0
INV-2601-0136,B132,IDN,2026-01-27,OA,60,USD,20540.0,20540.0,1437.45,29525223.0,2026-03-28,0.0,Y,1,QUANTITY,,2026-03-25,paid,30816573.0,,1291350.0
INV-2601-0137,B140,USA,2026-01-27,OA,60,USD,9090.0,9090.0,1437.45,13066420.0,2026-03-28,0.0,Y,0,,,2026-03-19,paid,13597549.0,,531129.0
INV-2601-0138,B014,USA,2026-01-28,LC_USANCE,90,USD,2360.0,2360.0,1436.06,3389102.0,2026-04-28,0.0,N,0,,0,2026-04-28,paid,3474793.0,,85691.0
INV-2601-0139,B028,JPN,2026-01-28,TT_ADV,0,JPY,1735000.0,11295.51,9.3493,16221036.0,2026-01-28,1.0,N,0,,,2026-01-03,paid,15991148.0,,-229888.0
INV-2601-0140,B066,ARE,2026-01-28,TT_ADV,0,USD,10290.0,10290.0,1436.06,14777057.0,2026-01-28,1.0,N,0,,,2026-01-25,paid,15053138.0,,276081.0
INV-2601-0141,B086,DEU,2026-01-28,TT_SPLIT_30_70,30,EUR,7480.0,8931.87,1714.8,12826704.0,2026-02-27,0.3,N,0,,,2026-02-27,paid,12769587.0,,-57117.0
INV-2601-0142,B098,IND,2026-01-28,TT_ADV,0,USD,52790.0,52790.0,1436.06,75809607.0,2026-01-28,1.0,N,0,,,2026-01-07,paid,76410886.0,,601278.0
INV-2601-0143,B132,IDN,2026-01-28,OA,60,USD,77900.0,77900.0,1436.06,111869074.0,2026-03-29,0.0,Y,0,,,2026-03-31,paid,117407453.0,,5538379.0
INV-2601-0144,B135,TUR,2026-01-28,OA,30,USD,24960.0,24960.0,1436.06,35844058.0,2026-02-27,0.0,Y,0,,,2026-02-21,paid,36091411.0,,247353.0
INV-2601-0145,B029,CHN,2026-01-29,OA,60,USD,13050.0,13050.0,1433.84,18711612.0,2026-03-30,0.0,Y,0,,,2026-05-02,paid,19255252.0,,543640.0
INV-2601-0146,B030,TUR,2026-01-29,OA,60,USD,5340.0,5340.0,1433.84,7656706.0,2026-03-30,0.0,N,0,,,2026-03-26,paid,8034404.0,,377698.0
INV-2601-0147,B090,USA,2026-01-29,OA,60,USD,9720.0,9720.0,1433.84,13936925.0,2026-03-30,0.0,N,0,,,2026-03-30,paid,14761764.0,,824839.0
INV-2601-0148,B092,POL,2026-01-29,TT_SPLIT_30_70,30,EUR,3130.0,3738.17,1712.44,5359937.0,2026-02-28,0.3,N,0,,,2026-02-28,paid,5321507.0,,-38430.0
INV-2601-0149,B102,GBR,2026-01-29,OA,60,USD,11860.0,11860.0,1433.84,17005342.0,2026-03-30,0.0,Y,0,,,2026-04-04,paid,17910616.0,,905274.0
INV-2601-0150,B137,ARE,2026-01-29,TT_ADV,0,USD,9400.0,9400.0,1433.84,13478096.0,2026-01-29,1.0,N,0,,,2026-01-17,paid,13856070.0,,377974.0
INV-2601-0151,B140,USA,2026-01-29,OA,60,USD,17510.0,17510.0,1433.84,25106538.0,2026-03-30,0.0,Y,0,,,2026-03-28,paid,26319937.0,,1213399.0
INV-2601-0152,B072,DEU,2026-01-30,OA,30,EUR,4650.0,5526.52,1716.8,7983120.0,2026-03-01,0.0,N,0,,,2026-02-09,paid,8067145.0,,84025.0
INV-2601-0153,B088,USA,2026-01-30,TT_ADV,0,USD,26780.0,26780.0,1444.51,38683978.0,2026-01-30,1.0,N,0,,,2026-01-09,paid,39061576.0,,377598.0
INV-2601-0154,B098,IND,2026-01-30,OA,30,USD,7130.0,7130.0,1444.51,10299356.0,2026-03-01,0.0,Y,0,,,2026-03-01,paid,10265917.0,,-33439.0
INV-2601-0155,B141,DEU,2026-01-30,DA,60,EUR,11190.0,13299.31,1716.8,19210992.0,2026-03-31,0.0,N,0,,,2026-03-27,paid,19463438.0,,252446.0
INV-2601-0156,B011,IND,2026-01-31,LC_SIGHT,0,USD,48860.0,48860.0,1444.51,70578759.0,2026-02-09,0.0,N,0,,8,2026-02-17,paid,70574850.0,,-3909.0
INV-2601-0157,B017,EGY,2026-01-31,OA,90,USD,11210.0,11210.0,1444.51,16192957.0,2026-05-01,0.0,N,0,,,2026-05-25,paid,17009269.0,,816312.0
INV-2601-0158,B068,THA,2026-01-31,OA,60,USD,12850.0,12850.0,1444.51,18561954.0,2026-04-01,0.0,N,1,DOCS,,2026-06-15,paid,19478880.0,,916926.0
INV-2601-0159,B145,GBR,2026-01-31,TT_ADV,0,USD,13660.0,13660.0,1444.51,19732007.0,2026-01-31,1.0,N,0,,,2026-01-05,paid,19737061.0,,5054.0
INV-2601-0160,B145,GBR,2026-01-31,OA,90,USD,4220.0,4220.0,1444.51,6095832.0,2026-05-01,0.0,N,0,,,2026-05-20,paid,6324809.0,,228977.0
INV-2602-0001,B038,DEU,2026-02-01,TT_ADV,0,EUR,3490.0,4147.86,1716.8,5991632.0,2026-02-01,1.0,N,0,,,2026-01-02,paid,5917295.0,,-74337.0
INV-2602-0002,B040,IND,2026-02-01,LC_USANCE,90,USD,17090.0,17090.0,1444.51,24686676.0,2026-05-02,0.0,N,0,,0,2026-05-02,paid,25245690.0,,559014.0
INV-2602-0003,B056,USA,2026-02-01,OA,90,USD,6260.0,6260.0,1444.51,9042633.0,2026-05-02,0.0,Y,0,,,2026-04-25,paid,9242702.0,,200069.0
INV-2602-0004,B070,POL,2026-02-01,TT_ADV,0,EUR,4420.0,5253.17,1716.8,7588256.0,2026-02-01,1.0,N,0,,,2026-01-19,paid,7557095.0,,-31161.0
INV-2602-0005,B096,USA,2026-02-01,OA,90,USD,11130.0,11130.0,1444.51,16077396.0,2026-05-02,0.0,Y,1,DOCS,,2026-05-02,paid,16441459.0,,364063.0
INV-2602-0006,B040,IND,2026-02-02,LC_USANCE,90,USD,25050.0,25050.0,1452.03,36373352.0,2026-05-03,0.0,N,0,,0,2026-05-03,paid,37004361.0,,631009.0
INV-2602-0007,B064,USA,2026-02-02,TT_SPLIT_30_70,30,USD,5430.0,5430.0,1452.03,7884523.0,2026-03-04,0.3,Y,0,,,2026-03-01,paid,7863469.0,,-21054.0
INV-2602-0008,B066,ARE,2026-02-02,DA,60,USD,8340.0,8340.0,1452.03,12109930.0,2026-04-03,0.0,Y,0,,,2026-03-26,paid,12548114.0,,438184.0
INV-2602-0009,B089,NGA,2026-02-02,LC_SIGHT,0,USD,4910.0,4910.0,1452.03,7129467.0,2026-02-12,0.0,N,0,,0,2026-02-12,paid,7069418.0,,-60049.0
INV-2602-0010,B057,VNM,2026-02-03,TT_SPLIT_30_70,30,USD,17400.0,17400.0,1447.7,25189980.0,2026-03-05,0.3,N,0,,,2026-03-04,paid,25429630.0,,239650.0
INV-2602-0011,B058,MYS,2026-02-03,OA,30,USD,3910.0,3910.0,1447.7,5660507.0,2026-03-05,0.0,N,1,PRICE,,2026-03-05,paid,5799938.0,,139431.0
INV-2602-0012,B095,EGY,2026-02-03,OA,30,USD,11220.0,11220.0,1447.7,16243194.0,2026-03-05,0.0,Y,0,,,2026-03-05,paid,16643299.0,,400105.0
INV-2602-0013,B098,IND,2026-02-03,TT_ADV,0,USD,43720.0,43720.0,1447.7,63293444.0,2026-02-03,1.0,N,0,,,2026-01-24,paid,63957551.0,,664107.0
INV-2602-0014,B109,VNM,2026-02-03,OA,30,USD,12540.0,12540.0,1447.7,18154158.0,2026-03-05,0.0,Y,0,,,2026-02-26,paid,17973833.0,,-180325.0
INV-2602-0015,B036,VNM,2026-02-04,TT_ADV,0,USD,490.0,490.0,1459.24,715028.0,2026-02-04,1.0,N,0,,,2026-01-14,paid,717502.0,,2474.0
INV-2602-0016,B066,ARE,2026-02-04,DA,60,USD,34780.0,34780.0,1459.24,50752367.0,2026-04-05,0.0,Y,1,QUANTITY,,2026-04-06,paid,52464284.0,,1711917.0
INV-2602-0017,B082,JPN,2026-02-04,OA,60,JPY,2139000.0,13658.18,9.3177,19930560.0,2026-04-05,0.0,Y,0,,,2026-04-05,paid,20234512.0,,303952.0
INV-2602-0018,B087,TWN,2026-02-04,TT_SPLIT_30_70,30,USD,22480.0,22480.0,1459.24,32803715.0,2026-03-06,0.3,Y,0,,,2026-03-04,paid,32589247.0,,-214468.0
INV-2602-0019,B098,IND,2026-02-04,OA,30,USD,2780.0,2780.0,1459.24,4056687.0,2026-03-06,0.0,Y,0,,,2026-03-03,paid,4129968.0,,73281.0
INV-2602-0020,B050,USA,2026-02-05,OA,60,USD,14510.0,14510.0,1463.13,21230016.0,2026-04-06,0.0,Y,1,DOCS,,2026-05-22,paid,21651386.0,,421370.0
INV-2602-0021,B057,VNM,2026-02-05,LC_USANCE,90,USD,21410.0,21410.0,1463.13,31325613.0,2026-05-06,0.0,N,0,,0,2026-05-06,paid,30980484.0,,-345129.0
INV-2602-0022,B060,IDN,2026-02-05,TT_ADV,0,USD,5500.0,5500.0,1463.13,8047215.0,2026-02-05,1.0,N,0,,,2026-01-06,paid,7958115.0,,-89100.0
INV-2602-0023,B066,ARE,2026-02-05,DA,60,USD,10650.0,10650.0,1463.13,15582335.0,2026-04-06,0.0,Y,0,,,2026-04-06,paid,16055408.0,,473072.0
INV-2602-0024,B101,IND,2026-02-05,DA,60,USD,8540.0,8540.0,1463.13,12495130.0,2026-04-06,0.0,Y,0,,,2026-04-02,paid,12891472.0,,396342.0
INV-2602-0025,B124,CHN,2026-02-05,TT_SPLIT_30_70,30,CNY,105800.0,15249.61,210.89,22312162.0,2026-03-07,0.3,N,0,,,2026-03-07,paid,22620357.0,,308195.0
INV-2602-0026,B028,JPN,2026-02-06,OA,90,JPY,2040000.0,12985.29,9.3109,18994236.0,2026-05-07,0.0,Y,0,,,2026-05-17,paid,19277796.0,,283560.0
INV-2602-0027,B064,USA,2026-02-06,TT_SPLIT_30_70,30,USD,3400.0,3400.0,1462.75,4973350.0,2026-03-08,0.3,Y,0,,,2026-03-01,paid,4892971.0,,-80379.0
INV-2602-0028,B078,VNM,2026-02-06,TT_SPLIT_30_70,30,USD,3810.0,3810.0,1462.75,5573078.0,2026-03-08,0.3,N,0,,,2026-03-24,paid,5664449.0,,91371.0
INV-2602-0029,B105,JPN,2026-02-06,OA,60,JPY,684000.0,4353.89,9.3109,6368656.0,2026-04-07,0.0,Y,1,QUALITY,,2026-05-05,paid,6413184.0,,44528.0
INV-2602-0030,B012,IDN,2026-02-07,DP,0,USD,1570.0,1570.0,1462.75,2296518.0,2026-02-21,0.0,N,0,,,2026-02-21,paid,2270173.0,,-26345.0
INV-2602-0031,B018,NLD,2026-02-07,OA,30,EUR,14270.0,16855.72,1727.8,24655706.0,2026-03-09,0.0,Y,0,,,2026-03-21,paid,24521336.0,,-134370.0
INV-2602-0032,B022,IDN,2026-02-07,OA,90,USD,14120.0,14120.0,1462.75,20654030.0,2026-05-08,0.0,Y,0,,,2026-05-06,paid,20431781.0,,-222249.0
INV-2602-0033,B075,DEU,2026-02-07,OA,60,EUR,14590.0,17233.71,1727.8,25208602.0,2026-04-08,0.0,Y,0,,,2026-04-04,paid,25389080.0,,180478.0
INV-2602-0034,B111,TWN,2026-02-07,DA,90,USD,8500.0,8500.0,1462.75,12433375.0,2026-05-08,0.0,N,0,,,2026-05-03,paid,12556370.0,,122995.0
INV-2602-0035,B142,IND,2026-02-07,OA,30,USD,1930.0,1930.0,1462.75,2823108.0,2026-03-09,0.0,Y,0,,,2026-03-07,paid,2862151.0,,39043.0
INV-2602-0036,B014,USA,2026-02-08,LC_USANCE,90,USD,11500.0,11500.0,1462.75,16821625.0,2026-05-09,0.0,N,0,,0,2026-05-09,paid,16802190.0,,-19435.0
INV-2602-0037,B050,USA,2026-02-08,OA,60,USD,2410.0,2410.0,1462.75,3525228.0,2026-04-09,0.0,Y,0,,,2026-05-22,paid,3656765.0,,131537.0
INV-2602-0038,B050,USA,2026-02-08,OA,60,USD,19740.0,19740.0,1462.75,28874685.0,2026-04-09,0.0,Y,0,,,2026-06-15,paid,29921425.0,,1046740.0
INV-2602-0039,B075,DEU,2026-02-08,TT_SPLIT_30_70,30,EUR,12630.0,14918.55,1727.8,21822114.0,2026-03-10,0.3,Y,0,,,2026-03-10,paid,21601670.0,,-220444.0
INV-2602-0040,B086,DEU,2026-02-08,OA,90,EUR,28920.0,34160.3,1727.8,49967976.0,2026-05-09,0.0,N,0,,,2026-05-09,paid,49745581.0,,-222395.0
INV-2602-0041,B119,IND,2026-02-08,DA,90,USD,14860.0,14860.0,1462.75,21736465.0,2026-05-09,0.0,Y,0,,,2026-05-09,paid,21711352.0,,-25113.0
INV-2602-0042,B141,DEU,2026-02-08,DA,60,EUR,11020.0,13016.82,1727.8,19040356.0,2026-04-09,0.0,N,0,,,2026-04-04,paid,19176673.0,,136317.0
INV-2602-0043,B113,JPN,2026-02-09,OA,90,JPY,1005000.0,6438.98,9.3421,9388810.0,2026-05-10,0.0,Y,0,,,2026-05-03,paid,9470517.0,,81707.0
INV-2602-0044,B137,ARE,2026-02-09,TT_ADV,0,USD,14160.0,14160.0,1458.12,20646979.0,2026-02-09,1.0,N,0,,,2026-01-19,paid,20872548.0,,225569.0
INV-2602-0045,B148,ARE,2026-02-09,OA,60,USD,20680.0,20680.0,1458.12,30153922.0,2026-04-10,0.0,N,0,,,2026-04-13,paid,30749919.0,,595997.0
INV-2602-0046,B149,CHN,2026-02-09,TT_ADV,0,USD,6890.0,6890.0,1458.12,10046447.0,2026-02-09,1.0,N,0,,,2026-01-27,paid,9904030.0,,-142416.0
INV-2602-0047,B035,TWN,2026-02-10,TT_ADV,0,USD,19320.0,19320.0,1456.82,28145762.0,2026-02-10,1.0,N,0,,,2026-01-14,paid,28290083.0,,144321.0
INV-2602-0048,B040,IND,2026-02-10,TT_ADV,0,USD,1510.0,1510.0,1456.82,2199798.0,2026-02-10,1.0,N,0,,,2026-01-26,paid,2176650.0,,-23148.0
INV-2602-0049,B053,DEU,2026-02-10,OA,60,EUR,1070.0,1273.08,1733.32,1854652.0,2026-04-11,0.0,N,1,QUALITY,,2026-04-11,paid,1861351.0,,6699.0
INV-2602-0050,B056,USA,2026-02-10,OA,90,USD,4810.0,4810.0,1456.82,7007304.0,2026-05-11,0.0,Y,0,,,2026-05-04,paid,7099608.0,,92304.0
INV-2602-0051,B071,TWN,2026-02-10,OA,60,USD,20000.0,20000.0,1456.82,29136400.0,2026-04-11,0.0,Y,0,,,,default,,27130200.0,-2006200.0
INV-2602-0052,B087,TWN,2026-02-10,TT_SPLIT_30_70,30,USD,14480.0,14480.0,1456.82,21094754.0,2026-03-12,0.3,Y,0,,,2026-03-04,paid,21229200.0,,134446.0
INV-2602-0053,B095,EGY,2026-02-10,OA,30,USD,10960.0,10960.0,1456.82,15966747.0,2026-03-12,0.0,Y,1,DOCS,,2026-04-29,paid,16305082.0,,338335.0
INV-2602-0054,B096,USA,2026-02-10,OA,90,USD,11160.0,11160.0,1456.82,16258111.0,2026-05-11,0.0,Y,0,,,2026-05-11,paid,16404196.0,,146085.0
INV-2602-0055,B003,IDN,2026-02-11,DA,90,USD,18660.0,18660.0,1446.96,27000274.0,2026-05-12,0.0,N,1,PRICE,,2026-05-18,paid,27890542.0,,890268.0
INV-2602-0056,B037,SAU,2026-02-11,DA,90,USD,17480.0,17480.0,1446.96,25292861.0,2026-05-12,0.0,Y,0,,,2026-05-12,paid,26050794.0,,757933.0
INV-2602-0057,B057,VNM,2026-02-11,LC_USANCE,90,USD,5270.0,5270.0,1446.96,7625479.0,2026-05-12,0.0,N,0,,0,2026-05-12,paid,7853986.0,,228507.0
INV-2602-0058,B061,IND,2026-02-11,DA,60,USD,8950.0,8950.0,1446.96,12950292.0,2026-04-12,0.0,N,0,,,2026-04-07,paid,13441647.0,,491355.0
INV-2602-0059,B086,DEU,2026-02-11,OA,90,EUR,8590.0,10208.37,1719.57,14771106.0,2026-05-12,0.0,N,0,,,2026-05-09,paid,14775745.0,,4639.0
INV-2602-0060,B116,GBR,2026-02-11,OA,60,USD,26890.0,26890.0,1446.96,38908754.0,2026-04-12,0.0,Y,0,,,2026-03-30,paid,40837843.0,,1929089.0
INV-2602-0061,B124,CHN,2026-02-11,TT_SPLIT_30_70,30,CNY,71300.0,10314.89,209.33,14925229.0,2026-03-13,0.3,N,0,,,2026-03-09,paid,15190964.0,,265735.0
INV-2602-0062,B008,DEU,2026-02-12,OA,60,EUR,6270.0,7442.48,1709.04,10715681.0,2026-04-13,0.0,Y,1,DOCS,,2026-04-13,paid,10917387.0,,201706.0
INV-2602-0063,B015,TWN,2026-02-12,TT_ADV,0,USD,27970.0,27970.0,1439.8,40271206.0,2026-02-12,1.0,N,0,,,2026-01-24,paid,40917033.0,,645827.0
INV-2602-0064,B049,ARE,2026-02-12,DA,90,USD,12240.0,12240.0,1439.8,17623152.0,2026-05-13,0.0,N,0,,,2026-05-19,paid,18463918.0,,840766.0
INV-2602-0065,B064,USA,2026-02-12,TT_SPLIT_30_70,30,USD,4840.0,4840.0,1439.8,6968632.0,2026-03-14,0.3,Y,0,,,2026-03-13,paid,7202322.0,,233690.0
INV-2602-0066,B082,JPN,2026-02-12,OA,60,JPY,2251000.0,14747.19,9.4327,21233008.0,2026-04-13,0.0,Y,0,,,2026-04-13,paid,20953434.0,,-279574.0
INV-2602-0067,B102,GBR,2026-02-12,OA,60,USD,17820.0,17820.0,1439.8,25657236.0,2026-04-13,0.0,Y,0,,,2026-04-08,paid,26321922.0,,664686.0
INV-2602-0068,B111,TWN,2026-02-12,DA,90,USD,15470.0,15470.0,1439.8,22273706.0,2026-05-13,0.0,N,0,,,2026-05-08,paid,22715233.0,,441527.0
INV-2602-0069,B005,VNM,2026-02-13,OA,90,USD,16770.0,16770.0,1442.9,24197433.0,2026-05-14,0.0,Y,0,,,2026-06-03,paid,25457363.0,,1259930.0
INV-2602-0070,B010,POL,2026-02-13,TT_ADV,0,EUR,3270.0,3881.48,1712.72,5600594.0,2026-02-13,1.0,N,0,,,2026-01-21,paid,5610960.0,,10366.0
INV-2602-0071,B132,IDN,2026-02-13,OA,60,USD,5400.0,5400.0,1442.9,7791660.0,2026-04-14,0.0,Y,1,PRICE,,2026-04-10,paid,8013060.0,,221400.0
INV-2602-0072,B066,ARE,2026-02-14,DA,60,USD,14400.0,14400.0,1442.9,20777760.0,2026-04-15,0.0,Y,0,,,2026-04-06,paid,21708720.0,,930960.0
INV-2602-0073,B057,VNM,2026-02-15,LC_USANCE,90,USD,11470.0,11470.0,1442.9,16550063.0,2026-05-16,0.0,N,0,,0,2026-05-16,paid,17200527.0,,650464.0
INV-2602-0074,B140,USA,2026-02-15,OA,60,USD,10780.0,10780.0,1442.9,15554462.0,2026-04-16,0.0,Y,0,,,2026-04-06,paid,16251389.0,,696927.0
INV-2602-0075,B141,DEU,2026-02-15,DA,60,EUR,7120.0,8451.43,1712.72,12194566.0,2026-04-16,0.0,N,0,,,2026-04-16,paid,12401260.0,,206694.0
INV-2602-0076,B026,THA,2026-02-16,OA,60,USD,14410.0,14410.0,1442.9,20792189.0,2026-04-17,0.0,Y,0,,,2026-04-11,paid,21382999.0,,590810.0
INV-2602-0077,B047,MEX,2026-02-16,OA,90,USD,14600.0,14600.0,1442.9,21066340.0,2026-05-17,0.0,Y,0,,,2026-05-16,paid,21894306.0,,827966.0
INV-2602-0078,B063,CHN,2026-02-16,TT_ADV,0,CNY,42500.0,6152.18,208.87,8876975.0,2026-02-16,1.0,N,0,,,2026-01-26,paid,8809400.0,,-67575.0
INV-2602-0079,B098,IND,2026-02-16,OA,30,USD,22010.0,22010.0,1442.9,31758229.0,2026-03-18,0.0,Y,1,PRICE,,2026-03-22,paid,33018965.0,,1260736.0
INV-2602-0080,B003,IDN,2026-02-17,DA,90,USD,1680.0,1680.0,1444.43,2426642.0,2026-05-18,0.0,N,0,,,2026-05-26,paid,2531340.0,,104698.0
INV-2602-0081,B057,VNM,2026-02-17,TT_ADV,0,USD,1230.0,1230.0,1444.43,1776649.0,2026-02-17,1.0,N,0,,,2026-01-27,paid,1768064.0,,-8586.0
INV-2602-0082,B127,VNM,2026-02-17,DP,0,USD,13520.0,13520.0,1444.43,19528694.0,2026-02-27,0.0,N,0,,,2026-02-27,paid,19466366.0,,-62328.0
INV-2602-0083,B146,BRA,2026-02-17,OA,60,USD,17690.0,17690.0,1444.43,25551967.0,2026-04-18,0.0,N,0,,,2026-04-15,paid,26082313.0,,530346.0
INV-2602-0084,B019,USA,2026-02-18,TT_ADV,0,USD,13070.0,13070.0,1445.15,18888110.0,2026-02-18,1.0,N,0,,,2026-02-14,paid,18858703.0,,-29407.0
INV-2602-0085,B062,USA,2026-02-18,OA,60,USD,64400.0,64400.0,1445.15,93067660.0,2026-04-19,0.0,Y,0,,,2026-04-19,paid,94130904.0,,1063244.0
INV-2602-0086,B077,VNM,2026-02-18,DP,0,USD,25690.0,25690.0,1445.15,37125904.0,2026-03-03,0.0,N,0,,,2026-03-03,paid,38165064.0,,1039160.0
INV-2602-0087,B087,TWN,2026-02-18,TT_SPLIT_30_70,30,USD,32490.0,32490.0,1445.15,46952924.0,2026-03-20,0.3,Y,0,,,2026-03-18,paid,48054980.0,,1102056.0
INV-2602-0088,B084,POL,2026-02-19,OA,90,EUR,27650.0,32521.98,1705.61,47160116.0,2026-05-20,0.0,N,1,QUALITY,,2026-06-08,paid,48704060.0,,1543944.0
INV-2602-0089,B087,TWN,2026-02-19,TT_SPLIT_30_70,30,USD,4690.0,4690.0,1450.1,6800969.0,2026-03-21,0.3,Y,0,,,2026-03-20,paid,6981019.0,,180050.0
INV-2602-0090,B033,VNM,2026-02-20,LC_SIGHT,0,USD,9550.0,9550.0,1445.97,13809014.0,2026-02-28,0.0,N,0,,11,2026-03-11,paid,14085677.0,,276663.0
INV-2602-0091,B051,USA,2026-02-20,OA,90,USD,1400.0,1400.0,1445.97,2024358.0,2026-05-21,0.0,N,0,,,2026-05-27,paid,2097592.0,,73234.0
INV-2602-0092,B059,IDN,2026-02-20,OA,30,USD,8050.0,8050.0,1445.97,11640058.0,2026-03-22,0.0,Y,0,,,2026-03-23,paid,12011164.0,,371106.0
INV-2602-0093,B062,USA,2026-02-20,OA,60,USD,5210.0,5210.0,1445.97,7533504.0,2026-04-21,0.0,Y,0,,,2026-04-19,paid,7615249.0,,81745.0
INV-2602-0094,B087,TWN,2026-02-20,TT_SPLIT_30_70,30,USD,18510.0,18510.0,1445.97,26764905.0,2026-03-22,0.3,Y,0,,,2026-03-20,paid,27510636.0,,745731.0
INV-2602-0095,B088,USA,2026-02-20,TT_ADV,0,USD,18930.0,18930.0,1445.97,27372212.0,2026-02-20,1.0,N,0,,,2026-02-04,paid,27623413.0,,251201.0
INV-2602-0096,B098,IND,2026-02-20,OA,30,USD,13300.0,13300.0,1445.97,19231401.0,2026-03-22,0.0,Y,0,,,2026-03-26,paid,20007476.0,,776075.0
INV-2602-0097,B109,VNM,2026-02-20,OA,30,USD,6410.0,6410.0,1445.97,9268668.0,2026-03-22,0.0,Y,0,,,2026-03-16,paid,9570194.0,,301526.0
INV-2602-0098,B113,JPN,2026-02-20,OA,90,JPY,1144000.0,7381.09,9.3294,10672834.0,2026-05-21,0.0,Y,0,,,2026-05-15,paid,10810686.0,,137852.0
INV-2602-0099,B053,DEU,2026-02-21,OA,60,EUR,12640.0,14891.21,1703.5,21532240.0,2026-04-22,0.0,N,0,,,2026-04-25,paid,21868843.0,,336603.0
INV-2602-0100,B036,VNM,2026-02-22,TT_ADV,0,USD,7870.0,7870.0,1445.97,11379784.0,2026-02-22,1.0,N,0,,,2026-01-26,paid,11344526.0,,-35258.0
INV-2602-0101,B081,JPN,2026-02-22,LC_USANCE,60,JPY,1882000.0,12142.67,9.3294,17557931.0,2026-04-23,0.0,N,0,,0,2026-04-23,paid,17460067.0,,-97864.0
INV-2602-0102,B088,USA,2026-02-22,TT_ADV,0,USD,5210.0,5210.0,1445.97,7533504.0,2026-02-22,1.0,N,0,,,2026-02-13,paid,7517509.0,,-15995.0
INV-2602-0103,B107,DEU,2026-02-22,OA,60,EUR,21620.0,25470.56,1703.5,36829670.0,2026-04-23,0.0,Y,1,QUANTITY,,2026-05-23,paid,37980834.0,,1151164.0
INV-2602-0104,B113,JPN,2026-02-22,TT_SPLIT_30_70,30,JPY,2443000.0,15762.24,9.3294,22791724.0,2026-03-24,0.3,Y,0,,,2026-03-24,paid,23032506.0,,240782.0
INV-2602-0105,B150,GBR,2026-02-22,OA,30,USD,7390.0,7390.0,1445.97,10685718.0,2026-03-24,0.0,Y,0,,,2026-03-28,paid,11091509.0,,405791.0
INV-2602-0106,B134,MEX,2026-02-23,OA,60,USD,34680.0,34680.0,1442.62,50030062.0,2026-04-24,0.0,Y,1,PRICE,,2026-04-24,paid,51203980.0,,1173918.0
INV-2602-0107,B135,TUR,2026-02-23,OA,30,USD,7850.0,7850.0,1442.62,11324567.0,2026-03-25,0.0,Y,0,,,2026-03-23,paid,11712750.0,,388182.0
INV-2602-0108,B137,ARE,2026-02-23,TT_ADV,0,USD,21960.0,21960.0,1442.62,31679935.0,2026-02-23,1.0,N,0,,,2026-02-16,paid,31686084.0,,6149.0
INV-2602-0109,B018,NLD,2026-02-24,OA,30,EUR,7440.0,8771.03,1698.15,12634236.0,2026-03-26,0.0,Y,0,,,2026-04-04,paid,12928814.0,,294578.0
INV-2602-0110,B024,USA,2026-02-24,OA,30,USD,4680.0,4680.0,1440.45,6741306.0,2026-03-26,0.0,Y,0,,,2026-03-09,paid,6917742.0,,176436.0
INV-2602-0111,B047,MEX,2026-02-24,OA,90,USD,19580.0,19580.0,1440.45,28204011.0,2026-05-25,0.0,Y,0,,,2026-05-23,paid,29709321.0,,1505310.0
INV-2602-0112,B087,TWN,2026-02-24,TT_SPLIT_30_70,30,USD,11910.0,11910.0,1440.45,17155760.0,2026-03-26,0.3,Y,0,,,2026-03-20,paid,17766504.0,,610744.0
INV-2602-0113,B087,TWN,2026-02-24,TT_SPLIT_30_70,30,USD,24280.0,24280.0,1440.45,34974126.0,2026-03-26,0.3,Y,0,,,2026-03-22,paid,36086344.0,,1112218.0
INV-2602-0114,B088,USA,2026-02-24,TT_ADV,0,USD,8840.0,8840.0,1440.45,12733578.0,2026-02-24,1.0,N,0,,,2026-02-15,paid,12755236.0,,21658.0
INV-2602-0115,B096,USA,2026-02-24,OA,90,USD,10450.0,10450.0,1440.45,15052702.0,2026-05-25,0.0,Y,1,DOCS,,2026-05-25,paid,15856098.0,,803396.0
INV-2602-0116,B098,IND,2026-02-24,OA,30,USD,17960.0,17960.0,1440.45,25870482.0,2026-03-26,0.0,Y,0,,,2026-04-01,paid,27058675.0,,1188193.0
INV-2602-0117,B024,USA,2026-02-25,OA,30,USD,8930.0,8930.0,1427.12,12744182.0,2026-03-27,0.0,Y,0,,,2026-03-23,paid,13324185.0,,580003.0
INV-2602-0118,B057,VNM,2026-02-25,LC_USANCE,90,USD,27130.0,27130.0,1427.12,38717766.0,2026-05-26,0.0,N,0,,0,2026-05-26,paid,40878128.0,,2160362.0
INV-2602-0119,B101,IND,2026-02-25,TT_ADV,0,USD,34300.0,34300.0,1427.12,48950216.0,2026-02-25,1.0,N,0,,,2026-02-11,paid,49630728.0,,680512.0
INV-2602-0120,B127,VNM,2026-02-25,TT_ADV,0,USD,2430.0,2430.0,1427.12,3467902.0,2026-02-25,1.0,N,0,,,2026-02-16,paid,3506247.0,,38345.0
INV-2602-0121,B001,NLD,2026-02-26,OA,90,EUR,3610.0,4256.91,1690.17,6101514.0,2026-05-27,0.0,N,0,,,2026-06-27,paid,6312374.0,,210860.0
INV-2602-0122,B005,VNM,2026-02-26,TT_ADV,0,USD,14310.0,14310.0,1433.32,20510809.0,2026-02-26,1.0,N,0,,,2026-02-05,paid,20937390.0,,426581.0
INV-2602-0123,B078,VNM,2026-02-26,TT_SPLIT_30_70,30,USD,12220.0,12220.0,1433.32,17515170.0,2026-03-28,0.3,N,0,,,2026-04-04,paid,18129839.0,,614669.0
INV-2602-0124,B127,VNM,2026-02-26,DP,0,USD,33990.0,33990.0,1433.32,48718547.0,2026-03-13,0.0,N,0,,,2026-04-03,paid,51330678.0,,2612131.0
INV-2602-0125,B145,GBR,2026-02-26,TT_SPLIT_30_70,30,USD,8420.0,8420.0,1433.32,12068554.0,2026-03-28,0.3,N,0,,,2026-03-28,paid,12551635.0,,483081.0
INV-2602-0126,B027,VNM,2026-02-27,TT_ADV,0,USD,41200.0,41200.0,1439.82,59320584.0,2026-02-27,1.0,N,0,,,2026-02-23,paid,59435944.0,,115360.0
INV-2602-0127,B033,VNM,2026-02-27,LC_SIGHT,0,USD,12550.0,12550.0,1439.82,18069741.0,2026-03-04,0.0,N,0,,0,2026-03-04,paid,18356885.0,,287144.0
INV-2602-0128,B073,BRA,2026-02-27,OA,30,USD,6260.0,6260.0,1439.82,9013273.0,2026-03-29,0.0,N,0,,,2026-03-15,paid,9382989.0,,369716.0
INV-2602-0129,B104,MEX,2026-02-27,OA,60,USD,11350.0,11350.0,1439.82,16341957.0,2026-04-28,0.0,Y,0,,,2026-05-02,paid,16766447.0,,424490.0
INV-2602-0130,B062,USA,2026-02-28,OA,60,USD,15230.0,15230.0,1439.82,21928459.0,2026-04-29,0.0,Y,0,,,2026-05-04,paid,22476356.0,,547897.0
INV-2602-0131,B062,USA,2026-02-28,OA,60,USD,10550.0,10550.0,1439.82,15190101.0,2026-04-29,0.0,Y,0,,,2026-05-05,paid,15595066.0,,404964.0
INV-2602-0132,B081,JPN,2026-02-28,LC_USANCE,60,JPY,2245000.0,14386.48,9.2267,20713942.0,2026-04-29,0.0,N,0,,6,2026-05-05,paid,21049120.0,,335178.0
INV-2602-0133,B082,JPN,2026-02-28,OA,60,JPY,363000.0,2326.19,9.2267,3349292.0,2026-04-29,0.0,Y,0,,,2026-04-29,paid,3370346.0,,21054.0
INV-2602-0134,B096,USA,2026-02-28,OA,90,USD,3690.0,3690.0,1439.82,5312936.0,2026-05-29,0.0,Y,0,,,2026-05-29,paid,5549612.0,,236676.0
INV-2603-0001,B028,JPN,2026-03-01,OA,90,JPY,6421000.0,41147.26,9.2267,59244641.0,2026-05-30,0.0,Y,0,,,2026-06-01,paid,60795954.0,,1551313.0
INV-2603-0002,B040,IND,2026-03-01,LC_USANCE,90,USD,20120.0,20120.0,1439.82,28969178.0,2026-05-30,0.0,N,0,,0,2026-05-30,paid,30259675.0,,1290497.0
INV-2603-0003,B087,TWN,2026-03-01,TT_SPLIT_30_70,30,USD,9780.0,9780.0,1439.82,14081440.0,2026-03-31,0.3,Y,0,,,2026-03-24,paid,14458436.0,,376996.0
INV-2603-0004,B115,CHN,2026-03-01,DA,60,CNY,373900.0,54520.92,209.95,78500305.0,2026-04-30,0.0,Y,0,,,2026-04-30,paid,80938133.0,,2437828.0
INV-2603-0005,B132,IDN,2026-03-01,OA,60,USD,4550.0,4550.0,1439.82,6551181.0,2026-04-30,0.0,Y,0,,,2026-04-13,paid,6765577.0,,214396.0
INV-2603-0006,B050,USA,2026-03-02,OA,60,USD,3790.0,3790.0,1439.8,5456842.0,2026-05-01,0.0,Y,1,QUANTITY,,2026-06-15,paid,5741357.0,,284515.0
INV-2603-0007,B064,USA,2026-03-02,TT_SPLIT_30_70,30,USD,15080.0,15080.0,1439.8,21712184.0,2026-04-01,0.3,Y,0,,,2026-03-23,paid,22206582.0,,494398.0
INV-2603-0008,B098,IND,2026-03-02,OA,30,USD,16180.0,16180.0,1439.8,23295964.0,2026-04-01,0.0,Y,0,,,2026-04-02,paid,24443385.0,,1147421.0
INV-2603-0009,B110,USA,2026-03-02,OA,90,USD,19390.0,19390.0,1439.8,27917722.0,2026-05-31,0.0,Y,0,,,2026-05-31,paid,29161784.0,,1244062.0
INV-2603-0010,B140,USA,2026-03-02,OA,60,USD,14440.0,14440.0,1439.8,20790712.0,2026-05-01,0.0,Y,0,,,2026-04-30,paid,21126057.0,,335345.0
INV-2603-0011,B009,CHN,2026-03-03,DA,90,CNY,30400.0,4406.12,215.32,6545728.0,2026-06-01,0.0,Y,0,,,2026-05-14,paid,6683744.0,,138016.0
INV-2603-0012,B079,JPN,2026-03-03,OA,60,JPY,3013000.0,19107.08,9.421,28385473.0,2026-05-02,0.0,Y,0,,,2026-04-29,paid,27974801.0,,-410672.0
INV-2603-0013,B087,TWN,2026-03-03,TT_SPLIT_30_70,30,USD,8710.0,8710.0,1485.6,12939576.0,2026-04-02,0.3,Y,0,,,2026-03-31,paid,12987741.0,,48165.0
INV-2603-0014,B098,IND,2026-03-03,OA,30,USD,16580.0,16580.0,1485.6,24631248.0,2026-04-02,0.0,Y,0,,,2026-04-02,paid,25028173.0,,396925.0
INV-2603-0015,B145,GBR,2026-03-03,TT_ADV,0,USD,1380.0,1380.0,1485.6,2050128.0,2026-03-03,1.0,N,0,,,2026-02-07,paid,2018595.0,,-31533.0
INV-2603-0016,B023,IDN,2026-03-04,DA,90,USD,3240.0,3240.0,1462.7,4739148.0,2026-06-02,0.0,Y,0,,,2026-06-05,paid,5041310.0,,302162.0
INV-2603-0017,B036,VNM,2026-03-04,TT_SPLIT_30_70,30,USD,5800.0,5800.0,1462.7,8483660.0,2026-04-03,0.3,N,0,,,2026-03-27,paid,8640678.0,,157018.0
INV-2603-0018,B140,USA,2026-03-04,OA,60,USD,13230.0,13230.0,1462.7,19351521.0,2026-05-03,0.0,Y,0,,,2026-04-30,paid,19553014.0,,201493.0
INV-2603-0019,B056,USA,2026-03-05,OA,90,USD,6210.0,6210.0,1483.36,9211666.0,2026-06-03,0.0,Y,0,,,2026-06-16,paid,9365425.0,,153759.0
INV-2603-0020,B084,POL,2026-03-05,OA,90,EUR,11440.0,13253.22,1718.47,19659297.0,2026-06-03,0.0,N,0,,,2026-06-30,paid,20225568.0,,566271.0
INV-2603-0021,B088,USA,2026-03-05,TT_SPLIT_30_70,30,USD,5020.0,5020.0,1483.36,7446467.0,2026-04-04,0.3,N,0,,,2026-04-04,paid,7502666.0,,56199.0
INV-2603-0022,B105,JPN,2026-03-05,OA,60,JPY,9407000.0,59696.81,9.4134,88551854.0,2026-05-04,0.0,Y,1,PRICE,,2026-08-01,paid,85625689.0,,-2926165.0
INV-2603-0023,B111,TWN,2026-03-05,DA,90,USD,2680.0,2680.0,1483.36,3975405.0,2026-06-03,0.0,N,0,,,2026-05-14,paid,3997890.0,,22485.0
INV-2603-0024,B121,IND,2026-03-05,DA,90,USD,33850.0,33850.0,1483.36,50211736.0,2026-06-03,0.0,Y,0,,,2026-06-03,paid,51368592.0,,1156856.0
INV-2603-0025,B126,GBR,2026-03-05,OA,90,USD,3870.0,3870.0,1483.36,5740603.0,2026-06-03,0.0,N,0,,,2026-05-31,paid,5820325.0,,79722.0
INV-2603-0026,B144,TUR,2026-03-05,OA,60,USD,4420.0,4420.0,1483.36,6556451.0,2026-05-04,0.0,N,0,,,2026-05-30,paid,6647503.0,,91052.0
INV-2603-0027,B002,CHN,2026-03-06,OA,90,USD,1990.0,1990.0,1482.98,2951130.0,2026-06-04,0.0,N,0,,,2026-06-12,paid,3022551.0,,71421.0
INV-2603-0028,B029,CHN,2026-03-06,OA,60,USD,24650.0,24650.0,1482.98,36555457.0,2026-05-05,0.0,Y,0,,,2026-05-04,paid,36396330.0,,-159127.0
INV-2603-0029,B042,BRA,2026-03-06,TT_ADV,0,USD,5230.0,5230.0,1482.98,7755985.0,2026-03-06,1.0,N,0,,,2026-03-01,paid,7530259.0,,-225726.0
INV-2603-0030,B057,VNM,2026-03-06,LC_USANCE,90,USD,2000.0,2000.0,1482.98,2965960.0,2026-06-04,0.0,N,0,,0,2026-06-04,paid,3063820.0,,97860.0
INV-2603-0031,B062,USA,2026-03-06,OA,60,USD,12060.0,12060.0,1482.98,17884739.0,2026-05-05,0.0,Y,0,,,2026-05-17,paid,18034205.0,,149466.0
INV-2603-0032,B087,TWN,2026-03-06,TT_SPLIT_30_70,30,USD,5340.0,5340.0,1482.98,7919113.0,2026-04-05,0.3,Y,0,,,2026-03-31,paid,8038777.0,,119664.0
INV-2603-0033,B087,TWN,2026-03-06,TT_SPLIT_30_70,30,USD,19250.0,19250.0,1482.98,28547365.0,2026-04-05,0.3,Y,0,,,2026-03-31,paid,28956274.0,,408908.0
INV-2603-0034,B098,IND,2026-03-06,OA,30,USD,14900.0,14900.0,1482.98,22096402.0,2026-04-05,0.0,Y,0,,,2026-04-02,paid,22492146.0,,395744.0
INV-2603-0035,B101,IND,2026-03-06,DA,60,USD,8710.0,8710.0,1482.98,12916756.0,2026-05-05,0.0,Y,0,,,2026-05-19,paid,13138948.0,,222192.0
INV-2603-0036,B041,TUR,2026-03-07,OA,30,USD,9940.0,9940.0,1482.98,14740821.0,2026-04-06,0.0,Y,0,,,2026-04-06,paid,14948247.0,,207426.0
INV-2603-0037,B041,TUR,2026-03-07,OA,30,USD,5000.0,5000.0,1482.98,7414900.0,2026-04-06,0.0,Y,0,,,2026-04-06,paid,7537750.0,,122850.0
INV-2603-0038,B059,IDN,2026-03-07,OA,30,USD,4040.0,4040.0,1482.98,5991239.0,2026-04-06,0.0,Y,0,,,2026-04-08,paid,5967484.0,,-23755.0
INV-2603-0039,B071,TWN,2026-03-07,OA,60,USD,15000.0,15000.0,1482.98,22244700.0,2026-05-06,0.0,Y,0,,,,default,,20347650.0,-1897050.0
INV-2603-0040,B086,DEU,2026-03-07,OA,90,EUR,10460.0,12139.9,1721.15,18003229.0,2026-06-05,0.0,N,0,,,2026-05-31,paid,18372676.0,,369447.0
INV-2603-0041,B098,IND,2026-03-07,OA,30,USD,66230.0,66230.0,1482.98,98217765.0,2026-04-06,0.0,Y,0,,,2026-04-13,paid,99593098.0,,1375333.0
INV-2603-0042,B104,MEX,2026-03-07,OA,60,USD,14280.0,14280.0,1482.98,21176954.0,2026-05-06,0.0,Y,0,,,2026-05-06,paid,20706503.0,,-470451.0
INV-2603-0043,B026,THA,2026-03-08,TT_ADV,0,USD,5230.0,5230.0,1482.98,7755985.0,2026-03-08,1.0,N,0,,,2026-02-13,paid,7546367.0,,-209618.0
INV-2603-0044,B037,SAU,2026-03-08,DA,90,USD,34930.0,34930.0,1482.98,51800491.0,2026-06-06,0.0,Y,1,QUALITY,,2026-05-27,paid,52334920.0,,534429.0
INV-2603-0045,B078,VNM,2026-03-08,TT_SPLIT_30_70,30,USD,6960.0,6960.0,1482.98,10321541.0,2026-04-07,0.3,N,0,,,2026-04-07,paid,10349815.0,,28274.0
INV-2603-0046,B095,EGY,2026-03-08,OA,30,USD,7200.0,7200.0,1482.98,10677456.0,2026-04-07,0.0,Y,1,QUANTITY,,2026-05-06,paid,10418472.0,,-258984.0
INV-2603-0047,B104,MEX,2026-03-08,OA,60,USD,12780.0,12780.0,1482.98,18952484.0,2026-05-07,0.0,Y,0,,,2026-07-29,paid,18895342.0,,-57142.0
INV-2603-0048,B110,USA,2026-03-08,OA,90,USD,18010.0,18010.0,1482.98,26708470.0,2026-06-06,0.0,Y,0,,,2026-06-05,paid,28022840.0,,1314370.0
INV-2603-0049,B029,CHN,2026-03-09,OA,60,USD,17650.0,17650.0,1478.15,26089348.0,2026-05-08,0.0,Y,0,,,2026-05-29,paid,26251926.0,,162578.0
INV-2603-0050,B046,USA,2026-03-09,OA,30,USD,18920.0,18920.0,1478.15,27966598.0,2026-04-08,0.0,N,0,,,2026-04-08,paid,27946732.0,,-19866.0
INV-2603-0051,B059,IDN,2026-03-09,OA,30,USD,8320.0,8320.0,1478.15,12298208.0,2026-04-08,0.0,Y,0,,,2026-04-17,paid,12227094.0,,-71114.0
INV-2603-0052,B062,USA,2026-03-09,TT_ADV,0,USD,3400.0,3400.0,1478.15,5025710.0,2026-03-09,1.0,N,0,,,2026-02-28,paid,4895388.0,,-130322.0
INV-2603-0053,B092,POL,2026-03-09,TT_SPLIT_30_70,30,EUR,15440.0,17898.03,1713.47,26455977.0,2026-04-08,0.3,N,0,,,2026-04-08,paid,26684859.0,,228882.0
INV-2603-0054,B033,VNM,2026-03-10,LC_SIGHT,0,USD,6610.0,6610.0,1465.29,9685567.0,2026-03-17,0.0,N,0,,0,2026-03-17,paid,9840175.0,,154608.0
INV-2603-0055,B084,POL,2026-03-10,OA,90,EUR,1690.0,1968.51,1706.77,2884441.0,2026-06-08,0.0,N,0,,,2026-06-30,paid,2988326.0,,103885.0
INV-2603-0056,B096,USA,2026-03-10,OA,90,USD,18620.0,18620.0,1465.29,27283700.0,2026-06-08,0.0,Y,0,,,2026-06-03,paid,28265719.0,,982019.0
INV-2603-0057,B105,JPN,2026-03-10,OA,60,JPY,1982000.0,12576.11,9.2975,18427645.0,2026-05-09,0.0,Y,0,,,2026-08-01,paid,17892505.0,,-535140.0
INV-2603-0058,B114,JPN,2026-03-10,OA,90,JPY,356000.0,2258.88,9.2975,3309910.0,2026-06-08,0.0,N,0,,,2026-06-06,paid,3456404.0,,146494.0
INV-2603-0059,B143,MYS,2026-03-10,OA,30,USD,27070.0,27070.0,1465.29,39665400.0,2026-04-09,0.0,Y,0,,,2026-04-09,paid,39871944.0,,206544.0
INV-2603-0060,B024,USA,2026-03-11,OA,30,USD,17720.0,17720.0,1474.94,26135937.0,2026-04-10,0.0,Y,0,,,2026-04-10,paid,26294708.0,,158771.0
INV-2603-0061,B035,TWN,2026-03-11,TT_ADV,0,USD,2170.0,2170.0,1474.94,3200620.0,2026-03-11,1.0,N,0,,,2026-03-05,paid,3218891.0,,18271.0
INV-2603-0062,B040,IND,2026-03-11,TT_ADV,0,USD,17740.0,17740.0,1474.94,26165436.0,2026-03-11,1.0,N,0,,,2026-02-14,paid,25597046.0,,-568390.0
INV-2603-0063,B058,MYS,2026-03-11,OA,30,USD,4340.0,4340.0,1474.94,6401240.0,2026-04-10,0.0,N,1,QUALITY,,2026-04-02,paid,6551404.0,,150164.0
INV-2603-0064,B064,USA,2026-03-11,TT_SPLIT_30_70,30,USD,4700.0,4700.0,1474.94,6932218.0,2026-04-10,0.3,Y,0,,,2026-03-25,paid,6970542.0,,38324.0
INV-2603-0065,B098,IND,2026-03-11,OA,30,USD,19390.0,19390.0,1474.94,28599087.0,2026-04-10,0.0,Y,1,PRICE,,2026-04-30,paid,28535720.0,,-63367.0
INV-2603-0066,B053,DEU,2026-03-12,TT_SPLIT_30_70,30,EUR,4610.0,5311.63,1718.86,7923945.0,2026-04-11,0.3,N,0,,,2026-04-13,paid,7971309.0,,47364.0
INV-2603-0067,B094,VNM,2026-03-12,OA,90,USD,32600.0,32600.0,1491.81,48633006.0,2026-06-10,0.0,Y,0,,,2026-06-08,paid,49820298.0,,1187292.0
INV-2603-0068,B097,SAU,2026-03-12,OA,30,USD,24380.0,24380.0,1491.81,36370328.0,2026-04-11,0.0,Y,0,,,2026-03-27,paid,36810387.0,,440059.0
INV-2603-0069,B132,IDN,2026-03-12,OA,60,USD,14670.0,14670.0,1491.81,21884853.0,2026-05-11,0.0,Y,0,,,2026-05-10,paid,21433750.0,,-451103.0
INV-2603-0070,B036,VNM,2026-03-13,OA,60,USD,12890.0,12890.0,1498.88,19320563.0,2026-05-12,0.0,N,0,,,2026-05-06,paid,18651959.0,,-668604.0
INV-2603-0071,B057,VNM,2026-03-13,LC_USANCE,90,USD,13570.0,13570.0,1498.88,20339802.0,2026-06-11,0.0,N,0,,0,2026-06-11,paid,20775263.0,,435461.0
INV-2603-0072,B084,POL,2026-03-13,OA,90,EUR,6780.0,7759.04,1715.32,11629870.0,2026-06-11,0.0,N,0,,,2026-06-30,paid,11988667.0,,358797.0
INV-2603-0073,B098,IND,2026-03-13,OA,30,USD,3580.0,3580.0,1498.88,5365990.0,2026-04-12,0.0,Y,0,,,2026-04-30,paid,5290989.0,,-75001.0
INV-2603-0074,B141,DEU,2026-03-13,DA,60,EUR,14890.0,17040.13,1715.32,25541115.0,2026-05-12,0.0,N,0,,,2026-05-08,paid,25612438.0,,71323.0
INV-2603-0075,B149,CHN,2026-03-13,OA,90,USD,8140.0,8140.0,1498.88,12200883.0,2026-06-11,0.0,Y,0,,,2026-06-07,paid,12665514.0,,464631.0
INV-2603-0076,B062,USA,2026-03-14,OA,60,USD,900.0,900.0,1498.88,1348992.0,2026-05-13,0.0,Y,0,,,2026-05-17,paid,1349649.0,,657.0
INV-2603-0077,B064,USA,2026-03-14,TT_ADV,0,USD,8350.0,8350.0,1498.88,12515648.0,2026-03-14,1.0,N,0,,,2026-02-15,paid,12048215.0,,-467433.0
INV-2603-0078,B028,JPN,2026-03-15,OA,90,JPY,2302000.0,14428.97,9.395,21627290.0,2026-06-13,0.0,Y,0,,,2026-06-05,paid,22350118.0,,722828.0
INV-2603-0079,B050,USA,2026-03-16,OA,60,USD,4420.0,4420.0,1493.01,6599104.0,2026-05-15,0.0,Y,0,,,2026-06-15,paid,6695725.0,,96621.0
INV-2603-0080,B057,VNM,2026-03-16,LC_USANCE,90,USD,25340.0,25340.0,1493.01,37832873.0,2026-06-14,0.0,N,0,,0,2026-06-14,paid,38488166.0,,655293.0
INV-2603-0081,B066,ARE,2026-03-16,DA,60,USD,25950.0,25950.0,1493.01,38743610.0,2026-05-15,0.0,Y,1,QUALITY,,2026-05-15,paid,38815244.0,,71634.0
INV-2603-0082,B096,USA,2026-03-16,OA,90,USD,34840.0,34840.0,1493.01,52016468.0,2026-06-14,0.0,Y,0,,,2026-06-13,paid,52917431.0,,900963.0
INV-2603-0083,B118,USA,2026-03-16,DA,90,USD,5790.0,5790.0,1493.01,8644528.0,2026-06-14,0.0,Y,0,,,2026-06-14,paid,8794257.0,,149729.0
INV-2603-0084,B134,MEX,2026-03-16,OA,60,USD,9030.0,9030.0,1493.01,13481880.0,2026-05-15,0.0,Y,0,,,2026-06-16,paid,13618324.0,,136444.0
INV-2603-0085,B074,MYS,2026-03-17,OA,30,USD,6490.0,6490.0,1488.68,9661533.0,2026-04-16,0.0,N,0,,,2026-05-18,paid,9700408.0,,38875.0
INV-2603-0086,B087,TWN,2026-03-17,TT_SPLIT_30_70,30,USD,21450.0,21450.0,1488.68,31932186.0,2026-04-16,0.3,Y,0,,,2026-04-05,paid,31995271.0,,63085.0
INV-2603-0087,B148,ARE,2026-03-17,OA,60,USD,54730.0,54730.0,1488.68,81475456.0,2026-05-16,0.0,N,1,QUALITY,,2026-05-20,paid,82027682.0,,552226.0
INV-2603-0088,B014,USA,2026-03-18,LC_USANCE,90,USD,8700.0,8700.0,1500.19,13051653.0,2026-06-16,0.0,N,0,,0,2026-06-16,paid,13120644.0,,68991.0
INV-2603-0089,B036,VNM,2026-03-18,TT_ADV,0,USD,14310.0,14310.0,1500.19,21467719.0,2026-03-18,1.0,N,0,,,2026-03-02,paid,20603538.0,,-864181.0
INV-2603-0090,B051,USA,2026-03-18,OA,90,USD,3400.0,3400.0,1500.19,5100646.0,2026-06-16,0.0,N,0,,,2026-06-12,paid,5164158.0,,63512.0
INV-2603-0091,B106,TUR,2026-03-18,LC_SIGHT,0,USD,6560.0,6560.0,1500.19,9841246.0,2026-03-23,0.0,N,0,,0,2026-03-23,paid,9787979.0,,-53267.0
INV-2603-0092,B127,VNM,2026-03-18,DP,0,USD,18820.0,18820.0,1500.19,28233576.0,2026-03-30,0.0,N,0,,,2026-04-01,paid,28442854.0,,209278.0
INV-2603-0093,B127,VNM,2026-03-18,DP,0,USD,10980.0,10980.0,1500.19,16472086.0,2026-03-31,0.0,N,0,,,2026-03-31,paid,16728030.0,,255944.0
INV-2603-0094,B137,ARE,2026-03-18,TT_ADV,0,USD,22830.0,22830.0,1500.19,34249338.0,2026-03-18,1.0,N,0,,,2026-02-21,paid,33011495.0,,-1237843.0
INV-2603-0095,B001,NLD,2026-03-19,OA,90,EUR,3810.0,4387.23,1722.51,6562763.0,2026-06-17,0.0,N,0,,,2026-07-06,paid,6664833.0,,102070.0
INV-2603-0096,B127,VNM,2026-03-19,DP,0,USD,13360.0,13360.0,1495.88,19984957.0,2026-03-29,0.0,N,0,,,2026-03-29,paid,20171730.0,,186773.0
INV-2603-0097,B063,CHN,2026-03-20,TT_ADV,0,CNY,31100.0,4516.7,218.45,6793795.0,2026-03-20,1.0,N,0,,,2026-02-19,paid,6533177.0,,-260618.0
INV-2603-0098,B085,ARE,2026-03-20,TT_ADV,0,USD,8000.0,8000.0,1504.15,12033200.0,2026-03-20,1.0,N,0,,,2026-03-01,paid,11518560.0,,-514640.0
INV-2603-0099,B087,TWN,2026-03-20,TT_ADV,0,USD,15450.0,15450.0,1504.15,23239118.0,2026-03-20,1.0,N,0,,,2026-03-16,paid,23067004.0,,-172114.0
INV-2603-0100,B101,IND,2026-03-20,DA,60,USD,33250.0,33250.0,1504.15,50012988.0,2026-05-19,0.0,Y,0,,,2026-06-13,paid,50321894.0,,308906.0
INV-2603-0101,B107,DEU,2026-03-20,OA,60,EUR,6890.0,7953.13,1736.24,11962694.0,2026-05-19,0.0,Y,0,,,2026-05-23,paid,12130258.0,,167564.0
INV-2603-0102,B141,DEU,2026-03-20,DA,60,EUR,22230.0,25660.08,1736.24,38596615.0,2026-05-19,0.0,N,0,,,2026-05-19,paid,38905834.0,,309220.0
INV-2603-0103,B078,VNM,2026-03-21,TT_SPLIT_30_70,30,USD,4660.0,4660.0,1504.15,7009339.0,2026-04-20,0.3,N,0,,,2026-07-25,paid,6921002.0,,-88337.0
INV-2603-0104,B087,TWN,2026-03-21,TT_SPLIT_30_70,30,USD,13660.0,13660.0,1504.15,20546689.0,2026-04-20,0.3,Y,0,,,2026-04-15,paid,20216663.0,,-330026.0
INV-2603-0105,B111,TWN,2026-03-21,DA,90,USD,2790.0,2790.0,1504.15,4196578.0,2026-06-19,0.0,N,0,,,2026-06-16,paid,4207655.0,,11077.0
INV-2603-0106,B140,USA,2026-03-21,OA,60,USD,7600.0,7600.0,1504.15,11431540.0,2026-05-20,0.0,Y,1,PRICE,,2026-05-01,paid,11226872.0,,-204668.0
INV-2603-0107,B012,IDN,2026-03-22,TT_ADV,0,USD,4700.0,4700.0,1504.15,7069505.0,2026-03-22,1.0,N,0,,,2026-03-02,paid,6767060.0,,-302445.0
INV-2603-0108,B049,ARE,2026-03-22,DA,90,USD,3480.0,3480.0,1504.15,5234442.0,2026-06-20,0.0,N,0,,,2026-07-06,paid,5342727.0,,108285.0
INV-2603-0109,B049,ARE,2026-03-22,TT_SPLIT_30_70,30,USD,6620.0,6620.0,1504.15,9957473.0,2026-04-21,0.3,N,0,,,2026-04-27,paid,9778137.0,,-179336.0
INV-2603-0110,B062,USA,2026-03-22,OA,60,USD,5660.0,5660.0,1504.15,8513489.0,2026-05-21,0.0,Y,1,PRICE,,2026-05-20,paid,8483038.0,,-30451.0
INV-2603-0111,B086,DEU,2026-03-22,OA,90,EUR,5920.0,6833.45,1736.24,10278541.0,2026-06-20,0.0,N,0,,,2026-06-10,paid,10388120.0,,109579.0
INV-2603-0112,B137,ARE,2026-03-22,TT_ADV,0,USD,5870.0,5870.0,1504.15,8829360.0,2026-03-22,1.0,N,0,,,2026-03-17,paid,8738552.0,,-90808.0
INV-2603-0113,B140,USA,2026-03-22,OA,60,USD,13140.0,13140.0,1504.15,19764531.0,2026-05-21,0.0,Y,0,,,2026-05-20,paid,19574451.0,,-190080.0
INV-2603-0114,B023,IDN,2026-03-23,DA,90,USD,5210.0,5210.0,1492.07,7773685.0,2026-06-21,0.0,Y,0,,,2026-06-15,paid,7892473.0,,118788.0
INV-2603-0115,B030,TUR,2026-03-23,OA,60,USD,24150.0,24150.0,1492.07,36033490.0,2026-05-22,0.0,N,0,,,2026-05-24,paid,36454874.0,,421384.0
INV-2603-0116,B066,ARE,2026-03-23,DA,60,USD,4450.0,4450.0,1492.07,6639712.0,2026-05-22,0.0,Y,0,,,2026-05-15,paid,6673264.0,,33552.0
INV-2603-0117,B086,DEU,2026-03-23,OA,90,EUR,6430.0,7450.43,1728.86,11116570.0,2026-06-21,0.0,N,0,,,2026-06-15,paid,11296954.0,,180384.0
INV-2603-0118,B095,EGY,2026-03-23,OA,30,USD,15190.0,15190.0,1492.07,22664543.0,2026-04-22,0.0,Y,0,,,2026-06-22,paid,23313084.0,,648541.0
INV-2603-0119,B138,CHN,2026-03-23,OA,90,CNY,19500.0,2834.03,216.85,4228575.0,2026-06-21,0.0,Y,0,,,2026-06-21,paid,4438590.0,,210015.0
INV-2603-0120,B010,POL,2026-03-24,TT_ADV,0,EUR,2950.0,3415.51,1733.17,5112852.0,2026-03-24,1.0,N,0,,,2026-03-10,paid,5034972.0,,-77880.0
INV-2603-0121,B040,IND,2026-03-24,LC_USANCE,90,USD,9180.0,9180.0,1496.95,13742001.0,2026-06-22,0.0,N,0,,0,2026-06-22,paid,14117555.0,,375554.0
INV-2603-0122,B086,DEU,2026-03-24,OA,90,EUR,18440.0,21349.85,1733.17,31959655.0,2026-06-22,0.0,N,0,,,2026-06-16,paid,32301256.0,,341601.0
INV-2603-0123,B098,IND,2026-03-24,OA,30,USD,9170.0,9170.0,1496.95,13727032.0,2026-04-23,0.0,Y,1,PRICE,,2026-04-30,paid,13552618.0,,-174414.0
INV-2603-0124,B127,VNM,2026-03-24,DP,0,USD,26000.0,26000.0,1496.95,38920700.0,2026-04-07,0.0,N,0,,,2026-04-12,paid,38581400.0,,-339300.0
INV-2603-0125,B137,ARE,2026-03-24,TT_ADV,0,USD,2120.0,2120.0,1496.95,3173534.0,2026-03-24,1.0,N,0,,,2026-03-07,paid,3143918.0,,-29616.0
INV-2603-0126,B127,VNM,2026-03-25,DP,0,USD,7100.0,7100.0,1500.32,10652272.0,2026-04-04,0.0,N,0,,,2026-04-04,paid,10722207.0,,69935.0
INV-2603-0127,B031,MEX,2026-03-26,OA,60,USD,8570.0,8570.0,1504.57,12894165.0,2026-05-25,0.0,Y,0,,,2026-05-23,paid,13003518.0,,109353.0
INV-2603-0128,B079,JPN,2026-03-26,OA,60,JPY,1298000.0,8130.3,9.4242,12232612.0,2026-05-25,0.0,Y,0,,,2026-05-17,paid,12265970.0,,33358.0
INV-2603-0129,B091,NLD,2026-03-26,TT_ADV,0,EUR,23710.0,27366.01,1736.57,41174075.0,2026-03-26,1.0,N,0,,,2026-03-01,paid,40358214.0,,-815861.0
INV-2603-0130,B093,NGA,2026-03-26,OA,30,USD,56480.0,56480.0,1504.57,84978114.0,2026-04-25,0.0,Y,0,,,2026-04-25,paid,83391026.0,,-1587088.0
INV-2603-0131,B117,CHN,2026-03-26,OA,30,USD,1830.0,1830.0,1504.57,2753363.0,2026-04-25,0.0,Y,0,,,2026-04-25,paid,2701940.0,,-51423.0
INV-2603-0132,B132,IDN,2026-03-26,OA,60,USD,13220.0,13220.0,1504.57,19890415.0,2026-05-25,0.0,Y,0,,,2026-05-25,paid,20059103.0,,168688.0
INV-2603-0133,B028,JPN,2026-03-27,TT_ADV,0,JPY,914000.0,5706.79,9.4272,8616461.0,2026-03-27,1.0,N,0,,,2026-03-16,paid,8566282.0,,-50179.0
INV-2603-0134,B030,TUR,2026-03-27,OA,60,USD,21340.0,21340.0,1509.86,32220412.0,2026-05-26,0.0,N,0,,,2026-05-24,paid,32379822.0,,159410.0
INV-2603-0135,B037,SAU,2026-03-27,DA,90,USD,3460.0,3460.0,1509.86,5224116.0,2026-06-25,0.0,Y,0,,,2026-06-16,paid,5218095.0,,-6021.0
INV-2603-0136,B041,TUR,2026-03-27,OA,30,USD,19580.0,19580.0,1509.86,29563059.0,2026-04-26,0.0,Y,1,DOCS,,2026-05-06,paid,28332456.0,,-1230603.0
INV-2603-0137,B091,NLD,2026-03-28,DA,90,EUR,5260.0,6059.52,1739.36,9149034.0,2026-06-26,0.0,Y,0,,,2026-06-26,paid,9197531.0,,48497.0
INV-2603-0138,B101,IND,2026-03-28,DA,60,USD,9740.0,9740.0,1509.86,14706036.0,2026-05-27,0.0,Y,0,,,2026-06-13,paid,14793794.0,,87758.0
INV-2603-0139,B033,VNM,2026-03-29,LC_SIGHT,0,USD,11250.0,11250.0,1509.86,16985925.0,2026-04-07,0.0,N,0,,0,2026-04-07,paid,16895925.0,,-90000.0
INV-2603-0140,B115,CHN,2026-03-29,DA,60,CNY,61100.0,8840.09,218.45,13347295.0,2026-05-28,0.0,Y,0,,,2026-05-28,paid,13481715.0,,134420.0
INV-2603-0141,B029,CHN,2026-03-30,OA,60,USD,21100.0,21100.0,1518.7,32044570.0,2026-05-29,0.0,Y,0,,,2026-06-01,paid,31789109.0,,-255461.0
INV-2603-0142,B043,CHN,2026-03-30,OA,90,CNY,31600.0,4571.77,219.72,6943152.0,2026-06-28,0.0,Y,0,,,2026-06-23,paid,7131804.0,,188652.0
INV-2603-0143,B066,ARE,2026-03-30,DA,60,USD,17300.0,17300.0,1518.7,26273510.0,2026-05-29,0.0,Y,0,,,2026-05-29,paid,26018508.0,,-255002.0
INV-2603-0144,B077,VNM,2026-03-30,DP,0,USD,8700.0,8700.0,1518.7,13212690.0,2026-04-11,0.0,N,0,,,2026-04-11,paid,12909930.0,,-302760.0
INV-2603-0145,B138,CHN,2026-03-30,OA,90,CNY,50000.0,7233.82,219.72,10986000.0,2026-06-28,0.0,Y,1,DOCS,,2026-06-28,paid,11278500.0,,292500.0
INV-2603-0146,B014,USA,2026-03-31,LC_USANCE,90,USD,9090.0,9090.0,1523.5,13848615.0,2026-06-29,0.0,N,0,,0,2026-06-29,paid,14017416.0,,168801.0
INV-2603-0147,B030,TUR,2026-03-31,OA,60,USD,9050.0,9050.0,1523.5,13787675.0,2026-05-30,0.0,N,1,DOCS,,2026-06-02,paid,13732470.0,,-55205.0
INV-2603-0148,B040,IND,2026-03-31,LC_USANCE,90,USD,8270.0,8270.0,1523.5,12599345.0,2026-06-29,0.0,N,0,,0,2026-06-29,paid,12752919.0,,153574.0
INV-2603-0149,B086,DEU,2026-03-31,OA,90,EUR,7070.0,8143.24,1754.77,12406224.0,2026-06-29,0.0,N,0,,,2026-06-19,paid,12395472.0,,-10752.0
INV-2603-0150,B098,IND,2026-03-31,OA,30,USD,24460.0,24460.0,1523.5,37264810.0,2026-04-30,0.0,Y,0,,,2026-06-05,paid,37312815.0,,48005.0
INV-2603-0151,B101,IND,2026-03-31,DA,60,USD,10670.0,10670.0,1523.5,16255745.0,2026-05-30,0.0,Y,0,,,2026-06-13,paid,16206343.0,,-49402.0
INV-2603-0152,B119,IND,2026-03-31,DA,90,USD,7680.0,7680.0,1523.5,11700480.0,2026-06-29,0.0,Y,1,QUANTITY,,2026-06-23,paid,11769062.0,,68582.0
INV-2603-0153,B140,USA,2026-03-31,OA,60,USD,10920.0,10920.0,1523.5,16636620.0,2026-05-30,0.0,Y,0,,,2026-05-30,paid,16423243.0,,-213377.0
INV-2604-0001,B022,IDN,2026-04-01,OA,90,USD,8210.0,8210.0,1511.31,12407855.0,2026-06-30,0.0,Y,0,,,2026-06-30,paid,12715484.0,,307629.0
INV-2604-0002,B028,JPN,2026-04-01,OA,90,JPY,1353000.0,8529.31,9.5273,12890437.0,2026-06-30,0.0,Y,0,,,2026-06-30,paid,12886648.0,,-3788.0
INV-2604-0003,B038,DEU,2026-04-01,TT_ADV,0,EUR,2750.0,3193.86,1755.24,4826910.0,2026-04-01,1.0,N,0,,,2026-03-04,paid,4681298.0,,-145612.0
INV-2604-0004,B046,USA,2026-04-01,OA,30,USD,26010.0,26010.0,1511.31,39309173.0,2026-05-01,0.0,N,0,,,2026-05-01,paid,38422492.0,,-886681.0
INV-2604-0005,B050,USA,2026-04-01,OA,60,USD,24830.0,24830.0,1511.31,37525827.0,2026-05-31,0.0,Y,1,QUALITY,,2026-07-02,paid,38026624.0,,500797.0
INV-2604-0006,B073,BRA,2026-04-01,OA,30,USD,21920.0,21920.0,1511.31,33127915.0,2026-05-01,0.0,N,1,DOCS,,2026-05-04,paid,32354139.0,,-773776.0
INV-2604-0007,B079,JPN,2026-04-01,OA,60,JPY,2389000.0,15060.26,9.5273,22760720.0,2026-05-31,0.0,Y,0,,,2026-05-31,paid,22564583.0,,-196137.0
INV-2604-0008,B081,JPN,2026-04-01,LC_USANCE,60,JPY,1076000.0,6783.11,9.5273,10251375.0,2026-05-31,0.0,N,0,,0,2026-05-31,paid,10163035.0,,-88340.0
INV-2604-0009,B090,USA,2026-04-01,OA,60,USD,6130.0,6130.0,1511.31,9264330.0,2026-05-31,0.0,N,1,DOCS,,2026-05-31,paid,9219275.0,,-45055.0
INV-2604-0010,B120,JPN,2026-04-01,OA,60,JPY,475000.0,2994.4,9.5273,4525468.0,2026-05-31,0.0,N,0,,,2026-05-19,paid,4503380.0,,-22088.0
INV-2604-0011,B120,JPN,2026-04-01,OA,60,JPY,1107000.0,6978.53,9.5273,10546721.0,2026-05-31,0.0,N,0,,,2026-05-31,paid,10478336.0,,-68385.0
INV-2604-0012,B127,VNM,2026-04-01,DP,0,USD,3070.0,3070.0,1511.31,4639722.0,2026-04-11,0.0,N,0,,,2026-08-31,paid,4200528.0,,-439194.0
INV-2604-0013,B128,GBR,2026-04-01,OA,90,USD,7980.0,7980.0,1511.31,12060254.0,2026-06-30,0.0,N,0,,,2026-06-30,paid,12359264.0,,299010.0
INV-2604-0014,B144,TUR,2026-04-01,OA,60,USD,16510.0,16510.0,1511.31,24951728.0,2026-05-31,0.0,N,0,,,2026-07-03,paid,25393206.0,,441478.0
INV-2604-0015,B005,VNM,2026-04-02,OA,90,USD,11140.0,11140.0,1509.54,16816276.0,2026-07-01,0.0,Y,0,,,2026-08-02,paid,16006063.0,,-810213.0
INV-2604-0016,B008,DEU,2026-04-02,OA,60,EUR,11240.0,12977.67,1742.91,19590308.0,2026-06-01,0.0,Y,0,,,2026-06-01,paid,19751040.0,,160732.0
INV-2604-0017,B086,DEU,2026-04-02,OA,90,EUR,7770.0,8971.22,1742.91,13542411.0,2026-07-01,0.0,N,1,DOCS,,2026-06-22,paid,13660282.0,,117871.0
INV-2604-0018,B127,VNM,2026-04-02,DP,0,USD,6320.0,6320.0,1509.54,9540293.0,2026-04-15,0.0,N,0,,,2026-04-15,paid,9318271.0,,-222022.0
INV-2604-0019,B127,VNM,2026-04-02,DP,0,USD,10430.0,10430.0,1509.54,15744502.0,2026-04-17,0.0,N,0,,,2026-04-17,paid,15245114.0,,-499388.0
INV-2604-0020,B140,USA,2026-04-02,OA,60,USD,1950.0,1950.0,1509.54,2943603.0,2026-06-01,0.0,Y,0,,,2026-06-01,paid,2947834.0,,4232.0
INV-2604-0021,B070,POL,2026-04-03,OA,60,EUR,8820.0,10163.29,1740.17,15348299.0,2026-06-02,0.0,Y,0,,,2026-06-05,paid,15827402.0,,479103.0
INV-2604-0022,B089,NGA,2026-04-03,LC_SIGHT,0,USD,22880.0,22880.0,1510.17,34552690.0,2026-04-12,0.0,N,0,,0,2026-04-12,paid,33951632.0,,-601058.0
INV-2604-0023,B023,IDN,2026-04-04,DA,90,USD,48340.0,48340.0,1510.17,73001618.0,2026-07-03,0.0,Y,0,,,2026-06-27,paid,74126490.0,,1124872.0
INV-2604-0024,B030,TUR,2026-04-04,OA,60,USD,7490.0,7490.0,1510.17,11311173.0,2026-06-03,0.0,N,0,,,2026-06-03,paid,11370045.0,,58872.0
INV-2604-0025,B059,IDN,2026-04-04,OA,30,USD,22430.0,22430.0,1510.17,33873113.0,2026-05-04,0.0,Y,1,QUALITY,,2026-05-04,paid,33106904.0,,-766209.0
INV-2604-0026,B062,USA,2026-04-04,OA,60,USD,6810.0,6810.0,1510.17,10284258.0,2026-06-03,0.0,Y,0,,,2026-06-03,paid,10337784.0,,53526.0
INV-2604-0027,B075,DEU,2026-04-04,OA,60,EUR,4710.0,5427.34,1740.17,8196201.0,2026-06-03,0.0,Y,0,,,2026-07-30,paid,7728121.0,,-468080.0
INV-2604-0028,B123,POL,2026-04-04,OA,60,EUR,13670.0,15751.95,1740.17,23788124.0,2026-06-03,0.0,Y,0,,,2026-06-03,paid,24082029.0,,293905.0
INV-2604-0029,B148,ARE,2026-04-04,OA,60,USD,15280.0,15280.0,1510.17,23075398.0,2026-06-03,0.0,N,0,,,2026-05-27,paid,22893718.0,,-181680.0
INV-2604-0030,B001,NLD,2026-04-05,OA,90,EUR,10130.0,11672.81,1740.17,17627922.0,2026-07-04,0.0,N,0,,,2026-07-06,paid,17720409.0,,92487.0
INV-2604-0031,B004,EGY,2026-04-05,LC_SIGHT,0,USD,12740.0,12740.0,1510.17,19239566.0,2026-04-15,0.0,N,0,,0,2026-04-15,paid,18783983.0,,-455583.0
INV-2604-0032,B047,MEX,2026-04-05,OA,90,USD,5230.0,5230.0,1510.17,7898189.0,2026-07-04,0.0,Y,0,,,2026-07-10,paid,7850544.0,,-47645.0
INV-2604-0033,B049,ARE,2026-04-05,DA,90,USD,15880.0,15880.0,1510.17,23981500.0,2026-07-04,0.0,N,1,DOCS,,2026-07-29,paid,22967562.0,,-1013938.0
INV-2604-0034,B057,VNM,2026-04-05,LC_USANCE,90,USD,4140.0,4140.0,1510.17,6252104.0,2026-07-04,0.0,N,0,,0,2026-07-04,paid,6367527.0,,115423.0
INV-2604-0035,B087,TWN,2026-04-05,TT_ADV,0,USD,11260.0,11260.0,1510.17,17004514.0,2026-04-05,1.0,N,0,,,2026-03-25,paid,16893603.0,,-110911.0
INV-2604-0036,B119,IND,2026-04-05,DA,90,USD,3920.0,3920.0,1510.17,5919866.0,2026-07-04,0.0,Y,0,,,2026-07-04,paid,6029156.0,,109290.0
INV-2604-0037,B029,CHN,2026-04-06,TT_ADV,0,USD,41290.0,41290.0,1507.55,62246740.0,2026-04-06,1.0,N,0,,,2026-03-28,paid,62342119.0,,95379.0
INV-2604-0038,B051,USA,2026-04-06,OA,90,USD,146310.0,146310.0,1507.55,220569640.0,2026-07-05,0.0,N,0,,,2026-08-05,paid,210022916.0,,-10546724.0
INV-2604-0039,B058,MYS,2026-04-06,OA,30,USD,35220.0,35220.0,1507.55,53095911.0,2026-05-06,0.0,N,0,,,2026-04-29,paid,52396442.0,,-699469.0
INV-2604-0040,B064,USA,2026-04-06,TT_SPLIT_30_70,30,USD,3980.0,3980.0,1507.55,6000049.0,2026-05-06,0.3,Y,0,,,2026-05-06,paid,5822597.0,,-177452.0
INV-2604-0041,B086,DEU,2026-04-06,OA,90,EUR,24740.0,28562.39,1740.47,43059228.0,2026-07-05,0.0,N,0,,,2026-06-29,paid,43521270.0,,462042.0
INV-2604-0042,B140,USA,2026-04-06,OA,60,USD,5090.0,5090.0,1507.55,7673430.0,2026-06-05,0.0,Y,0,,,2026-06-05,paid,7919836.0,,246406.0
INV-2604-0043,B001,NLD,2026-04-07,OA,90,EUR,15100.0,17472.19,1737.8,26240780.0,2026-07-06,0.0,N,0,,,2026-08-01,paid,25226683.0,,-1014097.0
INV-2604-0044,B084,POL,2026-04-07,OA,90,EUR,24640.0,28510.91,1737.8,42819392.0,2026-07-06,0.0,N,0,,,2026-07-06,paid,43102752.0,,283360.0
INV-2604-0045,B102,GBR,2026-04-07,OA,60,USD,1090.0,1090.0,1501.86,1637027.0,2026-06-06,0.0,Y,0,,,2026-06-01,paid,1647764.0,,10737.0
INV-2604-0046,B120,JPN,2026-04-07,OA,60,JPY,422000.0,2639.15,9.3925,3963635.0,2026-06-06,0.0,N,0,,,2026-06-06,paid,4097198.0,,133563.0
INV-2604-0047,B018,NLD,2026-04-08,OA,30,EUR,3580.0,4183.59,1726.14,6179581.0,2026-05-08,0.0,Y,0,,,2026-05-02,paid,6216563.0,,36982.0
INV-2604-0048,B064,USA,2026-04-08,TT_SPLIT_30_70,30,USD,10240.0,10240.0,1477.1,15125504.0,2026-05-08,0.3,Y,0,,,2026-05-08,paid,15112120.0,,-13384.0
INV-2604-0049,B148,ARE,2026-04-08,TT_SPLIT_30_70,30,USD,2520.0,2520.0,1477.1,3722292.0,2026-05-08,0.3,N,0,,,2026-05-08,paid,3714447.0,,-7845.0
INV-2604-0050,B149,CHN,2026-04-08,OA,90,USD,12070.0,12070.0,1477.1,17828597.0,2026-07-07,0.0,Y,0,,,2026-06-26,paid,18508621.0,,680024.0
INV-2604-0051,B028,JPN,2026-04-09,OA,90,JPY,2567000.0,16157.82,9.2712,23799170.0,2026-07-08,0.0,Y,1,DOCS,,2026-07-07,paid,24010434.0,,211264.0
INV-2604-0052,B056,USA,2026-04-09,OA,90,USD,7950.0,7950.0,1472.92,11709714.0,2026-07-08,0.0,Y,1,PRICE,,2026-07-18,paid,11841048.0,,131334.0
INV-2604-0053,B088,USA,2026-04-09,TT_ADV,0,USD,7520.0,7520.0,1472.92,11076358.0,2026-04-09,1.0,N,0,,,2026-03-23,paid,11220366.0,,144008.0
INV-2604-0054,B026,THA,2026-04-10,TT_ADV,0,USD,10030.0,10030.0,1483.9,14883517.0,2026-04-10,1.0,N,0,,,2026-03-27,paid,15143896.0,,260379.0
INV-2604-0055,B087,TWN,2026-04-10,TT_SPLIT_30_70,30,USD,3620.0,3620.0,1483.9,5371718.0,2026-05-10,0.3,Y,0,,,2026-05-10,paid,5335833.0,,-35885.0
INV-2604-0056,B142,IND,2026-04-10,OA,30,USD,4160.0,4160.0,1483.9,6173024.0,2026-05-10,0.0,Y,0,,,2026-07-09,paid,6276442.0,,103418.0
INV-2604-0057,B148,ARE,2026-04-10,OA,60,USD,25940.0,25940.0,1483.9,38492366.0,2026-06-09,0.0,N,0,,,2026-05-31,paid,38952174.0,,459808.0
INV-2604-0058,B003,IDN,2026-04-11,DA,90,USD,2180.0,2180.0,1483.9,3234902.0,2026-07-10,0.0,N,0,,,2026-07-10,paid,3272311.0,,37409.0
INV-2604-0059,B021,CHN,2026-04-11,OA,60,CNY,176100.0,25791.37,217.33,38271813.0,2026-06-10,0.0,N,1,DOCS,,2026-06-08,paid,39675330.0,,1403517.0
INV-2604-0060,B023,IDN,2026-04-11,DA,90,USD,790.0,790.0,1483.9,1172281.0,2026-07-10,0.0,Y,0,,,2026-07-06,paid,1209474.0,,37193.0
INV-2604-0061,B041,TUR,2026-04-11,OA,30,USD,4290.0,4290.0,1483.9,6365931.0,2026-05-11,0.0,Y,1,QUANTITY,,2026-05-11,paid,6305914.0,,-60017.0
INV-2604-0062,B088,USA,2026-04-11,TT_ADV,0,USD,11390.0,11390.0,1483.9,16901621.0,2026-04-11,1.0,N,0,,,2026-03-21,paid,17132268.0,,230648.0
INV-2604-0063,B101,IND,2026-04-11,DA,60,USD,12800.0,12800.0,1483.9,18993920.0,2026-06-10,0.0,Y,0,,,2026-07-01,paid,19717817.0,,723897.0
INV-2604-0064,B149,CHN,2026-04-11,OA,90,USD,7730.0,7730.0,1483.9,11470547.0,2026-07-10,0.0,Y,0,,,2026-07-10,paid,11603194.0,,132647.0
INV-2604-0065,B011,IND,2026-04-12,LC_SIGHT,0,USD,10030.0,10030.0,1483.9,14883517.0,2026-04-22,0.0,N,0,,0,2026-04-22,paid,14850518.0,,-32999.0
INV-2604-0066,B057,VNM,2026-04-12,LC_USANCE,90,USD,2820.0,2820.0,1483.9,4184598.0,2026-07-11,0.0,N,0,,0,2026-07-11,paid,4232989.0,,48391.0
INV-2604-0067,B091,NLD,2026-04-12,DA,90,EUR,2840.0,3329.34,1739.58,4940407.0,2026-07-11,0.0,Y,0,,,2026-06-28,paid,4965967.0,,25560.0
INV-2604-0068,B098,IND,2026-04-12,OA,30,USD,30860.0,30860.0,1483.9,45793154.0,2026-05-12,0.0,Y,0,,,2026-07-10,paid,47434590.0,,1641436.0
INV-2604-0069,B106,TUR,2026-04-12,LC_SIGHT,0,USD,3710.0,3710.0,1483.9,5505269.0,2026-04-20,0.0,N,0,,0,2026-04-20,paid,5454850.0,,-50419.0
INV-2604-0070,B108,VNM,2026-04-12,OA,90,USD,14130.0,14130.0,1483.9,20967507.0,2026-07-11,0.0,Y,0,,,2026-07-11,paid,21209978.0,,242471.0
INV-2604-0071,B113,JPN,2026-04-12,OA,90,JPY,2196000.0,13792.22,9.3198,20466281.0,2026-07-11,0.0,Y,0,,,2026-07-11,paid,20434658.0,,-31623.0
INV-2604-0072,B137,ARE,2026-04-12,TT_SPLIT_30_70,30,USD,4650.0,4650.0,1483.9,6900135.0,2026-05-12,0.3,N,0,,,2026-06-21,paid,7113072.0,,212937.0
INV-2604-0073,B138,CHN,2026-04-12,OA,90,CNY,130800.0,19156.79,217.33,28426764.0,2026-07-11,0.0,Y,0,,,2026-07-09,paid,29054604.0,,627840.0
INV-2604-0074,B138,CHN,2026-04-12,OA,90,CNY,69100.0,10120.29,217.33,15017503.0,2026-07-11,0.0,Y,1,QUALITY,,2026-07-11,paid,15306341.0,,288838.0
INV-2604-0075,B064,USA,2026-04-13,TT_SPLIT_30_70,30,USD,56560.0,56560.0,1486.94,84101326.0,2026-05-13,0.3,Y,0,,,2026-05-13,paid,84621000.0,,519674.0
INV-2604-0076,B120,JPN,2026-04-13,OA,60,JPY,314000.0,1965.69,9.3085,2922869.0,2026-06-12,0.0,N,1,QUANTITY,,2026-06-06,paid,3048626.0,,125757.0
INV-2604-0077,B047,MEX,2026-04-14,OA,90,USD,9990.0,9990.0,1471.51,14700385.0,2026-07-13,0.0,Y,0,,,2026-07-13,paid,14911374.0,,210989.0
INV-2604-0078,B062,USA,2026-04-14,OA,60,USD,4950.0,4950.0,1471.51,7283974.0,2026-06-13,0.0,Y,1,DOCS,,2026-06-06,paid,7702002.0,,418028.0
INV-2604-0079,B067,BRA,2026-04-14,DP,0,USD,2670.0,2670.0,1471.51,3928932.0,2026-04-28,0.0,N,0,,,2026-04-28,paid,3931228.0,,2296.0
INV-2604-0080,B074,MYS,2026-04-14,TT_ADV,0,USD,7760.0,7760.0,1471.51,11418918.0,2026-04-14,1.0,N,0,,,2026-03-30,paid,11785112.0,,366194.0
INV-2604-0081,B077,VNM,2026-04-14,OA,30,USD,8040.0,8040.0,1471.51,11830940.0,2026-05-14,0.0,N,0,,,2026-04-24,paid,11870819.0,,39879.0
INV-2604-0082,B120,JPN,2026-04-14,OA,60,JPY,951000.0,5984.51,9.26,8806260.0,2026-06-13,0.0,N,0,,,2026-06-12,paid,9160945.0,,354685.0
INV-2604-0083,B008,DEU,2026-04-15,OA,60,EUR,3980.0,4696.01,1739.66,6923847.0,2026-06-14,0.0,Y,0,,,2026-06-11,paid,7016382.0,,92535.0
INV-2604-0084,B068,THA,2026-04-15,OA,60,USD,3200.0,3200.0,1474.41,4718112.0,2026-06-14,0.0,N,0,,,2026-06-15,paid,4847584.0,,129472.0
INV-2604-0085,B086,DEU,2026-04-15,OA,90,EUR,44700.0,52741.64,1739.66,77762802.0,2026-07-14,0.0,N,0,,,2026-07-12,paid,76816190.0,,-946612.0
INV-2604-0086,B120,JPN,2026-04-15,TT_ADV,0,JPY,368000.0,2314.19,9.2719,3412059.0,2026-04-15,1.0,N,0,,,2026-04-03,paid,3481206.0,,69147.0
INV-2604-0087,B005,VNM,2026-04-16,OA,90,USD,12340.0,12340.0,1478.19,18240865.0,2026-07-15,0.0,Y,1,DOCS,,2026-08-05,paid,17637747.0,,-603118.0
INV-2604-0088,B059,IDN,2026-04-16,OA,30,USD,4980.0,4980.0,1478.19,7361386.0,2026-05-16,0.0,Y,0,,,2026-06-22,paid,7658543.0,,297157.0
INV-2604-0089,B061,IND,2026-04-16,DA,60,USD,3650.0,3650.0,1478.19,5395394.0,2026-06-15,0.0,N,0,,,2026-06-12,paid,5543876.0,,148482.0
INV-2604-0090,B087,TWN,2026-04-17,TT_SPLIT_30_70,30,USD,24830.0,24830.0,1461.66,36293018.0,2026-05-17,0.3,Y,0,,,2026-05-17,paid,37311669.0,,1018651.0
INV-2604-0091,B117,CHN,2026-04-17,OA,30,USD,4190.0,4190.0,1461.66,6124355.0,2026-05-17,0.0,Y,1,QUANTITY,,2026-05-16,paid,6283366.0,,159011.0
INV-2604-0092,B134,MEX,2026-04-17,OA,60,USD,11870.0,11870.0,1461.66,17349904.0,2026-06-16,0.0,Y,0,,,2026-09-22,paid,16901218.0,,-448686.0
INV-2604-0093,B135,TUR,2026-04-17,OA,30,USD,10710.0,10710.0,1461.66,15654379.0,2026-05-17,0.0,Y,0,,,2026-05-15,paid,16060823.0,,406444.0
INV-2604-0094,B141,DEU,2026-04-17,DA,60,EUR,7560.0,8921.53,1724.9,13040244.0,2026-06-16,0.0,N,0,,,2026-06-15,paid,13283676.0,,243432.0
INV-2604-0095,B041,TUR,2026-04-18,OA,30,USD,29550.0,29550.0,1461.66,43192053.0,2026-05-18,0.0,Y,0,,,2026-05-18,paid,44288924.0,,1096871.0
INV-2604-0096,B057,VNM,2026-04-18,TT_ADV,0,USD,16400.0,16400.0,1461.66,23971224.0,2026-04-18,1.0,N,0,,,2026-04-02,paid,24756456.0,,785232.0
INV-2604-0097,B062,USA,2026-04-18,OA,60,USD,9640.0,9640.0,1461.66,14090402.0,2026-06-17,0.0,Y,1,DOCS,,2026-06-16,paid,14538277.0,,447875.0
INV-2604-0098,B089,NGA,2026-04-18,LC_SIGHT,0,USD,14170.0,14170.0,1461.66,20711722.0,2026-04-27,0.0,N,0,,0,2026-04-27,paid,20878078.0,,166356.0
INV-2604-0099,B137,ARE,2026-04-18,OA,60,USD,22350.0,22350.0,1461.66,32668101.0,2026-06-17,0.0,N,0,,,2026-07-01,paid,34465691.0,,1797590.0
INV-2604-0100,B108,VNM,2026-04-19,OA,90,USD,6030.0,6030.0,1461.66,8813810.0,2026-07-18,0.0,Y,0,,,2026-07-12,paid,9051392.0,,237582.0
INV-2604-0101,B125,MEX,2026-04-19,DA,60,USD,11270.0,11270.0,1461.66,16472908.0,2026-06-18,0.0,Y,0,,,2026-06-12,paid,17117665.0,,644757.0
INV-2604-0102,B137,ARE,2026-04-20,TT_ADV,0,USD,1120.0,1120.0,1470.31,1646747.0,2026-04-20,1.0,N,0,,,2026-03-23,paid,1671118.0,,24371.0
INV-2604-0103,B014,USA,2026-04-21,TT_ADV,0,USD,14360.0,14360.0,1478.52,21231547.0,2026-04-21,1.0,N,0,,,2026-04-08,paid,21211156.0,,-20391.0
INV-2604-0104,B051,USA,2026-04-21,OA,90,USD,18550.0,18550.0,1478.52,27426546.0,2026-07-20,0.0,N,0,,,2026-08-05,paid,26415200.0,,-1011346.0
INV-2604-0105,B100,THA,2026-04-21,TT_SPLIT_30_70,30,USD,14940.0,14940.0,1478.52,22089089.0,2026-05-21,0.3,Y,0,,,2026-05-21,paid,22370887.0,,281798.0
INV-2604-0106,B107,DEU,2026-04-21,OA,60,EUR,11180.0,13138.76,1737.56,19425921.0,2026-06-20,0.0,Y,0,,,2026-06-20,paid,19756290.0,,330369.0
INV-2604-0107,B116,GBR,2026-04-21,OA,60,USD,3970.0,3970.0,1478.52,5869724.0,2026-06-20,0.0,Y,0,,,2026-06-05,paid,6177161.0,,307437.0
INV-2604-0108,B135,TUR,2026-04-21,OA,30,USD,10800.0,10800.0,1478.52,15968016.0,2026-05-21,0.0,Y,0,,,2026-05-21,paid,16291476.0,,323460.0
INV-2604-0109,B139,DEU,2026-04-21,DA,90,EUR,20310.0,23868.36,1737.56,35289844.0,2026-07-20,0.0,Y,0,,,2026-07-13,paid,34565589.0,,-724255.0
INV-2604-0110,B143,MYS,2026-04-21,OA,30,USD,4980.0,4980.0,1478.52,7363030.0,2026-05-21,0.0,Y,0,,,2026-05-21,paid,7512181.0,,149151.0
INV-2604-0111,B030,TUR,2026-04-22,OA,60,USD,10340.0,10340.0,1480.61,15309507.0,2026-06-21,0.0,N,1,QUALITY,,2026-07-04,paid,15903437.0,,593930.0
INV-2604-0112,B031,MEX,2026-04-22,OA,60,USD,2750.0,2750.0,1480.61,4071677.0,2026-06-21,0.0,Y,0,,,2026-06-16,paid,4147330.0,,75653.0
INV-2604-0113,B072,DEU,2026-04-22,OA,30,EUR,13110.0,15357.08,1734.39,22737853.0,2026-05-22,0.0,N,1,QUANTITY,,2026-05-30,paid,23027322.0,,289469.0
INV-2604-0114,B084,POL,2026-04-22,OA,90,EUR,4050.0,4744.18,1734.39,7024280.0,2026-07-21,0.0,N,0,,,2026-07-11,paid,6953486.0,,-70794.0
INV-2604-0115,B085,ARE,2026-04-22,TT_ADV,0,USD,12000.0,12000.0,1480.61,17767320.0,2026-04-22,1.0,N,0,,,2026-04-06,paid,18090600.0,,323280.0
INV-2604-0116,B116,GBR,2026-04-22,OA,60,USD,9820.0,9820.0,1480.61,14539590.0,2026-06-21,0.0,Y,0,,,2026-06-17,paid,14869837.0,,330247.0
INV-2604-0117,B041,TUR,2026-04-23,OA,30,USD,24580.0,24580.0,1479.19,36358490.0,2026-05-23,0.0,Y,0,,,2026-05-18,paid,36738989.0,,380499.0
INV-2604-0118,B047,MEX,2026-04-23,OA,90,USD,12940.0,12940.0,1479.19,19140719.0,2026-07-22,0.0,Y,1,DOCS,,2026-08-13,paid,18348920.0,,-791799.0
INV-2604-0119,B125,MEX,2026-04-23,DA,60,USD,3120.0,3120.0,1479.19,4615073.0,2026-06-22,0.0,Y,0,,,2026-06-30,paid,4832194.0,,217121.0
INV-2604-0120,B087,TWN,2026-04-24,TT_SPLIT_30_70,30,USD,40860.0,40860.0,1476.47,60328564.0,2026-05-24,0.3,Y,0,,,2026-05-24,paid,61522371.0,,1193807.0
INV-2604-0121,B089,NGA,2026-04-24,TT_SPLIT_30_70,30,USD,7920.0,7920.0,1476.47,11693642.0,2026-05-24,0.3,N,0,,,2026-06-03,paid,11997897.0,,304255.0
INV-2604-0122,B139,DEU,2026-04-24,DA,90,EUR,5580.0,6538.65,1730.13,9654125.0,2026-07-23,0.0,Y,0,,,2026-07-21,paid,9419710.0,,-234415.0
INV-2604-0123,B140,USA,2026-04-24,OA,60,USD,21210.0,21210.0,1476.47,31315929.0,2026-06-23,0.0,Y,0,,,2026-06-22,paid,32618011.0,,1302082.0
INV-2604-0124,B141,DEU,2026-04-24,DA,60,EUR,19590.0,22955.59,1730.13,33893247.0,2026-06-23,0.0,N,0,,,2026-06-22,paid,34440787.0,,547540.0
INV-2604-0125,B148,ARE,2026-04-24,TT_ADV,0,USD,7240.0,7240.0,1476.47,10689643.0,2026-04-24,1.0,N,0,,,2026-04-19,paid,10582418.0,,-107225.0
INV-2604-0126,B007,NLD,2026-04-25,OA,90,EUR,9830.0,11518.81,1730.13,17007178.0,2026-07-24,0.0,Y,0,,,2026-07-29,paid,16184997.0,,-822181.0
INV-2604-0127,B029,CHN,2026-04-25,OA,60,USD,19210.0,19210.0,1476.47,28362989.0,2026-06-24,0.0,Y,1,PRICE,,2026-06-24,paid,29632001.0,,1269012.0
INV-2604-0128,B045,ARE,2026-04-25,OA,60,USD,3960.0,3960.0,1476.47,5846821.0,2026-06-24,0.0,Y,0,,,2026-06-24,paid,6108419.0,,261598.0
INV-2604-0129,B057,VNM,2026-04-25,LC_USANCE,90,USD,14360.0,14360.0,1476.47,21202109.0,2026-07-24,0.0,N,0,,0,2026-07-24,paid,20976514.0,,-225595.0
INV-2604-0130,B070,POL,2026-04-25,OA,60,EUR,10950.0,12831.23,1730.13,18944924.0,2026-06-24,0.0,Y,0,,,2026-06-15,paid,19319886.0,,374962.0
INV-2604-0131,B074,MYS,2026-04-25,OA,30,USD,5230.0,5230.0,1476.47,7721938.0,2026-05-25,0.0,N,0,,,2026-06-15,paid,7922770.0,,200832.0
INV-2604-0132,B086,DEU,2026-04-25,OA,90,EUR,13470.0,15784.17,1730.13,23304851.0,2026-07-24,0.0,N,0,,,2026-07-12,paid,23126778.0,,-178073.0
INV-2604-0133,B098,IND,2026-04-25,OA,30,USD,7490.0,7490.0,1476.47,11058760.0,2026-05-25,0.0,Y,0,,,2026-07-11,paid,11242939.0,,184179.0
INV-2604-0134,B015,TWN,2026-04-26,DA,90,USD,33980.0,33980.0,1476.47,50170451.0,2026-07-25,0.0,N,0,,,2026-07-25,paid,49636625.0,,-533826.0
INV-2604-0135,B102,GBR,2026-04-26,OA,60,USD,4460.0,4460.0,1476.47,6585056.0,2026-06-25,0.0,Y,0,,,2026-06-22,paid,6858856.0,,273800.0
INV-2604-0136,B106,TUR,2026-04-26,LC_SIGHT,0,USD,11000.0,11000.0,1476.47,16241170.0,2026-05-04,0.0,N,0,,0,2026-05-04,paid,16236110.0,,-5060.0
INV-2604-0137,B135,TUR,2026-04-26,OA,30,USD,16500.0,16500.0,1476.47,24361755.0,2026-05-26,0.0,Y,0,,,2026-05-25,paid,25035945.0,,674190.0
INV-2604-0138,B086,DEU,2026-04-27,TT_SPLIT_30_70,30,EUR,16090.0,18875.23,1728.45,27810760.0,2026-05-27,0.3,N,0,,,2026-05-24,paid,28299462.0,,488702.0
INV-2604-0139,B089,NGA,2026-04-27,LC_SIGHT,0,USD,3860.0,3860.0,1473.4,5687324.0,2026-05-03,0.0,N,0,,10,2026-05-13,paid,5751825.0,,64501.0
INV-2604-0140,B126,GBR,2026-04-27,OA,90,USD,50890.0,50890.0,1473.4,74981326.0,2026-07-26,0.0,N,0,,,2026-07-21,paid,75305495.0,,324169.0
INV-2604-0141,B127,VNM,2026-04-27,DP,0,USD,21810.0,21810.0,1473.4,32134854.0,2026-05-12,0.0,N,0,,,2026-05-12,paid,32503879.0,,369025.0
INV-2604-0142,B023,IDN,2026-04-28,DA,90,USD,13280.0,13280.0,1472.37,19553074.0,2026-07-27,0.0,Y,1,DOCS,,2026-08-01,paid,19080837.0,,-472237.0
INV-2604-0143,B027,VNM,2026-04-28,TT_ADV,0,USD,1170.0,1170.0,1472.37,1722673.0,2026-04-28,1.0,N,0,,,2026-04-02,paid,1766162.0,,43489.0
INV-2604-0144,B036,VNM,2026-04-28,TT_ADV,0,USD,20490.0,20490.0,1472.37,30168861.0,2026-04-28,1.0,N,0,,,2026-04-11,paid,30405111.0,,236250.0
INV-2604-0145,B062,USA,2026-04-28,OA,60,USD,7930.0,7930.0,1472.37,11675894.0,2026-06-27,0.0,Y,0,,,2026-06-26,paid,12160179.0,,484285.0
INV-2604-0146,B107,DEU,2026-04-28,TT_ADV,0,EUR,8500.0,9957.74,1724.88,14661480.0,2026-04-28,1.0,N,0,,,2026-04-06,paid,14793995.0,,132515.0
INV-2604-0147,B108,VNM,2026-04-28,OA,90,USD,11290.0,11290.0,1472.37,16623057.0,2026-07-27,0.0,Y,0,,,2026-07-17,paid,16815778.0,,192721.0
INV-2604-0148,B127,VNM,2026-04-28,DP,0,USD,33900.0,33900.0,1472.37,49913343.0,2026-05-11,0.0,N,0,,,2026-05-11,paid,49829949.0,,-83394.0
INV-2604-0149,B028,JPN,2026-04-29,TT_ADV,0,JPY,695000.0,4337.51,9.2847,6452867.0,2026-04-29,1.0,N,0,,,2026-04-13,paid,6469408.0,,16540.0
INV-2604-0150,B068,THA,2026-04-29,OA,60,USD,18580.0,18580.0,1487.69,27641280.0,2026-06-28,0.0,N,0,,,2026-07-12,paid,27968826.0,,327546.0
INV-2604-0151,B114,JPN,2026-04-29,OA,90,JPY,531000.0,3313.98,9.2847,4930176.0,2026-07-28,0.0,N,1,QUALITY,,2026-07-29,paid,4686925.0,,-243251.0
INV-2604-0152,B121,IND,2026-04-29,DA,90,USD,2580.0,2580.0,1487.69,3838240.0,2026-07-28,0.0,Y,0,,,2026-07-24,paid,3768761.0,,-69479.0
INV-2604-0153,B126,GBR,2026-04-29,OA,90,USD,13830.0,13830.0,1487.69,20574753.0,2026-07-28,0.0,N,1,QUANTITY,,2026-07-29,paid,20002606.0,,-572147.0
INV-2604-0154,B141,DEU,2026-04-29,DA,60,EUR,10500.0,12279.73,1739.85,18268425.0,2026-06-28,0.0,N,0,,,2026-06-25,paid,18426765.0,,158340.0
INV-2604-0155,B148,ARE,2026-04-29,OA,60,USD,4620.0,4620.0,1487.69,6873128.0,2026-06-28,0.0,N,0,,,2026-06-22,paid,7104913.0,,231785.0
INV-2604-0156,B089,NGA,2026-04-30,LC_SIGHT,0,USD,6020.0,6020.0,1477.93,8897139.0,2026-05-05,0.0,N,0,,0,2026-05-05,paid,8900028.0,,2889.0
INV-2604-0157,B113,JPN,2026-04-30,OA,90,JPY,1077000.0,6874.76,9.434,10160418.0,2026-07-29,0.0,Y,0,,,2026-07-11,paid,10021916.0,,-138502.0
INV-2605-0001,B005,VNM,2026-05-01,OA,90,USD,10540.0,10540.0,1477.22,15569899.0,2026-07-30,0.0,Y,1,QUALITY,,2026-08-23,paid,14750846.0,,-819053.0
INV-2605-0002,B018,NLD,2026-05-01,OA,30,EUR,6200.0,7288.09,1736.47,10766114.0,2026-05-31,0.0,Y,0,,,2026-05-25,paid,10915472.0,,149358.0
INV-2605-0003,B043,CHN,2026-05-01,OA,90,CNY,33000.0,4833.32,216.36,7139880.0,2026-07-30,0.0,Y,0,,,2026-07-30,paid,6956730.0,,-183150.0
INV-2605-0004,B049,ARE,2026-05-01,DA,90,USD,46560.0,46560.0,1477.22,68779363.0,2026-07-30,0.0,N,0,,,2026-09-18,paid,66760145.0,,-2019218.0
INV-2605-0005,B057,VNM,2026-05-01,LC_USANCE,90,USD,10610.0,10610.0,1477.22,15673304.0,2026-07-30,0.0,N,0,,0,2026-07-30,paid,15109170.0,,-564134.0
INV-2605-0006,B140,USA,2026-05-01,TT_SPLIT_30_70,30,USD,11890.0,11890.0,1477.22,17564146.0,2026-05-31,0.3,Y,0,,,2026-05-31,paid,17821374.0,,257228.0
INV-2605-0007,B014,USA,2026-05-02,LC_USANCE,90,USD,9220.0,9220.0,1477.22,13619968.0,2026-07-31,0.0,N,0,,0,2026-07-31,paid,13247388.0,,-372580.0
INV-2605-0008,B031,MEX,2026-05-02,OA,60,USD,47350.0,47350.0,1477.22,69946367.0,2026-07-01,0.0,Y,1,DOCS,,2026-07-03,paid,72826668.0,,2880300.0
INV-2605-0009,B045,ARE,2026-05-02,OA,60,USD,6250.0,6250.0,1477.22,9232625.0,2026-07-01,0.0,Y,0,,,2026-07-10,paid,9381625.0,,149000.0
INV-2605-0010,B049,ARE,2026-05-02,DA,90,USD,6820.0,6820.0,1477.22,10074640.0,2026-07-31,0.0,N,0,,,,open,,9377238.0,-697402.0
INV-2605-0011,B062,USA,2026-05-02,OA,60,USD,7750.0,7750.0,1477.22,11448455.0,2026-07-01,0.0,Y,1,PRICE,,2026-07-22,paid,11443882.0,,-4572.0
INV-2605-0012,B087,TWN,2026-05-02,TT_SPLIT_30_70,30,USD,27620.0,27620.0,1477.22,40800816.0,2026-06-01,0.3,Y,0,,,2026-05-31,paid,41590831.0,,790015.0
INV-2605-0013,B101,IND,2026-05-02,DA,60,USD,19930.0,19930.0,1477.22,29440995.0,2026-07-01,0.0,Y,1,DOCS,,2026-07-23,paid,30250125.0,,809130.0
INV-2605-0014,B141,DEU,2026-05-02,DA,60,EUR,3520.0,4137.75,1736.47,6112374.0,2026-07-01,0.0,N,0,,,2026-07-01,paid,6213469.0,,101095.0
INV-2605-0015,B010,POL,2026-05-03,TT_ADV,0,EUR,6470.0,7605.48,1736.47,11234961.0,2026-05-03,1.0,N,0,,,2026-04-26,paid,11193941.0,,-41020.0
INV-2605-0016,B079,JPN,2026-05-03,OA,60,JPY,3848000.0,24546.95,9.4234,36261243.0,2026-07-02,0.0,Y,0,,,2026-07-02,paid,36637400.0,,376157.0
INV-2605-0017,B079,JPN,2026-05-03,OA,60,JPY,1968000.0,12554.16,9.4234,18545251.0,2026-07-02,0.0,Y,0,,,2026-07-02,paid,18812112.0,,266861.0
INV-2605-0018,B149,CHN,2026-05-03,OA,90,USD,4100.0,4100.0,1477.22,6056602.0,2026-08-01,0.0,Y,0,,,2026-07-26,paid,5989116.0,,-67486.0
INV-2605-0019,B005,VNM,2026-05-04,OA,90,USD,16260.0,16260.0,1476.01,23999923.0,2026-08-02,0.0,Y,0,,,2026-09-07,paid,22014373.0,,-1985550.0
INV-2605-0020,B057,VNM,2026-05-04,LC_USANCE,90,USD,10060.0,10060.0,1476.01,14848661.0,2026-08-02,0.0,N,0,,5,2026-08-07,paid,14183996.0,,-664665.0
INV-2605-0021,B066,ARE,2026-05-04,DA,60,USD,26990.0,26990.0,1476.01,39837510.0,2026-07-03,0.0,Y,1,DOCS,,2026-07-10,paid,41291230.0,,1453720.0
INV-2605-0022,B075,DEU,2026-05-04,OA,60,EUR,5890.0,6890.14,1726.64,10169910.0,2026-07-03,0.0,Y,1,QUALITY,,,open,,9219770.0,-950140.0
INV-2605-0023,B089,NGA,2026-05-04,LC_SIGHT,0,USD,5480.0,5480.0,1476.01,8088535.0,2026-05-14,0.0,N,0,,0,2026-05-14,paid,8174790.0,,86255.0
INV-2605-0024,B096,USA,2026-05-04,TT_ADV,0,USD,10740.0,10740.0,1476.01,15852347.0,2026-05-04,1.0,N,0,,,2026-04-17,paid,15698228.0,,-154119.0
INV-2605-0025,B014,USA,2026-05-05,LC_USANCE,90,USD,3870.0,3870.0,1478.41,5721447.0,2026-08-03,0.0,N,0,,0,2026-08-03,paid,5535996.0,,-185451.0
INV-2605-0026,B045,ARE,2026-05-05,TT_ADV,0,USD,21860.0,21860.0,1478.41,32318043.0,2026-05-05,1.0,N,0,,,2026-04-11,paid,32438054.0,,120011.0
INV-2605-0027,B064,USA,2026-05-05,TT_SPLIT_30_70,30,USD,38420.0,38420.0,1478.41,56800512.0,2026-06-04,0.3,Y,0,,,2026-05-17,paid,57355566.0,,555054.0
INV-2605-0028,B087,TWN,2026-05-05,TT_SPLIT_30_70,30,USD,11250.0,11250.0,1478.41,16632112.0,2026-06-04,0.3,Y,0,,,2026-05-31,paid,16862108.0,,229996.0
INV-2605-0029,B107,DEU,2026-05-05,OA,60,EUR,15880.0,18590.67,1730.77,27484628.0,2026-07-04,0.0,Y,0,,,2026-07-02,paid,27960869.0,,476241.0
INV-2605-0030,B116,GBR,2026-05-05,OA,60,USD,7720.0,7720.0,1478.41,11413325.0,2026-07-04,0.0,Y,0,,,2026-07-01,paid,11970555.0,,557230.0
INV-2605-0031,B050,USA,2026-05-06,TT_SPLIT_30_70,30,USD,19390.0,19390.0,1447.01,28057524.0,2026-06-05,0.3,Y,0,,,2026-07-25,paid,28741738.0,,684214.0
INV-2605-0032,B079,JPN,2026-05-06,OA,60,JPY,995000.0,6360.25,9.2496,9203352.0,2026-07-05,0.0,Y,0,,,2026-07-05,paid,9511205.0,,307853.0
INV-2605-0033,B087,TWN,2026-05-06,TT_SPLIT_30_70,30,USD,3690.0,3690.0,1447.01,5339467.0,2026-06-05,0.3,Y,0,,,2026-06-02,paid,5566317.0,,226850.0
INV-2605-0034,B088,USA,2026-05-06,TT_ADV,0,USD,10580.0,10580.0,1447.01,15309366.0,2026-05-06,1.0,N,0,,,2026-04-23,paid,15649830.0,,340464.0
INV-2605-0035,B108,VNM,2026-05-06,OA,90,USD,5470.0,5470.0,1447.01,7915145.0,2026-08-04,0.0,Y,0,,,2026-08-02,paid,7859351.0,,-55794.0
INV-2605-0036,B025,DEU,2026-05-07,OA,60,EUR,8940.0,10517.02,1710.31,15290171.0,2026-07-06,0.0,Y,0,,,2026-07-06,paid,15638742.0,,348571.0
INV-2605-0037,B062,USA,2026-05-07,TT_ADV,0,USD,6100.0,6100.0,1453.85,8868485.0,2026-05-07,1.0,N,0,,,2026-04-13,paid,9070334.0,,201849.0
INV-2605-0038,B064,USA,2026-05-07,TT_SPLIT_30_70,30,USD,15910.0,15910.0,1453.85,23130754.0,2026-06-06,0.3,Y,0,,,2026-06-06,paid,24378925.0,,1248171.0
INV-2605-0039,B066,ARE,2026-05-07,DA,60,USD,25990.0,25990.0,1453.85,37785562.0,2026-07-06,0.0,Y,0,,,2026-07-10,paid,39012549.0,,1226987.0
INV-2605-0040,B079,JPN,2026-05-07,OA,60,JPY,2620000.0,16743.42,9.291,24342420.0,2026-07-06,0.0,Y,0,,,2026-07-06,paid,24717604.0,,375184.0
INV-2605-0041,B111,TWN,2026-05-07,DA,90,USD,23270.0,23270.0,1453.85,33831090.0,2026-08-05,0.0,N,0,,,2026-08-05,paid,33136480.0,,-694610.0
INV-2605-0042,B120,JPN,2026-05-07,TT_ADV,0,JPY,407000.0,2600.98,9.291,3781437.0,2026-05-07,1.0,N,0,,,2026-04-09,paid,3773378.0,,-8059.0
INV-2605-0043,B028,JPN,2026-05-08,OA,90,JPY,1689000.0,10782.68,9.3275,15754148.0,2026-08-06,0.0,Y,0,,,2026-07-28,paid,14998827.0,,-755321.0
INV-2605-0044,B033,VNM,2026-05-08,LC_SIGHT,0,USD,24480.0,24480.0,1461.06,35766749.0,2026-05-16,0.0,N,0,,0,2026-05-16,paid,36710453.0,,943704.0
INV-2605-0045,B047,MEX,2026-05-08,OA,90,USD,6860.0,6860.0,1461.06,10022872.0,2026-08-06,0.0,Y,0,,,2026-08-13,paid,9727480.0,,-295392.0
INV-2605-0046,B049,ARE,2026-05-08,OA,60,USD,2820.0,2820.0,1461.06,4120189.0,2026-07-07,0.0,N,0,,,2026-08-01,paid,4051804.0,,-68385.0
INV-2605-0047,B066,ARE,2026-05-08,DA,60,USD,15100.0,15100.0,1461.06,22062006.0,2026-07-07,0.0,Y,0,,,2026-07-12,paid,22666006.0,,604000.0
INV-2605-0048,B037,SAU,2026-05-09,DA,90,USD,2980.0,2980.0,1461.06,4353959.0,2026-08-07,0.0,Y,0,,,2026-08-01,paid,4281694.0,,-72265.0
INV-2605-0049,B050,USA,2026-05-09,OA,60,USD,10690.0,10690.0,1461.06,15618731.0,2026-07-08,0.0,Y,0,,,2026-08-01,paid,15389436.0,,-229295.0
INV-2605-0050,B088,USA,2026-05-09,TT_ADV,0,USD,4660.0,4660.0,1461.06,6808540.0,2026-05-09,1.0,N,0,,,2026-04-09,paid,6863807.0,,55267.0
INV-2605-0051,B095,EGY,2026-05-09,OA,30,USD,5690.0,5690.0,1461.06,8313431.0,2026-06-08,0.0,Y,1,DOCS,,2026-06-27,paid,8736215.0,,422784.0
INV-2605-0052,B031,MEX,2026-05-10,OA,60,USD,12220.0,12220.0,1461.06,17854153.0,2026-07-09,0.0,Y,0,,,2026-07-05,paid,18794971.0,,940818.0
INV-2605-0053,B066,ARE,2026-05-10,DA,60,USD,51670.0,51670.0,1461.06,75492970.0,2026-07-09,0.0,Y,1,PRICE,,2026-07-14,paid,77396690.0,,1903720.0
INV-2605-0054,B140,USA,2026-05-10,OA,60,USD,27630.0,27630.0,1461.06,40369088.0,2026-07-09,0.0,Y,0,,,2026-07-09,paid,42209653.0,,1840565.0
INV-2605-0055,B145,GBR,2026-05-10,TT_SPLIT_30_70,30,USD,3190.0,3190.0,1461.06,4660781.0,2026-06-09,0.3,N,0,,,2026-06-17,paid,4790356.0,,129575.0
INV-2605-0056,B014,USA,2026-05-11,TT_ADV,0,USD,46740.0,46740.0,1469.91,68703593.0,2026-05-11,1.0,N,0,,,2026-05-06,paid,67633247.0,,-1070346.0
INV-2605-0057,B061,IND,2026-05-11,DA,60,USD,10690.0,10690.0,1469.91,15713338.0,2026-07-10,0.0,N,1,DOCS,,2026-07-10,paid,16046331.0,,332993.0
INV-2605-0058,B111,TWN,2026-05-11,DA,90,USD,15240.0,15240.0,1469.91,22401428.0,2026-08-09,0.0,N,0,,,2026-08-05,paid,21701760.0,,-699668.0
INV-2605-0059,B124,CHN,2026-05-11,OA,60,CNY,38500.0,5666.13,216.33,8328705.0,2026-07-10,0.0,N,0,,,2026-07-10,paid,8528135.0,,199430.0
INV-2605-0060,B128,GBR,2026-05-11,TT_SPLIT_30_70,30,USD,41220.0,41220.0,1469.91,60589690.0,2026-06-10,0.3,N,0,,,2026-06-10,paid,62104031.0,,1514341.0
INV-2605-0061,B022,IDN,2026-05-12,OA,90,USD,4330.0,4330.0,1490.32,6453086.0,2026-08-10,0.0,Y,1,QUANTITY,,2026-09-16,paid,5829755.0,,-623331.0
INV-2605-0062,B031,MEX,2026-05-12,OA,60,USD,1690.0,1690.0,1490.32,2518641.0,2026-07-11,0.0,Y,0,,,2026-08-17,paid,2387632.0,,-131009.0
INV-2605-0063,B048,CHN,2026-05-12,OA,30,USD,4080.0,4080.0,1490.32,6080506.0,2026-06-11,0.0,Y,1,DOCS,,2026-06-20,paid,6285811.0,,205305.0
INV-2605-0064,B087,TWN,2026-05-12,TT_SPLIT_30_70,30,USD,4000.0,4000.0,1490.32,5961280.0,2026-06-11,0.3,Y,0,,,2026-06-05,paid,6117612.0,,156332.0
INV-2605-0065,B091,NLD,2026-05-12,DA,90,EUR,2110.0,2475.66,1748.59,3689525.0,2026-08-10,0.0,Y,1,QUALITY,,2026-08-14,paid,3455948.0,,-233577.0
INV-2605-0066,B082,JPN,2026-05-13,OA,60,JPY,3364000.0,21312.64,9.4406,31758178.0,2026-07-12,0.0,Y,1,PRICE,,2026-07-31,paid,30368510.0,,-1389668.0
INV-2605-0067,B102,GBR,2026-05-13,OA,60,USD,5070.0,5070.0,1490.11,7554858.0,2026-07-12,0.0,Y,0,,,2026-07-08,paid,7661632.0,,106774.0
INV-2605-0068,B126,GBR,2026-05-13,OA,90,USD,7120.0,7120.0,1490.11,10609583.0,2026-08-11,0.0,N,0,,,2026-08-11,paid,10060062.0,,-549521.0
INV-2605-0069,B140,USA,2026-05-13,OA,60,USD,23520.0,23520.0,1490.11,35047387.0,2026-07-12,0.0,Y,0,,,2026-07-09,paid,35486035.0,,438648.0
INV-2605-0070,B039,SAU,2026-05-14,TT_SPLIT_30_70,30,USD,53460.0,53460.0,1491.75,79748955.0,2026-06-13,0.3,N,0,,,2026-06-13,paid,80271633.0,,522678.0
INV-2605-0071,B063,CHN,2026-05-14,TT_ADV,0,CNY,114200.0,16831.25,219.86,25108012.0,2026-05-14,1.0,N,0,,,2026-05-03,paid,24708312.0,,-399700.0
INV-2605-0072,B035,TWN,2026-05-15,TT_ADV,0,USD,22210.0,22210.0,1499.61,33306338.0,2026-05-15,1.0,N,0,,,2026-05-11,paid,32646701.0,,-659637.0
INV-2605-0073,B047,MEX,2026-05-15,OA,90,USD,22140.0,22140.0,1499.61,33201365.0,2026-08-13,0.0,Y,0,,,,open,,30177018.0,-3024347.0
INV-2605-0074,B064,USA,2026-05-15,TT_SPLIT_30_70,30,USD,21920.0,21920.0,1499.61,32871451.0,2026-06-14,0.3,Y,0,,,2026-06-14,paid,33014808.0,,143357.0
INV-2605-0075,B102,GBR,2026-05-15,OA,60,USD,6090.0,6090.0,1499.61,9132625.0,2026-07-14,0.0,Y,0,,,2026-07-13,paid,9090117.0,,-42508.0
INV-2605-0076,B128,GBR,2026-05-15,OA,90,USD,8600.0,8600.0,1499.61,12896646.0,2026-08-13,0.0,N,1,PRICE,,2026-08-13,paid,12194800.0,,-701846.0
INV-2605-0077,B018,NLD,2026-05-16,OA,30,EUR,3990.0,4639.18,1743.6,6956964.0,2026-06-15,0.0,Y,0,,,2026-06-15,paid,7010829.0,,53865.0
INV-2605-0078,B030,TUR,2026-05-16,OA,60,USD,2650.0,2650.0,1499.61,3973966.0,2026-07-15,0.0,N,0,,,2026-07-15,paid,3944234.0,,-29732.0
INV-2605-0079,B097,SAU,2026-05-16,OA,30,USD,96520.0,96520.0,1499.61,144742357.0,2026-06-15,0.0,Y,0,,,2026-06-14,paid,146601332.0,,1858975.0
INV-2605-0080,B140,USA,2026-05-16,TT_ADV,0,USD,6360.0,6360.0,1499.61,9537520.0,2026-05-16,1.0,N,0,,,2026-04-19,paid,9296158.0,,-241362.0
INV-2605-0081,B143,MYS,2026-05-16,OA,30,USD,10890.0,10890.0,1499.61,16330753.0,2026-06-15,0.0,Y,0,,,2026-06-28,paid,16699162.0,,368409.0
INV-2605-0082,B024,USA,2026-05-17,OA,30,USD,11020.0,11020.0,1499.61,16525702.0,2026-06-16,0.0,Y,0,,,2026-06-14,paid,16737947.0,,212245.0
INV-2605-0083,B050,USA,2026-05-17,OA,60,USD,3600.0,3600.0,1499.61,5398596.0,2026-07-16,0.0,Y,0,,,2026-08-01,paid,5172516.0,,-226080.0
INV-2605-0084,B066,ARE,2026-05-17,DA,60,USD,15290.0,15290.0,1499.61,22929037.0,2026-07-16,0.0,Y,0,,,2026-07-16,paid,22601678.0,,-327359.0
INV-2605-0085,B098,IND,2026-05-17,TT_ADV,0,USD,33280.0,33280.0,1499.61,49907021.0,2026-05-17,1.0,N,0,,,2026-04-28,paid,49000474.0,,-906547.0
INV-2605-0086,B098,IND,2026-05-17,OA,30,USD,7080.0,7080.0,1499.61,10617239.0,2026-06-16,0.0,Y,0,,,2026-07-12,paid,10627505.0,,10266.0
INV-2605-0087,B116,GBR,2026-05-17,OA,60,USD,8940.0,8940.0,1499.61,13406513.0,2026-07-16,0.0,Y,1,DOCS,,2026-07-12,paid,13419476.0,,12963.0
INV-2605-0088,B116,GBR,2026-05-17,TT_ADV,0,USD,8330.0,8330.0,1499.61,12491751.0,2026-05-17,1.0,N,0,,,2026-05-11,paid,12244350.0,,-247401.0
INV-2605-0089,B021,CHN,2026-05-18,OA,60,CNY,51800.0,7617.49,219.8,11385640.0,2026-07-17,0.0,N,0,,,2026-07-04,paid,11735808.0,,350168.0
INV-2605-0090,B028,JPN,2026-05-18,OA,90,JPY,5146000.0,32399.41,9.4105,48426433.0,2026-08-16,0.0,Y,0,,,2026-08-16,paid,45712947.0,,-2713486.0
INV-2605-0091,B033,VNM,2026-05-18,LC_SIGHT,0,USD,19530.0,19530.0,1494.67,29190905.0,2026-05-24,0.0,N,0,,0,2026-05-24,paid,29633455.0,,442550.0
INV-2605-0092,B041,TUR,2026-05-18,OA,30,USD,10180.0,10180.0,1494.67,15215741.0,2026-06-17,0.0,Y,0,,,2026-06-17,paid,15414963.0,,199222.0
INV-2605-0093,B057,VNM,2026-05-18,LC_USANCE,90,USD,6960.0,6960.0,1494.67,10402903.0,2026-08-16,0.0,N,0,,0,2026-08-16,paid,9843458.0,,-559445.0
INV-2605-0094,B087,TWN,2026-05-18,TT_SPLIT_30_70,30,USD,18610.0,18610.0,1494.67,27815809.0,2026-06-17,0.3,Y,0,,,2026-06-17,paid,27886452.0,,70643.0
INV-2605-0095,B108,VNM,2026-05-18,OA,90,USD,12410.0,12410.0,1494.67,18548855.0,2026-08-16,0.0,Y,1,QUANTITY,,2026-08-16,paid,17551339.0,,-997516.0
INV-2605-0096,B120,JPN,2026-05-18,OA,60,JPY,588000.0,3702.07,9.4105,5533374.0,2026-07-17,0.0,N,1,QUANTITY,,2026-07-10,paid,5471575.0,,-61799.0
INV-2605-0097,B009,CHN,2026-05-19,DA,90,CNY,228100.0,33472.03,221.36,50492216.0,2026-08-17,0.0,Y,0,,,2026-08-15,paid,47855380.0,,-2636836.0
INV-2605-0098,B031,MEX,2026-05-19,OA,60,USD,19200.0,19200.0,1508.49,28963008.0,2026-07-18,0.0,Y,0,,,2026-09-02,paid,26605005.0,,-2358003.0
INV-2605-0099,B032,EGY,2026-05-19,OA,30,USD,44770.0,44770.0,1508.49,67535097.0,2026-06-18,0.0,Y,0,,,2026-06-15,paid,67820730.0,,285633.0
INV-2605-0100,B036,VNM,2026-05-19,TT_ADV,0,USD,5910.0,5910.0,1508.49,8915176.0,2026-05-19,1.0,N,0,,,2026-05-04,paid,8723219.0,,-191957.0
INV-2605-0101,B036,VNM,2026-05-19,TT_ADV,0,USD,52290.0,52290.0,1508.49,78878942.0,2026-05-19,1.0,N,0,,,2026-04-26,paid,77204616.0,,-1674326.0
INV-2605-0102,B054,NLD,2026-05-19,OA,30,EUR,12170.0,14119.63,1750.15,21299326.0,2026-06-18,0.0,Y,1,DOCS,,2026-06-28,paid,21280219.0,,-19107.0
INV-2605-0103,B067,BRA,2026-05-19,DP,0,USD,4970.0,4970.0,1508.49,7497195.0,2026-05-31,0.0,N,0,,,2026-05-31,paid,7474681.0,,-22514.0
INV-2605-0104,B074,MYS,2026-05-19,OA,30,USD,9750.0,9750.0,1508.49,14707778.0,2026-06-18,0.0,N,0,,,2026-06-30,paid,14947332.0,,239554.0
INV-2605-0105,B129,CHN,2026-05-19,OA,30,USD,67800.0,67800.0,1508.49,102275622.0,2026-06-18,0.0,Y,1,QUANTITY,,2026-06-21,paid,104455392.0,,2179770.0
INV-2605-0106,B134,MEX,2026-05-19,OA,60,USD,31770.0,31770.0,1508.49,47924727.0,2026-07-18,0.0,Y,0,,,,open,,43112694.0,-4812033.0
INV-2605-0107,B137,ARE,2026-05-19,TT_ADV,0,USD,21400.0,21400.0,1508.49,32281686.0,2026-05-19,1.0,N,0,,,2026-05-03,paid,31612508.0,,-669178.0
INV-2605-0108,B146,BRA,2026-05-19,OA,60,USD,12070.0,12070.0,1508.49,18207474.0,2026-07-18,0.0,N,0,,,2026-07-16,paid,17841874.0,,-365600.0
INV-2605-0109,B028,JPN,2026-05-20,OA,90,JPY,2062000.0,12981.59,9.4357,19456413.0,2026-08-18,0.0,Y,0,,,2026-08-18,paid,18284683.0,,-1171730.0
INV-2605-0110,B053,DEU,2026-05-20,OA,60,EUR,24920.0,28957.03,1741.57,43399924.0,2026-07-19,0.0,N,1,QUANTITY,,2026-08-26,paid,40246548.0,,-3153376.0
INV-2605-0111,B086,DEU,2026-05-20,OA,90,EUR,7110.0,8261.82,1741.57,12382563.0,2026-08-18,0.0,N,0,,,2026-08-18,paid,11622219.0,,-760344.0
INV-2605-0112,B086,DEU,2026-05-20,TT_ADV,0,EUR,21070.0,24483.33,1741.57,36694880.0,2026-05-20,1.0,N,0,,,2026-05-09,paid,36242718.0,,-452162.0
INV-2605-0113,B114,JPN,2026-05-20,OA,90,JPY,2518000.0,15852.39,9.4357,23759093.0,2026-08-18,0.0,N,0,,,2026-08-07,paid,22290745.0,,-1468348.0
INV-2605-0114,B025,DEU,2026-05-21,OA,60,EUR,7650.0,8865.61,1748.17,13373500.0,2026-07-20,0.0,Y,1,PRICE,,2026-07-20,paid,12904785.0,,-468715.0
INV-2605-0115,B060,IDN,2026-05-21,TT_ADV,0,USD,1130.0,1130.0,1508.47,1704571.0,2026-05-21,1.0,N,0,,,2026-04-23,paid,1671485.0,,-33086.0
INV-2605-0116,B116,GBR,2026-05-21,OA,60,USD,4930.0,4930.0,1508.47,7436757.0,2026-07-20,0.0,Y,1,QUANTITY,,2026-07-20,paid,7288068.0,,-148689.0
INV-2605-0117,B087,TWN,2026-05-22,TT_ADV,0,USD,33630.0,33630.0,1517.33,51027808.0,2026-05-22,1.0,N,0,,,2026-05-04,paid,49638216.0,,-1389592.0
INV-2605-0118,B111,TWN,2026-05-22,TT_SPLIT_30_70,30,USD,31260.0,31260.0,1517.33,47431736.0,2026-06-21,0.3,N,0,,,2026-06-19,paid,46661472.0,,-770264.0
INV-2605-0119,B118,USA,2026-05-22,DA,90,USD,5280.0,5280.0,1517.33,8011502.0,2026-08-20,0.0,Y,1,PRICE,,2026-09-21,paid,7258997.0,,-752505.0
INV-2605-0120,B127,VNM,2026-05-22,DP,0,USD,17220.0,17220.0,1517.33,26128423.0,2026-06-01,0.0,N,0,,,2026-06-02,paid,26129628.0,,1205.0
INV-2605-0121,B001,NLD,2026-05-23,TT_ADV,0,EUR,10470.0,12148.35,1760.56,18433063.0,2026-05-23,1.0,N,0,,,2026-05-03,paid,18180841.0,,-252222.0
INV-2605-0122,B009,CHN,2026-05-23,DA,90,CNY,55400.0,8153.75,223.32,12371928.0,2026-08-21,0.0,Y,0,,,2026-08-21,paid,11416278.0,,-955650.0
INV-2605-0123,B028,JPN,2026-05-23,OA,90,JPY,1196000.0,7512.59,9.531,11399076.0,2026-08-21,0.0,Y,1,QUANTITY,,2026-08-18,paid,10579457.0,,-819619.0
INV-2605-0124,B070,POL,2026-05-23,OA,60,EUR,24280.0,28172.12,1760.56,42746397.0,2026-07-22,0.0,Y,0,,,2026-07-22,paid,40922240.0,,-1824157.0
INV-2605-0125,B077,VNM,2026-05-23,DP,0,USD,4520.0,4520.0,1517.33,6858332.0,2026-06-03,0.0,N,0,,,2026-06-03,paid,6861496.0,,3164.0
INV-2605-0126,B101,IND,2026-05-23,DA,60,USD,3600.0,3600.0,1517.33,5462388.0,2026-07-22,0.0,Y,0,,,2026-07-23,paid,5309568.0,,-152820.0
INV-2605-0127,B116,GBR,2026-05-23,OA,60,USD,11310.0,11310.0,1517.33,17161002.0,2026-07-22,0.0,Y,0,,,2026-07-22,paid,16700685.0,,-460317.0
INV-2605-0128,B140,USA,2026-05-23,OA,60,USD,4930.0,4930.0,1517.33,7480437.0,2026-07-22,0.0,Y,0,,,2026-07-15,paid,7337763.0,,-142674.0
INV-2605-0129,B030,TUR,2026-05-24,OA,60,USD,11810.0,11810.0,1517.33,17919667.0,2026-07-23,0.0,N,1,QUANTITY,,2026-07-28,paid,17163001.0,,-756666.0
INV-2605-0130,B087,TWN,2026-05-24,TT_SPLIT_30_70,30,USD,9740.0,9740.0,1517.33,14778794.0,2026-06-23,0.3,Y,0,,,2026-06-21,paid,14752233.0,,-26561.0
INV-2605-0131,B115,CHN,2026-05-24,DA,60,CNY,12700.0,1869.18,223.32,2836164.0,2026-07-23,0.0,Y,0,,,2026-07-22,paid,2768981.0,,-67183.0
INV-2605-0132,B128,GBR,2026-05-24,OA,90,USD,45650.0,45650.0,1517.33,69266114.0,2026-08-22,0.0,N,0,,,2026-08-22,paid,63225706.0,,-6040408.0
INV-2605-0133,B067,BRA,2026-05-25,DP,0,USD,11380.0,11380.0,1517.33,17267215.0,2026-06-05,0.0,N,0,,,2026-06-13,paid,17284741.0,,17526.0
INV-2605-0134,B081,JPN,2026-05-25,LC_USANCE,60,JPY,485000.0,3046.49,9.531,4622535.0,2026-07-24,0.0,N,0,,0,2026-07-24,paid,4327606.0,,-294928.0
INV-2605-0135,B134,MEX,2026-05-25,OA,60,USD,6420.0,6420.0,1517.33,9741259.0,2026-07-24,0.0,Y,1,QUALITY,,,open,,8708794.0,-1032465.0
INV-2605-0136,B136,DEU,2026-05-25,DA,90,EUR,4970.0,5766.7,1760.56,8749983.0,2026-08-23,0.0,Y,0,,,2026-08-23,paid,8042702.0,,-707280.0
INV-2605-0137,B042,BRA,2026-05-26,TT_ADV,0,USD,8990.0,8990.0,1506.75,13545682.0,2026-05-26,1.0,N,0,,,2026-05-02,paid,13280208.0,,-265474.0
INV-2605-0138,B058,MYS,2026-05-26,OA,30,USD,5430.0,5430.0,1506.75,8181652.0,2026-06-25,0.0,N,0,,,2026-06-18,paid,8365675.0,,184023.0
INV-2605-0139,B010,POL,2026-05-27,TT_ADV,0,EUR,11640.0,13538.49,1742.65,20284446.0,2026-05-27,1.0,N,0,,,2026-05-15,paid,20295504.0,,11058.0
INV-2605-0140,B014,USA,2026-05-27,LC_USANCE,90,USD,5970.0,5970.0,1498.28,8944732.0,2026-08-25,0.0,N,0,,0,2026-08-25,paid,8260271.0,,-684461.0
INV-2605-0141,B029,CHN,2026-05-27,TT_ADV,0,USD,79620.0,79620.0,1498.28,119293054.0,2026-05-27,1.0,N,0,,,2026-05-17,paid,119398948.0,,105894.0
INV-2605-0142,B036,VNM,2026-05-27,TT_ADV,0,USD,56790.0,56790.0,1498.28,85087321.0,2026-05-27,1.0,N,0,,,2026-05-06,paid,82175698.0,,-2911623.0
INV-2605-0143,B050,USA,2026-05-27,OA,60,USD,6700.0,6700.0,1498.28,10038476.0,2026-07-26,0.0,Y,0,,,2026-08-01,paid,9626627.0,,-411849.0
INV-2605-0144,B073,BRA,2026-05-27,OA,30,USD,6160.0,6160.0,1498.28,9229405.0,2026-06-26,0.0,N,0,,,2026-06-25,paid,9495270.0,,265865.0
INV-2605-0145,B086,DEU,2026-05-27,OA,90,EUR,18210.0,21180.06,1742.65,31733656.0,2026-08-25,0.0,N,0,,,2026-08-25,paid,29398812.0,,-2334844.0
INV-2605-0146,B094,VNM,2026-05-27,OA,90,USD,6230.0,6230.0,1498.28,9334284.0,2026-08-25,0.0,Y,1,QUANTITY,,2026-08-09,paid,8783926.0,,-550358.0
INV-2605-0147,B101,IND,2026-05-27,OA,60,USD,85710.0,85710.0,1498.28,128417579.0,2026-07-26,0.0,Y,0,,,2026-08-28,paid,119881817.0,,-8535762.0
INV-2605-0148,B139,DEU,2026-05-27,DA,90,EUR,14210.0,16527.66,1742.65,24763056.0,2026-08-25,0.0,Y,0,,,2026-08-19,paid,23011958.0,,-1751098.0
INV-2605-0149,B001,NLD,2026-05-28,OA,90,EUR,1820.0,2120.12,1742.62,3171568.0,2026-08-26,0.0,N,0,,,2026-08-21,paid,2945215.0,,-226353.0
INV-2605-0150,B081,JPN,2026-05-28,LC_USANCE,60,JPY,2696000.0,16925.11,9.3913,25318945.0,2026-07-27,0.0,N,0,,0,2026-07-27,paid,24167753.0,,-1151192.0
INV-2605-0151,B086,DEU,2026-05-28,OA,90,EUR,7390.0,8608.61,1742.62,12877962.0,2026-08-26,0.0,N,0,,,2026-08-25,paid,11935663.0,,-942299.0
INV-2605-0152,B149,CHN,2026-05-28,OA,90,USD,39970.0,39970.0,1495.94,59792722.0,2026-08-26,0.0,Y,0,,,2026-08-23,paid,55358850.0,,-4433872.0
INV-2605-0153,B023,IDN,2026-05-29,DA,90,USD,4090.0,4090.0,1503.96,6151196.0,2026-08-27,0.0,Y,0,,,2026-09-13,paid,5481827.0,,-669369.0
INV-2605-0154,B029,CHN,2026-05-29,OA,60,USD,13590.0,13590.0,1503.96,20438816.0,2026-07-28,0.0,Y,0,,,2026-07-31,paid,19526248.0,,-912568.0
INV-2605-0155,B029,CHN,2026-05-29,OA,60,USD,33340.0,33340.0,1503.96,50142026.0,2026-07-28,0.0,Y,0,,,2026-09-20,paid,46080762.0,,-4061264.0
INV-2605-0156,B035,TWN,2026-05-29,OA,60,USD,3350.0,3350.0,1503.96,5038266.0,2026-07-28,0.0,N,0,,,2026-07-20,paid,4952338.0,,-85928.0
INV-2605-0157,B057,VNM,2026-05-29,LC_USANCE,90,USD,2400.0,2400.0,1503.96,3609504.0,2026-08-27,0.0,N,0,,7,2026-09-03,paid,3256536.0,,-352968.0
INV-2605-0158,B095,EGY,2026-05-29,OA,30,USD,6160.0,6160.0,1503.96,9264394.0,2026-06-28,0.0,Y,0,,,2026-08-04,paid,8793277.0,,-471117.0
INV-2605-0159,B116,GBR,2026-05-29,OA,60,USD,7760.0,7760.0,1503.96,11670730.0,2026-07-28,0.0,Y,0,,,2026-07-28,paid,11277298.0,,-393432.0
INV-2605-0160,B131,NGA,2026-05-29,LC_SIGHT,0,USD,9310.0,9310.0,1503.96,14001868.0,2026-06-05,0.0,N,0,,0,2026-06-05,paid,14485988.0,,484120.0
INV-2605-0161,B135,TUR,2026-05-29,OA,30,USD,42270.0,42270.0,1503.96,63572389.0,2026-06-28,0.0,Y,0,,,2026-07-01,paid,65543439.0,,1971050.0
INV-2605-0162,B141,DEU,2026-05-29,DA,60,EUR,69930.0,81671.02,1756.47,122829947.0,2026-07-28,0.0,N,1,QUALITY,,2026-07-24,paid,116299184.0,,-6530763.0
INV-2605-0163,B064,USA,2026-05-30,TT_ADV,0,USD,10830.0,10830.0,1503.96,16287887.0,2026-05-30,1.0,N,0,,,2026-05-01,paid,15998293.0,,-289594.0
INV-2605-0164,B065,IND,2026-05-30,LC_SIGHT,0,USD,32820.0,32820.0,1503.96,49359967.0,2026-06-05,0.0,N,0,,0,2026-06-05,paid,51066607.0,,1706640.0
INV-2605-0165,B108,VNM,2026-05-30,OA,90,USD,8960.0,8960.0,1503.96,13475482.0,2026-08-28,0.0,Y,1,QUALITY,,2026-08-28,paid,12359514.0,,-1115968.0
INV-2605-0166,B127,VNM,2026-05-30,DP,0,USD,35000.0,35000.0,1503.96,52638600.0,2026-06-14,0.0,N,0,,,2026-06-14,paid,53160450.0,,521850.0
INV-2605-0167,B140,USA,2026-05-30,TT_ADV,0,USD,26840.0,26840.0,1503.96,40366286.0,2026-05-30,1.0,N,0,,,2026-05-01,paid,39648585.0,,-717701.0
INV-2605-0168,B003,IDN,2026-05-31,DA,90,USD,12160.0,12160.0,1503.96,18288154.0,2026-08-29,0.0,N,0,,,2026-08-19,paid,16882822.0,,-1405332.0
INV-2605-0169,B005,VNM,2026-05-31,OA,90,USD,9740.0,9740.0,1503.96,14648570.0,2026-08-29,0.0,Y,0,,,2026-09-07,paid,13115007.0,,-1533563.0
INV-2605-0170,B054,NLD,2026-05-31,OA,30,EUR,49550.0,57869.28,1756.47,87033088.0,2026-06-30,0.0,Y,0,,,2026-06-28,paid,86642139.0,,-390949.0
INV-2605-0171,B059,IDN,2026-05-31,OA,30,USD,9040.0,9040.0,1503.96,13595798.0,2026-06-30,0.0,Y,1,PRICE,,2026-07-01,paid,13965650.0,,369852.0
INV-2605-0172,B086,DEU,2026-05-31,TT_SPLIT_30_70,30,EUR,8530.0,9962.16,1756.47,14982689.0,2026-06-30,0.3,N,0,,,2026-06-22,paid,15001138.0,,18449.0
INV-2605-0173,B088,USA,2026-05-31,TT_ADV,0,USD,12060.0,12060.0,1503.96,18137758.0,2026-05-31,1.0,N,0,,,2026-05-11,paid,17727115.0,,-410643.0
INV-2605-0174,B148,ARE,2026-05-31,OA,60,USD,13510.0,13510.0,1503.96,20318500.0,2026-07-30,0.0,N,1,PRICE,,2026-08-04,paid,19285255.0,,-1033245.0
INV-2606-0001,B025,DEU,2026-06-02,OA,60,EUR,3240.0,3772.01,1766.56,5723654.0,2026-08-01,0.0,Y,0,,,2026-07-31,paid,5362394.0,,-361260.0
INV-2606-0002,B039,SAU,2026-06-02,TT_SPLIT_30_70,30,USD,9970.0,9970.0,1517.4,15128478.0,2026-07-02,0.3,N,0,,,2026-07-18,paid,14944621.0,,-183857.0
INV-2606-0003,B048,CHN,2026-06-02,OA,30,USD,8720.0,8720.0,1517.4,13231728.0,2026-07-02,0.0,Y,1,QUANTITY,,,default,,11828767.0,-1402961.0
INV-2606-0004,B119,IND,2026-06-02,DA,90,USD,12000.0,12000.0,1517.4,18208800.0,2026-08-31,0.0,Y,0,,,2026-08-31,paid,16419000.0,,-1789800.0
INV-2606-0005,B128,GBR,2026-06-02,OA,90,USD,3650.0,3650.0,1517.4,5538510.0,2026-08-31,0.0,N,0,,,2026-08-31,paid,4994112.0,,-544398.0
INV-2606-0006,B145,GBR,2026-06-02,TT_SPLIT_30_70,30,USD,11630.0,11630.0,1517.4,17647362.0,2026-07-02,0.3,N,0,,,2026-06-30,paid,17871670.0,,224308.0
INV-2606-0007,B059,IDN,2026-06-03,TT_ADV,0,USD,9290.0,9290.0,1518.03,14102499.0,2026-06-03,1.0,N,0,,,2026-05-20,paid,13923573.0,,-178926.0
INV-2606-0008,B068,THA,2026-06-03,OA,60,USD,4600.0,4600.0,1518.03,6982938.0,2026-08-02,0.0,N,1,QUALITY,,2026-08-02,paid,6609326.0,,-373612.0
INV-2606-0009,B096,USA,2026-06-03,OA,90,USD,2550.0,2550.0,1518.03,3870976.0,2026-09-01,0.0,Y,0,,,2026-08-13,paid,3615900.0,,-255076.0
INV-2606-0010,B107,DEU,2026-06-03,OA,60,EUR,6080.0,7055.82,1761.67,10710954.0,2026-08-02,0.0,Y,0,,,2026-08-02,paid,10062765.0,,-648189.0
INV-2606-0011,B111,TWN,2026-06-03,DA,90,USD,7030.0,7030.0,1518.03,10671751.0,2026-09-01,0.0,N,0,,,2026-08-29,paid,9697252.0,,-974499.0
INV-2606-0012,B121,IND,2026-06-03,DA,90,USD,8710.0,8710.0,1518.03,13222041.0,2026-09-01,0.0,Y,0,,,2026-08-29,paid,12014661.0,,-1207380.0
INV-2606-0013,B145,GBR,2026-06-03,TT_ADV,0,USD,11420.0,11420.0,1518.03,17335903.0,2026-06-03,1.0,N,0,,,2026-05-08,paid,16685305.0,,-650598.0
INV-2606-0014,B034,DEU,2026-06-04,OA,30,EUR,67480.0,78472.57,1781.46,120212921.0,2026-07-04,0.0,N,0,,,2026-07-04,paid,118816085.0,,-1396836.0
INV-2606-0015,B078,VNM,2026-06-04,TT_SPLIT_30_70,30,USD,2440.0,2440.0,1531.91,3737860.0,2026-07-04,0.3,N,0,,,2026-07-25,paid,3592693.0,,-145167.0
INV-2606-0016,B087,TWN,2026-06-04,TT_SPLIT_30_70,30,USD,3840.0,3840.0,1531.91,5882534.0,2026-07-04,0.3,Y,0,,,2026-06-27,paid,5788842.0,,-93692.0
INV-2606-0017,B096,USA,2026-06-04,TT_ADV,0,USD,23140.0,23140.0,1531.91,35448397.0,2026-06-04,1.0,N,0,,,2026-05-07,paid,33642089.0,,-1806308.0
INV-2606-0018,B101,IND,2026-06-04,DA,60,USD,26020.0,26020.0,1531.91,39860298.0,2026-08-03,0.0,Y,0,,,2026-09-01,paid,35825617.0,,-4034681.0
INV-2606-0019,B064,USA,2026-06-05,TT_SPLIT_30_70,30,USD,19980.0,19980.0,1555.96,31088081.0,2026-07-05,0.3,Y,0,,,2026-07-05,paid,30553056.0,,-535025.0
INV-2606-0020,B087,TWN,2026-06-05,TT_SPLIT_30_70,30,USD,6940.0,6940.0,1555.96,10798362.0,2026-07-05,0.3,Y,0,,,2026-06-29,paid,10613564.0,,-184798.0
INV-2606-0021,B104,MEX,2026-06-05,OA,60,USD,2740.0,2740.0,1555.96,4263330.0,2026-08-04,0.0,Y,0,,,2026-08-04,paid,3911295.0,,-352035.0
INV-2606-0022,B118,USA,2026-06-05,DA,90,USD,20060.0,20060.0,1555.96,31212558.0,2026-09-03,0.0,Y,1,DOCS,,,open,,27211591.0,-4000967.0
INV-2606-0023,B042,BRA,2026-06-06,TT_ADV,0,USD,8250.0,8250.0,1555.96,12836670.0,2026-06-06,1.0,N,0,,,2026-06-03,paid,12523748.0,,-312922.0
INV-2606-0024,B053,DEU,2026-06-06,TT_ADV,0,EUR,19350.0,22316.37,1794.49,34723382.0,2026-06-06,1.0,N,0,,,2026-05-08,paid,33284128.0,,-1439254.0
INV-2606-0025,B125,MEX,2026-06-06,DA,60,USD,1750.0,1750.0,1555.96,2722930.0,2026-08-05,0.0,Y,0,,,2026-08-05,paid,2492000.0,,-230930.0
INV-2606-0026,B113,JPN,2026-06-07,OA,90,JPY,2312000.0,14426.6,9.709,22447208.0,2026-09-05,0.0,Y,0,,,2026-09-02,paid,19784940.0,,-2662268.0
INV-2606-0027,B135,TUR,2026-06-07,OA,30,USD,17840.0,17840.0,1555.96,27758326.0,2026-07-07,0.0,Y,0,,,2026-07-13,paid,26628519.0,,-1129807.0
INV-2606-0028,B019,USA,2026-06-08,DA,90,USD,12250.0,12250.0,1528.23,18720818.0,2026-09-06,0.0,Y,0,,,2026-09-01,paid,16804060.0,,-1916758.0
INV-2606-0029,B132,IDN,2026-06-08,OA,60,USD,3250.0,3250.0,1528.23,4966748.0,2026-08-07,0.0,Y,1,QUALITY,,2026-07-25,paid,4747470.0,,-219278.0
INV-2606-0030,B139,DEU,2026-06-08,DA,90,EUR,6690.0,7723.6,1764.34,11803435.0,2026-09-06,0.0,Y,0,,,2026-09-04,paid,10465702.0,,-1337733.0
INV-2606-0031,B005,VNM,2026-06-09,OA,90,USD,18970.0,18970.0,1529.94,29022962.0,2026-09-07,0.0,Y,1,DOCS,,2026-09-17,paid,25756501.0,,-3266461.0
INV-2606-0032,B026,THA,2026-06-09,OA,60,USD,21380.0,21380.0,1529.94,32710117.0,2026-08-08,0.0,Y,0,,,2026-08-02,paid,30718998.0,,-1991119.0
INV-2606-0033,B087,TWN,2026-06-09,TT_SPLIT_30_70,30,USD,16360.0,16360.0,1529.94,25029818.0,2026-07-09,0.3,Y,0,,,2026-07-09,paid,25044960.0,,15142.0
INV-2606-0034,B087,TWN,2026-06-09,TT_SPLIT_30_70,30,USD,6340.0,6340.0,1529.94,9699820.0,2026-07-09,0.3,Y,0,,,2026-07-09,paid,9533185.0,,-166635.0
INV-2606-0035,B107,DEU,2026-06-09,OA,60,EUR,12930.0,14941.92,1768.0,22860240.0,2026-08-08,0.0,Y,0,,,2026-08-08,paid,21072668.0,,-1787572.0
INV-2606-0036,B124,CHN,2026-06-09,OA,60,CNY,62500.0,9228.71,225.91,14119375.0,2026-08-08,0.0,N,0,,,2026-08-05,paid,13188750.0,,-930625.0
INV-2606-0037,B140,USA,2026-06-09,OA,60,USD,8240.0,8240.0,1529.94,12606706.0,2026-08-08,0.0,Y,0,,,2026-07-24,paid,12036662.0,,-570044.0
INV-2606-0038,B028,JPN,2026-06-10,OA,90,JPY,1265000.0,7883.12,9.4676,11976514.0,2026-09-08,0.0,Y,0,,,2026-09-06,paid,10911131.0,,-1065383.0
INV-2606-0039,B057,VNM,2026-06-10,LC_USANCE,90,USD,4960.0,4960.0,1519.26,7535530.0,2026-09-08,0.0,N,0,,0,2026-09-08,paid,6652451.0,,-883079.0
INV-2606-0040,B066,ARE,2026-06-10,DA,60,USD,18770.0,18770.0,1519.26,28516510.0,2026-08-09,0.0,Y,0,,,2026-08-09,paid,26464574.0,,-2051936.0
INV-2606-0041,B073,BRA,2026-06-10,OA,30,USD,15990.0,15990.0,1519.26,24292967.0,2026-07-10,0.0,N,0,,,2026-07-01,paid,24703990.0,,411023.0
INV-2606-0042,B082,JPN,2026-06-10,TT_ADV,0,JPY,3493000.0,21767.39,9.4676,33070327.0,2026-06-10,1.0,N,0,,,2026-05-19,paid,33116434.0,,46107.0
INV-2606-0043,B085,ARE,2026-06-10,OA,90,USD,45000.0,45000.0,1519.26,68366700.0,2026-09-08,0.1,Y,0,,,,open,,61680915.0,-6685785.0
INV-2606-0044,B140,USA,2026-06-10,OA,60,USD,13570.0,13570.0,1519.26,20616358.0,2026-08-09,0.0,Y,0,,,2026-07-26,paid,19822513.0,,-793845.0
INV-2606-0045,B005,VNM,2026-06-11,OA,90,USD,23230.0,23230.0,1530.97,35564433.0,2026-09-09,0.0,Y,0,,,2026-09-20,paid,32131095.0,,-3433338.0
INV-2606-0046,B005,VNM,2026-06-11,OA,90,USD,18510.0,18510.0,1530.97,28338255.0,2026-09-09,0.0,Y,0,,,2026-09-30,paid,25441847.0,,-2896408.0
INV-2606-0047,B062,USA,2026-06-11,OA,60,USD,10680.0,10680.0,1530.97,16350760.0,2026-08-10,0.0,Y,0,,,2026-09-23,paid,15020773.0,,-1329987.0
INV-2606-0048,B064,USA,2026-06-11,TT_SPLIT_30_70,30,USD,6740.0,6740.0,1530.97,10318738.0,2026-07-11,0.3,Y,0,,,2026-07-06,paid,10289856.0,,-28882.0
INV-2606-0049,B089,NGA,2026-06-11,LC_SIGHT,0,USD,13730.0,13730.0,1530.97,21020218.0,2026-06-19,0.0,N,0,,0,2026-06-19,paid,21152987.0,,132769.0
INV-2606-0050,B098,IND,2026-06-11,OA,30,USD,3060.0,3060.0,1530.97,4684768.0,2026-07-11,0.0,Y,0,,,2026-07-12,paid,4593244.0,,-91524.0
INV-2606-0051,B011,IND,2026-06-12,LC_SIGHT,0,USD,6330.0,6330.0,1518.87,9614447.0,2026-06-18,0.0,N,0,,0,2026-06-18,paid,9752251.0,,137804.0
INV-2606-0052,B064,USA,2026-06-12,TT_SPLIT_30_70,30,USD,5190.0,5190.0,1518.87,7882935.0,2026-07-12,0.3,Y,0,,,2026-07-06,paid,7924533.0,,41598.0
INV-2606-0053,B074,MYS,2026-06-12,OA,30,USD,12570.0,12570.0,1518.87,19092196.0,2026-07-12,0.0,N,0,,,2026-07-09,paid,18965113.0,,-127083.0
INV-2606-0054,B086,DEU,2026-06-12,OA,90,EUR,22200.0,25692.09,1757.79,39022938.0,2026-09-10,0.0,N,0,,,2026-09-03,paid,35011842.0,,-4011096.0
INV-2606-0055,B086,DEU,2026-06-12,OA,90,EUR,4190.0,4849.09,1757.79,7365140.0,2026-09-10,0.0,N,0,,,2026-09-06,paid,6554752.0,,-810388.0
INV-2606-0056,B092,POL,2026-06-12,TT_SPLIT_30_70,30,EUR,4610.0,5335.16,1757.79,8103412.0,2026-07-12,0.3,N,0,,,2026-07-05,paid,8163752.0,,60340.0
INV-2606-0057,B104,MEX,2026-06-12,TT_SPLIT_30_70,30,USD,10710.0,10710.0,1518.87,16267098.0,2026-07-12,0.3,Y,0,,,2026-07-29,paid,15684249.0,,-582849.0
INV-2606-0058,B139,DEU,2026-06-12,DA,90,EUR,17230.0,19940.3,1757.79,30286722.0,2026-09-10,0.0,Y,0,,,2026-09-06,paid,26954267.0,,-3332455.0
INV-2606-0059,B018,NLD,2026-06-13,OA,30,EUR,7790.0,9015.38,1757.79,13693184.0,2026-07-13,0.0,Y,0,,,2026-07-07,paid,13476155.0,,-217029.0
INV-2606-0060,B029,CHN,2026-06-13,OA,60,USD,5170.0,5170.0,1518.87,7852558.0,2026-08-12,0.0,Y,0,,,2026-09-20,paid,7175805.0,,-676753.0
INV-2606-0061,B040,IND,2026-06-13,LC_USANCE,90,USD,9530.0,9530.0,1518.87,14474831.0,2026-09-11,0.0,N,0,,0,2026-09-11,paid,12773059.0,,-1701772.0
INV-2606-0062,B092,POL,2026-06-13,TT_SPLIT_30_70,30,EUR,16930.0,19593.11,1757.79,29759385.0,2026-07-13,0.3,N,0,,,2026-07-11,paid,29294622.0,,-464763.0
INV-2606-0063,B041,TUR,2026-06-14,OA,30,USD,13320.0,13320.0,1518.87,20231348.0,2026-07-14,0.0,Y,0,,,2026-07-14,paid,19850263.0,,-381085.0
INV-2606-0064,B058,MYS,2026-06-14,OA,30,USD,18990.0,18990.0,1518.87,28843341.0,2026-07-14,0.0,N,0,,,2026-07-14,paid,28300037.0,,-543304.0
INV-2606-0065,B087,TWN,2026-06-14,TT_SPLIT_30_70,30,USD,19690.0,19690.0,1518.87,29906550.0,2026-07-14,0.3,Y,0,,,2026-07-11,paid,29547306.0,,-359244.0
INV-2606-0066,B110,USA,2026-06-14,OA,90,USD,15410.0,15410.0,1518.87,23405787.0,2026-09-12,0.0,Y,0,,,2026-09-12,paid,20654023.0,,-2751764.0
INV-2606-0067,B112,MEX,2026-06-14,TT_SPLIT_30_70,30,USD,4370.0,4370.0,1518.87,6637462.0,2026-07-14,0.3,N,0,,,2026-07-14,paid,6534055.0,,-103407.0
INV-2606-0068,B114,JPN,2026-06-15,OA,90,JPY,1458000.0,9101.11,9.4561,13786994.0,2026-09-13,0.0,N,0,,,2026-09-12,paid,12713323.0,,-1073671.0
INV-2606-0069,B144,TUR,2026-06-15,OA,60,USD,3230.0,3230.0,1514.87,4893030.0,2026-08-14,0.0,N,1,DOCS,,2026-08-26,paid,4477329.0,,-415701.0
INV-2606-0070,B004,EGY,2026-06-16,LC_SIGHT,0,USD,5080.0,5080.0,1508.12,7661250.0,2026-06-23,0.0,N,0,,0,2026-06-23,paid,7784744.0,,123494.0
INV-2606-0071,B040,IND,2026-06-16,LC_USANCE,90,USD,17060.0,17060.0,1508.12,25728527.0,2026-09-14,0.0,N,0,,0,2026-09-14,paid,22972996.0,,-2755531.0
INV-2606-0072,B108,VNM,2026-06-16,OA,90,USD,4680.0,4680.0,1508.12,7058002.0,2026-09-14,0.0,Y,0,,,2026-09-10,paid,6297548.0,,-760454.0
INV-2606-0073,B020,SAU,2026-06-17,TT_ADV,0,USD,15140.0,15140.0,1514.24,22925594.0,2026-06-17,1.0,N,0,,,2026-05-21,paid,22838236.0,,-87358.0
INV-2606-0074,B024,USA,2026-06-17,OA,30,USD,6680.0,6680.0,1514.24,10115123.0,2026-07-17,0.0,Y,0,,,2026-07-13,paid,9970768.0,,-144355.0
INV-2606-0075,B086,DEU,2026-06-17,OA,90,EUR,11970.0,13876.83,1755.46,21012856.0,2026-09-15,0.0,N,0,,,2026-09-15,paid,18814925.0,,-2197931.0
INV-2606-0076,B132,IDN,2026-06-17,OA,60,USD,14210.0,14210.0,1514.24,21517350.0,2026-08-16,0.0,Y,0,,,2026-07-27,paid,20853743.0,,-663607.0
INV-2606-0077,B140,USA,2026-06-17,OA,60,USD,22020.0,22020.0,1514.24,33343565.0,2026-08-16,0.0,Y,0,,,2026-08-10,paid,31214231.0,,-2129334.0
INV-2606-0078,B141,DEU,2026-06-17,DA,60,EUR,3840.0,4451.72,1755.46,6740966.0,2026-08-16,0.0,N,0,,,2026-08-12,paid,6276134.0,,-464832.0
INV-2606-0079,B042,BRA,2026-06-18,TT_ADV,0,USD,17760.0,17760.0,1540.64,27361766.0,2026-06-18,1.0,N,0,,,2026-06-15,paid,26904091.0,,-457675.0
INV-2606-0080,B054,NLD,2026-06-18,OA,30,EUR,109570.0,125676.5,1767.11,193622243.0,2026-07-18,0.0,Y,0,,,2026-07-02,paid,192356439.0,,-1265804.0
INV-2606-0081,B057,VNM,2026-06-18,LC_USANCE,90,USD,28970.0,28970.0,1540.64,44632341.0,2026-09-16,0.0,N,0,,8,2026-09-24,paid,39672677.0,,-4959664.0
INV-2606-0082,B087,TWN,2026-06-18,TT_SPLIT_30_70,30,USD,29590.0,29590.0,1540.64,45587538.0,2026-07-18,0.3,Y,0,,,2026-07-14,paid,44429070.0,,-1158468.0
INV-2606-0083,B111,TWN,2026-06-18,TT_SPLIT_30_70,30,USD,28670.0,28670.0,1540.64,44170149.0,2026-07-18,0.3,N,0,,,2026-07-18,paid,42958727.0,,-1211422.0
INV-2606-0084,B117,CHN,2026-06-18,OA,30,USD,6320.0,6320.0,1540.64,9736845.0,2026-07-18,0.0,Y,0,,,2026-07-18,paid,9413261.0,,-323584.0
INV-2606-0085,B005,VNM,2026-06-19,OA,90,USD,21120.0,21120.0,1540.64,32538317.0,2026-09-17,0.0,Y,0,,,,open,,28649491.0,-3888826.0
INV-2606-0086,B087,TWN,2026-06-19,TT_ADV,0,USD,9350.0,9350.0,1540.64,14404984.0,2026-06-19,1.0,N,0,,,2026-05-29,paid,14062026.0,,-342958.0
INV-2606-0087,B098,IND,2026-06-19,OA,30,USD,5020.0,5020.0,1540.64,7734013.0,2026-07-19,0.0,Y,0,,,2026-07-12,paid,7535321.0,,-198692.0
INV-2606-0088,B135,TUR,2026-06-19,OA,30,USD,6410.0,6410.0,1540.64,9875502.0,2026-07-19,0.0,Y,0,,,2026-07-19,paid,9547310.0,,-328192.0
INV-2606-0089,B004,EGY,2026-06-20,LC_SIGHT,0,USD,14930.0,14930.0,1540.64,23001755.0,2026-06-25,0.0,N,0,,0,2026-06-25,paid,23013699.0,,11944.0
INV-2606-0090,B037,SAU,2026-06-20,DA,90,USD,2370.0,2370.0,1540.64,3651317.0,2026-09-18,0.0,Y,0,,,2026-09-14,paid,3191442.0,,-459875.0
INV-2606-0091,B072,DEU,2026-06-20,OA,30,EUR,8270.0,9485.67,1767.11,14614000.0,2026-07-20,0.0,N,1,DOCS,,2026-07-13,paid,14074713.0,,-539287.0
INV-2606-0092,B084,POL,2026-06-20,OA,90,EUR,2900.0,3326.29,1767.11,5124619.0,2026-09-18,0.0,N,1,QUALITY,,2026-09-15,paid,4558336.0,,-566283.0
INV-2606-0093,B087,TWN,2026-06-20,TT_SPLIT_30_70,30,USD,38090.0,38090.0,1540.64,58682978.0,2026-07-20,0.3,Y,0,,,2026-07-18,paid,57218074.0,,-1464904.0
INV-2606-0094,B091,NLD,2026-06-20,DA,90,EUR,2490.0,2856.02,1767.11,4400104.0,2026-09-18,0.0,Y,0,,,2026-09-10,paid,3896427.0,,-503677.0
INV-2606-0095,B033,VNM,2026-06-21,LC_SIGHT,0,USD,17270.0,17270.0,1540.64,26606853.0,2026-06-30,0.0,N,0,,0,2026-06-30,paid,26747431.0,,140578.0
INV-2606-0096,B059,IDN,2026-06-21,OA,30,USD,29230.0,29230.0,1540.64,45032907.0,2026-07-21,0.0,Y,0,,,2026-08-04,paid,44798452.0,,-234455.0
INV-2606-0097,B087,TWN,2026-06-21,TT_SPLIT_30_70,30,USD,8090.0,8090.0,1540.64,12463778.0,2026-07-21,0.3,Y,0,,,2026-07-20,paid,12021780.0,,-441998.0
INV-2606-0098,B140,USA,2026-06-21,OA,60,USD,7670.0,7670.0,1540.64,11816709.0,2026-08-20,0.0,Y,0,,,2026-08-18,paid,10826972.0,,-989737.0
INV-2606-0099,B140,USA,2026-06-21,OA,60,USD,25800.0,25800.0,1540.64,39748512.0,2026-08-20,0.0,Y,1,QUANTITY,,2026-08-20,paid,36279302.0,,-3469210.0
INV-2606-0100,B022,IDN,2026-06-22,OA,90,USD,3370.0,3370.0,1537.86,5182588.0,2026-09-20,0.0,Y,0,,,2026-09-16,paid,4608980.0,,-573608.0
INV-2606-0101,B059,IDN,2026-06-22,OA,30,USD,4660.0,4660.0,1537.86,7166428.0,2026-07-22,0.0,Y,0,,,,open,,6397984.0,-768444.0
INV-2606-0102,B066,ARE,2026-06-22,DA,60,USD,8600.0,8600.0,1537.86,13225596.0,2026-08-21,0.0,Y,0,,,2026-08-19,paid,11940154.0,,-1285442.0
INV-2606-0103,B068,THA,2026-06-22,OA,60,USD,55440.0,55440.0,1537.86,85258958.0,2026-08-21,0.0,N,1,DOCS,,2026-09-30,paid,75009367.0,,-10249591.0
INV-2606-0104,B086,DEU,2026-06-22,OA,90,EUR,26980.0,30843.51,1758.08,47432998.0,2026-09-20,0.0,N,0,,,2026-09-20,paid,42929767.0,,-4503231.0
INV-2606-0105,B088,USA,2026-06-22,TT_ADV,0,USD,6990.0,6990.0,1537.86,10749641.0,2026-06-22,1.0,N,0,,,2026-05-31,paid,10512680.0,,-236961.0
INV-2606-0106,B093,NGA,2026-06-22,OA,30,USD,110400.0,110400.0,1537.86,169779744.0,2026-07-22,0.0,Y,0,,,2026-08-27,paid,152866526.0,,-16913218.0
INV-2606-0107,B148,ARE,2026-06-22,OA,60,USD,5130.0,5130.0,1537.86,7889222.0,2026-08-21,0.0,N,0,,,2026-08-15,paid,7255308.0,,-633914.0
INV-2606-0108,B012,IDN,2026-06-23,DP,0,USD,44840.0,44840.0,1532.43,68714161.0,2026-07-08,0.0,N,0,,,2026-07-08,paid,67760863.0,,-953298.0
INV-2606-0109,B033,VNM,2026-06-23,LC_SIGHT,0,USD,9330.0,9330.0,1532.43,14297572.0,2026-06-29,0.0,N,0,,0,2026-06-29,paid,14387513.0,,89941.0
INV-2606-0110,B051,USA,2026-06-23,OA,90,USD,14310.0,14310.0,1532.43,21929073.0,2026-09-21,0.0,N,0,,,2026-09-20,paid,19861851.0,,-2067222.0
INV-2606-0111,B057,VNM,2026-06-23,LC_USANCE,90,USD,33020.0,33020.0,1532.43,50600839.0,2026-09-21,0.0,N,0,,0,2026-09-21,paid,45396226.0,,-5204613.0
INV-2606-0112,B141,DEU,2026-06-23,DA,60,EUR,11210.0,12760.38,1744.37,19554388.0,2026-08-22,0.0,N,0,,,2026-08-21,paid,18140582.0,,-1413806.0
INV-2606-0113,B047,MEX,2026-06-24,OA,90,USD,7500.0,7500.0,1542.53,11568975.0,2026-09-22,0.0,Y,0,,,,open,,10173825.0,-1395150.0
INV-2606-0114,B084,POL,2026-06-24,TT_SPLIT_30_70,30,EUR,20180.0,22900.22,1750.46,35324283.0,2026-07-24,0.3,N,0,,,2026-07-19,paid,34898545.0,,-425738.0
INV-2606-0115,B096,USA,2026-06-24,TT_ADV,0,USD,3130.0,3130.0,1542.53,4828119.0,2026-06-24,1.0,N,0,,,2026-06-19,paid,4822203.0,,-5916.0
INV-2606-0116,B012,IDN,2026-06-25,DP,0,USD,7480.0,7480.0,1541.44,11529971.0,2026-07-05,0.0,N,0,,,2026-07-05,paid,11504614.0,,-25357.0
INV-2606-0117,B018,NLD,2026-06-25,OA,30,EUR,9370.0,10667.75,1754.93,16443694.0,2026-07-25,0.0,Y,0,,,2026-07-21,paid,15817684.0,,-626010.0
INV-2606-0118,B028,JPN,2026-06-25,OA,90,JPY,988000.0,6111.22,9.5345,9420086.0,2026-09-23,0.0,Y,0,,,2026-09-09,paid,8623659.0,,-796427.0
INV-2606-0119,B062,USA,2026-06-25,TT_ADV,0,USD,7630.0,7630.0,1541.44,11761187.0,2026-06-25,1.0,N,0,,,2026-06-08,paid,11660395.0,,-100792.0
INV-2606-0120,B031,MEX,2026-06-26,OA,60,USD,14930.0,14930.0,1533.44,22894259.0,2026-08-25,0.0,Y,0,,,,open,,20279394.0,-2614865.0
INV-2606-0121,B074,MYS,2026-06-26,OA,30,USD,24640.0,24640.0,1533.44,37783962.0,2026-07-26,0.0,N,0,,,2026-07-23,paid,36341043.0,,-1442919.0
INV-2606-0122,B086,DEU,2026-06-26,OA,90,EUR,6460.0,7366.33,1748.58,11295827.0,2026-09-24,0.0,N,0,,,2026-09-20,paid,10278958.0,,-1016869.0
INV-2606-0123,B121,IND,2026-06-26,DA,90,USD,6530.0,6530.0,1533.44,10013363.0,2026-09-24,0.0,Y,0,,,2026-09-10,paid,8786964.0,,-1226399.0
INV-2606-0124,B018,NLD,2026-06-27,OA,30,EUR,7280.0,8301.38,1748.58,12729662.0,2026-07-27,0.0,Y,0,,,2026-07-29,paid,11986447.0,,-743215.0
INV-2606-0125,B020,SAU,2026-06-27,TT_SPLIT_30_70,30,USD,3340.0,3340.0,1533.44,5121690.0,2026-07-27,0.3,Y,0,,,2026-07-10,paid,5024212.0,,-97478.0
INV-2606-0126,B030,TUR,2026-06-27,OA,60,USD,6690.0,6690.0,1533.44,10258714.0,2026-08-26,0.0,N,0,,,2026-08-26,paid,9273477.0,,-985237.0
INV-2606-0127,B086,DEU,2026-06-27,OA,90,EUR,2950.0,3363.88,1748.58,5158311.0,2026-09-25,0.0,N,0,,,2026-09-25,paid,4561939.0,,-596372.0
INV-2606-0128,B108,VNM,2026-06-27,OA,90,USD,13770.0,13770.0,1533.44,21115469.0,2026-09-25,0.0,Y,0,,,2026-09-23,paid,18823452.0,,-2292017.0
INV-2606-0129,B110,USA,2026-06-27,OA,90,USD,7320.0,7320.0,1533.44,11224781.0,2026-09-25,0.0,Y,0,,,2026-09-24,paid,10024301.0,,-1200480.0
INV-2606-0130,B070,POL,2026-06-28,OA,60,EUR,5430.0,6191.82,1748.58,9494789.0,2026-08-27,0.0,Y,0,,,2026-08-17,paid,8892059.0,,-602730.0
INV-2606-0131,B022,IDN,2026-06-29,OA,90,USD,20150.0,20150.0,1542.07,31072710.0,2026-09-27,0.0,Y,0,,,,open,,27509911.0,-3562799.0
INV-2606-0132,B040,IND,2026-06-29,LC_USANCE,90,USD,9320.0,9320.0,1542.07,14372092.0,2026-09-27,0.0,N,0,,0,2026-09-27,paid,12642673.0,,-1729419.0
INV-2606-0133,B091,NLD,2026-06-29,DA,90,EUR,5490.0,6272.31,1761.81,9672337.0,2026-09-27,0.0,Y,0,,,2026-09-18,paid,8656503.0,,-1015834.0
INV-2606-0134,B098,IND,2026-06-29,OA,30,USD,39580.0,39580.0,1542.07,61035131.0,2026-07-29,0.0,Y,0,,,2026-07-22,paid,58445015.0,,-2590116.0
INV-2606-0135,B148,ARE,2026-06-29,OA,60,USD,2590.0,2590.0,1542.07,3993961.0,2026-08-28,0.0,N,0,,,2026-08-28,paid,3572672.0,,-421289.0
INV-2606-0136,B045,ARE,2026-06-30,OA,60,USD,4180.0,4180.0,1548.78,6473900.0,2026-08-29,0.0,Y,1,QUALITY,,2026-08-28,paid,5765934.0,,-707966.0
INV-2606-0137,B066,ARE,2026-06-30,DA,60,USD,38410.0,38410.0,1548.78,59488640.0,2026-08-29,0.0,Y,0,,,2026-08-26,paid,53242790.0,,-6245850.0
INV-2606-0138,B082,JPN,2026-06-30,OA,60,JPY,1082000.0,6653.95,9.5245,10305509.0,2026-08-29,0.0,Y,0,,,2026-08-29,paid,9329978.0,,-975531.0
INV-2606-0139,B141,DEU,2026-06-30,OA,60,EUR,5390.0,6153.76,1768.24,9530814.0,2026-08-29,0.0,N,0,,,2026-08-29,paid,8623138.0,,-907676.0
INV-2606-0140,B145,GBR,2026-06-30,TT_ADV,0,USD,6180.0,6180.0,1548.78,9571460.0,2026-06-30,1.0,N,0,,,2026-06-04,paid,9467204.0,,-104256.0
INV-2607-0001,B008,DEU,2026-07-01,OA,60,EUR,6850.0,7798.03,1765.19,12091552.0,2026-08-30,0.0,Y,1,DOCS,,,open,,10592977.0,-1498575.0
INV-2607-0002,B068,THA,2026-07-01,OA,60,USD,3720.0,3720.0,1550.59,5768195.0,2026-08-30,0.0,N,0,,,2026-09-30,paid,5046217.0,,-721978.0
INV-2607-0003,B074,MYS,2026-07-01,OA,30,USD,13640.0,13640.0,1550.59,21150048.0,2026-07-31,0.0,N,0,,,2026-07-31,paid,19598088.0,,-1551960.0
INV-2607-0004,B086,DEU,2026-07-01,OA,90,EUR,6260.0,7126.38,1765.19,11050089.0,2026-09-29,0.0,N,1,PRICE,,2026-09-26,paid,9680589.0,,-1369500.0
INV-2607-0005,B087,TWN,2026-07-01,TT_SPLIT_30_70,30,USD,9050.0,9050.0,1550.59,14032840.0,2026-07-31,0.3,Y,0,,,2026-07-23,paid,13506654.0,,-526186.0
INV-2607-0006,B094,VNM,2026-07-01,OA,90,USD,10890.0,10890.0,1550.59,16885925.0,2026-09-29,0.0,Y,0,,,2026-09-29,paid,14772394.0,,-2113531.0
INV-2607-0007,B117,CHN,2026-07-01,OA,30,USD,4270.0,4270.0,1550.59,6621019.0,2026-07-31,0.0,Y,0,,,2026-07-31,paid,6135179.0,,-485840.0
INV-2607-0008,B028,JPN,2026-07-02,OA,90,JPY,1759000.0,10932.21,9.559,16814281.0,2026-09-30,0.0,Y,0,,,2026-09-30,paid,15180698.0,,-1633583.0
INV-2607-0009,B104,MEX,2026-07-02,OA,60,USD,2520.0,2520.0,1538.05,3875886.0,2026-08-31,0.0,Y,0,,,2026-09-16,paid,3446478.0,,-429408.0
INV-2607-0010,B111,TWN,2026-07-03,DA,90,USD,4300.0,4300.0,1538.05,6613615.0,2026-10-01,0.0,N,0,,,,open,,5832993.0,-780622.0
INV-2607-0011,B113,JPN,2026-07-03,OA,90,JPY,1203000.0,7476.66,9.559,11499477.0,2026-10-01,0.0,Y,0,,,,open,,10382251.0,-1117226.0
INV-2607-0012,B121,IND,2026-07-03,DA,90,USD,36910.0,36910.0,1538.05,56769426.0,2026-10-01,0.0,Y,0,,,2026-09-21,paid,50744237.0,,-6025189.0
INV-2607-0013,B140,USA,2026-07-03,OA,60,USD,41910.0,41910.0,1538.05,64459676.0,2026-09-01,0.0,Y,0,,,2026-08-31,paid,57343358.0,,-7116318.0
INV-2607-0014,B005,VNM,2026-07-04,OA,90,USD,23100.0,23100.0,1538.05,35528955.0,2026-10-02,0.0,Y,0,,,,open,,31335381.0,-4193574.0
INV-2607-0015,B031,MEX,2026-07-04,OA,60,USD,15680.0,15680.0,1538.05,24116624.0,2026-09-02,0.0,Y,0,,,,open,,21270077.0,-2846547.0
INV-2607-0016,B038,DEU,2026-07-04,TT_ADV,0,EUR,4990.0,5712.55,1760.76,8786192.0,2026-07-04,1.0,N,0,,,2026-06-19,paid,8817879.0,,31687.0
INV-2607-0017,B072,DEU,2026-07-04,OA,30,EUR,8320.0,9524.74,1760.76,14649523.0,2026-08-03,0.0,N,1,PRICE,,2026-09-21,paid,13118726.0,,-1530797.0
INV-2607-0018,B073,BRA,2026-07-04,OA,30,USD,12810.0,12810.0,1538.05,19702420.0,2026-08-03,0.0,N,0,,,2026-08-03,paid,18324577.0,,-1377843.0
INV-2607-0019,B081,JPN,2026-07-04,LC_USANCE,60,JPY,1416000.0,8800.46,9.559,13535544.0,2026-09-02,0.0,N,0,,0,2026-09-02,paid,12117420.0,,-1418124.0
INV-2607-0020,B082,JPN,2026-07-04,OA,60,JPY,1036000.0,6438.75,9.559,9903124.0,2026-09-02,0.0,Y,0,,,2026-09-02,paid,8865570.0,,-1037554.0
INV-2607-0021,B098,IND,2026-07-04,OA,30,USD,23750.0,23750.0,1538.05,36528688.0,2026-08-03,0.0,Y,1,DOCS,,2026-08-03,paid,33974138.0,,-2554550.0
INV-2607-0022,B124,CHN,2026-07-04,OA,60,CNY,100200.0,14759.8,226.56,22701312.0,2026-09-02,0.0,N,0,,,2026-08-29,paid,20550018.0,,-2151294.0
INV-2607-0023,B128,GBR,2026-07-04,OA,90,USD,11400.0,11400.0,1538.05,17533770.0,2026-10-02,0.0,N,0,,,2026-09-23,paid,15583686.0,,-1950084.0
INV-2607-0024,B137,ARE,2026-07-04,TT_ADV,0,USD,1410.0,1410.0,1538.05,2168650.0,2026-07-04,1.0,N,0,,,2026-06-08,paid,2154804.0,,-13846.0
INV-2607-0025,B066,ARE,2026-07-05,DA,60,USD,35200.0,35200.0,1538.05,54139360.0,2026-09-03,0.0,Y,0,,,2026-09-12,paid,47201413.0,,-6937947.0
INV-2607-0026,B119,IND,2026-07-05,DA,90,USD,13100.0,13100.0,1538.05,20148455.0,2026-10-03,0.0,Y,1,QUALITY,,,open,,17770281.0,-2378174.0
INV-2607-0027,B123,POL,2026-07-05,OA,60,EUR,12840.0,14699.24,1760.76,22608158.0,2026-09-03,0.0,Y,0,,,,open,,19856033.0,-2752125.0
INV-2607-0028,B126,GBR,2026-07-05,OA,90,USD,3630.0,3630.0,1538.05,5583122.0,2026-10-03,0.0,N,0,,,2026-09-30,paid,4924131.0,,-658991.0
INV-2607-0029,B132,IDN,2026-07-05,OA,60,USD,2490.0,2490.0,1538.05,3829744.0,2026-09-03,0.0,Y,0,,,2026-09-01,paid,3415682.0,,-414062.0
INV-2607-0030,B137,ARE,2026-07-05,TT_ADV,0,USD,10510.0,10510.0,1538.05,16164906.0,2026-07-05,1.0,N,0,,,2026-06-09,paid,16079669.0,,-85237.0
INV-2607-0031,B140,USA,2026-07-05,OA,60,USD,2500.0,2500.0,1538.05,3845125.0,2026-09-03,0.0,Y,0,,,,open,,3391275.0,-453850.0
INV-2607-0032,B082,JPN,2026-07-06,OA,60,JPY,7684000.0,47350.32,9.4342,72492393.0,2026-09-04,0.0,Y,0,,,2026-09-21,paid,67090541.0,,-5401852.0
INV-2607-0033,B127,VNM,2026-07-06,DP,0,USD,13860.0,13860.0,1530.98,21219383.0,2026-07-20,0.0,N,0,,,2026-07-23,paid,20441837.0,,-777546.0
INV-2607-0034,B033,VNM,2026-07-07,LC_SIGHT,0,USD,15350.0,15350.0,1514.43,23246500.0,2026-07-12,0.0,N,0,,0,2026-07-12,paid,23041271.0,,-205229.0
INV-2607-0035,B059,IDN,2026-07-07,OA,30,USD,1400.0,1400.0,1514.43,2120202.0,2026-08-06,0.0,Y,0,,,,open,,1899114.0,-221088.0
INV-2607-0036,B140,USA,2026-07-07,TT_ADV,0,USD,37380.0,37380.0,1514.43,56609393.0,2026-07-07,1.0,N,0,,,2026-06-07,paid,58161785.0,,1552392.0
INV-2607-0037,B023,IDN,2026-07-08,DA,90,USD,11540.0,11540.0,1511.17,17438902.0,2026-10-06,0.0,Y,0,,,,open,,15654125.0,-1784777.0
INV-2607-0038,B026,THA,2026-07-08,OA,60,USD,890.0,890.0,1511.17,1344941.0,2026-09-06,0.0,Y,0,,,2026-09-06,paid,1198394.0,,-146547.0
INV-2607-0039,B033,VNM,2026-07-08,LC_SIGHT,0,USD,4140.0,4140.0,1511.17,6256244.0,2026-07-13,0.0,N,0,,0,2026-07-13,paid,6179488.0,,-76756.0
INV-2607-0040,B086,DEU,2026-07-08,TT_ADV,0,EUR,12380.0,14108.25,1722.13,21319969.0,2026-07-08,1.0,N,0,,,2026-06-08,paid,21842529.0,,522560.0
INV-2607-0041,B098,IND,2026-07-08,OA,30,USD,14370.0,14370.0,1511.17,21715513.0,2026-08-07,0.0,Y,0,,,2026-08-03,paid,20556141.0,,-1159372.0
INV-2607-0042,B144,TUR,2026-07-08,OA,60,USD,33130.0,33130.0,1511.17,50065062.0,2026-09-06,0.0,N,1,PRICE,,2026-09-11,paid,44404139.0,,-5660923.0
INV-2607-0043,B005,VNM,2026-07-09,OA,90,USD,9130.0,9130.0,1508.76,13774979.0,2026-10-07,0.0,Y,0,,,,open,,12384936.0,-1390043.0
INV-2607-0044,B011,IND,2026-07-09,LC_SIGHT,0,USD,11700.0,11700.0,1508.76,17652492.0,2026-07-16,0.0,N,0,,0,2026-07-16,paid,17294940.0,,-357552.0
INV-2607-0045,B066,ARE,2026-07-09,DA,60,USD,3680.0,3680.0,1508.76,5552237.0,2026-09-07,0.0,Y,0,,,2026-09-12,paid,4932304.0,,-619933.0
INV-2607-0046,B137,ARE,2026-07-09,TT_ADV,0,USD,72360.0,72360.0,1508.76,109173874.0,2026-07-09,1.0,N,0,,,2026-07-02,paid,111293298.0,,2119424.0
INV-2607-0047,B033,VNM,2026-07-10,LC_SIGHT,0,USD,8860.0,8860.0,1501.06,13299392.0,2026-07-15,0.0,N,0,,0,2026-07-15,paid,13187135.0,,-112257.0
INV-2607-0048,B049,ARE,2026-07-10,DA,90,USD,4820.0,4820.0,1501.06,7235109.0,2026-10-08,0.0,N,0,,,,open,,6538378.0,-696731.0
INV-2607-0049,B049,ARE,2026-07-10,DA,90,USD,3270.0,3270.0,1501.06,4908466.0,2026-10-08,0.0,N,0,,,,open,,4435788.0,-472678.0
INV-2607-0050,B057,VNM,2026-07-10,LC_USANCE,90,USD,18490.0,18490.0,1501.06,27754599.0,2026-10-08,0.0,N,0,,0,,open,,25081870.0,-2672729.0
INV-2607-0051,B063,CHN,2026-07-10,TT_ADV,0,CNY,58000.0,8559.0,221.51,12847580.0,2026-07-10,1.0,N,0,,,2026-07-07,paid,12929940.0,,82360.0
INV-2607-0052,B087,TWN,2026-07-10,TT_SPLIT_30_70,30,USD,6610.0,6610.0,1501.06,9922007.0,2026-08-09,0.3,Y,0,,,2026-08-08,paid,9613331.0,,-308676.0
INV-2607-0053,B087,TWN,2026-07-10,TT_SPLIT_30_70,30,USD,9710.0,9710.0,1501.06,14575293.0,2026-08-09,0.3,Y,0,,,2026-08-09,paid,13976516.0,,-598777.0
INV-2607-0054,B101,IND,2026-07-10,DA,60,USD,15550.0,15550.0,1501.06,23341483.0,2026-09-08,0.0,Y,0,,,2026-09-15,paid,21244465.0,,-2097018.0
INV-2607-0055,B115,CHN,2026-07-10,DA,60,CNY,66800.0,9857.61,221.51,14796868.0,2026-09-08,0.0,Y,1,QUALITY,,2026-09-15,paid,13555056.0,,-1241812.0
INV-2607-0056,B135,TUR,2026-07-10,OA,30,USD,11990.0,11990.0,1501.06,17997709.0,2026-08-09,0.0,Y,0,,,2026-08-12,paid,16981437.0,,-1016272.0
INV-2607-0057,B050,USA,2026-07-11,OA,60,USD,3150.0,3150.0,1501.06,4728339.0,2026-09-09,0.0,Y,0,,,2026-09-07,paid,4241506.0,,-486832.0
INV-2607-0058,B050,USA,2026-07-11,OA,60,USD,19680.0,19680.0,1501.06,29540861.0,2026-09-09,0.0,Y,0,,,2026-09-09,paid,26367461.0,,-3173400.0
INV-2607-0059,B057,VNM,2026-07-11,LC_USANCE,90,USD,2380.0,2380.0,1501.06,3572523.0,2026-10-09,0.0,N,0,,0,,open,,3228494.0,-344029.0
INV-2607-0060,B041,TUR,2026-07-12,OA,30,USD,3250.0,3250.0,1501.06,4878445.0,2026-08-11,0.0,Y,0,,,2026-08-21,paid,4501282.0,,-377162.0
INV-2607-0061,B056,USA,2026-07-12,OA,90,USD,13310.0,13310.0,1501.06,19979109.0,2026-10-10,0.0,Y,0,,,2026-09-23,paid,18194637.0,,-1784472.0
INV-2607-0062,B078,VNM,2026-07-12,TT_SPLIT_30_70,30,USD,2600.0,2600.0,1501.06,3902756.0,2026-08-11,0.3,N,0,,,2026-07-29,paid,3835117.0,,-67639.0
INV-2607-0063,B087,TWN,2026-07-12,TT_SPLIT_30_70,30,USD,11860.0,11860.0,1501.06,17802572.0,2026-08-11,0.3,Y,0,,,2026-08-09,paid,17186919.0,,-615653.0
INV-2607-0064,B095,EGY,2026-07-12,OA,30,USD,13340.0,13340.0,1501.06,20024140.0,2026-08-11,0.0,Y,0,,,2026-09-04,paid,18543808.0,,-1480332.0
INV-2607-0065,B121,IND,2026-07-12,DA,90,USD,10690.0,10690.0,1501.06,16046331.0,2026-10-10,0.0,Y,0,,,,open,,14501092.0,-1545239.0
INV-2607-0066,B139,DEU,2026-07-12,OA,60,EUR,70130.0,80214.58,1716.91,120406898.0,2026-09-10,0.0,Y,0,,,2026-09-10,paid,109741528.0,,-10665370.0
INV-2607-0067,B141,DEU,2026-07-12,DA,60,EUR,14290.0,16344.88,1716.91,24534644.0,2026-09-10,0.0,N,0,,,2026-09-10,paid,22361421.0,,-2173223.0
INV-2607-0068,B144,TUR,2026-07-12,OA,60,USD,4390.0,4390.0,1501.06,6589653.0,2026-09-10,0.0,N,1,QUANTITY,,2026-09-16,paid,6003984.0,,-585670.0
INV-2607-0069,B077,VNM,2026-07-13,DP,0,USD,3810.0,3810.0,1492.63,5686920.0,2026-07-27,0.0,N,0,,,2026-07-27,paid,5591327.0,,-95593.0
INV-2607-0070,B124,CHN,2026-07-13,OA,60,CNY,186600.0,27524.38,220.17,41083722.0,2026-09-11,0.0,N,0,,,2026-09-10,paid,37443156.0,,-3640566.0
INV-2607-0071,B135,TUR,2026-07-13,TT_SPLIT_30_70,30,USD,4740.0,4740.0,1492.63,7075066.0,2026-08-12,0.3,Y,0,,,2026-08-13,paid,6884039.0,,-191027.0
INV-2607-0072,B022,IDN,2026-07-14,OA,90,USD,18460.0,18460.0,1490.26,27510200.0,2026-10-12,0.0,Y,1,QUALITY,,,open,,25041175.0,-2469025.0
INV-2607-0073,B047,MEX,2026-07-14,OA,90,USD,4520.0,4520.0,1490.26,6735975.0,2026-10-12,0.0,Y,1,DOCS,,,open,,6131425.0,-604550.0
INV-2607-0074,B048,CHN,2026-07-14,OA,30,USD,15810.0,15810.0,1490.26,23561011.0,2026-08-13,0.0,Y,0,,,,default,,21446423.0,-2114588.0
INV-2607-0075,B062,USA,2026-07-14,OA,60,USD,10560.0,10560.0,1490.26,15737146.0,2026-09-12,0.0,Y,0,,,2026-09-23,paid,14435414.0,,-1301732.0
INV-2607-0076,B066,ARE,2026-07-14,DA,60,USD,10610.0,10610.0,1490.26,15811659.0,2026-09-12,0.0,Y,1,QUANTITY,,2026-09-18,paid,14726362.0,,-1085297.0
INV-2607-0077,B068,THA,2026-07-14,OA,60,USD,18870.0,18870.0,1490.26,28121206.0,2026-09-12,0.0,N,0,,,2026-09-30,paid,25597344.0,,-2523862.0
INV-2607-0078,B088,USA,2026-07-14,TT_ADV,0,USD,22160.0,22160.0,1490.26,33024162.0,2026-07-14,1.0,N,0,,,2026-06-28,paid,33981030.0,,956868.0
INV-2607-0079,B128,GBR,2026-07-14,OA,90,USD,5160.0,5160.0,1490.26,7689742.0,2026-10-12,0.0,N,0,,,,open,,6999592.0,-690150.0
INV-2607-0080,B024,USA,2026-07-15,OA,30,USD,7380.0,7380.0,1488.39,10984318.0,2026-08-14,0.0,Y,0,,,2026-08-14,paid,10437460.0,,-546858.0
INV-2607-0081,B030,TUR,2026-07-15,OA,60,USD,12610.0,12610.0,1488.39,18768598.0,2026-09-13,0.0,N,0,,,2026-09-21,paid,17336354.0,,-1432244.0
INV-2607-0082,B050,USA,2026-07-15,OA,60,USD,18040.0,18040.0,1488.39,26850556.0,2026-09-13,0.0,Y,0,,,2026-09-25,paid,24615213.0,,-2235343.0
INV-2607-0083,B073,BRA,2026-07-15,OA,30,USD,5220.0,5220.0,1488.39,7769396.0,2026-08-14,0.0,N,0,,,2026-08-14,paid,7382594.0,,-386802.0
INV-2607-0084,B127,VNM,2026-07-15,DP,0,USD,39720.0,39720.0,1488.39,59118851.0,2026-07-29,0.0,N,0,,,2026-07-29,paid,57447830.0,,-1671021.0
INV-2607-0085,B005,VNM,2026-07-16,OA,90,USD,38050.0,38050.0,1478.2,56245510.0,2026-10-14,0.0,Y,0,,,,open,,51615206.0,-4630304.0
INV-2607-0086,B079,JPN,2026-07-16,OA,60,JPY,4534000.0,27915.29,9.1011,41264387.0,2026-09-14,0.0,Y,1,QUALITY,,2026-09-08,paid,39426304.0,,-1838083.0
INV-2607-0087,B081,JPN,2026-07-16,LC_USANCE,60,JPY,3400000.0,20933.39,9.1011,30943740.0,2026-09-14,0.0,N,0,,0,2026-09-14,paid,29649360.0,,-1294380.0
INV-2607-0088,B109,VNM,2026-07-16,OA,30,USD,2980.0,2980.0,1478.2,4405036.0,2026-08-15,0.0,Y,0,,,2026-08-15,paid,4214584.0,,-190452.0
INV-2607-0089,B040,IND,2026-07-17,LC_USANCE,90,USD,15350.0,15350.0,1489.44,22862904.0,2026-10-15,0.0,N,0,,0,,open,,20822428.0,-2040476.0
INV-2607-0090,B058,MYS,2026-07-17,OA,30,USD,9610.0,9610.0,1489.44,14313518.0,2026-08-16,0.0,N,0,,,2026-08-10,paid,13622559.0,,-690959.0
INV-2607-0091,B084,POL,2026-07-17,TT_SPLIT_30_70,30,EUR,3720.0,4255.68,1703.92,6338582.0,2026-08-16,0.3,N,0,,,2026-08-13,paid,6173872.0,,-164710.0
INV-2607-0092,B127,VNM,2026-07-17,DP,0,USD,6100.0,6100.0,1489.44,9085584.0,2026-07-31,0.0,N,0,,,2026-07-31,paid,8764541.0,,-321043.0
INV-2607-0093,B134,MEX,2026-07-17,OA,60,USD,27430.0,27430.0,1489.44,40855339.0,2026-09-15,0.0,Y,0,,,,open,,37209069.0,-3646270.0
INV-2607-0094,B135,TUR,2026-07-17,OA,30,USD,960.0,960.0,1489.44,1429862.0,2026-08-16,0.0,Y,1,QUANTITY,,2026-08-20,paid,1337616.0,,-92246.0
INV-2607-0095,B144,TUR,2026-07-17,OA,60,USD,1840.0,1840.0,1489.44,2740570.0,2026-09-15,0.0,N,0,,,,open,,2495978.0,-244592.0
INV-2607-0096,B022,IDN,2026-07-18,OA,90,USD,9510.0,9510.0,1489.44,14164574.0,2026-10-16,0.0,Y,1,DOCS,,,open,,12900410.0,-1264164.0
INV-2607-0097,B030,TUR,2026-07-18,OA,60,USD,8420.0,8420.0,1489.44,12541085.0,2026-09-16,0.0,N,0,,,2026-09-22,paid,11443285.0,,-1097800.0
INV-2607-0098,B047,MEX,2026-07-18,OA,90,USD,14480.0,14480.0,1489.44,21567091.0,2026-10-16,0.0,Y,0,,,,open,,19642265.0,-1924826.0
INV-2607-0099,B047,MEX,2026-07-18,TT_ADV,0,USD,12540.0,12540.0,1489.44,18677578.0,2026-07-18,1.0,N,0,,,2026-06-18,paid,19319626.0,,642048.0
INV-2607-0100,B058,MYS,2026-07-18,OA,30,USD,5960.0,5960.0,1489.44,8877062.0,2026-08-17,0.0,N,0,,,2026-08-18,paid,8413136.0,,-463926.0
INV-2607-0101,B081,JPN,2026-07-18,LC_USANCE,60,JPY,304000.0,1871.57,9.1697,2787589.0,2026-09-16,0.0,N,0,,0,2026-09-16,paid,2680976.0,,-106613.0
INV-2607-0102,B098,IND,2026-07-18,OA,30,USD,3280.0,3280.0,1489.44,4885363.0,2026-08-17,0.0,Y,0,,,2026-08-07,paid,4624603.0,,-260760.0
INV-2607-0103,B113,JPN,2026-07-18,TT_ADV,0,JPY,261000.0,1606.84,9.1697,2393292.0,2026-07-18,1.0,N,0,,,2026-06-21,paid,2491845.0,,98553.0
INV-2607-0104,B113,JPN,2026-07-18,OA,90,JPY,214000.0,1317.49,9.1697,1962316.0,2026-10-16,0.0,Y,0,,,,open,,1846884.0,-115432.0
INV-2607-0105,B143,MYS,2026-07-18,OA,60,USD,3590.0,3590.0,1489.44,5347090.0,2026-09-16,0.0,Y,0,,,2026-08-29,paid,4952082.0,,-395008.0
INV-2607-0106,B145,GBR,2026-07-18,TT_ADV,0,USD,7230.0,7230.0,1489.44,10768651.0,2026-07-18,1.0,N,0,,,2026-07-06,paid,11068985.0,,300334.0
INV-2607-0107,B035,TWN,2026-07-19,TT_ADV,0,USD,3320.0,3320.0,1489.44,4944941.0,2026-07-19,1.0,N,0,,,2026-06-20,paid,5114925.0,,169984.0
INV-2607-0108,B057,VNM,2026-07-19,LC_USANCE,90,USD,12710.0,12710.0,1489.44,18930782.0,2026-10-17,0.0,N,0,,0,,open,,17241242.0,-1689540.0
INV-2607-0109,B067,BRA,2026-07-19,DP,0,USD,3790.0,3790.0,1489.44,5644978.0,2026-07-29,0.0,N,0,,,2026-07-29,paid,5481553.0,,-163425.0
INV-2607-0110,B107,DEU,2026-07-19,OA,60,EUR,17950.0,20534.81,1703.92,30585364.0,2026-09-17,0.0,Y,0,,,2026-09-10,paid,28088698.0,,-2496666.0
INV-2607-0111,B128,GBR,2026-07-19,TT_ADV,0,USD,8050.0,8050.0,1489.44,11989992.0,2026-07-19,1.0,N,0,,,2026-06-30,paid,12467679.0,,477687.0
INV-2607-0112,B145,GBR,2026-07-19,TT_ADV,0,USD,3440.0,3440.0,1489.44,5123674.0,2026-07-19,1.0,N,0,,,2026-06-23,paid,5271559.0,,147885.0
INV-2607-0113,B026,THA,2026-07-20,OA,60,USD,5810.0,5810.0,1478.31,8588981.0,2026-09-18,0.0,Y,0,,,2026-09-11,paid,7787143.0,,-801838.0
INV-2607-0114,B062,USA,2026-07-20,OA,60,USD,4770.0,4770.0,1478.31,7051539.0,2026-09-18,0.0,Y,0,,,,open,,6512997.0,-538542.0
INV-2607-0115,B085,ARE,2026-07-20,OA,90,USD,70000.0,70000.0,1478.31,103481700.0,2026-10-18,0.1,Y,0,,,,open,,96244610.0,-7237090.0
INV-2607-0116,B108,VNM,2026-07-20,OA,90,USD,29360.0,29360.0,1478.31,43403182.0,2026-10-18,0.0,Y,0,,,,open,,39827134.0,-3576048.0
INV-2607-0117,B022,IDN,2026-07-21,OA,90,USD,2040.0,2040.0,1479.77,3018731.0,2026-10-19,0.0,Y,1,QUANTITY,,,open,,2767280.0,-251451.0
INV-2607-0118,B022,IDN,2026-07-21,OA,90,USD,7690.0,7690.0,1479.77,11379431.0,2026-10-19,0.0,Y,0,,,,open,,10431562.0,-947869.0
INV-2607-0119,B028,JPN,2026-07-21,TT_ADV,0,JPY,1231000.0,7551.7,9.0778,11174772.0,2026-07-21,1.0,N,0,,,2026-06-26,paid,11676035.0,,501263.0
INV-2607-0120,B033,VNM,2026-07-21,LC_SIGHT,0,USD,5900.0,5900.0,1479.77,8730643.0,2026-07-31,0.0,N,0,,0,2026-07-31,paid,8477179.0,,-253464.0
INV-2607-0121,B047,MEX,2026-07-21,OA,90,USD,4970.0,4970.0,1479.77,7354457.0,2026-10-19,0.0,Y,0,,,,open,,6741855.0,-612602.0
INV-2607-0122,B052,VNM,2026-07-21,LC_SIGHT,0,USD,144070.0,144070.0,1479.77,213190464.0,2026-07-29,0.0,N,0,,0,2026-07-29,paid,208371322.0,,-4819142.0
INV-2607-0123,B058,MYS,2026-07-21,OA,30,USD,11300.0,11300.0,1479.77,16721401.0,2026-08-20,0.0,N,0,,,2026-08-20,paid,15744855.0,,-976546.0
INV-2607-0124,B058,MYS,2026-07-21,OA,30,USD,15720.0,15720.0,1479.77,23261984.0,2026-08-20,0.0,N,0,,,2026-08-20,paid,21903462.0,,-1358522.0
INV-2607-0125,B064,USA,2026-07-21,TT_SPLIT_30_70,30,USD,9760.0,9760.0,1479.77,14442555.0,2026-08-20,0.3,Y,0,,,2026-08-08,paid,14135564.0,,-306991.0
INV-2607-0126,B087,TWN,2026-07-21,TT_SPLIT_30_70,30,USD,2850.0,2850.0,1479.77,4217344.0,2026-08-20,0.3,Y,0,,,2026-08-09,paid,4104881.0,,-112463.0
INV-2607-0127,B098,IND,2026-07-21,OA,30,USD,9390.0,9390.0,1479.77,13895040.0,2026-08-20,0.0,Y,0,,,2026-08-17,paid,13248717.0,,-646323.0
INV-2607-0128,B106,TUR,2026-07-21,LC_SIGHT,0,USD,2580.0,2580.0,1479.77,3817807.0,2026-07-26,0.0,N,0,,0,2026-07-26,paid,3768761.0,,-49046.0
INV-2607-0129,B108,VNM,2026-07-21,OA,90,USD,3650.0,3650.0,1479.77,5401160.0,2026-10-19,0.0,Y,0,,,,open,,4951262.0,-449898.0
INV-2607-0130,B111,TWN,2026-07-21,DA,90,USD,8010.0,8010.0,1479.77,11852958.0,2026-10-19,0.0,N,0,,,,open,,10865645.0,-987313.0
INV-2607-0131,B140,USA,2026-07-21,TT_SPLIT_30_70,30,USD,4610.0,4610.0,1479.77,6821740.0,2026-08-20,0.3,Y,0,,,2026-08-20,paid,6560648.0,,-261092.0
INV-2607-0132,B148,ARE,2026-07-21,OA,60,USD,36740.0,36740.0,1479.77,54366750.0,2026-09-19,0.0,N,0,,,2026-09-23,paid,50223213.0,,-4143537.0
INV-2607-0133,B005,VNM,2026-07-22,OA,90,USD,13160.0,13160.0,1476.63,19432451.0,2026-10-20,0.0,Y,0,,,,open,,17851672.0,-1580779.0
INV-2607-0134,B009,CHN,2026-07-22,TT_ADV,0,CNY,70600.0,10424.36,218.03,15392918.0,2026-07-22,1.0,N,0,,,2026-07-14,paid,15541178.0,,148260.0
INV-2607-0135,B011,IND,2026-07-22,LC_SIGHT,0,USD,5750.0,5750.0,1476.63,8490622.0,2026-07-30,0.0,N,0,,0,2026-07-30,paid,8188288.0,,-302334.0
INV-2607-0136,B061,IND,2026-07-22,DA,60,USD,7670.0,7670.0,1476.63,11325752.0,2026-09-20,0.0,N,0,,,2026-09-18,paid,10645730.0,,-680022.0
INV-2607-0137,B086,DEU,2026-07-22,OA,90,EUR,35750.0,40805.16,1685.43,60254122.0,2026-10-20,0.0,N,0,,,,open,,55284515.0,-4969607.0
INV-2607-0138,B092,POL,2026-07-22,TT_SPLIT_30_70,30,EUR,3530.0,4029.15,1685.43,5949568.0,2026-08-21,0.3,N,0,,,2026-08-21,paid,5868032.0,,-81536.0
INV-2607-0139,B116,GBR,2026-07-22,OA,60,USD,10240.0,10240.0,1476.63,15120691.0,2026-09-20,0.0,Y,0,,,2026-09-20,paid,14212813.0,,-907878.0
INV-2607-0140,B140,USA,2026-07-22,OA,60,USD,20790.0,20790.0,1476.63,30699138.0,2026-09-20,0.0,Y,0,,,,open,,28201843.0,-2497295.0
INV-2607-0141,B012,IDN,2026-07-23,TT_ADV,0,USD,17540.0,17540.0,1474.88,25869395.0,2026-07-23,1.0,N,0,,,2026-07-14,paid,26139160.0,,269765.0
INV-2607-0142,B023,IDN,2026-07-23,DA,90,USD,6250.0,6250.0,1474.88,9218000.0,2026-10-21,0.0,Y,0,,,,open,,8478188.0,-739812.0
INV-2607-0143,B037,SAU,2026-07-23,DA,90,USD,6320.0,6320.0,1474.88,9321242.0,2026-10-21,0.0,Y,0,,,,open,,8573143.0,-748099.0
INV-2607-0144,B078,VNM,2026-07-23,TT_SPLIT_30_70,30,USD,20620.0,20620.0,1474.88,30412026.0,2026-08-22,0.3,N,0,,,2026-08-23,paid,29530479.0,,-881547.0
INV-2607-0145,B093,NGA,2026-07-23,OA,30,USD,100140.0,100140.0,1474.88,147694483.0,2026-08-22,0.0,Y,0,,,2026-08-27,paid,138318375.0,,-9376108.0
INV-2607-0146,B108,VNM,2026-07-23,OA,90,USD,13290.0,13290.0,1474.88,19601155.0,2026-10-21,0.0,Y,1,PRICE,,,open,,18028018.0,-1573137.0
INV-2607-0147,B127,VNM,2026-07-23,TT_SPLIT_30_70,30,USD,10760.0,10760.0,1474.88,15869709.0,2026-08-22,0.3,N,0,,,2026-08-20,paid,15441396.0,,-428313.0
INV-2607-0148,B128,GBR,2026-07-23,OA,90,USD,7050.0,7050.0,1474.88,10397904.0,2026-10-21,0.0,N,0,,,,open,,9563396.0,-834508.0
INV-2607-0149,B022,IDN,2026-07-24,OA,90,USD,30330.0,30330.0,1460.76,44304851.0,2026-10-22,0.0,Y,0,,,,open,,41142948.0,-3161903.0
INV-2607-0150,B058,MYS,2026-07-24,OA,30,USD,18590.0,18590.0,1460.76,27155528.0,2026-08-23,0.0,N,0,,,2026-08-23,paid,25747336.0,,-1408192.0
INV-2607-0151,B064,USA,2026-07-24,TT_SPLIT_30_70,30,USD,11880.0,11880.0,1460.76,17353829.0,2026-08-23,0.3,Y,0,,,2026-08-20,paid,16997528.0,,-356301.0
INV-2607-0152,B108,VNM,2026-07-24,OA,90,USD,31540.0,31540.0,1460.76,46072370.0,2026-10-22,0.0,Y,1,QUALITY,,,open,,42784325.0,-3288045.0
INV-2607-0153,B062,USA,2026-07-25,OA,60,USD,17590.0,17590.0,1460.76,25694768.0,2026-09-23,0.0,Y,0,,,,open,,23861011.0,-1833757.0
INV-2607-0154,B063,CHN,2026-07-25,TT_ADV,0,CNY,259800.0,38364.59,215.71,56041458.0,2026-07-25,1.0,N,0,,,2026-07-11,paid,57548298.0,,1506840.0
INV-2607-0155,B117,CHN,2026-07-25,OA,30,USD,14230.0,14230.0,1460.76,20786615.0,2026-08-24,0.0,Y,0,,,2026-08-19,paid,19756790.0,,-1029825.0
INV-2607-0156,B056,USA,2026-07-26,OA,90,USD,7670.0,7670.0,1460.76,11204029.0,2026-10-24,0.0,Y,0,,,,open,,10404432.0,-799597.0
INV-2607-0157,B066,ARE,2026-07-26,TT_SPLIT_30_70,30,USD,69010.0,69010.0,1460.76,100807048.0,2026-08-25,0.3,Y,0,,,2026-08-21,paid,97875764.0,,-2931284.0
INV-2607-0158,B066,ARE,2026-07-26,DA,60,USD,12120.0,12120.0,1460.76,17704411.0,2026-09-24,0.0,Y,0,,,,open,,16488406.0,-1216005.0
INV-2607-0159,B076,POL,2026-07-26,OA,60,EUR,51970.0,59168.01,1663.08,86430268.0,2026-09-24,0.0,Y,1,QUANTITY,,2026-09-24,paid,80941196.0,,-5489072.0
INV-2607-0160,B087,TWN,2026-07-26,TT_SPLIT_30_70,30,USD,5790.0,5790.0,1460.76,8457800.0,2026-08-25,0.3,Y,0,,,2026-08-13,paid,8437385.0,,-20415.0
INV-2607-0161,B088,USA,2026-07-26,TT_ADV,0,USD,2900.0,2900.0,1460.76,4236204.0,2026-07-26,1.0,N,0,,,2026-07-06,paid,4439842.0,,203638.0
INV-2607-0162,B133,USA,2026-07-26,OA,90,USD,11530.0,11530.0,1460.76,16842563.0,2026-10-24,0.0,Y,0,,,,open,,15640560.0,-1202003.0
INV-2607-0163,B011,IND,2026-07-27,LC_SIGHT,0,USD,7140.0,7140.0,1467.54,10478236.0,2026-08-03,0.0,N,0,,0,2026-08-03,paid,10213699.0,,-264537.0
INV-2607-0164,B028,JPN,2026-07-27,OA,90,JPY,1104000.0,6743.66,8.9643,9896587.0,2026-10-25,0.0,Y,0,,,,open,,9527851.0,-368736.0
INV-2607-0165,B104,MEX,2026-07-27,OA,60,USD,10190.0,10190.0,1467.54,14954233.0,2026-09-25,0.0,Y,1,DOCS,,,open,,13822837.0,-1131396.0
INV-2607-0166,B106,TUR,2026-07-27,LC_SIGHT,0,USD,14550.0,14550.0,1467.54,21352707.0,2026-08-06,0.0,N,0,,0,2026-08-06,paid,20713526.0,,-639182.0
INV-2607-0167,B138,CHN,2026-07-27,OA,90,CNY,35700.0,5276.64,216.91,7743687.0,2026-10-25,0.0,Y,0,,,,open,,7216041.0,-527646.0
INV-2607-0168,B023,IDN,2026-07-28,DA,90,USD,4620.0,4620.0,1453.26,6714061.0,2026-10-26,0.0,Y,0,,,,open,,6267076.0,-446985.0
INV-2607-0169,B026,THA,2026-07-28,OA,60,USD,8920.0,8920.0,1453.26,12963079.0,2026-09-26,0.0,Y,1,QUALITY,,2026-09-22,paid,12122815.0,,-840264.0
INV-2607-0170,B029,CHN,2026-07-28,OA,60,USD,11940.0,11940.0,1453.26,17351924.0,2026-09-26,0.0,Y,1,QUALITY,,2026-09-29,paid,16436455.0,,-915469.0
INV-2607-0171,B002,CHN,2026-07-29,OA,90,USD,9170.0,9170.0,1446.32,13262754.0,2026-10-27,0.0,N,0,,,,open,,12439197.0,-823557.0
INV-2607-0172,B018,NLD,2026-07-29,OA,30,EUR,14970.0,17041.84,1646.49,24647955.0,2026-08-28,0.0,Y,0,,,2026-08-27,paid,24119596.0,,-528359.0
INV-2607-0173,B050,USA,2026-07-29,OA,60,USD,4570.0,4570.0,1446.32,6609682.0,2026-09-27,0.0,Y,0,,,2026-09-25,paid,6199251.0,,-410431.0
INV-2607-0174,B073,BRA,2026-07-29,OA,30,USD,5110.0,5110.0,1446.32,7390695.0,2026-08-28,0.0,N,1,QUANTITY,,2026-09-13,paid,6848933.0,,-541762.0
INV-2607-0175,B087,TWN,2026-07-29,TT_SPLIT_30_70,30,USD,7900.0,7900.0,1446.32,11425928.0,2026-08-28,0.3,Y,0,,,2026-09-05,paid,11082399.0,,-343529.0
INV-2607-0176,B120,JPN,2026-07-29,OA,60,JPY,374000.0,2282.45,8.8266,3301148.0,2026-09-27,0.0,N,1,QUANTITY,,2026-09-20,paid,3309115.0,,7967.0
INV-2607-0177,B026,THA,2026-07-30,OA,60,USD,20170.0,20170.0,1424.05,28723088.0,2026-09-28,0.0,Y,0,,,2026-09-24,paid,27504830.0,,-1218258.0
INV-2607-0178,B039,SAU,2026-07-30,TT_SPLIT_30_70,30,USD,1400.0,1400.0,1424.05,1993670.0,2026-08-29,0.3,N,0,,,2026-08-29,paid,1985501.0,,-8169.0
INV-2607-0179,B087,TWN,2026-07-30,TT_SPLIT_30_70,30,USD,50060.0,50060.0,1424.05,71287943.0,2026-08-29,0.3,Y,0,,,,open,,69345299.0,-1942644.0
INV-2607-0180,B108,VNM,2026-07-30,OA,90,USD,4490.0,4490.0,1424.05,6393984.0,2026-10-28,0.0,Y,0,,,,open,,6090730.0,-303254.0
INV-2607-0181,B124,CHN,2026-07-30,OA,60,CNY,116900.0,17305.35,210.81,24643689.0,2026-09-28,0.0,N,0,,,2026-09-16,paid,23840586.0,,-803103.0
INV-2607-0182,B081,JPN,2026-07-31,LC_USANCE,60,JPY,402000.0,2525.77,9.0275,3629055.0,2026-09-29,0.0,N,0,,0,2026-09-29,paid,3469381.0,,-159674.0
INV-2607-0183,B090,USA,2026-07-31,TT_ADV,0,USD,2790.0,2790.0,1436.81,4008700.0,2026-07-31,1.0,N,0,,,2026-07-01,paid,4326146.0,,317446.0
INV-2607-0184,B127,VNM,2026-07-31,DP,0,USD,9110.0,9110.0,1436.81,13089339.0,2026-08-12,0.0,N,0,,,2026-08-12,paid,12902493.0,,-186846.0
INV-2608-0001,B001,NLD,2026-08-01,OA,90,EUR,3610.0,4158.36,1655.06,5974767.0,2026-10-30,0.0,N,0,,,,open,,5582576.0,-392191.0
INV-2608-0002,B015,TWN,2026-08-01,DA,90,USD,7680.0,7680.0,1436.81,11034701.0,2026-10-30,0.0,N,0,,,,open,,10417997.0,-616704.0
INV-2608-0003,B028,JPN,2026-08-01,OA,90,JPY,2647000.0,16631.14,9.0275,23895792.0,2026-10-30,0.0,Y,1,PRICE,,,open,,22844404.0,-1051388.0
INV-2608-0004,B028,JPN,2026-08-01,OA,90,JPY,1851000.0,11629.86,9.0275,16709902.0,2026-10-30,0.0,Y,0,,,,open,,15974685.0,-735217.0
INV-2608-0005,B068,THA,2026-08-01,OA,60,USD,57020.0,57020.0,1436.81,81926906.0,2026-09-30,0.0,N,0,,,,open,,77348200.0,-4578706.0
INV-2608-0006,B128,GBR,2026-08-01,OA,90,USD,7350.0,7350.0,1436.81,10560554.0,2026-10-30,0.0,N,0,,,,open,,9970348.0,-590206.0
INV-2608-0007,B135,TUR,2026-08-01,OA,30,USD,5520.0,5520.0,1436.81,7931191.0,2026-08-31,0.0,Y,1,QUALITY,,2026-09-30,paid,7487935.0,,-443256.0
INV-2608-0008,B148,ARE,2026-08-01,OA,60,USD,52450.0,52450.0,1436.81,75360684.0,2026-09-30,0.0,N,0,,,,open,,71313590.0,-4047094.0
INV-2608-0009,B025,DEU,2026-08-02,OA,60,EUR,1370.0,1578.1,1655.06,2267432.0,2026-10-01,0.0,Y,0,,,,open,,2118595.0,-148837.0
INV-2608-0010,B062,USA,2026-08-02,TT_ADV,0,USD,38400.0,38400.0,1436.81,55173504.0,2026-08-02,1.0,N,0,,,2026-07-15,paid,57154176.0,,1980672.0
INV-2608-0011,B087,TWN,2026-08-02,TT_SPLIT_30_70,30,USD,8620.0,8620.0,1436.81,12385302.0,2026-09-01,0.3,Y,0,,,,open,,12008091.0,-377211.0
INV-2608-0012,B131,NGA,2026-08-02,LC_SIGHT,0,USD,1030.0,1030.0,1436.81,1479914.0,2026-08-12,0.0,N,0,,0,2026-08-12,paid,1458789.0,,-21125.0
INV-2608-0013,B144,TUR,2026-08-02,OA,60,USD,14020.0,14020.0,1436.81,20144076.0,2026-10-01,0.0,N,0,,,,open,,19018270.0,-1125806.0
INV-2608-0014,B001,NLD,2026-08-03,OA,90,EUR,5620.0,6468.05,1646.35,9252487.0,2026-11-01,0.0,N,0,,,,open,,8690880.0,-561607.0
INV-2608-0015,B079,JPN,2026-08-03,OA,60,JPY,3719000.0,23693.87,9.1137,33893850.0,2026-10-02,0.0,Y,0,,,2026-09-12,paid,32428564.0,,-1465286.0
INV-2608-0016,B128,GBR,2026-08-03,OA,90,USD,28460.0,28460.0,1430.49,40711745.0,2026-11-01,0.0,N,0,,,,open,,38606275.0,-2105470.0
INV-2608-0017,B132,IDN,2026-08-03,OA,60,USD,23680.0,23680.0,1430.49,33874003.0,2026-10-02,0.0,Y,0,,,2026-09-28,paid,32122157.0,,-1751846.0
INV-2608-0018,B098,IND,2026-08-04,OA,30,USD,18110.0,18110.0,1427.48,25851663.0,2026-09-03,0.0,Y,0,,,2026-09-02,paid,24608774.0,,-1242890.0
INV-2608-0019,B098,IND,2026-08-04,OA,30,USD,138740.0,138740.0,1427.48,198048575.0,2026-09-03,0.0,Y,0,,,2026-09-03,paid,188254919.0,,-9793656.0
INV-2608-0020,B109,VNM,2026-08-04,OA,30,USD,6300.0,6300.0,1427.48,8993124.0,2026-09-03,0.0,Y,0,,,2026-08-27,paid,8701875.0,,-291249.0
INV-2608-0021,B029,CHN,2026-08-05,OA,60,USD,7620.0,7620.0,1424.0,10850880.0,2026-10-04,0.0,Y,0,,,2026-09-29,paid,10336606.0,,-514274.0
INV-2608-0022,B045,ARE,2026-08-05,OA,60,USD,11050.0,11050.0,1424.0,15735200.0,2026-10-04,0.0,Y,0,,,2026-09-27,paid,14989436.0,,-745764.0
INV-2608-0023,B132,IDN,2026-08-05,OA,60,USD,8030.0,8030.0,1424.0,11434720.0,2026-10-04,0.0,Y,0,,,,open,,10892775.0,-541945.0
INV-2608-0024,B096,USA,2026-08-06,OA,90,USD,7930.0,7930.0,1423.61,11289227.0,2026-11-04,0.0,Y,0,,,,open,,10757124.0,-532103.0
INV-2608-0025,B144,TUR,2026-08-06,TT_ADV,0,USD,4510.0,4510.0,1423.61,6420481.0,2026-08-06,1.0,N,0,,,2026-07-09,paid,6804508.0,,384027.0
INV-2608-0026,B026,THA,2026-08-07,OA,60,USD,1920.0,1920.0,1409.94,2707085.0,2026-10-06,0.0,Y,0,,,2026-09-30,paid,2611611.0,,-95474.0
INV-2608-0027,B028,JPN,2026-08-07,OA,90,JPY,14706000.0,93347.44,8.9497,131614288.0,2026-11-05,0.0,Y,0,,,,open,,126917192.0,-4697096.0
INV-2608-0028,B028,JPN,2026-08-07,OA,90,JPY,858000.0,5446.22,8.9497,7678843.0,2026-11-05,0.0,Y,0,,,,open,,7404797.0,-274046.0
INV-2608-0029,B064,USA,2026-08-07,TT_SPLIT_30_70,30,USD,19490.0,19490.0,1409.94,27479731.0,2026-09-06,0.3,Y,0,,,2026-08-31,paid,27300890.0,,-178841.0
INV-2608-0030,B119,IND,2026-08-07,DA,90,USD,9720.0,9720.0,1409.94,13704617.0,2026-11-05,0.0,Y,0,,,,open,,13185277.0,-519340.0
INV-2608-0031,B140,USA,2026-08-07,OA,60,USD,11620.0,11620.0,1409.94,16383503.0,2026-10-06,0.0,Y,1,PRICE,,,open,,15762646.0,-620857.0
INV-2608-0032,B001,NLD,2026-08-08,OA,90,EUR,8870.0,10252.84,1629.75,14455882.0,2026-11-06,0.0,N,1,PRICE,,,open,,13716745.0,-739137.0
INV-2608-0033,B021,CHN,2026-08-08,OA,60,CNY,389300.0,57696.16,208.96,81348128.0,2026-10-07,0.0,N,0,,,,open,,78689209.0,-2658919.0
INV-2608-0034,B040,IND,2026-08-08,LC_USANCE,90,USD,1940.0,1940.0,1409.94,2735284.0,2026-11-06,0.0,N,0,,0,,open,,2631629.0,-103655.0
INV-2608-0035,B079,JPN,2026-08-08,OA,60,JPY,971000.0,6163.5,8.9497,8690159.0,2026-10-07,0.0,Y,1,PRICE,,,open,,8380021.0,-310138.0
INV-2608-0036,B087,TWN,2026-08-08,TT_SPLIT_30_70,30,USD,4430.0,4430.0,1409.94,6246034.0,2026-09-07,0.3,Y,0,,,,open,,6116058.0,-129976.0
INV-2608-0037,B109,VNM,2026-08-08,OA,30,USD,4150.0,4150.0,1409.94,5851251.0,2026-09-07,0.0,Y,0,,,2026-09-12,paid,5562245.0,,-289006.0
INV-2608-0038,B040,IND,2026-08-09,LC_USANCE,90,USD,16280.0,16280.0,1409.94,22953823.0,2026-11-07,0.0,N,0,,0,,open,,22083983.0,-869840.0
INV-2608-0039,B087,TWN,2026-08-09,TT_SPLIT_30_70,30,USD,5900.0,5900.0,1409.94,8318646.0,2026-09-08,0.3,Y,0,,,,open,,8199932.0,-118714.0
INV-2608-0040,B140,USA,2026-08-09,OA,60,USD,8580.0,8580.0,1409.94,12097285.0,2026-10-08,0.0,Y,1,QUANTITY,,,open,,11638856.0,-458429.0
INV-2608-0041,B004,EGY,2026-08-10,LC_SIGHT,0,USD,1550.0,1550.0,1417.54,2197187.0,2026-08-17,0.0,N,0,,0,2026-08-17,paid,2189840.0,,-7347.0
INV-2608-0042,B034,DEU,2026-08-10,OA,30,EUR,178650.0,206376.2,1637.54,292546521.0,2026-09-09,0.0,N,1,QUANTITY,,2026-09-08,paid,278593956.0,,-13952565.0
INV-2608-0043,B049,ARE,2026-08-10,DA,90,USD,24300.0,24300.0,1417.54,34446222.0,2026-11-08,0.0,N,0,,,,open,,32963193.0,-1483029.0
INV-2608-0044,B057,VNM,2026-08-10,TT_ADV,0,USD,21200.0,21200.0,1417.54,30051848.0,2026-08-10,1.0,N,0,,,2026-08-01,paid,30460372.0,,408524.0
INV-2608-0045,B081,JPN,2026-08-10,TT_ADV,0,JPY,1304000.0,8206.46,8.921,11632984.0,2026-08-10,1.0,N,0,,,2026-08-07,paid,11670409.0,,37425.0
INV-2608-0046,B094,VNM,2026-08-10,OA,90,USD,9290.0,9290.0,1417.54,13168947.0,2026-11-08,0.0,Y,0,,,,open,,12601978.0,-566969.0
INV-2608-0047,B120,JPN,2026-08-10,OA,60,JPY,1075000.0,6765.29,8.921,9590075.0,2026-10-09,0.0,N,0,,,2026-09-26,paid,9277572.0,,-312502.0
INV-2608-0048,B129,CHN,2026-08-10,OA,30,USD,4850.0,4850.0,1417.54,6875069.0,2026-09-09,0.0,Y,1,PRICE,,2026-09-11,paid,6500455.0,,-374614.0
INV-2608-0049,B050,USA,2026-08-11,OA,60,USD,3260.0,3260.0,1412.93,4606152.0,2026-10-10,0.0,Y,0,,,,open,,4422223.0,-183929.0
INV-2608-0050,B089,NGA,2026-08-11,LC_SIGHT,0,USD,11700.0,11700.0,1412.93,16531281.0,2026-08-20,0.0,N,0,,0,2026-08-20,paid,16302195.0,,-229086.0
INV-2608-0051,B121,IND,2026-08-11,DA,90,USD,9480.0,9480.0,1412.93,13394576.0,2026-11-09,0.0,Y,0,,,,open,,12859715.0,-534861.0
INV-2608-0052,B127,VNM,2026-08-11,DP,0,USD,8200.0,8200.0,1412.93,11586026.0,2026-08-26,0.0,N,0,,,2026-08-26,paid,11366594.0,,-219432.0
INV-2608-0053,B031,MEX,2026-08-12,OA,60,USD,17960.0,17960.0,1416.3,25436748.0,2026-10-11,0.0,Y,0,,,,open,,24362920.0,-1073828.0
INV-2608-0054,B073,BRA,2026-08-12,OA,30,USD,48270.0,48270.0,1416.3,68364801.0,2026-09-11,0.0,N,0,,,,open,,65478738.0,-2886063.0
INV-2608-0055,B092,POL,2026-08-12,TT_SPLIT_30_70,30,EUR,3480.0,4015.92,1634.41,5687747.0,2026-09-11,0.3,N,0,,,2026-09-03,paid,5560629.0,,-127118.0
INV-2608-0056,B111,TWN,2026-08-12,DA,90,USD,19000.0,19000.0,1416.3,26909700.0,2026-11-10,0.0,N,0,,,,open,,25773690.0,-1136010.0
INV-2608-0057,B148,ARE,2026-08-12,OA,60,USD,26980.0,26980.0,1416.3,38211774.0,2026-10-11,0.0,N,1,PRICE,,,open,,36598640.0,-1613134.0
INV-2608-0058,B105,JPN,2026-08-13,OA,60,JPY,1258000.0,7894.62,8.8987,11194565.0,2026-10-12,0.0,Y,1,QUALITY,,,open,,10856917.0,-337648.0
INV-2608-0059,B018,NLD,2026-08-14,OA,30,EUR,4180.0,4840.86,1637.89,6846380.0,2026-09-13,0.0,Y,0,,,2026-08-27,paid,6728588.0,,-117792.0
INV-2608-0060,B082,JPN,2026-08-14,OA,60,JPY,1859000.0,11676.44,8.8832,16513869.0,2026-10-13,0.0,Y,0,,,,open,,16043728.0,-470141.0
INV-2608-0061,B084,POL,2026-08-14,OA,90,EUR,3660.0,4238.65,1637.89,5994677.0,2026-11-12,0.0,N,0,,,,open,,5659897.0,-334780.0
INV-2608-0062,B088,USA,2026-08-14,TT_ADV,0,USD,36760.0,36760.0,1414.29,51989300.0,2026-08-14,1.0,N,0,,,2026-08-09,paid,51829394.0,,-159906.0
INV-2608-0063,B089,NGA,2026-08-14,LC_SIGHT,0,USD,9150.0,9150.0,1414.29,12940754.0,2026-08-22,0.0,N,0,,0,2026-08-22,paid,12672842.0,,-267912.0
INV-2608-0064,B106,TUR,2026-08-14,LC_SIGHT,0,USD,38020.0,38020.0,1414.29,53771306.0,2026-08-23,0.0,N,0,,0,2026-08-23,paid,52658080.0,,-1113226.0
INV-2608-0065,B141,DEU,2026-08-14,DA,60,EUR,27290.0,31604.56,1637.89,44698018.0,2026-10-13,0.0,N,0,,,,open,,42201802.0,-2496216.0
INV-2608-0066,B005,VNM,2026-08-15,OA,90,USD,7750.0,7750.0,1414.29,10960748.0,2026-11-13,0.0,Y,0,,,,open,,10512952.0,-447796.0
INV-2608-0067,B026,THA,2026-08-15,OA,60,USD,9470.0,9470.0,1414.29,13393326.0,2026-10-14,0.0,Y,0,,,,open,,12846150.0,-547176.0
INV-2608-0068,B086,DEU,2026-08-15,TT_ADV,0,EUR,9780.0,11326.22,1637.89,16018564.0,2026-08-15,1.0,N,0,,,2026-07-16,paid,16548738.0,,530174.0
INV-2608-0069,B105,JPN,2026-08-15,OA,60,JPY,1819000.0,11425.2,8.8832,16158541.0,2026-10-14,0.0,Y,0,,,,open,,15698516.0,-460025.0
INV-2608-0070,B018,NLD,2026-08-16,TT_ADV,0,EUR,9310.0,10781.92,1637.89,15248756.0,2026-08-16,1.0,N,0,,,2026-08-13,paid,15222781.0,,-25975.0
INV-2608-0071,B021,CHN,2026-08-16,OA,60,CNY,37800.0,5607.36,209.8,7930440.0,2026-10-15,0.0,N,0,,,,open,,7640514.0,-289926.0
INV-2608-0072,B066,ARE,2026-08-16,DA,60,USD,5460.0,5460.0,1414.29,7722023.0,2026-10-15,0.0,Y,0,,,,open,,7406545.0,-315478.0
INV-2608-0073,B087,TWN,2026-08-16,TT_SPLIT_30_70,30,USD,6830.0,6830.0,1414.29,9659601.0,2026-09-15,0.3,Y,0,,,,open,,9448984.0,-210617.0
INV-2608-0074,B116,GBR,2026-08-16,TT_ADV,0,USD,1930.0,1930.0,1414.29,2729580.0,2026-08-16,1.0,N,0,,,2026-07-31,paid,2773043.0,,43463.0
INV-2608-0075,B128,GBR,2026-08-16,OA,90,USD,29800.0,29800.0,1414.29,42145842.0,2026-11-14,0.0,N,0,,,,open,,40423998.0,-1721844.0
INV-2608-0076,B140,USA,2026-08-16,OA,60,USD,15740.0,15740.0,1414.29,22260925.0,2026-10-15,0.0,Y,0,,,,open,,21351467.0,-909458.0
INV-2608-0077,B141,DEU,2026-08-16,DA,60,EUR,5450.0,6311.65,1637.89,8926500.0,2026-10-15,0.0,N,0,,,,open,,8427989.0,-498511.0
INV-2608-0078,B038,DEU,2026-08-17,TT_ADV,0,EUR,7570.0,8774.41,1637.58,12396481.0,2026-08-17,1.0,N,0,,,2026-07-31,paid,12528804.0,,132323.0
INV-2608-0079,B063,CHN,2026-08-17,TT_ADV,0,CNY,60900.0,9035.86,209.62,12765858.0,2026-08-17,1.0,N,0,,,2026-08-04,paid,12873042.0,,107184.0
INV-2608-0080,B080,JPN,2026-08-17,OA,60,JPY,3149000.0,19762.83,8.8666,27920923.0,2026-10-16,0.0,Y,0,,,,open,,27176815.0,-744108.0
INV-2608-0081,B082,JPN,2026-08-17,OA,60,JPY,621000.0,3897.34,8.8666,5506159.0,2026-10-16,0.0,Y,0,,,,open,,5359416.0,-146743.0
INV-2608-0082,B087,TWN,2026-08-17,TT_SPLIT_30_70,30,USD,10060.0,10060.0,1412.8,14212768.0,2026-09-16,0.3,Y,0,,,,open,,13830679.0,-382089.0
INV-2608-0083,B087,TWN,2026-08-17,TT_SPLIT_30_70,30,USD,5000.0,5000.0,1412.8,7064000.0,2026-09-16,0.3,Y,0,,,,open,,6938925.0,-125075.0
INV-2608-0084,B144,TUR,2026-08-17,OA,60,USD,7850.0,7850.0,1412.8,11090480.0,2026-10-16,0.0,N,0,,,,open,,10648604.0,-441876.0
INV-2608-0085,B064,USA,2026-08-18,TT_SPLIT_30_70,30,USD,13420.0,13420.0,1411.6,18943672.0,2026-09-17,0.3,Y,0,,,2026-09-13,paid,18598088.0,,-345584.0
INV-2608-0086,B086,DEU,2026-08-18,OA,90,EUR,5780.0,6693.23,1634.63,9448161.0,2026-11-16,0.0,N,1,DOCS,,,open,,8938308.0,-509853.0
INV-2608-0087,B133,USA,2026-08-18,OA,90,USD,4830.0,4830.0,1411.6,6818028.0,2026-11-16,0.0,Y,1,PRICE,,,open,,6551943.0,-266085.0
INV-2608-0088,B137,ARE,2026-08-18,TT_ADV,0,USD,2040.0,2040.0,1411.6,2879664.0,2026-08-18,1.0,N,0,,,2026-08-04,paid,2912059.0,,32395.0
INV-2608-0089,B057,VNM,2026-08-19,LC_USANCE,90,USD,14090.0,14090.0,1388.39,19562415.0,2026-11-17,0.0,N,0,,0,,open,,19113226.0,-449189.0
INV-2608-0090,B064,USA,2026-08-19,TT_SPLIT_30_70,30,USD,2490.0,2490.0,1388.39,3457091.0,2026-09-18,0.3,Y,0,,,2026-09-13,paid,3441531.0,,-15560.0
INV-2608-0091,B105,JPN,2026-08-19,OA,60,JPY,601000.0,3792.98,8.7623,5266142.0,2026-10-18,0.0,Y,1,DOCS,,,open,,5186810.0,-79332.0
INV-2608-0092,B007,NLD,2026-08-20,OA,90,EUR,2650.0,3094.93,1627.29,4312318.0,2026-11-18,0.0,Y,0,,,,open,,4098013.0,-214305.0
INV-2608-0093,B056,USA,2026-08-20,OA,90,USD,27960.0,27960.0,1393.35,38958066.0,2026-11-18,0.0,Y,0,,,,open,,37928020.0,-1030046.0
INV-2608-0094,B065,IND,2026-08-20,LC_SIGHT,0,USD,44150.0,44150.0,1393.35,61516402.0,2026-08-30,0.0,N,0,,0,2026-08-30,paid,60900952.0,,-615450.0
INV-2608-0095,B084,POL,2026-08-20,OA,90,EUR,15710.0,18347.67,1627.29,25564726.0,2026-11-18,0.0,N,0,,,,open,,24294258.0,-1270468.0
INV-2608-0096,B087,TWN,2026-08-20,OA,30,USD,2460.0,2460.0,1393.35,3427641.0,2026-09-19,0.0,Y,1,PRICE,,,open,,3337015.0,-90626.0
INV-2608-0097,B110,USA,2026-08-20,OA,90,USD,12610.0,12610.0,1393.35,17570144.0,2026-11-18,0.0,Y,0,,,,open,,17105591.0,-464553.0
INV-2608-0098,B053,DEU,2026-08-21,OA,60,EUR,18450.0,21557.04,1618.25,29856712.0,2026-10-20,0.0,N,0,,,,open,,28531449.0,-1325263.0
INV-2608-0099,B068,THA,2026-08-21,OA,60,USD,15740.0,15740.0,1385.01,21800057.0,2026-10-20,0.0,N,0,,,,open,,21351467.0,-448590.0
INV-2608-0100,B098,IND,2026-08-21,OA,30,USD,7810.0,7810.0,1385.01,10816928.0,2026-09-20,0.0,Y,0,,,2026-09-20,paid,10840046.0,,23118.0
INV-2608-0101,B119,IND,2026-08-21,OA,30,USD,21910.0,21910.0,1385.01,30345569.0,2026-09-20,0.0,Y,0,,,,open,,29721134.0,-624435.0
INV-2608-0102,B145,GBR,2026-08-21,TT_ADV,0,USD,8020.0,8020.0,1385.01,11107780.0,2026-08-21,1.0,N,0,,,2026-08-04,paid,11448390.0,,340610.0
INV-2608-0103,B028,JPN,2026-08-22,OA,90,JPY,1465000.0,9219.07,8.7157,12768500.0,2026-11-20,0.0,Y,1,QUANTITY,,,open,,12643390.0,-125110.0
INV-2608-0104,B036,VNM,2026-08-22,TT_ADV,0,USD,31390.0,31390.0,1385.01,43475464.0,2026-08-22,1.0,N,0,,,2026-08-11,paid,44351873.0,,876409.0
INV-2608-0105,B057,VNM,2026-08-22,LC_USANCE,90,USD,24170.0,24170.0,1385.01,33475692.0,2026-11-20,0.0,N,0,,0,,open,,32786847.0,-688845.0
INV-2608-0106,B058,MYS,2026-08-22,OA,30,USD,22060.0,22060.0,1385.01,30553321.0,2026-09-21,0.0,N,1,QUALITY,,2026-09-06,paid,29704011.0,,-849310.0
INV-2608-0107,B068,THA,2026-08-22,OA,60,USD,15430.0,15430.0,1385.01,21370704.0,2026-10-21,0.0,N,0,,,,open,,20930949.0,-439755.0
INV-2608-0108,B086,DEU,2026-08-22,TT_ADV,0,EUR,4220.0,4930.66,1618.25,6829015.0,2026-08-22,1.0,N,0,,,2026-08-18,paid,6898139.0,,69124.0
INV-2608-0109,B120,JPN,2026-08-22,OA,60,JPY,1369000.0,8614.95,8.7157,11931793.0,2026-10-21,0.0,N,0,,,,open,,11814881.0,-116912.0
INV-2608-0110,B137,ARE,2026-08-22,TT_ADV,0,USD,28490.0,28490.0,1385.01,39458935.0,2026-08-22,1.0,N,0,,,2026-07-28,paid,41403377.0,,1944442.0
INV-2608-0111,B140,USA,2026-08-22,OA,60,USD,13760.0,13760.0,1385.01,19057738.0,2026-10-21,0.0,Y,1,DOCS,,,open,,18665578.0,-392160.0
INV-2608-0112,B028,JPN,2026-08-23,OA,90,JPY,4600000.0,28947.24,8.7157,40092220.0,2026-11-21,0.0,Y,1,QUALITY,,,open,,39699380.0,-392840.0
INV-2608-0113,B029,CHN,2026-08-23,OA,60,USD,14450.0,14450.0,1385.01,20013394.0,2026-10-22,0.0,Y,0,,,,open,,19601570.0,-411824.0
INV-2608-0114,B031,MEX,2026-08-23,OA,60,USD,6850.0,6850.0,1385.01,9487318.0,2026-10-22,0.0,Y,0,,,,open,,9292094.0,-195224.0
INV-2608-0115,B033,VNM,2026-08-23,LC_SIGHT,0,USD,12110.0,12110.0,1385.01,16772471.0,2026-08-30,0.0,N,0,,0,2026-08-30,paid,16704655.0,,-67816.0
INV-2608-0116,B137,ARE,2026-08-23,TT_ADV,0,USD,19750.0,19750.0,1385.01,27353948.0,2026-08-23,1.0,N,0,,,2026-07-30,paid,28124988.0,,771040.0
INV-2608-0117,B008,DEU,2026-08-24,OA,60,EUR,1230.0,1434.79,1613.44,1984531.0,2026-10-23,0.0,Y,0,,,,open,,1902097.0,-82434.0
INV-2608-0118,B028,JPN,2026-08-24,OA,90,JPY,829000.0,5208.29,8.6898,7203844.0,2026-11-22,0.0,Y,0,,,,open,,7154519.0,-49325.0
INV-2608-0119,B032,EGY,2026-08-24,OA,30,USD,18070.0,18070.0,1383.15,24993520.0,2026-09-23,0.0,Y,0,,,2026-09-23,paid,24701509.0,,-292011.0
INV-2608-0120,B034,DEU,2026-08-24,OA,30,EUR,21870.0,25511.28,1613.44,35285933.0,2026-09-23,0.0,N,0,,,2026-09-18,paid,34798888.0,,-487045.0
INV-2608-0121,B123,POL,2026-08-24,OA,60,EUR,4630.0,5400.88,1613.44,7470227.0,2026-10-23,0.0,Y,0,,,,open,,7159925.0,-310302.0
INV-2608-0122,B144,TUR,2026-08-24,OA,60,USD,1330.0,1330.0,1383.15,1839590.0,2026-10-23,0.0,N,1,QUALITY,,,open,,1804158.0,-35432.0
INV-2608-0123,B076,POL,2026-08-25,TT_ADV,0,EUR,17030.0,19879.1,1615.11,27505323.0,2026-08-25,1.0,N,0,,,2026-08-14,paid,27893267.0,,387944.0
INV-2608-0124,B094,VNM,2026-08-25,OA,90,USD,3740.0,3740.0,1383.63,5174776.0,2026-11-23,0.0,Y,0,,,,open,,5073347.0,-101429.0
INV-2608-0125,B101,IND,2026-08-25,DA,60,USD,17670.0,17670.0,1383.63,24448742.0,2026-10-24,0.0,Y,0,,,,open,,23969532.0,-479210.0
INV-2608-0126,B108,VNM,2026-08-25,TT_SPLIT_30_70,30,USD,70670.0,70670.0,1383.63,97781132.0,2026-09-24,0.3,Y,0,,,2026-09-23,paid,97805584.0,,24452.0
INV-2608-0127,B056,USA,2026-08-26,OA,90,USD,14750.0,14750.0,1386.17,20446008.0,2026-11-24,0.0,Y,0,,,,open,,20008522.0,-437486.0
INV-2608-0128,B084,POL,2026-08-26,OA,90,EUR,930.0,1083.55,1615.03,1501978.0,2026-11-24,0.0,N,1,QUANTITY,,,open,,1438171.0,-63807.0
INV-2608-0129,B086,DEU,2026-08-26,OA,90,EUR,16640.0,19387.3,1615.03,26874099.0,2026-11-24,0.0,N,0,,,,open,,25732429.0,-1141670.0
INV-2608-0130,B024,USA,2026-08-27,OA,30,USD,10080.0,10080.0,1381.25,13923000.0,2026-09-26,0.0,Y,0,,,2026-09-24,paid,13803955.0,,-119045.0
INV-2608-0131,B040,IND,2026-08-27,LC_USANCE,90,USD,3340.0,3340.0,1381.25,4613375.0,2026-11-25,0.0,N,0,,0,,open,,4530743.0,-82632.0
INV-2608-0132,B041,TUR,2026-08-27,OA,30,USD,13880.0,13880.0,1381.25,19171750.0,2026-09-26,0.0,Y,1,PRICE,,2026-09-26,paid,18828359.0,,-343391.0
INV-2608-0133,B043,CHN,2026-08-27,OA,90,CNY,155200.0,23096.01,205.55,31901360.0,2026-11-25,0.0,Y,0,,,,open,,31370576.0,-530784.0
INV-2608-0134,B062,USA,2026-08-27,OA,60,USD,3860.0,3860.0,1381.25,5331625.0,2026-10-26,0.0,Y,1,DOCS,,,open,,5236129.0,-95496.0
INV-2608-0135,B108,VNM,2026-08-27,OA,90,USD,4530.0,4530.0,1381.25,6257062.0,2026-11-25,0.0,Y,0,,,,open,,6144990.0,-112072.0
INV-2608-0136,B009,CHN,2026-08-28,DA,90,CNY,317000.0,47131.4,205.09,65013530.0,2026-11-26,0.0,Y,0,,,,open,,64075210.0,-938320.0
INV-2608-0137,B041,TUR,2026-08-28,OA,30,USD,11210.0,11210.0,1379.41,15463186.0,2026-09-27,0.0,Y,0,,,,open,,15206477.0,-256709.0
INV-2608-0138,B100,THA,2026-08-28,TT_SPLIT_30_70,30,USD,2570.0,2570.0,1379.41,3545084.0,2026-09-27,0.3,Y,0,,,2026-09-25,paid,3527425.0,,-17659.0
INV-2608-0139,B107,DEU,2026-08-28,OA,60,EUR,18240.0,21154.76,1599.84,29181082.0,2026-10-27,0.0,Y,0,,,,open,,28206701.0,-974381.0
INV-2608-0140,B146,BRA,2026-08-28,TT_ADV,0,USD,4230.0,4230.0,1379.41,5834904.0,2026-08-28,1.0,N,0,,,2026-07-29,paid,6117934.0,,283030.0
INV-2608-0141,B050,USA,2026-08-29,OA,60,USD,39580.0,39580.0,1379.41,54597048.0,2026-10-28,0.0,Y,0,,,,open,,53690666.0,-906382.0
INV-2608-0142,B068,THA,2026-08-29,OA,60,USD,2360.0,2360.0,1379.41,3255408.0,2026-10-28,0.0,N,0,,,,open,,3201364.0,-54044.0
INV-2608-0143,B014,USA,2026-08-30,LC_USANCE,90,USD,29910.0,29910.0,1379.41,41258153.0,2026-11-28,0.0,N,0,,0,,open,,40573214.0,-684939.0
INV-2608-0144,B026,THA,2026-08-30,OA,60,USD,2940.0,2940.0,1379.41,4055465.0,2026-10-29,0.0,Y,0,,,,open,,3988139.0,-67326.0
INV-2608-0145,B050,USA,2026-08-30,OA,60,USD,12930.0,12930.0,1379.41,17835771.0,2026-10-29,0.0,Y,0,,,,open,,17539674.0,-296097.0
INV-2608-0146,B073,BRA,2026-08-30,TT_ADV,0,USD,6280.0,6280.0,1379.41,8662695.0,2026-08-30,1.0,N,0,,,2026-08-20,paid,8750238.0,,87543.0
INV-2608-0147,B086,DEU,2026-08-30,OA,90,EUR,4440.0,5149.51,1599.84,7103290.0,2026-11-28,0.0,N,0,,,,open,,6866105.0,-237185.0
INV-2608-0148,B106,TUR,2026-08-30,LC_SIGHT,0,USD,2070.0,2070.0,1379.41,2855379.0,2026-09-07,0.0,N,0,,0,2026-09-07,paid,2787276.0,,-68103.0
INV-2608-0149,B121,IND,2026-08-30,DA,90,USD,8240.0,8240.0,1379.41,11366338.0,2026-11-28,0.0,Y,1,DOCS,,,open,,11177642.0,-188696.0
INV-2608-0150,B040,IND,2026-08-31,LC_USANCE,90,USD,4370.0,4370.0,1368.25,5979252.0,2026-11-29,0.0,N,0,,0,,open,,5927949.0,-51303.0
INV-2608-0151,B070,POL,2026-08-31,OA,60,EUR,7380.0,8573.37,1589.5,11730510.0,2026-10-30,0.0,Y,0,,,,open,,11412580.0,-317930.0
INV-2608-0152,B074,MYS,2026-08-31,OA,30,USD,5140.0,5140.0,1368.25,7032805.0,2026-09-30,0.0,N,0,,,2026-09-26,paid,6972461.0,,-60344.0
INV-2608-0153,B095,EGY,2026-08-31,OA,30,USD,1540.0,1540.0,1368.25,2107105.0,2026-09-30,0.0,Y,0,,,,open,,2089025.0,-18080.0
INV-2608-0154,B127,VNM,2026-08-31,DP,0,USD,1220.0,1220.0,1368.25,1669265.0,2026-09-11,0.0,N,0,,,2026-09-11,paid,1635166.0,,-34099.0
INV-2609-0001,B012,IDN,2026-09-01,DP,0,USD,19530.0,19530.0,1371.76,26790473.0,2026-09-11,0.0,N,0,,,2026-09-11,paid,26176059.0,,-614414.0
INV-2609-0002,B064,USA,2026-09-01,TT_SPLIT_30_70,30,USD,11400.0,11400.0,1371.76,15638064.0,2026-10-01,0.3,Y,0,,,2026-09-26,paid,15555323.0,,-82741.0
INV-2609-0003,B066,ARE,2026-09-01,OA,90,USD,11700.0,11700.0,1371.76,16049592.0,2026-11-30,0.0,Y,0,,,,open,,15871167.0,-178425.0
INV-2609-0004,B087,TWN,2026-09-01,TT_SPLIT_30_70,30,USD,7540.0,7540.0,1371.76,10343070.0,2026-10-01,0.3,Y,0,,,,open,,10380748.0,37678.0
INV-2609-0005,B098,IND,2026-09-01,OA,30,USD,6370.0,6370.0,1371.76,8738111.0,2026-10-01,0.0,Y,0,,,2026-09-30,paid,8640969.0,,-97142.0
INV-2609-0006,B053,DEU,2026-09-02,OA,60,EUR,7280.0,8438.98,1575.18,11467310.0,2026-11-01,0.0,N,0,,,,open,,11257938.0,-209372.0
INV-2609-0007,B057,VNM,2026-09-02,LC_USANCE,90,USD,5700.0,5700.0,1358.85,7745445.0,2026-12-01,0.0,N,0,,0,,open,,7732107.0,-13338.0
INV-2609-0008,B059,IDN,2026-09-02,OA,30,USD,10990.0,10990.0,1358.85,14933761.0,2026-10-02,0.0,Y,0,,,,open,,14908045.0,-25716.0
INV-2609-0009,B062,USA,2026-09-02,TT_ADV,0,USD,13860.0,13860.0,1358.85,18833661.0,2026-09-02,1.0,N,0,,,2026-08-26,paid,19212316.0,,378655.0
INV-2609-0010,B067,BRA,2026-09-02,DP,0,USD,30080.0,30080.0,1358.85,40874208.0,2026-09-12,0.0,N,0,,,2026-09-12,paid,40316224.0,,-557984.0
INV-2609-0011,B072,DEU,2026-09-02,OA,30,EUR,8490.0,9841.61,1575.18,13373278.0,2026-10-02,0.0,N,0,,,,open,,13129106.0,-244172.0
INV-2609-0012,B091,NLD,2026-09-02,DA,90,EUR,4020.0,4659.99,1575.18,6332224.0,2026-12-01,0.0,Y,0,,,,open,,6216608.0,-115616.0
INV-2609-0013,B098,IND,2026-09-02,OA,30,USD,3350.0,3350.0,1358.85,4552148.0,2026-10-02,0.0,Y,0,,,2026-09-30,paid,4544308.0,,-7840.0
INV-2609-0014,B018,NLD,2026-09-03,OA,30,EUR,2220.0,2580.3,1577.11,3501184.0,2026-10-03,0.0,Y,1,QUALITY,,,open,,3433052.0,-68132.0
INV-2609-0015,B057,VNM,2026-09-03,LC_USANCE,90,USD,5270.0,5270.0,1356.89,7150810.0,2026-12-02,0.0,N,0,,0,,open,,7148808.0,-2002.0
INV-2609-0016,B057,VNM,2026-09-03,LC_USANCE,90,USD,6430.0,6430.0,1356.89,8724803.0,2026-12-02,0.0,N,0,,0,,open,,8722359.0,-2444.0
INV-2609-0017,B068,THA,2026-09-03,OA,60,USD,14580.0,14580.0,1356.89,19783456.0,2026-11-02,0.0,N,1,DOCS,,,open,,19777916.0,-5540.0
INV-2609-0018,B098,IND,2026-09-03,OA,30,USD,13760.0,13760.0,1356.89,18670806.0,2026-10-03,0.0,Y,0,,,,open,,18665578.0,-5228.0
INV-2609-0019,B101,IND,2026-09-03,DA,60,USD,1880.0,1880.0,1356.89,2550953.0,2026-11-02,0.0,Y,0,,,,open,,2550239.0,-714.0
INV-2609-0020,B111,TWN,2026-09-03,DA,90,USD,1160.0,1160.0,1356.89,1573992.0,2026-12-02,0.0,N,1,QUALITY,,,open,,1573552.0,-440.0
INV-2609-0021,B117,CHN,2026-09-03,OA,30,USD,13050.0,13050.0,1356.89,17707414.0,2026-10-03,0.0,Y,1,QUALITY,,,open,,17702456.0,-4958.0
INV-2609-0022,B138,CHN,2026-09-03,OA,90,CNY,24100.0,3587.41,201.98,4867718.0,2026-12-02,0.0,Y,0,,,,open,,4871333.0,3615.0
INV-2609-0023,B064,USA,2026-09-04,TT_SPLIT_30_70,30,USD,36990.0,36990.0,1346.51,49807405.0,2026-10-04,0.3,Y,0,,,,open,,50859659.0,1052254.0
INV-2609-0024,B088,USA,2026-09-04,TT_ADV,0,USD,67930.0,67930.0,1346.51,91468424.0,2026-09-04,1.0,N,0,,,2026-08-23,paid,94083729.0,,2615305.0
INV-2609-0025,B098,IND,2026-09-04,TT_ADV,0,USD,14460.0,14460.0,1346.51,19470535.0,2026-09-04,1.0,N,0,,,2026-08-30,paid,19946269.0,,475734.0
INV-2609-0026,B101,IND,2026-09-04,DA,60,USD,2830.0,2830.0,1346.51,3810623.0,2026-11-03,0.0,Y,0,,,,open,,3838923.0,28300.0
INV-2609-0027,B122,JPN,2026-09-04,DA,60,JPY,2059000.0,13189.43,8.6254,17759699.0,2026-11-03,0.0,N,0,,,,open,,17769788.0,10089.0
INV-2609-0028,B128,GBR,2026-09-04,OA,90,USD,4540.0,4540.0,1346.51,6113155.0,2026-12-03,0.0,N,0,,,,open,,6158555.0,45400.0
INV-2609-0029,B140,USA,2026-09-04,OA,60,USD,19710.0,19710.0,1346.51,26539712.0,2026-11-03,0.0,Y,0,,,,open,,26736812.0,197100.0
INV-2609-0030,B028,JPN,2026-09-05,TT_ADV,0,JPY,2600000.0,16654.94,8.6254,22426040.0,2026-09-05,1.0,N,0,,,2026-08-09,paid,23269220.0,,843180.0
INV-2609-0031,B085,ARE,2026-09-05,OA,90,USD,120000.0,120000.0,1346.51,161581200.0,2026-12-04,0.1,Y,0,,,,open,,163163760.0,1582560.0
INV-2609-0032,B146,BRA,2026-09-05,OA,60,USD,4370.0,4370.0,1346.51,5884249.0,2026-11-04,0.0,N,0,,,,open,,5927949.0,43700.0
INV-2609-0033,B002,CHN,2026-09-06,OA,90,USD,900.0,900.0,1346.51,1211859.0,2026-12-05,0.0,N,0,,,,open,,1220859.0,9000.0
INV-2609-0034,B068,THA,2026-09-06,OA,60,USD,14980.0,14980.0,1346.51,20170720.0,2026-11-05,0.0,N,0,,,,open,,20320520.0,149800.0
INV-2609-0035,B086,DEU,2026-09-06,TT_ADV,0,EUR,8900.0,10340.05,1564.38,13922982.0,2026-09-06,1.0,N,0,,,2026-08-08,paid,14504775.0,,581793.0
INV-2609-0036,B123,POL,2026-09-06,OA,60,EUR,3380.0,3926.9,1564.38,5287604.0,2026-11-05,0.0,Y,0,,,,open,,5226900.0,-60704.0
INV-2609-0037,B134,MEX,2026-09-06,OA,60,USD,34260.0,34260.0,1346.51,46131433.0,2026-11-05,0.0,Y,1,DOCS,,,open,,46474033.0,342600.0
INV-2609-0038,B137,ARE,2026-09-06,TT_ADV,0,USD,3770.0,3770.0,1346.51,5076343.0,2026-09-06,1.0,N,0,,,2026-09-02,paid,5122864.0,,46522.0
INV-2609-0039,B139,DEU,2026-09-06,DA,90,EUR,7840.0,9108.54,1564.38,12264739.0,2026-12-05,0.0,Y,0,,,,open,,12123933.0,-140806.0
INV-2609-0040,B148,ARE,2026-09-06,OA,60,USD,18980.0,18980.0,1346.51,25556760.0,2026-11-05,0.0,N,1,DOCS,,,open,,25746560.0,189800.0
INV-2609-0041,B028,JPN,2026-09-07,OA,90,JPY,3286000.0,21049.28,8.6254,28343064.0,2026-12-06,0.0,Y,0,,,,open,,28359166.0,16102.0
INV-2609-0042,B029,CHN,2026-09-07,OA,60,USD,19490.0,19490.0,1346.51,26243480.0,2026-11-06,0.0,Y,0,,,,open,,26438380.0,194900.0
INV-2609-0043,B089,NGA,2026-09-07,LC_SIGHT,0,USD,4540.0,4540.0,1346.51,6113155.0,2026-09-17,0.0,N,0,,0,2026-09-17,paid,6267288.0,,154133.0
INV-2609-0044,B146,BRA,2026-09-07,OA,60,USD,4200.0,4200.0,1346.51,5655342.0,2026-11-06,0.0,N,0,,,,open,,5697342.0,42000.0
INV-2609-0045,B064,USA,2026-09-08,TT_SPLIT_30_70,30,USD,1890.0,1890.0,1341.22,2534906.0,2026-10-08,0.3,Y,0,,,,open,,2579963.0,45057.0
INV-2609-0046,B086,DEU,2026-09-08,OA,90,EUR,2730.0,3174.18,1559.44,4257271.0,2026-12-07,0.0,N,0,,,,open,,4221727.0,-35544.0
INV-2609-0047,B096,USA,2026-09-08,OA,90,USD,16570.0,16570.0,1341.22,22224015.0,2026-12-07,0.0,Y,0,,,,open,,22477371.0,253356.0
INV-2609-0048,B005,VNM,2026-09-09,TT_ADV,0,USD,35590.0,35590.0,1339.81,47683838.0,2026-09-09,1.0,N,0,,,2026-08-28,paid,49093202.0,,1409364.0
INV-2609-0049,B009,CHN,2026-09-09,DA,90,CNY,68600.0,10230.02,199.8,13706280.0,2026-12-08,0.0,Y,0,,,,open,,13866118.0,159838.0
INV-2609-0050,B028,JPN,2026-09-09,OA,90,JPY,1730000.0,11270.35,8.7284,15100132.0,2026-12-08,0.0,Y,1,QUALITY,,,open,,14930419.0,-169713.0
INV-2609-0051,B101,IND,2026-09-09,DA,60,USD,9510.0,9510.0,1339.81,12741593.0,2026-11-08,0.0,Y,0,,,,open,,12900410.0,158817.0
INV-2609-0052,B149,CHN,2026-09-09,OA,90,USD,4820.0,4820.0,1339.81,6457884.0,2026-12-08,0.0,Y,0,,,,open,,6538378.0,80494.0
INV-2609-0053,B034,DEU,2026-09-10,OA,30,EUR,10080.0,11722.01,1564.83,15773486.0,2026-10-10,0.0,N,0,,,,open,,15587914.0,-185572.0
INV-2609-0054,B059,IDN,2026-09-10,OA,30,USD,6020.0,6020.0,1345.63,8100693.0,2026-10-10,0.0,Y,0,,,,open,,8166190.0,65497.0
INV-2609-0055,B086,DEU,2026-09-10,OA,90,EUR,5590.0,6500.6,1564.83,8747400.0,2026-12-09,0.0,N,1,PRICE,,,open,,8644488.0,-102912.0
INV-2609-0056,B098,IND,2026-09-10,OA,30,USD,29320.0,29320.0,1345.63,39453872.0,2026-10-10,0.0,Y,1,QUANTITY,,,open,,39772873.0,319001.0
INV-2609-0057,B127,VNM,2026-09-10,DP,0,USD,41760.0,41760.0,1345.63,56193509.0,2026-09-24,0.0,N,0,,,2026-09-24,paid,57187814.0,,994305.0
INV-2609-0058,B093,NGA,2026-09-11,OA,30,USD,88060.0,88060.0,1340.3,118026818.0,2026-10-11,0.0,Y,0,,,,open,,119454271.0,1427453.0
INV-2609-0059,B106,TUR,2026-09-11,LC_SIGHT,0,USD,5680.0,5680.0,1340.3,7612904.0,2026-09-21,0.0,N,0,,0,2026-09-21,paid,7808921.0,,196017.0
INV-2609-0060,B123,POL,2026-09-11,OA,60,EUR,9110.0,10571.22,1555.28,14168601.0,2026-11-10,0.0,Y,0,,,,open,,14087886.0,-80715.0
INV-2609-0061,B029,CHN,2026-09-12,OA,60,USD,11090.0,11090.0,1340.3,14863927.0,2026-11-11,0.0,Y,1,QUANTITY,,,open,,15043696.0,179769.0
INV-2609-0062,B057,VNM,2026-09-12,LC_USANCE,90,USD,1950.0,1950.0,1340.3,2613585.0,2026-12-11,0.0,N,0,,0,,open,,2645194.0,31610.0
INV-2609-0063,B086,DEU,2026-09-12,OA,90,EUR,12260.0,14226.47,1555.28,19067733.0,2026-12-11,0.0,N,0,,,,open,,18959109.0,-108624.0
INV-2609-0064,B098,IND,2026-09-12,OA,30,USD,24340.0,24340.0,1340.3,32622902.0,2026-10-12,0.0,Y,0,,,,open,,33017453.0,394551.0
INV-2609-0065,B111,TWN,2026-09-12,TT_ADV,0,USD,8800.0,8800.0,1340.3,11794640.0,2026-09-12,1.0,N,0,,,2026-09-03,paid,11940632.0,,145992.0
INV-2609-0066,B120,JPN,2026-09-12,OA,60,JPY,436000.0,2836.52,8.7197,3801789.0,2026-11-11,0.0,N,0,,,,open,,3762811.0,-38978.0
INV-2609-0067,B135,TUR,2026-09-12,OA,30,USD,14890.0,14890.0,1340.3,19957067.0,2026-10-12,0.0,Y,0,,,,open,,20198434.0,241367.0
INV-2609-0068,B026,THA,2026-09-13,TT_ADV,0,USD,34750.0,34750.0,1340.3,46575425.0,2026-09-13,1.0,N,0,,,2026-09-05,paid,46791222.0,,215798.0
INV-2609-0069,B028,JPN,2026-09-13,OA,90,JPY,1483000.0,9648.08,8.7197,12931315.0,2026-12-12,0.0,Y,1,QUALITY,,,open,,12798735.0,-132580.0
INV-2609-0070,B033,VNM,2026-09-13,LC_SIGHT,0,USD,6660.0,6660.0,1340.3,8926398.0,2026-09-23,0.0,N,0,,0,2026-09-23,paid,9104153.0,,177755.0
INV-2609-0071,B050,USA,2026-09-13,OA,60,USD,12660.0,12660.0,1340.3,16968198.0,2026-11-12,0.0,Y,1,QUANTITY,,,open,,17173417.0,205219.0
INV-2609-0072,B066,ARE,2026-09-13,DA,60,USD,4020.0,4020.0,1340.3,5388006.0,2026-11-12,0.0,Y,0,,,,open,,5453170.0,65164.0
INV-2609-0073,B096,USA,2026-09-13,OA,90,USD,950.0,950.0,1340.3,1273285.0,2026-12-12,0.0,Y,0,,,,open,,1288684.0,15400.0
INV-2609-0074,B101,IND,2026-09-13,DA,60,USD,18910.0,18910.0,1340.3,25345073.0,2026-11-12,0.0,Y,0,,,,open,,25651604.0,306531.0
INV-2609-0075,B106,TUR,2026-09-13,LC_SIGHT,0,USD,19640.0,19640.0,1340.3,26323492.0,2026-09-23,0.0,N,0,,0,2026-09-23,paid,26847684.0,,524192.0
INV-2609-0076,B137,ARE,2026-09-13,TT_ADV,0,USD,9630.0,9630.0,1340.3,12907089.0,2026-09-13,1.0,N,0,,,2026-08-18,paid,13593708.0,,686619.0
INV-2609-0077,B063,CHN,2026-09-14,TT_ADV,0,CNY,19900.0,2966.53,200.74,3994726.0,2026-09-14,1.0,N,0,,,2026-08-21,paid,4100793.0,,106067.0
INV-2609-0078,B021,CHN,2026-09-15,OA,60,CNY,111200.0,16569.28,202.92,22564704.0,2026-11-14,0.0,N,0,,,,open,,22476856.0,-87848.0
INV-2609-0079,B053,DEU,2026-09-15,TT_ADV,0,EUR,14110.0,16285.81,1571.84,22178662.0,2026-09-15,1.0,N,0,,,2026-08-23,paid,22833508.0,,654846.0
INV-2609-0080,B057,VNM,2026-09-15,LC_USANCE,90,USD,3920.0,3920.0,1361.84,5338413.0,2026-12-14,0.0,N,0,,0,,open,,5317519.0,-20894.0
INV-2609-0081,B077,VNM,2026-09-15,DP,0,USD,5060.0,5060.0,1361.84,6890910.0,2026-09-30,0.0,N,0,,,2026-09-30,paid,6863941.0,,-26969.0
INV-2609-0082,B082,JPN,2026-09-15,OA,60,JPY,2686000.0,17316.68,8.7798,23582543.0,2026-11-14,0.0,Y,0,,,,open,,23180986.0,-401557.0
INV-2609-0083,B100,THA,2026-09-15,TT_SPLIT_30_70,30,USD,2580.0,2580.0,1361.84,3513547.0,2026-10-15,0.3,Y,0,,,2026-09-27,paid,3528310.0,,14763.0
INV-2609-0084,B110,USA,2026-09-15,OA,90,USD,11410.0,11410.0,1361.84,15538594.0,2026-12-14,0.0,Y,0,,,,open,,15477779.0,-60815.0
INV-2609-0085,B132,IDN,2026-09-15,OA,60,USD,3310.0,3310.0,1361.84,4507690.0,2026-11-14,0.0,Y,0,,,,open,,4490048.0,-17642.0
INV-2609-0086,B031,MEX,2026-09-16,OA,60,USD,3220.0,3220.0,1367.65,4403833.0,2026-11-15,0.0,Y,0,,,,open,,4367962.0,-35871.0
INV-2609-0087,B087,TWN,2026-09-16,TT_SPLIT_30_70,30,USD,6120.0,6120.0,1367.65,8370018.0,2026-10-16,0.3,Y,0,,,,open,,8273769.0,-96249.0
INV-2609-0088,B087,TWN,2026-09-16,TT_SPLIT_30_70,30,USD,45510.0,45510.0,1367.65,62241752.0,2026-10-16,0.3,Y,0,,,,open,,61598240.0,-643512.0
INV-2609-0089,B087,TWN,2026-09-16,TT_SPLIT_30_70,30,USD,31140.0,31140.0,1367.65,42588621.0,2026-10-16,0.3,Y,0,,,,open,,42507968.0,-80653.0
INV-2609-0090,B029,CHN,2026-09-17,OA,60,USD,10550.0,10550.0,1380.46,14563853.0,2026-11-16,0.0,Y,0,,,,open,,14311180.0,-252672.0
INV-2609-0091,B062,USA,2026-09-17,OA,60,USD,13490.0,13490.0,1380.46,18622405.0,2026-11-16,0.0,Y,0,,,,open,,18299320.0,-323085.0
INV-2609-0092,B086,DEU,2026-09-17,OA,90,EUR,66390.0,76209.08,1584.63,105203586.0,2026-12-16,0.0,N,0,,,,open,,102666824.0,-2536762.0
INV-2609-0093,B028,JPN,2026-09-18,OA,90,JPY,932000.0,5941.23,8.8479,8246243.0,2026-12-17,0.0,Y,0,,,,open,,8043440.0,-202803.0
INV-2609-0094,B033,VNM,2026-09-18,LC_SIGHT,0,USD,16100.0,16100.0,1387.97,22346317.0,2026-09-28,0.0,N,0,,0,2026-09-28,paid,21839811.0,,-506506.0
INV-2609-0095,B108,VNM,2026-09-18,OA,90,USD,11200.0,11200.0,1387.97,15545264.0,2026-12-17,0.0,Y,0,,,,open,,15192912.0,-352352.0
INV-2609-0096,B112,MEX,2026-09-18,TT_ADV,0,USD,13410.0,13410.0,1387.97,18612678.0,2026-09-18,1.0,N,0,,,2026-08-31,paid,18348232.0,,-264446.0
INV-2609-0097,B140,USA,2026-09-18,OA,60,USD,16400.0,16400.0,1387.97,22762708.0,2026-11-17,0.0,Y,0,,,,open,,22246764.0,-515944.0
INV-2609-0098,B037,SAU,2026-09-19,DA,90,USD,8450.0,8450.0,1387.97,11728346.0,2026-12-18,0.0,Y,0,,,,open,,11462510.0,-265836.0
INV-2609-0099,B066,ARE,2026-09-19,DA,60,USD,36040.0,36040.0,1387.97,50022439.0,2026-11-18,0.0,Y,1,QUALITY,,,open,,48888620.0,-1133819.0
INV-2609-0100,B088,USA,2026-09-19,TT_ADV,0,USD,20180.0,20180.0,1387.97,28009235.0,2026-09-19,1.0,N,0,,,2026-09-06,paid,27172572.0,,-836663.0
INV-2609-0101,B139,DEU,2026-09-19,DA,90,EUR,29890.0,34265.92,1591.17,47560071.0,2026-12-18,0.0,Y,0,,,,open,,46222494.0,-1337577.0
INV-2609-0102,B005,VNM,2026-09-20,OA,90,USD,228090.0,228090.0,1387.97,316582077.0,2026-12-19,0.0,Y,0,,,,open,,309406366.0,-7175711.0
INV-2609-0103,B041,TUR,2026-09-20,OA,30,USD,20970.0,20970.0,1387.97,29105731.0,2026-10-20,0.0,Y,1,QUALITY,,,open,,28446015.0,-659716.0
INV-2609-0104,B049,ARE,2026-09-20,TT_ADV,0,USD,7410.0,7410.0,1387.97,10284858.0,2026-09-20,1.0,N,0,,,2026-09-05,paid,9977639.0,,-307219.0
INV-2609-0105,B053,DEU,2026-09-20,OA,60,EUR,45820.0,52528.09,1591.17,72907409.0,2026-11-19,0.0,N,0,,,,open,,70856964.0,-2050445.0
INV-2609-0106,B078,VNM,2026-09-20,TT_SPLIT_30_70,30,USD,4190.0,4190.0,1387.97,5815594.0,2026-10-20,0.3,N,0,,,,open,,5702946.0,-112648.0
INV-2609-0107,B098,IND,2026-09-20,OA,30,USD,6770.0,6770.0,1387.97,9396557.0,2026-10-20,0.0,Y,0,,,,open,,9183573.0,-212984.0
INV-2609-0108,B141,DEU,2026-09-20,TT_ADV,0,EUR,10350.0,11865.25,1591.17,16468610.0,2026-09-20,1.0,N,0,,,2026-09-13,paid,16097148.0,,-371462.0
INV-2609-0109,B035,TWN,2026-09-21,OA,60,USD,17800.0,17800.0,1374.81,24471618.0,2026-11-20,0.0,N,0,,,,open,,24145878.0,-325740.0
INV-2609-0110,B041,TUR,2026-09-21,OA,30,USD,2130.0,2130.0,1374.81,2928345.0,2026-10-21,0.0,Y,0,,,,open,,2889366.0,-38979.0
INV-2609-0111,B057,VNM,2026-09-21,LC_USANCE,90,USD,1850.0,1850.0,1374.81,2543398.0,2026-12-20,0.0,N,0,,0,,open,,2509544.0,-33854.0
INV-2609-0112,B086,DEU,2026-09-21,OA,90,EUR,4850.0,5562.47,1576.77,7647334.0,2026-12-20,0.0,N,0,,,,open,,7500137.0,-147197.0
INV-2609-0113,B086,DEU,2026-09-21,TT_SPLIT_30_70,30,EUR,2950.0,3383.36,1576.77,4651472.0,2026-10-21,0.3,N,0,,,,open,,4569780.0,-81692.0
INV-2609-0114,B090,USA,2026-09-21,OA,60,USD,7550.0,7550.0,1374.81,10379816.0,2026-11-20,0.0,N,0,,,,open,,10241650.0,-138166.0
INV-2609-0115,B115,CHN,2026-09-21,DA,60,CNY,77900.0,11636.19,205.36,15997544.0,2026-11-20,0.0,Y,0,,,,open,,15745927.0,-251617.0
INV-2609-0116,B124,CHN,2026-09-21,OA,60,CNY,115200.0,17207.81,205.36,23657472.0,2026-11-20,0.0,N,0,,,,open,,23285376.0,-372096.0
INV-2609-0117,B040,IND,2026-09-22,LC_USANCE,90,USD,7940.0,7940.0,1359.06,10790936.0,2026-12-21,0.0,N,0,,0,,open,,10770689.0,-20247.0
INV-2609-0118,B042,BRA,2026-09-22,TT_ADV,0,USD,13310.0,13310.0,1359.06,18089089.0,2026-09-22,1.0,N,0,,,2026-09-08,paid,17851638.0,,-237451.0
INV-2609-0119,B121,IND,2026-09-22,DA,90,USD,9900.0,9900.0,1359.06,13454694.0,2026-12-21,0.0,Y,1,PRICE,,,open,,13429449.0,-25245.0
INV-2609-0120,B059,IDN,2026-09-23,OA,30,USD,18570.0,18570.0,1366.99,25385004.0,2026-10-23,0.0,Y,0,,,,open,,25190391.0,-194613.0
INV-2609-0121,B084,POL,2026-09-23,OA,90,EUR,3790.0,4318.33,1557.55,5903114.0,2026-12-22,0.0,N,0,,,,open,,5860932.0,-42182.0
INV-2609-0122,B119,IND,2026-09-23,DA,90,USD,4050.0,4050.0,1366.99,5536310.0,2026-12-22,0.0,Y,0,,,,open,,5493866.0,-42444.0
INV-2609-0123,B121,IND,2026-09-23,DA,90,USD,1130.0,1130.0,1366.99,1544699.0,2026-12-22,0.0,Y,0,,,,open,,1532856.0,-11843.0
INV-2609-0124,B123,POL,2026-09-23,OA,60,EUR,20190.0,23004.51,1557.55,31446934.0,2026-11-22,0.0,Y,0,,,,open,,31222220.0,-224714.0
INV-2609-0125,B127,VNM,2026-09-23,DP,0,USD,4130.0,4130.0,1366.99,5645669.0,2026-10-08,0.0,N,0,,,,open,,5602386.0,-43283.0
INV-2609-0126,B148,ARE,2026-09-23,OA,60,USD,5490.0,5490.0,1366.99,7504775.0,2026-11-22,0.0,N,0,,,,open,,7447240.0,-57535.0
INV-2609-0127,B149,CHN,2026-09-23,TT_SPLIT_30_70,30,USD,8780.0,8780.0,1366.99,12002172.0,2026-10-23,0.3,Y,0,,,,open,,11970476.0,-31696.0
INV-2609-0128,B031,MEX,2026-09-24,OA,60,USD,14540.0,14540.0,1369.44,19911658.0,2026-11-23,0.0,Y,0,,,,open,,19723655.0,-188003.0
INV-2609-0129,B086,DEU,2026-09-24,OA,90,EUR,4990.0,5675.11,1557.46,7771725.0,2026-12-23,0.0,N,0,,,,open,,7716636.0,-55089.0
INV-2609-0130,B098,IND,2026-09-24,TT_ADV,0,USD,11960.0,11960.0,1369.44,16378502.0,2026-09-24,1.0,N,0,,,2026-09-10,paid,16093735.0,,-284767.0
INV-2609-0131,B140,USA,2026-09-24,OA,60,USD,12040.0,12040.0,1369.44,16488058.0,2026-11-23,0.0,Y,0,,,,open,,16332380.0,-155678.0
INV-2609-0132,B066,ARE,2026-09-25,DA,60,USD,12720.0,12720.0,1356.51,17254807.0,2026-11-24,0.0,Y,1,QUANTITY,,,open,,17254807.0,0.0
INV-2609-0133,B082,JPN,2026-09-25,OA,60,JPY,1379000.0,8773.38,8.6303,11901184.0,2026-11-24,0.0,Y,0,,,,open,,11901184.0,-0.0
INV-2609-0134,B132,IDN,2026-09-25,OA,60,USD,7170.0,7170.0,1356.51,9726177.0,2026-11-24,0.0,Y,0,,,,open,,9726177.0,-0.0
INV-2609-0135,B001,NLD,2026-09-26,OA,90,EUR,5630.0,6418.19,1546.42,8706345.0,2026-12-25,0.0,N,0,,,,open,,8706345.0,-0.0
INV-2609-0136,B029,CHN,2026-09-26,OA,60,USD,33360.0,33360.0,1356.51,45253174.0,2026-11-25,0.0,Y,0,,,,open,,45253174.0,-0.0
INV-2609-0137,B029,CHN,2026-09-26,TT_ADV,0,USD,14430.0,14430.0,1356.51,19574439.0,2026-09-26,1.0,N,0,,,2026-09-02,paid,19608206.0,,33766.0
INV-2609-0138,B031,MEX,2026-09-26,OA,60,USD,8350.0,8350.0,1356.51,11326858.0,2026-11-25,0.0,Y,0,,,,open,,11326858.0,0.0
INV-2609-0139,B079,JPN,2026-09-26,OA,60,JPY,5844000.0,37180.32,8.6303,50435473.0,2026-11-25,0.0,Y,0,,,,open,,50435473.0,0.0
INV-2609-0140,B084,POL,2026-09-26,OA,90,EUR,10900.0,12425.99,1546.42,16855978.0,2026-12-25,0.0,N,1,QUALITY,,,open,,16855978.0,0.0
INV-2609-0141,B086,DEU,2026-09-26,OA,90,EUR,3600.0,4104.0,1546.42,5567112.0,2026-12-25,0.0,N,0,,,,open,,5567112.0,0.0
INV-2609-0142,B116,GBR,2026-09-26,OA,60,USD,1590.0,1590.0,1356.51,2156851.0,2026-11-25,0.0,Y,1,DOCS,,,open,,2156851.0,-0.0
INV-2609-0143,B127,VNM,2026-09-26,DP,0,USD,76010.0,76010.0,1356.51,103108325.0,2026-10-06,0.0,N,0,,,,open,,103108325.0,0.0
INV-2609-0144,B043,CHN,2026-09-27,OA,90,CNY,13400.0,1996.7,202.13,2708542.0,2026-12-26,0.0,Y,1,PRICE,,,open,,2708542.0,0.0
INV-2609-0145,B057,VNM,2026-09-27,LC_USANCE,90,USD,40390.0,40390.0,1356.51,54789439.0,2026-12-26,0.0,N,0,,0,,open,,54789439.0,-0.0
INV-2609-0146,B063,CHN,2026-09-27,TT_ADV,0,CNY,146900.0,21889.18,202.13,29692897.0,2026-09-27,1.0,N,0,,,2026-09-04,paid,29475485.0,,-217412.0
INV-2609-0147,B087,TWN,2026-09-27,TT_ADV,0,USD,5280.0,5280.0,1356.51,7162373.0,2026-09-27,1.0,N,0,,,2026-08-29,paid,7283285.0,,120912.0
INV-2609-0148,B132,IDN,2026-09-27,OA,60,USD,1460.0,1460.0,1356.51,1980505.0,2026-11-26,0.0,Y,0,,,,open,,1980505.0,-0.0
INV-2609-0149,B140,USA,2026-09-27,OA,60,USD,18210.0,18210.0,1356.51,24702047.0,2026-11-26,0.0,Y,0,,,,open,,24702047.0,0.0
INV-2609-0150,B005,VNM,2026-09-28,OA,90,USD,7160.0,7160.0,1356.51,9712612.0,2026-12-27,0.0,Y,1,QUALITY,,,open,,9712612.0,-0.0
INV-2609-0151,B047,MEX,2026-09-28,OA,90,USD,3270.0,3270.0,1356.51,4435788.0,2026-12-27,0.0,Y,0,,,,open,,4435788.0,-0.0
INV-2609-0152,B050,USA,2026-09-28,OA,60,USD,1930.0,1930.0,1356.51,2618064.0,2026-11-27,0.0,Y,0,,,,open,,2618064.0,0.0
INV-2609-0153,B089,NGA,2026-09-28,LC_SIGHT,0,USD,760.0,760.0,1356.51,1030948.0,2026-10-05,0.0,N,0,,0,,open,,1030948.0,-0.0
INV-2609-0154,B095,EGY,2026-09-28,OA,30,USD,7610.0,7610.0,1356.51,10323041.0,2026-10-28,0.0,Y,0,,,,open,,10323041.0,0.0
INV-2609-0155,B041,TUR,2026-09-29,OA,30,USD,8250.0,8250.0,1356.51,11191208.0,2026-10-29,0.0,Y,1,DOCS,,,open,,11191208.0,-0.0
INV-2609-0156,B078,VNM,2026-09-29,TT_SPLIT_30_70,30,USD,7070.0,7070.0,1356.51,9590526.0,2026-10-29,0.3,N,0,,,,open,,9569316.0,-21210.0
INV-2609-0157,B121,IND,2026-09-29,DA,90,USD,52600.0,52600.0,1356.51,71352426.0,2026-12-28,0.0,Y,0,,,,open,,71352426.0,0.0
INV-2609-0158,B137,ARE,2026-09-29,TT_ADV,0,USD,1710.0,1710.0,1356.51,2319632.0,2026-09-29,1.0,N,0,,,2026-09-18,paid,2373429.0,,53797.0
INV-2609-0159,B049,ARE,2026-09-30,DA,90,USD,15490.0,15490.0,1356.51,21012340.0,2026-12-29,0.0,N,0,,,,open,,21012340.0,-0.0
INV-2609-0160,B107,DEU,2026-09-30,OA,60,EUR,12620.0,14386.79,1546.42,19515820.0,2026-11-29,0.0,Y,0,,,,open,,19515820.0,0.0
INV-2609-0161,B145,GBR,2026-09-30,TT_ADV,0,USD,10320.0,10320.0,1356.51,13999183.0,2026-09-30,1.0,N,0,,,2026-09-17,paid,14246347.0,,247164.0
