buyer_id,ref_date,split_suggested,country_risk,limit_usage,open_ar_log,dpd_max_now,bal_31p_flag,dpd_trend_3m,avg_delay_6m,late_cnt_12m,inv_cnt_12m,amt_cv_6m,fx_vol_30d,fin_current_ratio,terms_days,noise_0,noise_1,late_30d
B001,2024-01-31,warmup,0.712,0.304,15.569,0,0,0.0,0.0,0,19,0.231,0.1159,2.106,90,-0.919,0.88,0
B003,2024-01-31,warmup,0.212,0.833,15.41,10,0,10.0,10.0,1,24,0.426,0.0905,1.156,120,1.606,1.29,0
B006,2024-01-31,warmup,0.558,0.0,16.047,0,0,0.0,0.0,0,16,0.489,0.0626,2.026,60,-2.003,0.161,0
B007,2024-01-31,warmup,0.082,0.0,14.336,0,0,0.0,0.0,0,10,0.34,0.0507,1.51,30,0.152,-1.932,0
B008,2024-01-31,warmup,0.343,0.466,14.16,0,0,0.0,0.0,0,10,0.016,0.1721,1.597,30,1.558,1.295,0
B009,2024-01-31,warmup,0.136,0.486,14.097,0,0,0.0,0.0,0,19,0.325,0.1104,2.528,60,-0.155,-0.079,0
B010,2024-01-31,warmup,0.893,0.732,14.617,0,0,0.0,0.0,0,24,0.544,0.1112,0.714,90,-0.978,0.584,0
B011,2024-01-31,warmup,0.183,0.384,14.393,0,0,0.0,0.0,0,15,0.47,0.0913,2.007,30,-0.483,1.079,0
B012,2024-01-31,warmup,0.548,0.378,14.93,0,0,0.0,0.0,0,20,0.305,0.1095,0.876,90,-0.147,-0.701,0
B014,2024-01-31,warmup,0.583,0.43,15.241,14,0,14.0,14.0,1,17,0.489,0.0893,1.034,60,2.324,0.768,0
B015,2024-01-31,warmup,0.265,0.521,15.533,0,0,0.0,0.0,0,20,0.344,0.0567,1.707,60,-1.584,-0.333,0
B016,2024-01-31,warmup,0.503,0.0,14.606,0,0,0.0,0.0,0,22,0.104,0.1423,1.806,30,-0.341,0.507,0
B017,2024-01-31,warmup,0.678,0.386,14.794,0,0,0.0,0.0,0,22,0.382,0.0424,0.878,30,0.701,2.502,0
B018,2024-01-31,warmup,0.166,0.267,14.131,0,0,0.0,0.0,0,12,0.234,0.0694,1.851,30,-0.091,-1.706,0
B019,2024-01-31,warmup,0.828,0.404,14.524,0,0,0.0,0.0,0,25,0.29,0.0884,1.139,60,-0.599,-0.47,0
B020,2024-01-31,warmup,0.117,0.345,15.537,10,0,10.0,10.0,1,17,0.351,0.0899,0.825,120,1.673,1.708,0
B021,2024-01-31,warmup,0.839,0.633,15.536,0,0,0.0,0.0,0,16,0.552,0.1434,1.242,30,0.847,1.41,0
B022,2024-01-31,warmup,0.221,0.244,15.377,0,0,0.0,0.0,0,18,0.34,0.1541,1.712,30,-0.425,0.128,0
B024,2024-01-31,warmup,0.409,0.581,15.161,0,0,0.0,0.0,0,13,0.376,0.0621,1.78,30,-0.231,-1.313,0
B025,2024-01-31,warmup,0.859,0.694,16.138,72,1,72.0,72.0,1,20,0.331,0.2257,0.815,60,1.675,1.343,1
B026,2024-01-31,warmup,0.532,0.118,15.17,18,0,18.0,18.0,1,15,0.425,0.0768,1.735,60,-0.774,1.991,0
B029,2024-01-31,warmup,0.457,0.068,15.32,0,0,0.0,0.0,0,18,0.333,0.1114,1.738,90,-1.202,-1.162,0
B030,2024-01-31,warmup,0.454,0.239,14.825,0,0,0.0,0.0,0,22,0.474,0.0732,1.942,30,1.024,0.835,0
B032,2024-01-31,warmup,0.394,0.336,16.696,0,0,0.0,0.0,0,21,0.327,0.0488,0.995,60,1.182,1.591,0
B033,2024-01-31,warmup,0.837,0.557,13.764,0,0,0.0,0.0,0,21,0.626,0.0728,0.843,60,-0.546,-0.181,0
B035,2024-01-31,warmup,0.112,0.354,15.999,0,0,0.0,0.0,0,15,0.388,0.0413,1.058,60,1.25,0.463,0
B036,2024-01-31,warmup,0.851,0.228,15.823,0,0,0.0,0.0,0,10,0.378,0.0934,1.088,60,0.544,-0.878,0
B037,2024-01-31,warmup,0.662,0.0,13.788,0,0,0.0,0.0,0,14,0.322,0.1049,1.749,30,0.212,-0.723,0
B038,2024-01-31,warmup,0.935,0.577,14.976,16,0,16.0,16.0,1,18,0.378,0.0322,0.174,60,1.218,0.563,0
B040,2024-01-31,warmup,0.446,0.398,17.005,0,0,0.0,0.0,0,14,0.224,0.1351,0.876,60,0.073,-1.237,0
B041,2024-01-31,warmup,0.7,0.656,14.51,0,0,0.0,0.0,0,15,0.392,0.151,1.493,30,1.281,0.094,0
B045,2024-01-31,warmup,0.121,0.346,14.421,0,0,0.0,0.0,0,13,0.396,0.1613,1.325,60,0.312,-0.793,0
B047,2024-01-31,warmup,0.155,0.214,15.074,0,0,0.0,0.0,0,18,0.589,0.0874,1.49,60,-0.015,0.192,0
B050,2024-01-31,warmup,0.073,0.259,14.173,0,0,0.0,0.0,0,9,0.358,0.1507,1.248,30,-1.203,0.536,0
B051,2024-01-31,warmup,0.509,0.159,14.59,0,0,0.0,0.0,0,22,0.097,0.0675,2.259,30,-1.329,1.13,0
B052,2024-01-31,warmup,0.825,0.597,15.535,0,0,0.0,0.0,0,11,0.367,0.1009,1.881,30,-1.105,-1.152,0
B054,2024-01-31,warmup,0.043,0.136,15.184,0,0,0.0,0.0,0,20,0.266,0.0444,1.178,60,0.102,-0.941,0
B055,2024-01-31,warmup,0.474,0.213,13.002,0,0,0.0,0.0,0,13,0.364,0.018,1.716,30,-0.178,-0.363,0
B056,2024-01-31,warmup,0.569,0.774,13.739,0,0,0.0,0.0,0,12,0.503,0.0711,1.342,30,0.84,0.232,0
B057,2024-01-31,warmup,0.373,0.266,15.04,16,0,16.0,16.0,1,21,0.377,0.0909,0.772,30,-0.089,-0.48,0
B059,2024-01-31,warmup,0.297,0.232,14.854,0,0,0.0,0.0,0,22,0.251,0.0383,1.404,90,0.211,0.56,0
B062,2024-01-31,warmup,0.773,0.579,14.052,0,0,0.0,0.0,0,19,0.295,0.1181,1.201,90,0.685,0.507,0
B063,2024-01-31,warmup,0.087,0.508,15.355,6,0,6.0,6.0,1,24,0.543,0.0651,0.848,120,0.88,0.314,0
B067,2024-01-31,warmup,0.441,0.169,15.066,0,0,0.0,0.0,0,14,0.571,0.1255,1.555,30,1.25,-0.653,0
B068,2024-01-31,warmup,0.513,0.213,14.837,0,0,0.0,0.0,0,19,0.081,0.131,2.243,60,-1.265,1.891,0
B069,2024-01-31,warmup,0.074,0.492,14.868,0,0,0.0,0.0,0,14,0.238,0.1037,0.535,90,0.897,0.044,0
B070,2024-01-31,warmup,0.424,0.27,15.152,0,0,0.0,0.0,0,17,0.085,0.084,1.903,60,-1.043,1.236,0
B071,2024-01-31,warmup,0.09,0.0,14.28,11,0,11.0,11.0,1,9,0.528,0.098,1.901,60,-0.451,-0.713,0
B072,2024-01-31,warmup,0.879,0.36,15.881,0,0,0.0,0.0,0,20,0.52,0.0791,0.901,60,1.303,0.336,0
B073,2024-01-31,warmup,0.119,0.429,15.132,0,0,0.0,0.0,0,14,0.3,0.0136,2.682,60,0.884,0.089,0
B074,2024-01-31,warmup,0.398,0.116,15.404,0,0,0.0,0.0,0,21,0.449,0.1167,1.827,60,1.54,1.128,0
B075,2024-01-31,warmup,0.185,0.541,13.231,0,0,0.0,0.0,0,17,0.516,0.1248,1.386,60,0.698,0.693,0
B076,2024-01-31,warmup,0.509,0.146,14.154,0,0,0.0,0.0,0,25,0.361,0.0764,1.695,120,0.987,-0.753,0
B077,2024-01-31,warmup,0.571,0.329,16.481,4,0,4.0,4.0,1,22,0.392,0.12,1.045,90,0.597,0.02,0
B078,2024-01-31,warmup,0.422,0.477,15.172,0,0,0.0,0.0,0,8,0.352,0.0658,1.371,30,0.725,-1.049,0
B079,2024-01-31,warmup,0.545,0.564,15.097,0,0,0.0,0.0,0,11,0.53,0.0826,2.09,30,2.35,0.272,0
B080,2024-01-31,warmup,0.398,0.234,13.621,0,0,0.0,0.0,0,12,0.409,0.09,1.469,60,-1.258,-0.25,0
B081,2024-01-31,warmup,0.118,0.314,14.908,0,0,0.0,0.0,0,13,0.466,0.1203,1.01,60,1.644,1.182,0
B082,2024-01-31,warmup,0.115,0.462,14.478,0,0,0.0,0.0,0,17,0.247,0.1294,1.339,90,0.631,1.878,0
B084,2024-01-31,warmup,0.507,0.581,13.455,0,0,0.0,0.0,0,24,0.458,0.0895,0.765,60,0.902,-0.078,0
B085,2024-01-31,warmup,0.707,0.389,15.367,0,0,0.0,0.0,0,19,0.067,0.1193,1.695,120,-0.846,1.18,0
B086,2024-01-31,warmup,0.087,0.348,14.78,0,0,0.0,0.0,0,25,0.223,0.0888,2.051,60,-1.022,0.57,0
B087,2024-01-31,warmup,0.222,0.381,15.402,0,0,0.0,0.0,0,22,0.324,0.0625,0.894,30,0.736,0.736,0
B090,2024-01-31,warmup,0.782,0.313,15.3,18,0,18.0,18.0,1,17,0.506,0.1298,0.758,90,-0.731,-1.44,0
B091,2024-01-31,warmup,0.238,0.103,16.596,0,0,0.0,0.0,0,21,0.317,0.1242,1.433,90,-0.363,-0.578,0
B092,2024-01-31,warmup,0.078,0.339,15.109,9,0,9.0,9.0,1,14,0.51,0.1563,1.547,60,0.353,-0.339,0
B095,2024-01-31,warmup,0.751,0.128,15.917,0,0,0.0,0.0,0,16,0.259,0.083,1.617,90,-0.869,-0.016,0
B096,2024-01-31,warmup,0.461,0.513,13.914,0,0,0.0,0.0,0,17,0.23,0.1265,1.82,30,0.75,2.043,0
B097,2024-01-31,warmup,0.227,0.424,15.0,0,0,0.0,0.0,0,20,0.576,0.0684,2.116,30,1.188,-0.406,0
B098,2024-01-31,warmup,0.494,0.243,17.323,0,0,0.0,0.0,0,15,0.241,0.1197,1.198,30,0.499,-0.403,0
B099,2024-01-31,warmup,0.534,0.6,14.654,0,0,0.0,0.0,0,19,0.441,0.0814,1.434,120,-1.438,-1.284,0
B100,2024-01-31,warmup,0.813,0.3,15.489,0,0,0.0,0.0,0,18,0.327,0.1013,1.179,60,-1.19,1.004,0
B102,2024-01-31,warmup,0.03,0.223,15.937,16,0,16.0,16.0,1,18,0.346,0.1155,1.504,90,-0.168,1.009,0
B103,2024-01-31,warmup,0.615,0.385,14.76,0,0,0.0,0.0,0,23,0.476,0.0866,1.21,120,-0.921,-0.524,0
B104,2024-01-31,warmup,0.491,0.426,15.173,0,0,0.0,0.0,0,17,0.409,0.0782,1.747,30,0.543,-1.511,0
B105,2024-01-31,warmup,0.787,0.58,15.867,0,0,0.0,0.0,0,24,0.322,0.0929,1.681,60,-1.26,0.923,0
B106,2024-01-31,warmup,0.762,0.355,15.145,20,0,20.0,20.0,1,12,0.303,0.0949,0.623,60,0.251,0.076,1
B107,2024-01-31,warmup,0.039,0.268,14.392,8,0,8.0,8.0,1,18,0.403,0.0701,1.548,30,-0.9,-1.286,0
B111,2024-01-31,warmup,0.071,0.081,13.838,0,0,0.0,0.0,0,10,0.238,0.0682,1.275,60,2.261,0.396,0
B112,2024-01-31,warmup,0.185,0.511,15.447,0,0,0.0,0.0,0,20,0.114,0.0484,1.669,30,-0.087,0.111,0
B113,2024-01-31,warmup,0.558,0.385,14.981,0,0,0.0,0.0,0,19,0.111,0.1355,1.106,30,0.615,-0.183,0
B114,2024-01-31,warmup,0.495,0.617,13.981,4,0,4.0,4.0,1,14,0.576,0.0956,0.291,90,0.571,-0.466,0
B116,2024-01-31,warmup,0.305,0.28,15.134,0,0,0.0,0.0,0,25,0.249,0.0902,1.689,60,-1.655,-0.233,0
B117,2024-01-31,warmup,0.23,0.313,17.095,0,0,0.0,0.0,0,18,0.253,0.1412,0.722,90,0.259,0.32,0
B118,2024-01-31,warmup,0.317,0.309,14.221,0,0,0.0,0.0,0,20,0.563,0.1585,0.757,60,1.161,-0.791,0
B119,2024-01-31,warmup,0.154,0.249,13.63,0,0,0.0,0.0,0,16,0.433,0.133,2.107,120,-1.223,0.519,0
B121,2024-01-31,warmup,0.438,0.512,16.646,0,0,0.0,0.0,0,18,0.338,0.1256,1.716,90,0.175,-1.335,0
B124,2024-01-31,warmup,0.568,0.219,14.825,0,0,0.0,0.0,0,20,0.465,0.0994,1.247,90,-0.017,-2.284,0
B125,2024-01-31,warmup,0.847,0.438,13.717,0,0,0.0,0.0,0,13,0.38,0.1004,0.782,90,-0.243,0.797,0
B126,2024-01-31,warmup,0.658,0.43,14.049,0,0,0.0,0.0,0,20,0.138,0.1342,1.402,90,0.407,0.337,0
B127,2024-01-31,warmup,0.362,0.126,15.087,8,0,8.0,8.0,1,11,0.353,0.047,2.085,90,1.637,-0.619,0
B128,2024-01-31,warmup,0.233,0.704,14.629,0,0,0.0,0.0,0,23,0.5,0.0978,1.405,30,0.351,-1.874,0
B131,2024-01-31,warmup,0.077,0.245,15.131,0,0,0.0,0.0,0,20,0.372,0.0902,1.106,30,-0.456,0.051,0
B132,2024-01-31,warmup,0.492,0.472,13.024,0,0,0.0,0.0,0,11,0.288,0.1202,1.456,30,0.145,0.955,0
B133,2024-01-31,warmup,0.239,0.469,13.984,0,0,0.0,0.0,0,16,0.03,0.1198,1.577,60,-0.095,-0.838,0
B135,2024-01-31,warmup,0.056,0.801,14.485,0,0,0.0,0.0,0,19,0.347,0.1254,0.545,120,0.542,1.843,0
B138,2024-01-31,warmup,0.718,0.561,15.315,0,0,0.0,0.0,0,20,0.203,0.0442,1.109,120,-1.491,-0.978,0
B140,2024-01-31,warmup,0.328,0.42,15.259,0,0,0.0,0.0,0,10,0.16,0.1129,0.953,30,0.801,-0.481,0
B141,2024-01-31,warmup,-0.016,0.272,16.013,0,0,0.0,0.0,0,19,0.492,0.0865,1.754,90,1.48,0.52,0
B142,2024-01-31,warmup,0.303,0.218,14.729,0,0,0.0,0.0,0,15,0.482,0.092,1.698,30,0.384,-0.212,0
B144,2024-01-31,warmup,0.272,0.4,14.478,0,0,0.0,0.0,0,18,0.171,0.0887,2.006,60,-1.208,-0.648,0
B146,2024-01-31,warmup,0.428,0.166,15.385,0,0,0.0,0.0,0,17,0.355,0.1388,0.515,90,0.261,2.049,0
B147,2024-01-31,warmup,0.188,0.478,15.453,14,0,14.0,14.0,1,17,0.437,0.1494,1.111,30,0.793,-1.057,0
B148,2024-01-31,warmup,0.755,0.186,15.848,0,0,0.0,0.0,0,15,0.199,0.0927,1.735,30,1.319,-0.756,0
B150,2024-01-31,warmup,0.534,0.199,15.266,10,0,10.0,10.0,1,19,0.256,0.1319,1.043,30,-0.883,-1.553,0
B002,2024-02-29,warmup,0.225,0.47,15.908,0,0,-18.0,9.0,1,17,0.482,0.1288,1.943,120,-0.582,0.665,0
B007,2024-02-29,warmup,0.071,0.252,14.297,0,0,0.0,0.0,0,18,0.211,0.0615,1.56,30,1.164,0.798,0
B008,2024-02-29,warmup,0.325,0.538,14.647,0,0,0.0,0.0,0,17,0.363,0.0524,1.706,30,0.814,-0.805,0
B009,2024-02-29,warmup,0.101,0.618,13.746,6,0,6.0,3.0,1,17,0.594,0.0756,2.341,60,0.754,-0.718,0
B010,2024-02-29,warmup,0.878,0.387,14.859,0,0,0.0,0.0,0,19,0.143,0.079,0.679,90,-1.7,-0.094,0
B011,2024-02-29,warmup,0.134,0.204,14.107,0,0,0.0,0.0,0,16,0.394,0.0934,1.94,30,-0.092,-0.524,0
B012,2024-02-29,warmup,0.603,0.254,14.997,0,0,0.0,0.0,0,13,0.262,0.0617,1.013,90,-0.144,-0.942,0
B014,2024-02-29,warmup,0.533,0.171,15.699,0,0,-14.0,7.0,1,19,0.412,0.097,1.098,60,-0.503,0.743,0
B015,2024-02-29,warmup,0.27,0.467,15.391,0,0,0.0,0.0,0,16,0.19,0.1098,1.673,60,-0.416,-0.288,0
B016,2024-02-29,warmup,0.464,0.324,14.519,0,0,0.0,0.0,0,18,0.02,0.1189,1.603,30,-0.308,-1.064,0
B018,2024-02-29,warmup,0.139,0.222,13.86,0,0,0.0,0.0,0,18,0.54,0.0575,1.658,30,-0.224,1.169,0
B020,2024-02-29,warmup,0.091,0.326,15.774,0,0,-10.0,5.0,1,24,0.447,0.0729,0.822,120,0.706,1.413,0
B021,2024-02-29,warmup,0.798,0.39,15.323,0,0,0.0,0.0,0,26,0.331,0.0766,1.246,30,-1.78,2.377,0
B022,2024-02-29,warmup,0.234,0.422,15.845,0,0,0.0,0.0,0,18,0.385,0.0407,1.495,30,-0.49,-0.903,0
B023,2024-02-29,warmup,0.655,0.188,14.331,0,0,0.0,0.0,0,11,0.308,0.0539,1.959,60,-1.528,-0.807,0
B024,2024-02-29,warmup,0.42,0.246,14.964,0,0,0.0,0.0,0,15,0.201,0.1305,1.789,30,-0.937,-1.465,0
B025,2024-02-29,warmup,0.86,0.434,16.198,24,0,-48.0,48.0,2,19,0.547,0.1162,1.068,60,0.137,0.31,1
B026,2024-02-29,warmup,0.587,0.103,14.847,0,0,-18.0,9.0,1,19,0.312,0.0973,1.595,60,-0.003,-1.306,0
B028,2024-02-29,warmup,0.04,0.237,15.115,0,0,-2.0,1.0,1,21,0.11,0.0777,2.106,60,0.756,1.547,0
B029,2024-02-29,warmup,0.534,0.037,15.051,0,0,0.0,0.0,0,15,0.356,0.0845,1.687,90,1.129,0.52,0
B030,2024-02-29,warmup,0.464,0.261,15.249,0,0,0.0,0.0,0,16,0.41,0.1294,1.706,30,0.257,-0.502,0
B031,2024-02-29,warmup,0.361,0.418,14.535,0,0,0.0,0.0,0,21,0.228,0.0924,0.044,60,0.621,-1.448,0
B033,2024-02-29,warmup,0.84,0.48,14.174,0,0,0.0,0.0,0,22,0.541,0.1648,0.616,60,0.247,-0.184,0
B036,2024-02-29,warmup,0.861,0.46,15.6,0,0,0.0,0.0,0,22,0.186,0.0804,1.267,60,0.258,1.063,0
B037,2024-02-29,warmup,0.615,0.252,14.304,0,0,0.0,0.0,0,22,0.389,0.0322,1.679,30,-1.295,0.429,0
B038,2024-02-29,warmup,0.93,0.712,14.943,16,0,0.0,16.0,2,22,0.225,0.2033,0.232,60,-1.502,-0.204,0
B039,2024-02-29,warmup,0.391,0.846,14.277,0,0,0.0,0.0,0,16,0.183,0.1453,1.913,30,1.191,-0.8,0
B041,2024-02-29,warmup,0.708,0.526,14.227,0,0,0.0,0.0,0,14,0.39,0.139,1.37,30,0.034,-2.352,0
B042,2024-02-29,warmup,0.633,0.131,15.385,17,0,17.0,8.5,1,28,0.446,0.0999,0.81,60,-0.91,0.226,0
B043,2024-02-29,warmup,0.62,0.656,13.308,0,0,0.0,0.0,0,17,0.108,0.1537,1.75,30,1.004,-0.395,0
B044,2024-02-29,warmup,0.495,0.39,14.795,0,0,0.0,0.0,0,18,0.267,0.1778,2.021,60,-1.201,0.7,0
B045,2024-02-29,warmup,0.121,0.278,14.995,0,0,0.0,0.0,0,23,0.212,0.0979,1.178,60,1.914,0.271,0
B046,2024-02-29,warmup,0.433,0.0,14.844,0,0,0.0,0.0,0,16,0.098,0.1012,1.297,30,0.415,-0.81,0
B052,2024-02-29,warmup,0.764,0.418,15.785,0,0,0.0,0.0,0,14,0.045,0.1379,2.02,30,1.266,-0.334,0
B053,2024-02-29,warmup,0.706,0.037,15.141,0,0,-9.0,4.5,1,14,0.308,0.0718,2.128,60,0.19,-0.583,0
B054,2024-02-29,warmup,0.078,0.108,15.14,0,0,0.0,0.0,0,16,0.21,0.1114,1.431,60,1.992,1.207,0
B055,2024-02-29,warmup,0.496,0.259,13.0,0,0,0.0,0.0,0,20,0.098,0.1224,1.623,30,-0.861,0.067,0
B056,2024-02-29,warmup,0.51,0.185,13.26,3,0,3.0,1.5,1,17,0.468,0.1337,0.988,30,-0.088,1.114,0
B057,2024-02-29,warmup,0.31,0.381,14.84,0,0,-16.0,8.0,1,24,0.362,0.0787,0.706,30,1.673,1.525,0
B058,2024-02-29,warmup,0.438,0.781,16.435,19,0,19.0,9.5,1,20,0.349,0.0726,1.286,120,0.801,-1.161,0
B059,2024-02-29,warmup,0.293,0.295,15.271,0,0,0.0,0.0,0,15,0.468,0.0481,1.19,90,0.818,1.06,0
B061,2024-02-29,warmup,0.885,0.697,16.081,0,0,0.0,0.0,0,14,0.586,0.1257,1.226,90,-1.123,-0.61,0
B063,2024-02-29,warmup,0.103,0.6,15.605,19,0,13.0,12.5,2,22,0.295,0.1428,0.628,120,1.281,-1.254,0
B065,2024-02-29,warmup,0.152,0.0,15.644,0,0,0.0,0.0,0,21,0.339,0.1018,2.038,90,2.098,-1.318,0
B067,2024-02-29,warmup,0.43,0.248,15.184,0,0,0.0,0.0,0,19,0.277,0.0857,1.833,30,-0.911,0.004,0
B068,2024-02-29,warmup,0.482,0.415,15.248,0,0,0.0,0.0,0,22,0.352,0.0988,1.963,60,-0.609,-0.593,0
B069,2024-02-29,warmup,0.065,0.146,15.234,0,0,0.0,0.0,0,27,0.165,0.0271,0.465,90,1.416,0.192,0
B071,2024-02-29,warmup,0.025,0.508,14.14,19,0,8.0,15.0,2,16,0.411,0.1444,1.886,60,-0.468,1.071,0
B072,2024-02-29,warmup,0.882,0.265,15.975,1,0,1.0,0.5,1,28,0.554,0.1095,1.105,60,0.357,-1.13,0
B073,2024-02-29,warmup,0.202,0.0,14.941,0,0,0.0,0.0,0,22,0.381,0.0484,2.389,60,-0.132,-0.602,0
B074,2024-02-29,warmup,0.415,0.31,15.137,0,0,0.0,0.0,0,15,0.367,0.0673,1.812,60,0.744,-0.102,0
B075,2024-02-29,warmup,0.184,0.288,13.293,0,0,0.0,0.0,0,22,0.202,0.1197,1.445,60,-1.349,0.191,0
B076,2024-02-29,warmup,0.505,0.429,14.141,17,0,17.0,8.5,1,23,0.15,0.0952,1.539,120,-0.556,-0.762,0
B077,2024-02-29,warmup,0.553,0.673,16.364,0,0,-4.0,2.0,1,31,0.406,0.0745,1.203,90,-0.955,-0.438,0
B079,2024-02-29,warmup,0.591,0.269,14.976,0,0,0.0,0.0,0,13,0.344,0.0868,1.94,30,0.84,0.593,0
B080,2024-02-29,warmup,0.368,0.096,13.973,4,0,4.0,2.0,1,17,0.394,0.0677,1.437,60,0.964,0.985,0
B081,2024-02-29,warmup,0.097,0.472,14.671,0,0,0.0,0.0,0,21,0.467,0.1266,1.031,60,0.643,1.491,0
B082,2024-02-29,warmup,0.133,0.433,14.247,0,0,0.0,0.0,0,20,0.646,0.1888,1.269,90,1.195,-1.35,0
B084,2024-02-29,warmup,0.502,0.355,13.43,5,0,5.0,2.5,1,22,0.523,0.0624,0.596,60,-1.795,-0.855,0
B087,2024-02-29,warmup,0.249,0.416,14.795,0,0,0.0,0.0,0,19,0.343,0.1316,0.931,30,0.493,-0.079,0
B088,2024-02-29,warmup,0.25,0.31,16.906,0,0,0.0,0.0,0,28,0.472,0.0663,1.161,60,0.903,0.002,0
B089,2024-02-29,warmup,0.683,0.739,15.641,12,0,12.0,6.0,1,18,0.477,0.0359,2.097,30,2.02,1.794,0
B090,2024-02-29,warmup,0.817,0.771,15.122,0,0,-18.0,9.0,1,28,0.653,0.129,0.815,90,-1.48,-0.322,1
B091,2024-02-29,warmup,0.172,0.416,16.369,0,0,0.0,0.0,0,19,0.621,0.0785,1.534,90,2.393,-0.2,0
B092,2024-02-29,warmup,0.07,0.696,14.923,0,0,-9.0,4.5,1,25,0.367,0.1253,1.628,60,-0.852,1.654,0
B093,2024-02-29,warmup,0.733,0.211,13.538,0,0,0.0,0.0,0,14,0.205,0.1537,2.331,90,-0.133,-1.607,0
B094,2024-02-29,warmup,0.179,0.096,14.076,0,0,0.0,0.0,0,15,0.318,0.0994,1.493,30,-0.51,0.663,0
B096,2024-02-29,warmup,0.484,0.62,14.06,0,0,0.0,0.0,0,20,0.248,0.1374,1.955,30,0.384,0.228,0
B097,2024-02-29,warmup,0.253,0.443,15.312,0,0,0.0,0.0,0,17,0.522,0.0771,2.107,30,0.153,-0.362,0
B098,2024-02-29,warmup,0.472,0.412,17.415,0,0,0.0,0.0,0,27,0.324,0.1225,1.261,30,1.888,-0.218,0
B099,2024-02-29,warmup,0.515,0.412,14.874,0,0,0.0,0.0,0,21,0.483,0.2036,1.654,120,0.121,0.097,0
B100,2024-02-29,warmup,0.857,0.595,15.301,0,0,0.0,0.0,0,22,0.157,0.1346,1.183,60,0.315,-0.938,0
B101,2024-02-29,warmup,0.813,0.47,17.28,14,0,14.0,7.0,1,25,0.329,0.0976,2.01,60,-0.478,-0.076,0
B102,2024-02-29,warmup,0.033,0.465,16.363,0,0,-16.0,8.0,1,18,0.466,0.1051,1.431,90,-1.025,-0.354,0
B103,2024-02-29,warmup,0.632,0.452,14.724,0,0,0.0,0.0,0,17,0.384,0.0458,1.208,120,-1.866,0.058,0
B105,2024-02-29,warmup,0.773,0.547,16.126,0,0,0.0,0.0,0,17,0.382,0.0776,1.725,60,1.151,0.835,0
B106,2024-02-29,warmup,0.81,1.035,15.504,25,0,5.0,22.5,2,20,0.172,0.0807,0.411,60,-2.094,-1.879,1
B107,2024-02-29,warmup,0.086,0.253,14.533,0,0,-8.0,4.0,1,18,0.295,0.1473,1.331,30,1.198,-2.22,0
B108,2024-02-29,warmup,0.858,0.409,14.465,0,0,0.0,0.0,0,19,0.314,0.1075,2.136,60,-1.523,0.356,0
B109,2024-02-29,warmup,0.606,0.352,14.594,0,0,0.0,0.0,0,19,0.395,0.102,1.574,60,0.139,1.237,0
B112,2024-02-29,warmup,0.173,0.47,15.424,0,0,0.0,0.0,0,25,0.436,0.1488,1.546,30,1.389,-1.425,0
B113,2024-02-29,warmup,0.538,0.317,15.049,0,0,0.0,0.0,0,15,0.256,0.1465,1.003,30,1.898,0.765,0
B115,2024-02-29,warmup,0.565,0.671,14.813,0,0,-2.0,1.0,1,22,0.443,0.0902,-0.03,30,-0.429,0.097,0
B116,2024-02-29,warmup,0.329,0.193,15.064,0,0,0.0,0.0,0,15,0.373,0.06,1.517,60,0.808,-0.076,0
B117,2024-02-29,warmup,0.28,0.332,17.294,0,0,0.0,0.0,0,11,0.475,0.0568,0.618,90,-1.03,-2.081,0
B119,2024-02-29,warmup,0.207,0.389,13.735,0,0,0.0,0.0,0,13,0.45,0.0949,2.01,120,1.156,0.493,0
B120,2024-02-29,warmup,0.216,0.533,16.353,0,0,0.0,0.0,0,17,0.554,0.091,0.73,30,0.879,-0.384,0
B121,2024-02-29,warmup,0.459,0.931,16.931,17,0,17.0,8.5,1,15,0.512,0.0787,1.761,90,-0.766,-0.072,0
B123,2024-02-29,warmup,0.175,0.0,15.671,0,0,0.0,0.0,0,13,0.295,0.1036,2.105,60,0.039,0.812,0
B128,2024-02-29,warmup,0.249,0.623,14.068,0,0,0.0,0.0,0,20,0.587,0.0439,1.389,30,0.259,-1.446,0
B129,2024-02-29,warmup,0.698,0.361,14.27,0,0,0.0,0.0,0,17,0.591,0.1105,1.645,30,-0.489,-0.736,0
B132,2024-02-29,warmup,0.51,0.311,12.801,0,0,0.0,0.0,0,18,0.338,0.0625,1.386,30,1.758,1.009,0
B135,2024-02-29,warmup,0.073,0.467,14.986,0,0,0.0,0.0,0,15,0.328,0.089,0.575,120,0.29,-0.527,0
B136,2024-02-29,warmup,0.756,0.421,15.778,19,0,19.0,9.5,1,20,0.395,0.1082,1.731,60,-0.745,-0.113,0
B137,2024-02-29,warmup,0.636,0.476,14.689,0,0,0.0,0.0,0,20,0.454,0.0882,1.937,60,-0.182,-0.684,0
B139,2024-02-29,warmup,0.188,0.179,16.372,0,0,0.0,0.0,0,24,0.436,0.0178,1.565,60,0.918,0.539,0
B140,2024-02-29,warmup,0.312,0.113,15.149,0,0,0.0,0.0,0,22,0.461,0.1392,0.849,30,1.521,0.749,0
B142,2024-02-29,warmup,0.327,0.0,14.756,0,0,0.0,0.0,0,19,0.209,0.1454,1.758,30,-0.736,1.527,0
B143,2024-02-29,warmup,0.037,0.535,16.331,13,0,7.0,9.5,2,19,0.167,0.129,1.365,90,-0.147,-0.764,0
B144,2024-02-29,warmup,0.281,0.534,14.555,0,0,0.0,0.0,0,19,0.312,0.1575,1.771,60,0.659,-1.369,0
B145,2024-02-29,warmup,0.678,0.323,15.679,0,0,0.0,0.0,0,21,0.327,0.1281,1.099,60,0.916,-2.137,0
B147,2024-02-29,warmup,0.16,0.309,15.245,13,0,-1.0,13.5,2,20,0.351,0.1124,0.929,30,0.336,-0.075,0
B148,2024-02-29,warmup,0.771,0.418,15.812,9,0,9.0,4.5,1,23,0.525,0.0741,1.635,30,1.074,-0.076,0
B149,2024-02-29,warmup,0.943,0.0,15.217,0,0,-5.0,2.5,1,15,0.282,0.0481,1.068,90,0.08,1.121,0
B150,2024-02-29,warmup,0.483,0.841,15.556,0,0,-10.0,5.0,1,20,0.431,0.0871,1.005,30,-0.276,0.475,0
B001,2024-03-31,train,0.695,0.0,15.397,0,0,0.0,0.0,0,17,0.204,0.0901,2.073,90,-0.386,-1.805,0
B003,2024-03-31,train,0.204,0.95,14.832,14,0,0.0,14.0,3,28,0.28,0.1736,1.354,120,1.586,1.502,0
B005,2024-03-31,train,0.134,0.438,15.417,0,0,0.0,0.0,0,19,0.332,0.1022,1.031,30,-1.852,0.273,0
B007,2024-03-31,train,0.092,0.333,14.687,0,0,0.0,0.0,0,18,0.167,0.0647,1.492,30,-0.752,1.908,0
B008,2024-03-31,train,0.332,0.401,14.449,0,0,0.0,0.0,0,22,0.1,0.1274,1.51,30,0.233,0.03,0
B009,2024-03-31,train,0.152,0.64,13.957,0,0,-3.0,2.0,1,11,0.319,0.0998,2.472,60,-0.233,0.003,0
B011,2024-03-31,train,0.155,0.726,14.446,0,0,0.0,0.0,0,14,0.288,0.1506,1.634,30,-1.403,1.232,0
B012,2024-03-31,train,0.537,0.154,15.208,0,0,0.0,0.0,0,16,0.249,0.0954,1.11,90,-0.268,-0.333,0
B014,2024-03-31,train,0.523,0.353,15.385,10,0,3.0,8.0,2,20,0.461,0.175,1.193,60,0.962,-0.865,0
B015,2024-03-31,train,0.256,0.0,15.604,0,0,0.0,0.0,0,13,0.441,0.1365,1.662,60,-0.648,0.776,0
B016,2024-03-31,train,0.557,0.0,14.289,0,0,0.0,0.0,0,24,0.117,0.0969,1.859,30,-0.941,0.572,0
B017,2024-03-31,train,0.636,0.617,14.733,0,0,0.0,0.0,0,23,0.308,0.0948,0.762,30,-1.437,-1.852,0
B018,2024-03-31,train,0.129,0.613,14.306,1,0,1.0,0.33,1,22,0.636,0.1337,1.797,30,-0.164,1.215,0
B020,2024-03-31,train,0.132,0.846,15.854,10,0,5.0,6.67,2,17,0.287,0.1204,0.741,120,0.957,-0.188,0
B022,2024-03-31,train,0.241,0.154,16.108,0,0,0.0,0.0,0,18,0.368,0.1238,1.498,30,0.193,-0.068,0
B023,2024-03-31,train,0.642,0.102,14.02,0,0,0.0,0.0,0,13,0.338,0.1048,1.863,60,1.685,-0.445,0
B024,2024-03-31,train,0.401,0.209,15.377,0,0,0.0,0.0,0,20,0.414,0.0746,1.743,30,-0.521,-0.939,0
B025,2024-03-31,train,0.83,0.425,15.812,56,1,8.0,50.67,3,18,0.089,0.0893,1.255,60,-0.446,0.693,1
B026,2024-03-31,train,0.567,0.212,15.069,0,0,-9.0,6.0,1,19,0.564,0.1293,1.686,60,-0.993,-0.973,0
B027,2024-03-31,train,0.016,0.28,15.713,0,0,-16.5,11.0,2,21,0.609,0.0513,1.904,60,1.408,1.143,0
B028,2024-03-31,train,0.032,0.524,15.361,0,0,-1.0,0.67,1,13,0.383,0.1755,2.425,60,-1.044,-0.999,0
B029,2024-03-31,train,0.489,0.0,15.394,0,0,0.0,0.0,0,18,0.308,0.1254,1.909,90,0.268,1.539,0
B030,2024-03-31,train,0.47,0.095,14.884,0,0,0.0,0.0,0,16,0.171,0.1099,2.051,30,0.057,0.731,0
B032,2024-03-31,train,0.425,0.846,16.978,8,0,8.0,2.67,1,16,0.244,0.1003,0.851,60,-0.499,0.873,0
B033,2024-03-31,train,0.828,0.376,13.934,0,0,0.0,0.0,0,22,0.263,0.0172,0.623,60,-2.799,-1.447,0
B036,2024-03-31,train,0.856,0.066,15.579,0,0,0.0,0.0,0,17,0.258,0.0657,1.122,60,-1.543,-0.152,0
B037,2024-03-31,train,0.613,0.35,14.214,0,0,0.0,0.0,0,17,0.296,0.0925,1.805,30,-0.431,1.164,0
B038,2024-03-31,train,0.907,0.53,15.014,10,0,-6.0,14.0,3,16,0.456,0.0468,0.409,60,-1.098,1.148,0
B039,2024-03-31,train,0.392,0.12,14.45,0,0,0.0,0.0,0,17,0.235,0.0802,1.913,30,-1.024,0.051,0
B041,2024-03-31,train,0.705,0.356,14.633,0,0,0.0,0.0,0,11,0.23,0.1172,1.439,30,-1.39,-1.102,0
B042,2024-03-31,train,0.591,0.007,15.479,0,0,-8.5,5.67,1,17,0.383,0.0811,0.733,60,0.144,-1.27,0
B043,2024-03-31,train,0.659,0.116,13.688,0,0,0.0,0.0,0,19,0.286,0.104,1.877,30,-1.804,-0.857,0
B045,2024-03-31,train,0.142,0.128,14.794,0,0,0.0,0.0,0,19,0.312,0.1212,1.082,60,1.323,-0.065,0
B048,2024-03-31,train,0.725,0.264,16.413,3,0,3.0,1.0,1,25,0.461,0.0852,1.433,60,-0.029,-0.219,0
B049,2024-03-31,train,0.301,0.211,14.765,0,0,0.0,0.0,0,17,0.477,0.088,1.781,60,0.677,0.109,0
B050,2024-03-31,train,0.03,0.177,14.335,0,0,0.0,0.0,0,16,0.433,0.0858,1.346,30,-1.357,-1.11,0
B052,2024-03-31,train,0.824,0.391,15.082,0,0,0.0,0.0,0,24,0.34,0.1691,1.927,30,0.043,0.163,0
B053,2024-03-31,train,0.733,0.0,15.211,0,0,-4.5,3.0,1,20,0.32,0.0787,2.194,60,-2.25,-0.177,0
B054,2024-03-31,train,0.022,0.103,15.503,0,0,0.0,0.0,0,15,0.457,0.1308,1.153,60,1.714,0.554,0
B055,2024-03-31,train,0.513,0.007,13.072,0,0,0.0,0.0,0,18,0.404,0.1272,1.627,30,1.411,-1.331,0
B056,2024-03-31,train,0.523,0.515,13.35,0,0,-1.5,1.0,1,14,0.379,0.1052,1.08,30,0.653,0.01,0
B057,2024-03-31,train,0.284,0.632,14.81,18,0,10.0,11.33,2,22,0.607,0.0384,0.707,30,-1.365,0.475,0
B058,2024-03-31,train,0.478,0.583,16.182,0,0,-9.5,6.33,1,17,0.406,0.1346,1.366,120,0.041,-0.365,0
B059,2024-03-31,train,0.299,0.395,15.148,0,0,0.0,0.0,0,18,0.475,0.099,1.179,90,-0.153,0.676,0
B060,2024-03-31,train,0.373,0.0,13.085,0,0,-6.0,4.0,1,29,0.323,0.1025,1.137,60,-0.061,0.447,0
B061,2024-03-31,train,0.881,0.525,15.69,11,0,11.0,3.67,1,20,0.534,0.1002,1.314,90,-0.259,-0.246,0
B062,2024-03-31,train,0.731,0.423,14.317,0,0,0.0,0.0,0,12,0.416,0.0654,0.931,90,-0.327,0.679,0
B063,2024-03-31,train,0.074,0.277,15.602,8,0,-4.5,11.0,3,18,0.162,0.0169,0.702,120,0.797,-0.102,0
B064,2024-03-31,train,0.061,0.013,13.781,0,0,0.0,0.0,0,16,0.033,0.0597,2.039,30,-0.584,0.68,0
B066,2024-03-31,train,0.717,0.023,14.811,0,0,0.0,0.0,0,20,0.335,0.1228,1.908,30,2.204,1.408,0
B070,2024-03-31,train,0.429,0.336,15.098,0,0,0.0,0.0,0,18,0.216,0.119,1.82,60,-0.497,0.519,0
B071,2024-03-31,train,0.098,0.757,14.208,14,0,-1.0,14.67,3,24,0.368,0.1307,1.913,60,-0.769,-0.002,0
B072,2024-03-31,train,0.931,0.473,15.749,0,0,-0.5,0.33,1,15,0.193,0.1734,1.452,60,-0.154,-0.723,0
B073,2024-03-31,train,0.081,0.0,15.138,0,0,0.0,0.0,0,14,0.031,0.0257,2.342,60,1.813,0.524,0
B075,2024-03-31,train,0.19,0.567,13.297,0,0,0.0,0.0,0,20,0.239,0.0276,1.195,60,-1.364,1.301,0
B076,2024-03-31,train,0.52,0.219,14.366,20,0,11.5,12.33,2,21,0.385,0.12,1.811,120,-1.273,-0.815,0
B077,2024-03-31,train,0.61,0.217,15.861,0,0,-2.0,1.33,1,18,0.365,0.116,1.363,90,1.791,0.541,0
B079,2024-03-31,train,0.568,0.5,14.984,0,0,0.0,0.0,0,14,0.007,0.1275,1.877,30,0.446,0.098,0
B080,2024-03-31,train,0.365,0.446,13.475,0,0,-2.0,1.33,1,21,0.304,0.0393,1.548,60,-0.207,0.235,0
B081,2024-03-31,train,0.052,0.398,15.061,0,0,0.0,0.0,0,22,0.282,0.0665,1.204,60,-1.151,0.324,0
B083,2024-03-31,train,0.831,0.324,15.41,0,0,0.0,0.0,0,19,0.224,0.1447,1.132,60,0.437,-1.575,0
B084,2024-03-31,train,0.52,0.344,13.924,0,0,-2.5,1.67,1,15,0.394,0.1103,0.739,60,-0.24,-0.149,0
B087,2024-03-31,train,0.256,0.63,15.158,8,0,8.0,2.67,1,14,0.316,0.1083,0.992,30,-0.123,0.541,0
B088,2024-03-31,train,0.243,0.449,16.358,2,0,2.0,0.67,1,22,0.315,0.0491,1.19,60,-1.099,0.173,0
B090,2024-03-31,train,0.758,1.269,15.354,67,1,58.0,28.33,2,26,0.355,0.0875,0.469,90,0.835,0.41,1
B092,2024-03-31,train,0.118,0.355,15.404,0,0,-4.5,3.0,1,16,0.157,0.1265,1.823,60,0.654,0.144,0
B094,2024-03-31,train,0.166,0.248,14.252,0,0,0.0,0.0,0,8,0.187,0.0932,1.271,30,-0.704,0.65,0
B095,2024-03-31,train,0.735,0.275,15.937,0,0,0.0,0.0,0,15,0.102,0.1968,1.795,90,-1.044,-0.428,0
B096,2024-03-31,train,0.439,0.543,14.072,0,0,0.0,0.0,0,20,0.587,0.0902,1.961,30,0.862,0.151,0
B097,2024-03-31,train,0.227,0.22,15.12,0,0,0.0,0.0,0,19,0.582,0.1476,2.151,30,-2.083,-0.213,0
B098,2024-03-31,train,0.508,0.333,17.247,0,0,0.0,0.0,0,19,0.485,0.098,1.124,30,0.722,0.667,0
B099,2024-03-31,train,0.561,0.578,15.092,0,0,0.0,0.0,0,17,0.569,0.0913,1.57,120,0.824,0.791,0
B100,2024-03-31,train,0.844,0.503,15.06,0,0,0.0,0.0,0,18,0.512,0.0171,1.238,60,0.247,0.079,0
B102,2024-03-31,train,0.082,0.344,15.684,20,0,12.0,12.0,2,17,0.278,0.0781,1.553,90,-1.771,1.097,0
B103,2024-03-31,train,0.639,0.319,15.053,0,0,0.0,0.0,0,15,0.349,0.1598,1.332,120,-0.219,-0.943,0
B104,2024-03-31,train,0.52,0.874,15.06,6,0,0.0,6.0,2,15,0.385,0.0976,1.806,30,-0.784,-0.331,0
B105,2024-03-31,train,0.74,0.428,15.848,0,0,0.0,0.0,0,20,0.214,0.0195,1.772,60,-2.122,1.596,0
B106,2024-03-31,train,0.768,0.933,15.507,40,1,17.5,28.33,3,19,0.406,0.0865,0.678,60,2.422,1.27,0
B108,2024-03-31,train,0.842,0.477,14.442,10,0,10.0,3.33,1,24,0.4,0.0617,2.076,60,-1.72,-1.052,0
B109,2024-03-31,train,0.59,0.216,14.953,0,0,0.0,0.0,0,13,0.03,0.1152,1.266,60,0.451,1.279,0
B110,2024-03-31,train,0.127,0.731,15.735,16,0,16.0,5.33,1,18,0.299,0.1355,1.383,30,0.178,-0.371,0
B111,2024-03-31,train,0.099,0.0,13.894,0,0,0.0,0.0,0,12,0.37,0.1051,1.454,60,-0.207,-0.074,0
B112,2024-03-31,train,0.133,0.249,15.899,0,0,0.0,0.0,0,20,0.356,0.1133,1.676,30,-0.039,-0.955,0
B113,2024-03-31,train,0.545,0.595,15.125,0,0,0.0,0.0,0,12,0.418,0.1139,1.011,30,-0.147,1.429,0
B114,2024-03-31,train,0.432,0.877,13.891,0,0,-9.5,6.33,2,19,0.586,0.0871,0.419,90,-0.816,0.258,0
B115,2024-03-31,train,0.595,0.584,15.36,2,0,1.0,1.33,2,15,0.591,0.1453,0.18,30,1.582,-1.063,0
B116,2024-03-31,train,0.324,0.313,15.27,19,0,19.0,6.33,1,19,0.29,0.0727,1.379,60,0.993,-0.653,0
B117,2024-03-31,train,0.233,0.437,17.213,10,0,10.0,3.33,1,14,0.174,0.0723,0.472,90,-0.199,-0.301,0
B118,2024-03-31,train,0.332,0.0,14.166,0,0,-10.0,6.67,1,28,0.429,0.1307,1.067,60,0.214,-0.786,0
B119,2024-03-31,train,0.209,0.0,13.722,0,0,0.0,0.0,0,14,0.085,0.0935,1.871,120,2.117,-0.799,0
B121,2024-03-31,train,0.442,0.755,16.963,16,0,7.5,11.0,2,22,0.402,0.1225,1.772,90,-0.051,0.489,0
B122,2024-03-31,train,0.706,0.301,15.941,0,0,0.0,0.0,0,9,0.295,0.1193,1.025,60,0.568,1.442,0
B125,2024-03-31,train,0.793,0.461,13.735,0,0,0.0,0.0,0,17,0.255,0.0415,0.672,90,-1.242,1.997,0
B126,2024-03-31,train,0.649,0.362,14.316,0,0,0.0,0.0,0,15,0.444,0.143,1.587,90,-0.269,-0.949,0
B127,2024-03-31,train,0.268,0.629,15.151,0,0,-4.0,2.67,1,17,0.476,0.0831,1.944,90,1.782,2.266,0
B128,2024-03-31,train,0.218,0.405,14.378,0,0,0.0,0.0,0,22,0.325,0.1137,1.211,30,1.617,0.504,0
B131,2024-03-31,train,0.011,0.652,15.162,19,0,14.0,9.67,2,22,0.518,0.078,0.943,30,-0.301,-1.052,0
B135,2024-03-31,train,0.081,0.509,14.885,0,0,0.0,0.0,0,12,0.392,0.2003,0.621,120,-0.962,1.704,0
B137,2024-03-31,train,0.639,0.02,14.598,0,0,0.0,0.0,0,11,0.439,0.0591,1.984,60,-2.014,-0.312,0
B139,2024-03-31,train,0.195,0.323,16.81,5,0,5.0,1.67,1,23,0.126,0.0953,1.648,60,-2.247,0.291,0
B140,2024-03-31,train,0.324,0.648,14.976,16,0,16.0,5.33,1,19,0.313,0.0878,0.938,30,-0.814,-1.661,0
B142,2024-03-31,train,0.388,0.0,14.523,0,0,0.0,0.0,0,8,0.208,0.152,1.887,30,1.782,-0.098,0
B144,2024-03-31,train,0.291,0.59,14.755,0,0,0.0,0.0,0,13,0.643,0.042,2.014,60,-1.414,0.329,0
B145,2024-03-31,train,0.614,0.342,15.316,0,0,0.0,0.0,0,15,0.301,0.1143,1.366,60,0.123,-1.183,0
B146,2024-03-31,train,0.38,0.353,15.172,0,0,-4.0,2.67,1,17,0.291,0.0906,0.593,90,-1.446,1.825,0
B147,2024-03-31,train,0.124,0.554,14.883,0,0,-13.5,9.0,2,24,0.556,0.0445,1.159,30,-0.969,-0.178,0
B148,2024-03-31,train,0.755,0.414,15.74,0,0,-4.5,3.0,1,18,0.407,0.0812,1.526,30,-0.521,-1.957,0
B149,2024-03-31,train,0.907,0.159,15.1,0,0,-2.5,1.67,1,24,0.043,0.1078,1.004,90,-0.592,-0.081,0
B001,2024-04-30,train,0.695,0.419,15.438,0,0,0.0,0.0,0,20,0.047,0.0729,2.372,90,-0.331,-0.507,0
B003,2024-04-30,train,0.226,0.839,15.001,16,0,2.0,14.5,4,16,0.456,0.164,1.357,120,0.522,0.151,0
B004,2024-04-30,train,0.114,0.351,13.946,0,0,-9.0,6.75,2,20,0.354,0.0945,1.748,60,-1.858,1.072,0
B006,2024-04-30,train,0.457,0.314,16.127,0,0,-3.33,2.5,1,17,0.437,0.0352,1.74,60,-2.242,1.643,0
B007,2024-04-30,train,0.077,0.175,14.253,0,0,0.0,0.0,0,12,0.323,0.0923,1.597,30,-0.078,0.499,0
B008,2024-04-30,train,0.343,0.0,14.43,0,0,0.0,0.0,0,16,0.133,0.0583,1.593,30,1.295,-1.649,0
B009,2024-04-30,train,0.155,0.269,13.903,17,0,15.0,5.75,2,17,0.511,0.1644,2.428,60,-0.773,0.521,0
B010,2024-04-30,train,0.944,0.468,14.923,0,0,-6.33,4.75,1,9,0.419,0.133,0.481,90,1.21,0.176,0
B011,2024-04-30,train,0.125,0.007,14.464,0,0,0.0,0.0,0,18,0.33,0.2013,1.89,30,-0.562,0.02,0
B012,2024-04-30,train,0.566,0.0,15.105,0,0,0.0,0.0,0,13,0.109,0.099,0.925,90,-0.567,0.338,0
B014,2024-04-30,train,0.631,0.14,15.094,0,0,-8.0,6.0,2,21,0.097,0.1281,1.21,60,-0.683,0.217,0
B015,2024-04-30,train,0.278,0.0,15.386,0,0,0.0,0.0,0,9,0.086,0.1259,1.569,60,-0.829,-0.764,0
B016,2024-04-30,train,0.598,0.034,14.724,0,0,0.0,0.0,0,14,0.296,0.0202,1.85,30,-0.446,-0.905,0
B018,2024-04-30,train,0.179,0.317,14.068,0,0,-0.33,0.25,1,22,0.335,0.0579,1.764,30,1.057,-1.733,0
B020,2024-04-30,train,0.14,0.612,15.615,6,0,-0.67,6.5,3,19,0.474,0.0736,0.808,120,0.554,-0.542,0
B021,2024-04-30,train,0.785,0.289,15.399,0,0,0.0,0.0,0,20,0.251,0.11,1.018,30,0.599,1.015,0
B022,2024-04-30,train,0.301,0.045,15.74,0,0,0.0,0.0,0,13,0.124,0.0915,1.613,30,-0.738,-0.74,0
B024,2024-04-30,train,0.413,0.0,15.204,0,0,0.0,0.0,0,20,0.08,0.0785,1.718,30,0.238,0.259,0
B028,2024-04-30,train,0.052,0.458,15.059,0,0,-0.67,0.5,1,15,0.282,0.1397,2.084,60,-1.582,-0.055,0
B029,2024-04-30,train,0.493,0.0,15.345,0,0,0.0,0.0,0,18,0.232,0.105,1.829,90,0.638,-1.041,0
B030,2024-04-30,train,0.391,0.678,14.957,0,0,0.0,0.0,0,21,0.498,0.1875,1.778,30,0.629,-1.567,0
B031,2024-04-30,train,0.374,0.357,14.668,0,0,-0.67,0.5,1,17,0.388,0.0579,0.19,60,-0.986,0.895,0
B032,2024-04-30,train,0.389,0.206,16.39,0,0,-2.67,2.0,1,19,0.253,0.068,1.106,60,-1.347,-0.113,0
B033,2024-04-30,train,0.853,0.586,14.256,6,0,6.0,1.5,1,18,0.313,0.0627,0.416,60,-1.078,1.057,0
B035,2024-04-30,train,0.176,0.428,16.103,0,0,0.0,0.0,0,22,0.584,0.1125,1.337,60,1.023,-0.434,0
B036,2024-04-30,train,0.935,0.458,15.248,0,0,0.0,0.0,0,16,0.376,0.1172,1.202,60,-0.348,-0.856,0
B037,2024-04-30,train,0.652,0.0,14.125,0,0,0.0,0.0,0,10,0.293,0.0732,1.795,30,-1.602,-0.108,0
B038,2024-04-30,train,0.855,0.777,14.95,0,0,-14.0,10.5,3,19,0.256,0.0413,0.114,60,-1.035,1.456,1
B040,2024-04-30,train,0.465,0.285,16.886,12,0,12.0,3.0,1,17,0.492,0.0918,0.858,60,-0.796,0.436,0
B041,2024-04-30,train,0.762,0.117,14.73,0,0,0.0,0.0,0,15,0.285,0.1066,1.306,30,-1.682,0.457,0
B044,2024-04-30,train,0.456,0.321,14.772,0,0,0.0,0.0,0,18,0.445,0.1113,2.041,60,-1.014,0.602,0
B045,2024-04-30,train,0.132,0.102,14.545,0,0,0.0,0.0,0,13,0.317,0.0395,1.408,60,-1.127,0.94,0
B046,2024-04-30,train,0.401,0.703,14.656,0,0,0.0,0.0,0,16,0.447,0.0754,1.322,30,0.757,-0.651,0
B048,2024-04-30,train,0.727,0.131,16.54,0,0,-1.0,0.75,1,23,0.295,0.1094,1.686,60,0.155,-0.564,0
B049,2024-04-30,train,0.343,0.1,14.846,0,0,0.0,0.0,0,13,0.266,0.0741,1.534,60,0.322,0.013,0
B050,2024-04-30,train,0.033,0.644,14.059,0,0,0.0,0.0,0,14,0.374,0.1063,1.575,30,1.087,-0.289,0
B051,2024-04-30,train,0.461,0.166,15.042,0,0,0.0,0.0,0,24,0.193,0.0759,2.002,30,0.001,1.731,0
B052,2024-04-30,train,0.789,0.723,15.02,0,0,0.0,0.0,0,24,0.29,0.1834,1.951,30,1.701,-0.138,0
B054,2024-04-30,train,0.048,0.287,15.794,0,0,0.0,0.0,0,22,0.553,0.1293,1.402,60,1.01,-0.376,0
B055,2024-04-30,train,0.482,0.265,13.373,0,0,0.0,0.0,0,15,0.346,0.1152,1.635,30,-0.113,1.22,0
B056,2024-04-30,train,0.508,0.21,13.785,0,0,-1.0,0.75,1,9,0.177,0.1056,1.374,30,-1.887,1.391,0
B058,2024-04-30,train,0.412,0.328,16.349,13,0,6.67,8.0,2,17,0.546,0.0751,1.142,120,2.638,1.723,0
B059,2024-04-30,train,0.245,0.224,14.893,0,0,0.0,0.0,0,13,0.17,0.0848,1.211,90,1.333,-2.34,0
B060,2024-04-30,train,0.271,0.272,13.123,0,0,-4.0,3.0,1,19,0.19,0.0747,1.407,60,-1.792,-0.635,0
B061,2024-04-30,train,0.833,0.743,15.539,0,0,-3.67,2.75,1,22,0.214,0.044,1.218,90,-0.237,0.705,0
B063,2024-04-30,train,0.052,0.805,15.852,8,0,-3.0,10.25,4,23,0.547,0.1791,0.859,120,-0.515,1.281,0
B067,2024-04-30,train,0.384,0.0,15.104,0,0,0.0,0.0,0,19,0.228,0.0748,1.594,30,1.436,0.669,0
B068,2024-04-30,train,0.521,0.212,14.769,0,0,0.0,0.0,0,16,0.329,0.1263,2.165,60,0.437,-0.177,0
B069,2024-04-30,train,0.031,0.0,15.227,0,0,0.0,0.0,0,18,0.137,0.0981,0.432,90,-0.194,0.461,0
B070,2024-04-30,train,0.487,0.149,15.249,0,0,0.0,0.0,0,20,0.264,0.0887,1.905,60,-1.981,0.888,0
B071,2024-04-30,train,0.104,0.25,14.093,2,0,-12.67,11.5,4,16,0.535,0.0292,1.877,60,1.821,1.207,0
B072,2024-04-30,train,0.841,0.659,15.712,11,0,10.67,3.0,2,22,0.463,0.0777,1.015,60,1.111,0.246,0
B074,2024-04-30,train,0.365,0.111,15.407,0,0,0.0,0.0,0,20,0.245,0.0274,1.97,60,0.662,1.435,0
B075,2024-04-30,train,0.144,0.41,13.365,0,0,0.0,0.0,0,19,0.488,0.0505,1.526,60,-1.165,1.55,0
B076,2024-04-30,train,0.502,0.221,14.086,0,0,-12.33,9.25,2,15,0.232,0.0562,1.718,120,-1.127,1.107,0
B077,2024-04-30,train,0.558,0.695,16.37,0,0,-1.33,1.0,1,16,0.519,0.1174,1.35,90,-0.069,0.591,0
B079,2024-04-30,train,0.506,0.194,15.053,0,0,0.0,0.0,0,18,0.241,0.1305,1.992,30,-0.592,-1.021,0
B080,2024-04-30,train,0.36,0.0,13.716,0,0,-1.33,1.0,1,19,0.311,0.0663,1.446,60,0.537,-0.472,0
B081,2024-04-30,train,0.057,0.23,14.725,0,0,0.0,0.0,0,12,0.337,0.122,1.22,60,0.052,-1.297,0
B082,2024-04-30,train,0.11,0.398,14.626,0,0,0.0,0.0,0,16,0.493,0.0354,1.451,90,1.446,-0.938,0
B083,2024-04-30,train,0.809,0.124,15.649,0,0,0.0,0.0,0,21,0.26,0.1007,1.313,60,-0.715,0.504,0
B084,2024-04-30,train,0.52,0.852,13.676,0,0,-1.67,1.25,1,19,0.113,0.1003,0.585,60,0.364,-0.641,0
B085,2024-04-30,train,0.711,0.221,15.701,0,0,0.0,0.0,0,17,0.503,0.164,1.551,120,-0.739,-0.05,0
B086,2024-04-30,train,0.121,0.111,14.527,0,0,0.0,0.0,0,16,0.225,0.0529,1.912,60,1.083,-0.384,0
B088,2024-04-30,train,0.255,0.805,16.38,0,0,-0.67,0.5,1,25,0.519,0.0993,1.435,60,0.259,0.579,0
B089,2024-04-30,train,0.695,0.352,15.729,0,0,-4.0,3.0,1,22,0.451,0.1384,2.036,30,-0.865,-0.128,0
B090,2024-04-30,train,0.764,1.3,15.279,12,0,-16.33,24.25,3,28,0.452,0.0832,0.658,90,-0.844,0.939,1
B091,2024-04-30,train,0.248,0.222,16.558,0,0,0.0,0.0,0,21,0.372,0.0639,1.373,90,0.383,1.164,0
B092,2024-04-30,train,0.128,0.52,15.486,0,0,-3.0,2.25,1,23,0.499,0.0952,1.602,60,-1.037,0.697,0
B094,2024-04-30,train,0.208,0.0,13.981,0,0,0.0,0.0,0,19,0.359,0.1422,1.404,30,-0.901,-2.03,0
B097,2024-04-30,train,0.252,0.57,15.519,0,0,0.0,0.0,0,18,0.394,0.0509,2.033,30,-0.062,-0.167,0
B098,2024-04-30,train,0.475,0.368,17.13,0,0,0.0,0.0,0,18,0.228,0.0147,1.203,30,0.573,0.744,0
B099,2024-04-30,train,0.485,0.104,14.845,0,0,0.0,0.0,0,18,0.307,0.0568,1.74,120,0.889,-0.141,0
B100,2024-04-30,train,0.876,0.0,15.548,0,0,0.0,0.0,0,14,0.35,0.1226,1.314,60,1.957,0.056,0
B101,2024-04-30,train,0.799,0.444,17.076,0,0,-7.33,5.5,2,24,0.377,0.0716,1.749,60,-0.083,0.404,0
B102,2024-04-30,train,0.015,0.637,16.011,11,0,-1.0,11.75,3,20,0.298,0.1287,1.474,90,0.209,0.893,0
B103,2024-04-30,train,0.631,0.477,14.848,0,0,0.0,0.0,0,9,0.359,0.1025,1.142,120,-0.345,-0.377,0
B104,2024-04-30,train,0.455,0.148,15.542,0,0,-6.0,4.5,2,12,0.389,0.0283,1.61,30,0.317,1.057,0
B105,2024-04-30,train,0.754,0.182,16.023,0,0,0.0,0.0,0,22,0.539,0.0769,1.603,60,0.344,-1.272,0
B106,2024-04-30,train,0.744,0.527,15.419,0,0,-28.33,21.25,3,14,0.465,0.0833,0.817,60,0.7,0.182,0
B107,2024-04-30,train,0.049,0.519,14.467,14,0,11.33,5.5,2,20,0.512,0.0911,1.261,30,-0.639,-1.072,0
B109,2024-04-30,train,0.573,0.0,14.781,0,0,0.0,0.0,0,21,0.283,0.0755,1.413,60,-0.252,-1.035,0
B110,2024-04-30,train,0.11,0.591,16.127,1,0,-4.33,4.25,2,20,0.349,0.1148,1.328,30,1.18,-0.892,0
B112,2024-04-30,train,0.174,0.16,15.245,0,0,0.0,0.0,0,22,0.355,0.1089,1.452,30,-0.698,-1.236,0
B113,2024-04-30,train,0.554,0.465,15.172,6,0,6.0,1.5,1,26,0.456,0.1297,1.256,30,1.409,0.115,0
B115,2024-04-30,train,0.65,0.563,14.64,3,0,1.67,1.75,3,22,0.24,0.0848,0.294,30,-0.077,0.039,0
B117,2024-04-30,train,0.188,0.713,17.196,4,0,0.67,3.5,2,21,0.439,0.0908,0.791,90,0.696,-0.421,0
B119,2024-04-30,train,0.195,0.091,13.818,0,0,0.0,0.0,0,14,0.641,0.1435,1.962,120,-1.476,-2.032,0
B121,2024-04-30,train,0.451,0.806,16.567,0,0,-11.0,8.25,2,25,0.594,0.0483,1.747,90,0.306,-0.568,0
B122,2024-04-30,train,0.731,0.433,15.928,0,0,0.0,0.0,0,17,0.166,0.1053,0.63,60,-1.266,-0.184,0
B123,2024-04-30,train,0.211,0.0,15.759,0,0,0.0,0.0,0,19,0.07,0.0362,1.767,60,2.397,-0.198,0
B124,2024-04-30,train,0.674,0.359,15.167,0,0,-1.33,1.0,1,17,0.494,0.0622,1.31,90,2.15,1.112,0
B125,2024-04-30,train,0.801,0.67,13.972,0,0,0.0,0.0,0,27,0.281,0.1054,0.685,90,0.863,0.002,0
B127,2024-04-30,train,0.282,0.116,15.059,0,0,-2.67,2.0,1,16,0.489,0.1199,1.797,90,0.207,0.421,0
B128,2024-04-30,train,0.191,0.234,14.731,0,0,0.0,0.0,0,23,0.286,0.0194,1.559,30,-1.011,-0.608,0
B129,2024-04-30,train,0.673,0.0,13.912,0,0,0.0,0.0,0,27,0.173,0.1139,1.585,30,-0.325,0.672,0
B131,2024-04-30,train,-0.031,0.239,15.001,14,0,4.33,10.75,3,10,0.435,0.0854,1.022,30,-0.124,-1.764,0
B135,2024-04-30,train,0.115,0.0,14.653,0,0,0.0,0.0,0,16,0.283,0.0428,0.485,120,0.09,-1.623,0
B136,2024-04-30,train,0.747,0.639,15.442,9,0,-2.33,10.75,3,22,0.762,0.0558,1.735,60,-1.291,1.864,0
B137,2024-04-30,train,0.607,0.182,14.863,0,0,0.0,0.0,0,15,0.23,0.1317,1.753,60,-0.684,0.353,0
B139,2024-04-30,train,0.32,0.511,16.609,0,0,-1.67,1.25,1,27,0.512,0.0694,1.685,60,1.178,-0.764,0
B140,2024-04-30,train,0.327,1.043,15.103,0,0,-5.33,4.0,1,30,0.467,0.1121,1.188,30,0.983,0.336,0
B142,2024-04-30,train,0.274,0.0,14.833,0,0,0.0,0.0,0,23,0.025,0.1332,1.689,30,-0.467,0.833,0
B144,2024-04-30,train,0.302,0.164,14.476,0,0,0.0,0.0,0,20,0.486,0.1005,1.918,60,1.041,1.774,0
B145,2024-04-30,train,0.606,0.186,15.451,0,0,0.0,0.0,0,24,0.544,0.0832,1.281,60,-1.316,-0.045,0
B146,2024-04-30,train,0.386,0.263,14.996,0,0,-2.67,2.0,1,19,0.215,0.084,0.614,90,1.505,-1.122,0
B147,2024-04-30,train,0.125,0.436,15.243,1,0,-8.0,7.0,3,21,0.359,0.035,1.072,30,-0.225,-0.019,0
B148,2024-04-30,train,0.696,0.075,15.668,0,0,-3.0,2.25,1,10,0.378,0.0421,1.582,30,-0.1,1.178,0
B150,2024-04-30,train,0.406,0.676,14.952,0,0,-8.0,6.0,2,20,0.741,0.0404,0.841,30,-0.499,1.008,0
B002,2024-05-31,train,0.238,0.105,15.894,0,0,-3.67,5.8,2,20,0.233,0.0981,2.141,120,0.901,1.601,0
B003,2024-05-31,train,0.228,0.825,14.882,4,0,-12.0,12.4,5,16,0.59,0.0704,1.333,120,-0.794,-0.496,0
B004,2024-05-31,train,0.072,0.468,13.866,0,0,-6.67,5.4,2,20,0.495,0.1335,1.69,60,0.428,-0.052,0
B005,2024-05-31,train,0.154,0.436,15.917,0,0,0.0,0.0,0,19,0.221,0.0987,1.154,30,0.272,-0.971,0
B006,2024-05-31,train,0.453,0.32,16.007,0,0,-3.33,2.0,1,19,0.281,0.0235,1.933,60,-1.086,1.315,0
B007,2024-05-31,train,0.096,0.094,14.624,0,0,0.0,0.0,0,17,0.406,0.0277,1.609,30,-1.079,0.583,0
B008,2024-05-31,train,0.291,0.0,14.578,0,0,0.0,0.0,0,20,0.246,0.0717,1.378,30,0.439,1.566,0
B009,2024-05-31,train,0.117,0.313,14.123,0,0,-7.67,4.6,2,19,0.338,0.117,2.41,60,-0.228,-0.878,0
B010,2024-05-31,train,0.877,0.568,14.745,16,0,9.67,7.0,2,25,0.144,0.1479,0.436,90,0.574,0.824,0
B011,2024-05-31,train,0.101,0.0,13.993,0,0,0.0,0.0,0,12,0.308,0.0534,1.912,30,-0.399,0.966,0
B012,2024-05-31,train,0.586,0.063,14.885,0,0,0.0,0.0,0,26,0.214,0.0721,0.759,90,-0.922,-1.129,0
B013,2024-05-31,train,0.817,0.529,15.131,0,0,0.0,0.6,1,20,0.416,0.0535,2.828,90,-1.163,0.684,0
B014,2024-05-31,train,0.558,0.039,15.531,0,0,-3.33,4.8,2,15,0.436,0.0566,1.063,60,0.117,0.726,0
B015,2024-05-31,train,0.296,0.0,15.375,0,0,0.0,0.0,0,14,0.363,0.0614,1.809,60,1.706,0.626,0
B016,2024-05-31,train,0.551,0.069,14.501,0,0,0.0,0.0,0,12,0.458,0.0908,1.673,30,1.524,0.594,0
B018,2024-05-31,train,0.185,0.251,14.232,0,0,-0.33,0.2,1,21,0.303,0.0937,1.771,30,-0.115,0.295,0
B020,2024-05-31,train,0.151,0.608,15.664,0,0,-5.33,5.2,3,17,0.366,0.0893,0.823,120,-2.488,-0.822,0
B021,2024-05-31,train,0.844,0.0,15.328,0,0,0.0,0.0,0,15,0.442,0.0943,1.011,30,-0.954,1.059,0
B022,2024-05-31,train,0.25,0.188,15.963,0,0,0.0,0.0,0,18,0.348,0.1826,1.61,30,-0.251,0.679,0
B023,2024-05-31,train,0.65,0.051,14.809,0,0,0.0,0.0,0,12,0.708,0.1143,1.776,60,0.002,0.391,0
B024,2024-05-31,train,0.398,0.0,14.917,0,0,0.0,0.0,0,14,0.476,0.0426,1.81,30,0.885,2.006,0
B025,2024-05-31,train,0.843,0.223,15.911,20,0,-22.0,43.6,5,20,0.402,0.1475,1.423,60,1.325,-1.551,0
B030,2024-05-31,train,0.448,0.0,15.016,0,0,0.0,0.0,0,13,0.431,0.1538,1.767,30,-1.203,0.542,0
B031,2024-05-31,train,0.345,0.59,15.069,0,0,-0.67,0.4,1,23,0.43,0.1326,0.147,60,1.13,-0.645,0
B034,2024-05-31,train,0.355,1.149,14.028,15,0,9.33,8.0,5,24,0.213,0.0861,0.079,60,1.569,-1.228,0
B035,2024-05-31,train,0.113,1.142,16.37,0,0,0.0,0.0,0,28,0.408,0.1233,1.198,60,-0.647,1.137,0
B036,2024-05-31,train,0.88,0.016,15.701,0,0,0.0,0.0,0,13,0.34,0.0946,1.309,60,-0.275,1.76,0
B038,2024-05-31,train,0.937,0.813,14.963,91,1,82.33,26.6,4,20,0.116,0.1233,0.463,60,1.534,-0.018,1
B039,2024-05-31,train,0.426,0.0,14.225,0,0,0.0,0.0,0,17,0.254,0.0978,2.023,30,-0.472,-0.778,0
B040,2024-05-31,train,0.454,0.49,16.691,0,0,-4.0,2.4,1,24,0.201,0.08,0.672,60,-0.017,0.076,0
B041,2024-05-31,train,0.747,0.217,14.399,14,0,14.0,2.8,1,15,0.124,0.112,1.579,30,-0.199,0.644,0
B043,2024-05-31,train,0.603,0.097,13.428,0,0,0.0,0.0,0,15,0.299,0.0495,1.714,30,0.94,-0.308,0
B044,2024-05-31,train,0.425,0.46,14.845,0,0,0.0,0.0,0,18,0.429,0.1237,1.729,60,0.218,-1.081,0
B045,2024-05-31,train,0.148,0.188,14.801,0,0,0.0,0.0,0,27,0.318,0.1221,1.368,60,-1.316,-2.369,0
B046,2024-05-31,train,0.479,0.35,14.772,0,0,0.0,0.0,0,13,0.126,0.1294,1.245,30,0.1,-0.051,0
B049,2024-05-31,train,0.344,0.286,14.928,0,0,0.0,0.0,0,13,0.136,0.0572,1.737,60,-0.799,0.291,0
B050,2024-05-31,train,0.033,0.051,14.054,0,0,0.0,0.0,0,14,0.132,0.0756,1.364,30,-0.097,-0.264,0
B052,2024-05-31,train,0.834,0.536,15.425,0,0,0.0,0.0,0,17,0.448,0.103,1.932,30,-2.163,1.498,0
B053,2024-05-31,train,0.663,0.0,15.411,0,0,0.0,1.8,1,17,0.508,0.0332,2.176,60,-1.693,-0.951,0
B054,2024-05-31,train,0.087,0.5,15.407,0,0,0.0,0.0,0,17,0.458,0.07,1.057,60,0.714,0.174,0
B055,2024-05-31,train,0.45,0.026,13.138,0,0,0.0,0.0,0,14,0.383,0.1117,1.803,30,-0.018,-1.295,0
B056,2024-05-31,train,0.563,0.437,13.74,0,0,-1.0,0.6,1,23,0.485,0.0478,1.373,30,-0.224,-1.753,0
B057,2024-05-31,train,0.329,0.0,15.067,0,0,-6.0,6.8,2,14,0.366,0.1116,0.637,30,-0.234,0.695,0
B058,2024-05-31,train,0.431,0.372,16.285,0,0,-10.67,6.4,2,12,0.373,0.1013,1.207,120,0.075,0.14,0
B060,2024-05-31,train,0.317,0.157,13.151,19,0,19.0,6.2,2,19,0.425,0.1162,1.213,60,1.217,2.224,0
B061,2024-05-31,train,0.9,0.0,15.873,0,0,-3.67,2.2,1,26,0.127,0.0488,1.234,90,0.305,1.613,0
B062,2024-05-31,train,0.783,0.256,14.332,0,0,0.0,0.0,0,17,0.316,0.0492,1.203,90,1.592,0.762,0
B063,2024-05-31,train,0.129,0.548,15.654,0,0,-11.67,8.2,4,28,0.61,0.0803,0.707,120,-1.377,0.012,0
B064,2024-05-31,train,0.017,0.0,14.107,0,0,0.0,0.0,0,13,0.107,0.0944,2.065,30,-2.002,-0.954,0
B065,2024-05-31,train,0.141,0.167,15.781,0,0,0.0,0.0,0,16,0.483,0.1258,1.92,90,-0.745,0.412,0
B067,2024-05-31,train,0.434,0.0,14.925,0,0,0.0,0.0,0,15,0.256,0.1243,1.589,30,-0.319,-0.281,0
B068,2024-05-31,train,0.509,0.599,14.792,0,0,0.0,0.0,0,20,0.613,0.0961,1.948,60,0.387,0.833,0
B071,2024-05-31,train,0.095,0.295,14.108,0,0,-11.67,9.2,4,18,0.411,0.1405,1.883,60,-0.201,-1.373,0
B072,2024-05-31,train,0.851,0.387,15.682,19,0,15.0,6.2,3,22,0.297,0.0788,1.036,60,1.131,-0.304,0
B074,2024-05-31,train,0.403,0.595,14.966,0,0,0.0,0.0,0,13,0.335,0.141,1.863,60,-0.821,0.43,0
B075,2024-05-31,train,0.203,0.53,13.501,0,0,0.0,0.0,0,22,0.504,0.0334,1.212,60,0.608,-0.361,0
B076,2024-05-31,train,0.483,0.314,14.176,0,0,-12.33,7.4,2,12,0.15,0.1191,1.75,120,-0.598,0.725,0
B077,2024-05-31,train,0.591,0.45,16.673,0,0,0.0,0.8,1,18,0.237,0.0946,1.309,90,1.309,-0.588,0
B078,2024-05-31,train,0.364,0.066,15.415,0,0,-6.67,4.0,1,14,0.231,0.083,1.617,30,1.884,-1.105,0
B079,2024-05-31,train,0.532,0.029,15.32,0,0,0.0,0.0,0,15,0.28,0.1231,1.968,30,0.127,-0.879,0
B080,2024-05-31,train,0.342,0.0,14.077,0,0,-1.33,0.8,1,11,0.455,0.1252,1.38,60,-1.605,0.06,0
B081,2024-05-31,train,0.092,0.332,14.844,14,0,14.0,2.8,1,23,0.158,0.0772,1.237,60,-0.001,0.98,0
B082,2024-05-31,train,0.088,0.158,14.667,0,0,0.0,0.0,0,30,0.432,0.1217,1.28,90,0.585,1.465,0
B084,2024-05-31,train,0.442,0.672,13.825,0,0,-1.67,1.0,1,29,0.245,0.0687,0.63,60,-0.026,0.004,0
B085,2024-05-31,train,0.665,0.505,15.416,0,0,0.0,0.0,0,13,0.068,0.0692,1.529,120,-0.521,0.047,0
B086,2024-05-31,train,0.147,0.303,14.234,0,0,0.0,0.0,0,20,0.101,0.1276,2.102,60,0.313,-1.458,0
B088,2024-05-31,train,0.219,0.383,16.812,0,0,-0.67,0.4,1,26,0.124,0.0959,1.152,60,-0.253,0.955,0
B089,2024-05-31,train,0.666,0.547,15.411,0,0,-4.0,2.4,1,21,0.344,0.1332,1.927,30,0.071,-0.098,0
B090,2024-05-31,train,0.767,1.191,15.347,54,1,27.67,30.2,4,17,0.63,0.1053,0.567,90,-1.018,-0.897,1
B092,2024-05-31,train,0.08,0.286,15.522,17,0,17.0,5.2,2,22,0.305,0.0236,1.666,60,-0.45,0.188,0
B094,2024-05-31,train,0.133,0.0,13.92,0,0,0.0,0.0,0,12,0.541,0.069,1.391,30,-1.17,1.06,0
B095,2024-05-31,train,0.75,0.21,16.415,0,0,0.0,0.0,0,18,0.462,0.0684,1.712,90,0.959,-1.219,0
B096,2024-05-31,train,0.47,0.216,13.83,3,0,3.0,0.6,1,13,0.356,0.0948,1.975,30,-0.091,0.59,0
B098,2024-05-31,train,0.545,0.999,17.348,0,0,0.0,0.0,0,20,0.194,0.0442,1.356,30,-0.704,-0.129,0
B099,2024-05-31,train,0.576,0.178,14.723,0,0,0.0,0.0,0,20,0.268,0.1144,1.551,120,0.354,1.078,0
B100,2024-05-31,train,0.835,0.04,15.015,0,0,0.0,0.0,0,12,0.444,0.0717,1.409,60,0.147,-1.575,0
B101,2024-05-31,train,0.842,0.539,16.984,15,0,7.67,7.4,3,19,0.141,0.1516,1.763,60,-0.101,-0.794,0
B102,2024-05-31,train,0.037,0.417,16.189,6,0,-4.33,10.6,4,19,0.514,0.0763,1.44,90,-0.282,1.377,0
B103,2024-05-31,train,0.622,0.818,14.655,0,0,0.0,0.0,0,14,0.235,0.0758,1.227,120,0.231,0.137,0
B104,2024-05-31,train,0.478,0.474,14.999,0,0,-6.0,3.6,2,20,0.375,0.102,1.652,30,0.831,0.13,0
B106,2024-05-31,train,0.756,0.703,15.304,0,0,-21.67,17.0,3,20,0.458,0.1061,0.887,60,-0.813,-0.989,0
B107,2024-05-31,train,0.002,0.436,14.576,17,0,12.33,7.8,3,19,0.142,0.0972,1.36,30,0.424,0.19,0
B108,2024-05-31,train,0.832,0.876,14.134,9,0,0.67,6.8,3,17,0.417,0.0821,2.151,60,0.532,-0.712,0
B109,2024-05-31,train,0.531,0.0,14.75,0,0,0.0,0.0,0,18,0.112,0.0597,1.58,60,1.977,0.158,0
B111,2024-05-31,train,0.078,0.0,13.778,0,0,0.0,0.0,0,17,0.177,0.1091,1.403,60,1.725,-0.259,0
B113,2024-05-31,train,0.536,0.396,14.92,8,0,6.0,2.8,2,19,0.402,0.0405,1.385,30,0.498,0.359,0
B114,2024-05-31,train,0.47,0.763,14.085,7,0,0.0,6.4,4,32,0.777,0.096,0.315,90,2.77,0.35,0
B115,2024-05-31,train,0.631,0.498,14.973,15,0,13.33,4.4,4,19,0.499,0.1078,0.222,30,1.043,-0.103,0
B116,2024-05-31,train,0.306,0.058,15.33,0,0,-6.33,3.8,1,18,0.267,0.0648,1.439,60,0.176,-1.555,0
B117,2024-05-31,train,0.174,0.759,17.35,8,0,3.33,4.4,3,24,0.562,0.1173,0.48,90,-0.682,-0.503,0
B118,2024-05-31,train,0.427,0.249,13.96,0,0,-6.67,4.0,1,15,0.333,0.1206,0.896,60,-0.593,-1.454,0
B121,2024-05-31,train,0.457,0.603,16.667,15,0,4.0,9.6,3,17,0.321,0.1047,1.696,90,-0.097,1.946,0
B122,2024-05-31,train,0.695,0.47,15.665,0,0,0.0,0.0,0,17,0.373,0.0552,0.751,60,-0.536,0.487,0
B123,2024-05-31,train,0.147,0.196,15.643,2,0,2.0,0.4,1,21,0.122,0.0709,1.874,60,-0.492,0.596,0
B124,2024-05-31,train,0.615,0.054,14.783,0,0,-1.33,0.8,1,21,0.275,0.0303,1.374,90,-0.873,0.663,0
B126,2024-05-31,train,0.626,0.131,14.229,0,0,0.0,0.0,0,14,0.459,0.121,1.501,90,1.825,-0.824,0
B128,2024-05-31,train,0.253,0.048,14.64,0,0,0.0,0.0,0,12,0.126,0.1389,1.349,30,-0.016,-0.909,0
B132,2024-05-31,train,0.454,0.099,12.695,0,0,0.0,0.0,0,16,0.479,0.0822,1.366,30,-1.579,0.284,0
B134,2024-05-31,train,0.525,0.535,13.709,4,0,4.0,0.8,1,11,0.583,0.1195,0.612,30,0.736,-0.678,0
B135,2024-05-31,train,0.075,0.342,15.003,0,0,0.0,0.0,0,21,0.245,0.1119,0.524,120,0.519,0.366,0
B136,2024-05-31,train,0.709,0.519,15.524,0,0,-14.33,8.6,3,16,0.288,0.0658,1.694,60,0.165,0.187,0
B137,2024-05-31,train,0.625,0.101,14.59,0,0,0.0,0.0,0,18,0.336,0.1153,1.985,60,0.912,-0.525,0
B138,2024-05-31,train,0.712,0.031,14.919,0,0,-9.0,5.4,2,20,0.383,0.1323,1.05,120,-0.793,0.3,0
B140,2024-05-31,train,0.361,0.706,14.693,10,0,4.67,5.2,2,21,0.368,0.0504,1.182,30,0.232,-1.164,0
B141,2024-05-31,train,0.067,0.623,15.796,16,0,16.0,3.2,1,30,0.234,0.0784,1.727,90,-1.218,-0.145,0
B142,2024-05-31,train,0.294,0.263,15.132,0,0,0.0,0.0,0,18,0.016,0.138,1.894,30,-0.361,0.198,0
B144,2024-05-31,train,0.24,0.069,14.106,0,0,0.0,0.0,0,16,0.1,0.0837,2.206,60,-0.699,-1.784,0
B145,2024-05-31,train,0.55,0.372,15.448,0,0,0.0,0.0,0,17,0.531,0.1321,1.47,60,1.09,0.014,0
B147,2024-05-31,train,0.099,0.613,15.065,0,0,-4.67,5.6,3,24,0.305,0.0843,0.798,30,-0.424,-0.407,0
B148,2024-05-31,train,0.77,0.094,15.828,0,0,-3.0,1.8,1,17,0.299,0.1389,1.576,30,0.193,0.06,0
B149,2024-05-31,train,0.909,0.287,15.163,0,0,0.0,1.0,1,13,0.436,0.0737,1.067,90,1.87,1.215,0
B001,2024-06-30,train,0.677,0.361,15.747,0,0,0.0,0.0,0,15,0.283,0.1441,2.142,90,0.37,0.217,0
B003,2024-06-30,train,0.271,0.916,15.297,6,0,-5.33,11.33,6,20,0.611,0.1439,1.279,120,-0.225,1.083,0
B005,2024-06-30,train,0.146,0.204,15.095,0,0,0.0,0.0,0,15,0.216,0.1342,0.93,30,0.696,1.94,0
B006,2024-06-30,train,0.423,0.639,15.919,12,0,12.0,3.67,2,22,0.446,0.0779,1.686,60,0.43,0.4,0
B007,2024-06-30,train,0.102,0.171,14.678,0,0,0.0,0.0,0,21,0.54,0.0457,1.624,30,2.043,-0.008,0
B008,2024-06-30,train,0.301,0.057,14.783,0,0,0.0,0.0,0,11,0.283,0.1204,1.719,30,-0.748,-0.244,0
B009,2024-06-30,train,0.131,0.76,14.27,5,0,-0.67,4.67,3,22,0.773,0.1042,2.547,60,-1.025,-0.412,0
B010,2024-06-30,train,0.914,0.492,14.764,5,0,-6.67,6.67,3,24,0.224,0.0898,0.671,90,-0.15,0.356,0
B011,2024-06-30,train,0.156,0.043,14.05,0,0,0.0,0.0,0,15,0.217,0.0937,1.946,30,0.453,-0.349,0
B012,2024-06-30,train,0.563,0.287,15.038,0,0,0.0,0.0,0,11,0.32,0.0726,0.891,90,0.565,0.634,0
B013,2024-06-30,train,0.764,0.424,14.71,0,0,0.0,0.5,1,17,0.475,0.0586,2.502,90,0.392,-0.384,0
B014,2024-06-30,train,0.554,0.0,15.712,0,0,-3.33,4.0,2,21,0.266,0.0842,1.102,60,-1.747,0.84,0
B015,2024-06-30,train,0.255,0.0,15.442,0,0,0.0,0.0,0,13,0.158,0.073,1.666,60,0.632,0.771,0
B016,2024-06-30,train,0.508,0.594,14.323,0,0,0.0,0.0,0,15,0.53,0.1133,1.78,30,0.054,-0.5,0
B018,2024-06-30,train,0.17,0.19,13.86,16,0,15.67,2.83,2,17,0.248,0.1525,1.913,30,-0.584,-0.911,0
B020,2024-06-30,train,0.179,1.125,15.766,0,0,-5.33,4.33,3,18,0.319,0.147,0.642,120,0.166,-0.357,0
B021,2024-06-30,train,0.878,0.0,15.401,0,0,0.0,0.0,0,10,0.188,0.1265,1.098,30,0.405,-0.257,0
B022,2024-06-30,train,0.218,0.054,15.582,0,0,0.0,0.0,0,18,0.146,0.0652,1.701,30,-0.152,0.303,0
B023,2024-06-30,train,0.606,0.159,14.214,0,0,0.0,0.0,0,14,0.04,0.0748,1.87,60,0.212,1.941,0
B024,2024-06-30,train,0.39,0.0,15.5,0,0,0.0,0.0,0,14,0.06,0.1132,1.892,30,-0.77,0.216,0
B025,2024-06-30,train,0.832,0.442,16.084,0,0,-40.67,36.33,5,17,0.074,0.085,0.998,60,-0.337,0.949,0
B029,2024-06-30,train,0.561,0.146,14.999,0,0,0.0,0.0,0,18,0.221,0.1134,2.001,90,-1.033,-0.571,0
B030,2024-06-30,train,0.44,0.448,14.73,0,0,0.0,0.0,0,20,0.355,0.1007,1.797,30,-0.633,0.588,0
B031,2024-06-30,train,0.372,0.474,14.495,0,0,-0.67,0.33,1,12,0.352,0.1196,0.248,60,-0.636,-0.483,0
B034,2024-06-30,train,0.425,0.817,14.264,3,0,-6.0,7.17,6,16,0.422,0.0337,0.081,60,0.28,-0.247,0
B035,2024-06-30,train,0.153,0.92,15.942,5,0,5.0,0.83,1,19,0.39,0.0642,1.148,60,0.983,0.863,0
B037,2024-06-30,train,0.61,0.0,13.909,0,0,0.0,0.0,0,12,0.001,0.1517,1.604,30,-1.827,0.791,0
B038,2024-06-30,train,0.876,1.197,15.029,33,1,-0.67,27.67,5,27,0.559,0.1035,0.321,60,1.027,-1.413,1
B039,2024-06-30,train,0.378,0.341,14.298,0,0,0.0,0.0,0,19,0.417,0.1168,2.285,30,-1.781,-0.436,0
B040,2024-06-30,train,0.468,0.619,16.805,0,0,-4.0,2.0,1,23,0.437,0.0242,0.989,60,-1.065,1.481,0
B041,2024-06-30,train,0.709,0.006,14.661,0,0,-4.67,2.33,1,20,0.374,0.1297,1.378,30,-0.009,0.399,0
B045,2024-06-30,train,0.125,0.0,14.654,0,0,0.0,0.0,0,12,0.535,0.0798,1.182,60,-2.17,0.062,0
B046,2024-06-30,train,0.465,0.232,14.743,0,0,0.0,0.0,0,15,0.548,0.0992,1.229,30,-0.261,-1.296,0
B047,2024-06-30,train,0.148,0.145,15.054,0,0,0.0,0.0,0,18,0.408,0.11,1.039,60,1.626,-0.773,0
B049,2024-06-30,train,0.388,0.012,14.845,0,0,0.0,0.0,0,18,0.272,0.1512,1.637,60,-0.217,-0.662,0
B050,2024-06-30,train,0.084,0.331,14.146,0,0,0.0,0.0,0,18,0.253,0.1028,1.482,30,-0.989,-0.368,0
B051,2024-06-30,train,0.441,0.063,15.317,0,0,0.0,0.0,0,15,0.315,0.0968,2.182,30,-2.391,0.67,0
B052,2024-06-30,train,0.797,0.419,15.111,0,0,0.0,0.0,0,18,0.364,0.0126,1.977,30,0.345,-0.505,0
B054,2024-06-30,train,0.027,0.656,15.309,0,0,0.0,0.0,0,26,0.613,0.0967,1.233,60,1.006,0.107,0
B055,2024-06-30,train,0.505,0.059,13.376,0,0,0.0,0.0,0,14,0.132,0.1294,1.666,30,0.786,-1.136,0
B056,2024-06-30,train,0.578,0.623,13.527,0,0,0.0,0.5,1,20,0.283,0.0913,1.252,30,-1.164,0.923,0
B057,2024-06-30,train,0.309,0.006,14.563,0,0,-6.0,5.67,2,26,0.062,0.1517,0.668,30,0.899,-0.54,0
B058,2024-06-30,train,0.412,0.182,16.682,0,0,-4.33,5.33,2,15,0.269,0.1207,1.131,120,-0.646,0.243,0
B060,2024-06-30,train,0.325,0.208,13.303,0,0,-6.33,5.17,2,17,0.489,0.0803,1.295,60,1.008,0.602,0
B061,2024-06-30,train,0.879,0.525,15.703,0,0,-3.67,1.83,1,15,0.26,0.1106,1.351,90,0.641,-0.134,0
B062,2024-06-30,train,0.777,0.114,14.213,0,0,0.0,0.0,0,24,0.228,0.1704,1.23,90,-0.456,-0.324,0
B065,2024-06-30,train,0.215,0.0,16.122,0,0,0.0,0.0,0,18,0.368,0.1476,1.861,90,0.572,1.437,0
B067,2024-06-30,train,0.413,0.0,15.069,0,0,0.0,0.0,0,14,0.384,0.1266,1.529,30,-0.006,0.609,0
B068,2024-06-30,train,0.513,0.513,15.095,0,0,0.0,0.0,0,17,0.395,0.1014,1.994,60,1.179,2.185,0
B069,2024-06-30,train,0.112,0.067,15.382,19,0,19.0,3.17,1,12,0.245,0.0778,0.37,90,-1.13,-0.252,0
B070,2024-06-30,train,0.493,0.441,15.07,15,0,15.0,2.5,1,20,0.166,0.0981,1.823,60,-1.097,-0.07,0
B071,2024-06-30,train,0.101,0.593,13.989,0,0,-5.33,7.67,4,12,0.297,0.1679,1.982,60,-0.457,0.39,0
B072,2024-06-30,train,0.886,0.389,15.578,19,0,9.0,8.33,4,21,0.325,0.0923,1.102,60,1.214,-0.043,0
B074,2024-06-30,train,0.325,0.988,14.928,0,0,0.0,0.0,0,26,0.201,0.1461,1.739,60,2.568,0.02,0
B075,2024-06-30,train,0.201,0.336,13.256,0,0,0.0,0.0,0,15,0.368,0.1117,1.281,60,0.669,-0.35,0
B076,2024-06-30,train,0.554,0.089,14.04,0,0,-6.67,6.17,2,21,0.338,0.083,1.544,120,-1.013,0.309,0
B077,2024-06-30,train,0.607,0.371,16.499,0,0,0.0,0.67,1,18,0.353,0.1224,1.015,90,1.169,0.646,0
B078,2024-06-30,train,0.46,0.261,15.263,0,0,-6.67,3.33,1,21,0.031,0.1383,1.45,30,0.299,1.269,0
B079,2024-06-30,train,0.521,0.48,15.294,0,0,0.0,0.0,0,20,0.202,0.1209,1.979,30,-1.398,0.712,0
B080,2024-06-30,train,0.427,0.041,13.614,0,0,0.0,0.67,1,16,0.006,0.1063,1.249,60,-0.658,1.58,0
B081,2024-06-30,train,0.078,0.255,14.778,0,0,-4.67,2.33,1,28,0.138,0.0807,1.135,60,0.446,0.389,0
B082,2024-06-30,train,0.135,0.0,14.658,0,0,0.0,0.0,0,16,0.345,0.0912,1.516,90,-1.537,0.277,0
B083,2024-06-30,train,0.757,0.0,15.43,0,0,0.0,0.0,0,19,0.32,0.0736,0.995,60,0.08,0.159,0
B084,2024-06-30,train,0.503,0.58,13.71,12,0,12.0,2.83,2,22,0.213,0.1238,0.862,60,-0.726,-0.201,0
B085,2024-06-30,train,0.719,0.0,15.45,6,0,6.0,1.0,1,16,0.259,0.0316,1.749,120,-0.092,0.803,0
B086,2024-06-30,train,0.136,0.276,14.637,0,0,0.0,0.0,0,18,0.074,0.1759,2.066,60,0.42,-0.602,0
B087,2024-06-30,train,0.255,0.559,14.934,1,0,-14.33,7.83,4,20,0.484,0.081,1.024,30,-1.286,-0.2,0
B088,2024-06-30,train,0.201,0.599,16.511,0,0,-0.67,0.33,1,24,0.344,0.108,1.121,60,-1.761,-1.815,0
B089,2024-06-30,train,0.704,0.294,15.614,0,0,0.0,2.0,1,20,0.465,0.1028,2.074,30,0.819,0.121,0
B090,2024-06-30,train,0.814,1.176,15.668,89,1,44.67,40.0,5,19,0.555,0.1214,0.701,90,1.115,2.533,0
B092,2024-06-30,train,0.111,0.304,15.098,0,0,-5.67,4.33,2,19,0.492,0.1047,1.809,60,1.266,-1.55,0
B093,2024-06-30,train,0.742,0.0,13.74,0,0,0.0,0.0,0,16,0.316,0.094,2.539,90,0.472,1.506,0
B094,2024-06-30,train,0.228,0.072,14.023,0,0,0.0,0.0,0,12,0.186,0.1105,1.399,30,1.269,0.442,0
B095,2024-06-30,train,0.718,0.481,15.936,0,0,0.0,0.0,0,21,0.461,0.0169,1.777,90,-0.553,-0.527,0
B096,2024-06-30,train,0.415,0.394,14.108,0,0,-1.0,0.5,1,19,0.589,0.0873,1.842,30,-0.119,1.214,0
B100,2024-06-30,train,0.906,0.0,15.256,0,0,0.0,0.0,0,22,0.151,0.1453,1.084,60,0.129,0.587,0
B102,2024-06-30,train,0.036,0.51,15.935,20,0,7.67,12.17,5,23,0.158,0.0432,1.618,90,0.601,-0.558,0
B103,2024-06-30,train,0.581,0.362,14.759,11,0,11.0,1.83,1,25,0.329,0.1312,1.207,120,0.604,0.116,0
B104,2024-06-30,train,0.497,0.678,15.177,0,0,-2.0,3.0,2,18,0.554,0.1269,1.837,30,-0.177,0.384,0
B106,2024-06-30,train,0.78,0.84,15.539,0,0,-13.33,14.17,3,13,0.511,0.1528,0.476,60,0.959,-0.642,0
B110,2024-06-30,train,0.144,0.601,15.963,1,0,-9.0,5.17,4,21,0.112,0.0589,1.236,30,-0.99,-0.664,0
B111,2024-06-30,train,0.064,0.051,13.964,0,0,0.0,0.0,0,12,0.168,0.0886,1.526,60,-0.487,0.952,0
B112,2024-06-30,train,0.272,0.519,15.584,0,0,-5.33,2.67,1,30,0.535,0.0111,1.689,30,0.054,0.45,0
B113,2024-06-30,train,0.564,0.372,14.989,0,0,-4.67,2.33,2,18,0.277,0.1439,1.407,30,-1.341,-0.469,0
B114,2024-06-30,train,0.478,0.473,13.876,0,0,-4.33,5.33,4,29,0.448,0.0836,0.393,90,0.697,0.27,0
B117,2024-06-30,train,0.231,0.587,17.343,11,0,3.67,5.5,4,18,0.334,0.1169,0.588,90,1.059,1.362,0
B118,2024-06-30,train,0.408,0.319,13.802,0,0,0.0,3.33,1,17,0.242,0.1139,0.694,60,-0.325,0.24,0
B119,2024-06-30,train,0.18,0.137,13.555,0,0,0.0,0.0,0,17,0.492,0.0881,1.864,120,-1.568,1.862,0
B120,2024-06-30,train,0.193,0.46,16.226,0,0,-6.33,3.17,2,25,0.514,0.133,0.556,30,0.954,0.265,0
B121,2024-06-30,train,0.484,0.647,16.543,17,0,6.67,10.83,4,18,0.464,0.1098,1.626,90,1.462,0.414,0
B122,2024-06-30,train,0.743,0.251,15.759,0,0,0.0,0.0,0,18,0.431,0.0873,1.08,60,1.145,-0.605,0
B123,2024-06-30,train,0.099,0.0,15.793,0,0,-0.67,0.33,1,15,0.222,0.123,1.939,60,-0.124,-1.363,0
B126,2024-06-30,train,0.66,0.0,13.875,0,0,0.0,0.0,0,14,0.228,0.1403,1.479,90,2.403,0.845,0
B127,2024-06-30,train,0.311,0.0,15.074,0,0,0.0,1.33,1,20,0.16,0.1269,1.775,90,0.991,0.907,0
B128,2024-06-30,train,0.239,0.165,14.556,0,0,0.0,0.0,0,24,0.397,0.1118,1.516,30,-0.558,0.083,0
B133,2024-06-30,train,0.276,0.201,13.512,0,0,0.0,0.0,0,27,0.232,0.061,1.698,60,0.773,1.12,0
B134,2024-06-30,train,0.521,0.362,13.462,9,0,7.67,2.17,2,17,0.392,0.0696,0.635,30,1.001,-2.348,0
B135,2024-06-30,train,0.067,0.0,14.82,0,0,0.0,0.0,0,19,0.391,0.1208,0.516,120,-0.31,-0.491,0
B136,2024-06-30,train,0.711,0.615,15.353,0,0,-8.0,7.17,3,16,0.564,0.1023,1.579,60,2.145,-0.557,0
B137,2024-06-30,train,0.617,0.0,14.74,0,0,0.0,0.0,0,16,0.371,0.0865,1.932,60,1.162,-0.171,0
B138,2024-06-30,train,0.76,0.667,15.31,0,0,-5.67,4.5,2,15,0.331,0.0897,0.995,120,0.614,1.71,0
B140,2024-06-30,train,0.309,0.413,14.888,15,0,6.33,6.83,3,25,0.589,0.1153,1.092,30,-2.007,-2.333,0
B141,2024-06-30,train,0.049,0.375,15.998,0,0,-5.33,2.67,1,26,0.08,0.1536,1.566,90,1.196,1.016,0
B142,2024-06-30,train,0.307,0.275,14.849,0,0,0.0,0.0,0,8,0.155,0.0787,1.644,30,0.471,0.47,0
B143,2024-06-30,train,0.054,0.222,16.077,6,0,2.33,6.0,4,16,0.567,0.1064,1.164,90,0.33,1.812,0
B144,2024-06-30,train,0.243,0.516,14.664,0,0,0.0,0.0,0,26,0.412,0.078,2.081,60,0.728,0.412,0
B145,2024-06-30,train,0.646,0.377,15.57,0,0,0.0,0.0,0,14,0.284,0.0654,1.389,60,0.553,-0.012,0
B146,2024-06-30,train,0.405,0.454,15.228,1,0,1.0,1.5,2,11,0.397,0.1438,0.79,90,1.043,-1.523,0
B147,2024-06-30,train,0.14,0.342,15.192,5,0,4.67,5.5,4,17,0.244,0.1558,0.937,30,-0.487,-0.797,0
B148,2024-06-30,train,0.804,0.0,15.815,0,0,0.0,1.5,1,13,0.405,0.0151,1.663,30,-0.066,1.084,0
B149,2024-06-30,train,0.938,0.32,15.464,0,0,0.0,0.83,1,17,0.319,0.0858,1.134,90,-0.559,1.446,0
B150,2024-06-30,train,0.405,0.623,15.266,18,0,8.67,9.33,4,18,0.422,0.0305,1.092,30,0.215,-1.778,0
B001,2024-07-31,train,0.756,0.681,15.593,0,0,0.0,0.0,0,11,0.43,0.1491,2.284,90,-0.148,0.254,0
B003,2024-07-31,train,0.228,0.957,15.114,0,0,-8.67,9.67,6,20,0.336,0.0817,1.295,120,1.065,-0.076,0
B005,2024-07-31,train,0.101,0.663,15.755,0,0,0.0,0.0,0,27,0.438,0.0861,0.918,30,0.077,0.999,0
B006,2024-07-31,train,0.521,0.684,16.063,0,0,-4.0,3.67,2,20,0.285,0.0611,1.739,60,1.328,-0.736,0
B008,2024-07-31,train,0.328,0.0,14.412,0,0,0.0,0.0,0,25,0.569,0.1532,1.617,30,-0.197,-2.429,0
B009,2024-07-31,train,0.174,1.01,13.999,0,0,-7.33,4.67,3,20,0.484,0.1759,2.413,60,-2.103,-1.073,0
B011,2024-07-31,train,0.102,0.628,14.416,0,0,0.0,0.0,0,17,0.441,0.1596,1.737,30,-0.612,1.411,0
B012,2024-07-31,train,0.581,0.275,14.864,0,0,0.0,0.0,0,11,0.588,0.0608,0.876,90,-1.583,1.699,0
B013,2024-07-31,train,0.811,0.464,15.063,0,0,0.0,0.0,1,18,0.378,0.0693,2.512,90,0.116,-0.095,0
B014,2024-07-31,train,0.564,0.411,15.346,0,0,0.0,1.67,2,16,0.359,0.1478,1.221,60,0.399,-1.674,0
B015,2024-07-31,train,0.296,0.046,15.922,0,0,0.0,0.0,0,18,0.129,0.0004,1.382,60,-1.368,0.627,0
B018,2024-07-31,train,0.182,0.552,14.147,0,0,-5.33,2.83,2,17,0.488,0.127,1.979,30,-1.82,0.461,0
B019,2024-07-31,train,0.826,0.345,14.353,7,0,0.33,6.67,4,24,0.273,0.1107,1.339,60,0.101,1.927,0
B020,2024-07-31,train,0.12,0.666,15.904,19,0,17.0,5.83,4,16,0.678,0.1273,0.771,120,0.607,-0.913,0
B021,2024-07-31,train,0.892,0.0,15.519,0,0,0.0,0.0,0,15,0.218,0.1046,1.121,30,0.191,-0.073,0
B022,2024-07-31,train,0.218,0.003,15.93,0,0,0.0,0.0,0,20,0.249,0.171,1.6,30,-0.015,0.169,0
B023,2024-07-31,train,0.67,0.245,14.564,0,0,0.0,0.0,0,21,0.483,0.09,1.662,60,0.266,-1.213,0
B024,2024-07-31,train,0.447,0.181,15.325,0,0,0.0,0.0,0,14,0.639,0.1143,1.485,30,-1.993,-0.507,0
B025,2024-07-31,train,0.855,0.361,15.857,0,0,-22.0,24.33,5,26,0.402,0.0969,0.818,60,-0.864,-1.279,0
B026,2024-07-31,train,0.625,0.474,14.869,0,0,-4.33,2.17,2,16,0.184,0.1632,1.757,60,0.124,-0.724,0
B027,2024-07-31,train,0.044,0.386,15.868,0,0,0.0,2.83,2,20,0.442,0.1704,2.131,60,-0.87,-0.099,0
B028,2024-07-31,train,0.083,0.486,14.955,0,0,0.0,0.0,1,13,0.249,0.0959,2.236,60,0.175,-0.518,0
B029,2024-07-31,train,0.514,0.0,15.408,0,0,0.0,0.0,0,19,0.498,0.1489,1.906,90,0.134,-0.278,0
B030,2024-07-31,train,0.492,0.266,14.961,0,0,0.0,0.0,0,12,0.307,0.1518,1.804,30,-0.823,-1.676,0
B031,2024-07-31,train,0.356,0.669,14.704,10,0,10.0,2.0,2,17,0.387,0.1147,0.212,60,-0.131,1.025,0
B033,2024-07-31,train,0.909,1.076,14.362,14,0,4.67,7.0,4,21,0.306,0.0671,0.779,60,-0.033,-0.202,1
B034,2024-07-31,train,0.312,0.573,14.297,8,0,1.0,7.17,7,21,0.487,0.1528,0.041,60,0.217,0.443,1
B036,2024-07-31,train,0.877,0.482,15.629,0,0,0.0,0.0,0,11,0.263,0.1256,1.128,60,0.035,-0.039,0
B037,2024-07-31,train,0.607,0.0,13.977,0,0,0.0,0.0,0,10,0.116,0.0731,1.901,30,1.722,0.476,0
B038,2024-07-31,train,0.85,1.2,14.697,44,1,2.67,32.33,6,17,0.27,0.1311,-0.066,60,0.586,-0.025,1
B039,2024-07-31,train,0.386,0.0,14.087,0,0,0.0,0.0,0,12,0.382,0.1377,2.074,30,-0.24,1.364,0
B040,2024-07-31,train,0.548,0.787,16.807,12,0,8.0,4.0,2,16,0.289,0.1128,1.062,60,-0.075,-1.299,0
B041,2024-07-31,train,0.753,0.134,14.641,0,0,-4.67,2.33,1,21,0.372,0.0964,1.25,30,-0.485,0.515,0
B042,2024-07-31,train,0.512,0.811,15.337,0,0,-6.33,6.0,2,24,0.235,0.0978,0.669,60,0.164,-0.004,0
B045,2024-07-31,train,0.129,0.567,14.544,0,0,0.0,0.0,0,17,0.064,0.1502,1.255,60,-0.614,1.143,0
B048,2024-07-31,train,0.799,0.595,16.229,0,0,-5.33,3.17,2,17,0.542,0.0472,1.662,60,0.537,-0.782,0
B049,2024-07-31,train,0.373,0.515,14.68,0,0,0.0,0.0,0,23,0.263,0.1187,1.534,60,0.074,0.531,0
B050,2024-07-31,train,0.024,0.417,13.94,0,0,0.0,0.0,0,17,0.415,0.1134,1.52,30,2.634,0.038,0
B052,2024-07-31,train,0.802,0.486,15.929,0,0,0.0,0.0,0,17,0.374,0.1183,1.949,30,-0.653,1.007,0
B053,2024-07-31,train,0.705,0.277,14.983,0,0,0.0,0.0,1,23,0.489,0.0738,2.07,60,-0.615,0.959,0
B054,2024-07-31,train,0.012,0.46,15.37,0,0,0.0,0.0,0,6,0.284,0.0623,1.257,60,0.45,0.111,0
B056,2024-07-31,train,0.586,0.603,13.489,0,0,0.0,0.5,1,17,0.476,0.0809,1.449,30,1.58,-0.342,0
B057,2024-07-31,train,0.326,0.484,14.651,0,0,0.0,3.0,2,24,0.504,0.1414,0.765,30,0.138,0.456,0
B058,2024-07-31,train,0.504,0.486,16.206,0,0,-4.33,5.33,2,19,0.393,0.0534,1.213,120,-0.49,0.323,0
B060,2024-07-31,train,0.352,0.011,13.154,0,0,-6.33,3.17,2,18,0.006,0.1197,1.31,60,0.733,0.408,0
B061,2024-07-31,train,0.905,0.62,15.906,0,0,0.0,1.83,1,19,0.475,0.1018,1.284,90,-0.392,-1.187,0
B062,2024-07-31,train,0.808,0.0,14.271,0,0,0.0,0.0,0,13,0.105,0.1203,1.217,90,-1.206,1.206,0
B063,2024-07-31,train,0.086,0.85,15.51,0,0,-4.33,6.67,5,20,0.376,0.0476,0.769,120,0.287,-0.5,0
B064,2024-07-31,train,0.073,0.0,13.767,0,0,0.0,0.0,0,15,0.296,0.0745,1.96,30,-0.878,0.302,0
B066,2024-07-31,train,0.672,0.0,14.993,0,0,0.0,0.0,0,11,0.327,0.1266,1.635,30,0.585,0.997,0
B067,2024-07-31,train,0.443,0.01,15.134,0,0,0.0,0.0,0,17,0.353,0.1353,1.59,30,-1.696,-2.321,0
B068,2024-07-31,train,0.489,0.102,14.724,0,0,0.0,0.0,0,15,0.341,0.1213,1.917,60,-0.647,-1.742,0
B069,2024-07-31,train,0.104,0.429,14.846,0,0,-6.33,3.17,1,19,0.133,0.0875,0.355,90,-0.242,0.832,0
B070,2024-07-31,train,0.435,0.48,14.819,0,0,-5.0,2.5,1,17,0.476,0.0672,1.976,60,0.406,-0.884,0
B071,2024-07-31,train,0.11,0.358,13.892,9,0,8.33,7.33,5,24,0.405,0.0392,1.998,60,-0.361,0.621,0
B072,2024-07-31,train,0.83,0.785,15.782,0,0,-16.33,8.33,4,14,0.632,0.0717,1.1,60,-0.291,0.232,0
B073,2024-07-31,train,0.208,0.079,14.981,0,0,0.0,0.0,0,23,0.21,0.1727,2.338,60,-0.343,-2.016,0
B075,2024-07-31,train,0.199,0.398,13.433,0,0,0.0,0.0,0,21,0.288,0.1477,1.428,60,0.845,0.001,0
B076,2024-07-31,train,0.517,0.0,14.213,0,0,0.0,6.17,2,15,0.47,0.19,1.688,120,-0.28,-0.55,0
B077,2024-07-31,train,0.577,0.536,16.036,0,0,0.0,0.0,1,14,0.267,0.1191,1.173,90,-0.408,-0.451,0
B078,2024-07-31,train,0.482,0.43,15.505,0,0,0.0,3.33,1,24,0.444,0.0967,1.114,30,1.241,0.918,0
B079,2024-07-31,train,0.535,0.058,15.083,0,0,0.0,0.0,0,12,0.468,0.0774,1.884,30,-0.27,-0.655,0
B080,2024-07-31,train,0.405,0.021,13.88,0,0,0.0,0.67,1,17,0.238,0.119,1.32,60,0.173,0.017,0
B081,2024-07-31,train,0.114,0.595,15.209,4,0,-0.67,3.0,2,20,0.257,0.1211,1.149,60,0.328,-1.529,0
B083,2024-07-31,train,0.824,0.355,15.49,0,0,0.0,0.0,0,16,0.081,0.1113,0.894,60,0.429,-0.315,0
B084,2024-07-31,train,0.442,0.867,13.929,5,0,1.0,3.67,3,13,0.325,0.0992,0.61,60,-0.624,1.264,0
B085,2024-07-31,train,0.72,0.236,15.532,0,0,-2.0,1.0,1,22,0.292,0.1278,1.532,120,1.733,-1.362,0
B086,2024-07-31,train,0.114,0.137,14.364,0,0,0.0,0.0,0,11,0.443,0.137,1.984,60,-1.597,0.483,0
B088,2024-07-31,train,0.238,0.581,16.476,0,0,0.0,0.33,1,29,0.218,0.0867,1.23,60,0.956,-0.863,0
B090,2024-07-31,train,0.745,1.113,15.463,13,0,-38.67,39.17,6,22,0.224,0.1275,0.417,90,-0.52,1.695,0
B091,2024-07-31,train,0.278,0.421,16.393,8,0,8.0,1.33,1,16,0.231,0.1638,1.372,90,0.746,2.674,0
B092,2024-07-31,train,0.137,0.531,15.12,5,0,-0.67,3.67,3,17,0.32,0.1049,1.662,60,-0.988,-0.174,0
B094,2024-07-31,train,0.169,0.0,13.968,0,0,0.0,0.0,0,16,0.113,0.094,1.507,30,0.048,0.303,0
B095,2024-07-31,train,0.731,0.242,16.229,0,0,0.0,0.0,0,22,0.37,0.1254,1.794,90,-2.157,-1.177,0
B096,2024-07-31,train,0.504,0.461,14.078,0,0,-1.0,0.5,1,13,0.081,0.1303,1.802,30,0.137,0.089,0
B097,2024-07-31,train,0.245,0.925,15.433,0,0,0.0,0.0,0,20,0.468,0.0756,1.954,30,-0.076,-0.328,0
B100,2024-07-31,train,0.812,0.078,15.195,0,0,0.0,0.0,0,13,0.48,0.1268,1.185,60,-0.75,-1.308,0
B102,2024-07-31,train,0.033,0.477,15.741,11,0,-1.33,11.33,6,19,0.612,0.0944,1.781,90,-1.035,-0.282,0
B104,2024-07-31,train,0.578,0.373,15.143,13,0,13.0,5.17,3,16,0.42,0.0714,1.718,30,0.553,-1.511,0
B107,2024-07-31,train,0.094,0.347,14.811,0,0,-10.33,5.17,3,12,0.416,0.085,1.292,30,0.03,-2.065,0
B108,2024-07-31,train,0.848,0.86,14.701,0,0,-10.0,6.67,4,16,0.468,0.1485,2.175,60,-1.745,-1.161,0
B109,2024-07-31,train,0.555,0.052,14.564,0,0,0.0,0.0,0,20,0.304,0.0985,1.675,60,1.404,-0.432,0
B110,2024-07-31,train,0.163,0.673,15.743,0,0,-5.0,5.17,4,20,0.422,0.1517,1.336,30,1.46,-0.757,0
B111,2024-07-31,train,0.068,0.03,13.839,8,0,8.0,1.33,1,14,0.42,0.0745,1.666,60,0.149,0.553,0
B113,2024-07-31,train,0.566,0.5,15.245,0,0,-4.67,2.33,2,26,0.416,0.1171,0.965,30,0.626,0.12,0
B114,2024-07-31,train,0.46,0.786,14.104,3,0,-1.33,5.17,5,19,0.419,0.1496,0.395,90,-1.671,0.162,0
B115,2024-07-31,train,0.65,0.364,14.77,0,0,-11.0,5.83,5,15,0.384,0.1169,0.235,30,0.079,-0.592,1
B116,2024-07-31,train,0.351,0.428,15.26,0,0,0.0,3.17,1,14,0.381,0.138,1.438,60,1.396,-0.633,0
B117,2024-07-31,train,0.199,0.956,17.366,6,0,-1.67,6.5,5,21,0.524,0.0739,0.513,90,-1.785,0.31,0
B118,2024-07-31,train,0.364,0.364,13.868,0,0,0.0,3.33,1,22,0.395,0.1609,0.901,60,0.091,-0.051,0
B119,2024-07-31,train,0.17,0.052,13.704,0,0,0.0,0.0,0,18,0.531,0.1213,2.101,120,0.343,1.887,0
B120,2024-07-31,train,0.188,0.506,16.377,16,0,13.33,5.83,3,16,0.457,0.1698,0.704,30,-0.354,-0.711,0
B121,2024-07-31,train,0.459,0.624,16.705,17,0,6.33,13.67,5,24,0.216,0.0675,1.755,90,-0.352,0.884,0
B123,2024-07-31,train,0.157,0.423,15.604,0,0,-0.67,0.33,1,19,0.425,0.1187,1.743,60,1.232,0.668,0
B124,2024-07-31,train,0.675,0.0,14.979,7,0,7.0,1.83,2,21,0.468,0.0789,1.29,90,-0.473,2.098,0
B125,2024-07-31,train,0.868,0.391,14.219,0,0,0.0,0.0,0,17,0.366,0.1059,0.6,90,-0.418,0.012,0
B126,2024-07-31,train,0.602,0.0,13.704,0,0,0.0,0.0,0,11,0.663,0.1301,1.434,90,0.1,1.25,0
B128,2024-07-31,train,0.245,0.597,14.457,0,0,0.0,0.0,0,23,0.422,0.1027,1.589,30,-1.214,-0.751,0
B129,2024-07-31,train,0.692,0.498,13.968,0,0,-2.0,1.0,1,17,0.385,0.0934,1.322,30,1.135,1.07,0
B130,2024-07-31,train,0.611,0.365,15.388,4,0,-2.0,3.67,3,21,0.294,0.1273,1.814,60,0.034,-0.792,0
B131,2024-07-31,train,0.043,0.74,15.007,2,0,-15.67,14.0,6,15,0.594,0.0964,0.898,30,0.511,-0.189,0
B132,2024-07-31,train,0.541,0.434,12.725,0,0,0.0,0.0,0,18,0.251,0.0705,1.414,30,1.217,1.127,0
B136,2024-07-31,train,0.712,0.361,15.345,18,0,15.0,10.17,4,13,0.17,0.1611,1.755,60,0.758,1.794,0
B138,2024-07-31,train,0.686,0.602,15.099,17,0,11.33,7.33,3,13,0.393,0.0421,1.292,120,0.105,-0.496,0
B140,2024-07-31,train,0.331,0.621,15.125,20,0,11.67,10.17,4,18,0.527,0.1182,0.991,30,-0.183,0.87,1
B142,2024-07-31,train,0.25,0.462,14.911,0,0,0.0,0.0,0,13,0.491,0.0847,1.823,30,1.041,1.919,0
B143,2024-07-31,train,0.087,0.518,16.049,0,0,-5.67,5.0,4,19,0.365,0.0921,1.265,90,-0.584,-1.541,0
B144,2024-07-31,train,0.28,0.54,14.801,0,0,0.0,0.0,0,25,0.313,0.1048,1.788,60,0.133,-0.772,0
B145,2024-07-31,train,0.636,0.096,15.715,0,0,0.0,0.0,0,22,0.486,0.0363,1.353,60,1.299,-3.337,0
B146,2024-07-31,train,0.404,0.424,15.403,0,0,-0.33,1.5,2,20,0.318,0.0987,0.464,90,-0.761,0.376,0
B147,2024-07-31,train,0.15,0.532,15.015,0,0,-2.0,3.17,4,16,0.179,0.1132,0.762,30,1.054,-2.378,0
B148,2024-07-31,train,0.815,0.49,15.848,0,0,0.0,1.5,1,13,0.408,0.0938,1.684,30,0.126,0.248,0
B149,2024-07-31,train,0.913,0.437,15.309,0,0,0.0,0.0,1,16,0.293,0.0998,1.141,90,-0.073,0.788,0
B150,2024-07-31,train,0.462,0.618,15.081,2,0,-8.67,8.0,5,27,0.55,0.1493,1.057,30,-0.703,-0.104,0
B001,2024-08-31,train,0.678,0.424,15.81,0,0,0.0,0.0,0,14,0.424,0.0884,2.366,90,0.305,-0.551,0
B003,2024-08-31,train,0.257,0.906,15.195,5,0,1.67,7.5,7,35,0.366,0.0844,1.08,120,-0.159,-0.926,0
B004,2024-08-31,train,0.084,0.88,14.007,0,0,0.0,0.0,2,32,0.507,0.1209,1.686,60,0.974,-1.666,0
B006,2024-08-31,train,0.544,0.953,16.266,0,0,-4.0,2.0,2,18,0.803,0.0909,1.862,60,-1.153,-2.151,0
B008,2024-08-31,train,0.294,0.0,14.501,0,0,0.0,0.0,0,9,0.647,0.1953,1.524,30,-0.638,0.605,0
B009,2024-08-31,train,0.149,0.672,13.999,13,0,11.33,5.83,4,19,0.73,0.1154,2.223,60,-0.482,-0.45,0
B011,2024-08-31,train,0.16,0.239,14.111,0,0,0.0,0.0,0,15,0.255,0.0926,1.763,30,2.272,1.323,0
B012,2024-08-31,train,0.582,0.222,15.038,0,0,0.0,0.0,0,25,0.158,0.0671,0.933,90,2.094,-0.622,0
B013,2024-08-31,train,0.775,0.531,15.014,7,0,7.0,1.17,2,14,0.435,0.0978,2.347,90,0.758,0.686,0
B014,2024-08-31,train,0.624,0.757,15.132,11,0,11.0,3.5,3,16,0.381,0.1036,1.088,60,-1.816,0.304,0
B015,2024-08-31,train,0.274,0.0,15.375,0,0,0.0,0.0,0,17,0.361,0.1055,1.515,60,0.976,0.602,0
B016,2024-08-31,train,0.552,0.5,14.354,4,0,3.33,1.0,2,16,0.216,0.1116,1.535,30,1.267,-0.275,0
B017,2024-08-31,train,0.724,1.164,14.85,61,1,48.67,19.5,4,17,0.454,0.0541,0.716,30,-0.673,0.939,1
B018,2024-08-31,train,0.217,0.499,14.285,0,0,-5.33,2.83,2,18,0.159,0.0597,1.766,30,0.244,-0.131,0
B020,2024-08-31,train,0.111,0.765,16.007,0,0,-6.33,5.83,4,18,0.613,0.1526,0.921,120,-0.661,0.789,0
B022,2024-08-31,train,0.241,0.18,15.908,0,0,0.0,0.0,0,17,0.11,0.0542,1.354,30,-1.9,-0.971,0
B023,2024-08-31,train,0.618,0.162,14.29,18,0,18.0,3.0,1,16,0.357,0.1211,1.915,60,-0.402,-0.554,0
B024,2024-08-31,train,0.4,0.0,15.16,0,0,0.0,0.0,0,12,0.191,0.1026,1.884,30,1.197,-2.207,0
B025,2024-08-31,train,0.863,0.17,15.969,0,0,-6.67,20.33,5,20,0.17,0.095,1.117,60,2.209,0.149,0
B028,2024-08-31,train,0.061,0.453,14.934,0,0,0.0,0.0,1,19,0.261,0.1347,2.263,60,-0.656,-0.264,0
B029,2024-08-31,train,0.501,0.0,14.997,0,0,0.0,0.0,0,13,0.184,0.0996,1.706,90,-0.134,-0.925,0
B030,2024-08-31,train,0.437,0.061,15.058,0,0,0.0,0.0,0,14,0.382,0.1643,1.792,30,0.008,-0.266,0
B031,2024-08-31,train,0.342,0.774,14.589,20,0,16.67,5.33,3,28,0.342,0.0997,0.161,60,-0.653,-0.623,0
B033,2024-08-31,train,0.865,1.191,14.257,76,1,64.0,19.67,5,16,0.702,0.0918,0.535,60,0.159,-1.043,1
B034,2024-08-31,train,0.304,1.041,14.303,105,1,96.33,23.83,8,21,0.554,0.1483,0.244,60,-0.536,-0.123,1
B037,2024-08-31,train,0.648,0.022,14.078,0,0,0.0,0.0,0,14,0.278,0.0699,1.688,30,0.868,-0.39,0
B038,2024-08-31,train,0.9,0.907,14.739,33,1,-23.0,35.17,7,25,0.503,0.1158,0.087,60,-1.055,-0.279,1
B039,2024-08-31,train,0.41,0.0,14.234,0,0,0.0,0.0,0,13,0.117,0.1762,2.163,30,-0.52,-2.259,0
B040,2024-08-31,train,0.437,0.795,16.916,0,0,-4.0,4.0,2,16,0.416,0.0982,0.567,60,-0.478,0.628,0
B041,2024-08-31,train,0.649,0.065,14.435,0,0,-4.67,2.33,1,16,0.133,0.1523,1.229,30,-0.796,1.469,0
B046,2024-08-31,train,0.417,0.178,14.903,0,0,0.0,0.0,0,17,0.367,0.0654,1.096,30,0.349,-0.806,0
B048,2024-08-31,train,0.773,0.515,16.386,0,0,-5.33,3.17,2,26,0.394,0.1158,1.468,60,-0.498,0.538,0
B050,2024-08-31,train,0.102,0.602,14.61,0,0,0.0,0.0,0,14,0.088,0.0912,1.317,30,-0.985,0.535,0
B051,2024-08-31,train,0.397,0.0,14.957,0,0,0.0,0.0,0,11,0.352,0.1799,2.027,30,1.008,1.67,0
B052,2024-08-31,train,0.774,0.304,15.514,0,0,0.0,0.0,0,23,0.495,0.0735,1.855,30,1.297,-0.337,0
B053,2024-08-31,train,0.752,0.409,15.316,0,0,0.0,0.0,1,12,0.599,0.0677,1.977,60,0.851,-0.708,0
B054,2024-08-31,train,0.079,0.285,15.555,0,0,0.0,0.0,0,22,0.196,0.1213,1.216,60,1.7,-0.414,0
B055,2024-08-31,train,0.535,0.217,12.932,2,0,2.0,0.33,1,11,0.335,0.0987,1.783,30,-0.147,-1.091,0
B056,2024-08-31,train,0.51,0.547,13.751,0,0,0.0,0.0,1,18,0.443,0.1397,1.256,30,-1.312,-0.983,0
B057,2024-08-31,train,0.316,0.782,14.781,12,0,12.0,5.0,3,18,0.446,0.0786,0.886,30,0.254,-0.325,0
B058,2024-08-31,train,0.423,0.352,16.518,0,0,0.0,2.17,2,21,0.667,0.1291,1.245,120,-0.215,1.474,0
B060,2024-08-31,train,0.331,0.147,12.857,0,0,-6.33,3.17,2,14,0.501,0.1197,1.346,60,-1.465,-0.422,0
B061,2024-08-31,train,0.813,0.459,16.012,0,0,0.0,1.83,1,11,0.435,0.1247,1.09,90,0.264,-0.242,0
B062,2024-08-31,train,0.761,0.055,14.261,0,0,0.0,0.0,0,18,0.491,0.1162,1.099,90,-0.881,-0.029,0
B063,2024-08-31,train,0.06,0.832,15.54,5,0,3.33,4.33,6,22,0.422,0.0638,0.694,120,-1.341,-0.031,0
B065,2024-08-31,train,0.137,0.0,15.704,0,0,0.0,0.0,0,16,0.192,0.0709,1.736,90,1.06,-1.618,0
B066,2024-08-31,train,0.686,0.0,14.767,0,0,0.0,0.0,0,20,0.406,0.0761,1.723,30,-0.161,-1.347,0
B067,2024-08-31,train,0.489,0.104,14.885,0,0,0.0,0.0,0,12,0.281,0.084,1.665,30,-0.181,0.645,0
B069,2024-08-31,train,0.095,0.174,15.021,0,0,-6.33,3.17,1,19,0.534,0.0923,0.302,90,-0.811,-0.377,0
B070,2024-08-31,train,0.458,0.454,15.139,0,0,-5.0,2.5,1,18,0.474,0.1051,1.895,60,1.077,-1.166,0
B071,2024-08-31,train,0.094,0.569,14.346,5,0,2.0,5.0,6,25,0.124,0.1508,1.823,60,-0.789,-1.319,0
B072,2024-08-31,train,0.918,0.917,15.8,0,0,-12.67,8.17,4,25,0.36,0.1122,1.037,60,-1.672,0.603,0
B073,2024-08-31,train,0.152,0.074,14.859,0,0,0.0,0.0,0,14,0.072,0.1008,2.397,60,-0.022,-0.152,0
B074,2024-08-31,train,0.326,0.106,15.144,0,0,0.0,0.0,0,18,0.185,0.1165,1.829,60,0.311,-0.188,0
B075,2024-08-31,train,0.204,0.501,13.352,0,0,0.0,0.0,0,15,0.426,0.0384,1.667,60,-1.174,1.384,0
B076,2024-08-31,train,0.482,0.342,14.065,0,0,0.0,3.33,2,24,0.273,0.0864,1.735,120,1.365,2.523,0
B077,2024-08-31,train,0.589,0.541,16.402,9,0,9.0,1.5,2,18,0.441,0.1171,1.121,90,-0.44,-0.582,0
B078,2024-08-31,train,0.439,0.273,15.444,0,0,0.0,3.33,1,20,0.35,0.078,1.696,30,0.802,0.675,0
B079,2024-08-31,train,0.542,0.143,15.633,0,0,0.0,0.0,0,14,0.005,0.1187,1.632,30,-0.078,-2.014,0
B080,2024-08-31,train,0.357,0.292,13.881,0,0,0.0,0.0,1,13,0.557,0.0766,1.392,60,-0.199,-1.186,0
B081,2024-08-31,train,0.076,0.367,14.408,0,0,-6.0,3.0,2,17,0.378,0.1644,1.096,60,-1.198,1.032,0
B082,2024-08-31,train,0.06,0.0,14.406,0,0,0.0,0.0,0,16,0.255,0.064,1.304,90,-2.844,-0.871,0
B084,2024-08-31,train,0.53,0.505,13.651,0,0,-5.67,2.83,3,23,0.368,0.1143,0.718,60,1.339,-0.007,0
B085,2024-08-31,train,0.683,0.0,15.485,0,0,-2.0,1.0,1,10,0.225,0.1046,1.775,120,-0.654,1.084,0
B087,2024-08-31,train,0.269,0.961,15.499,0,0,-12.67,9.83,5,15,0.604,0.1845,1.006,30,0.951,0.941,1
B088,2024-08-31,train,0.262,0.725,16.57,0,0,0.0,0.33,1,20,0.575,0.1571,1.099,60,1.768,0.154,0
B089,2024-08-31,train,0.652,0.66,15.653,0,0,-1.67,0.83,2,19,0.132,0.0745,2.265,30,-0.234,-0.957,0
B090,2024-08-31,train,0.811,0.788,15.423,14,0,-38.0,41.5,7,22,0.417,0.1159,0.809,90,0.02,-2.274,0
B091,2024-08-31,train,0.227,0.449,16.415,0,0,-2.67,1.33,1,22,0.509,0.0555,1.318,90,-0.955,-0.253,0
B092,2024-08-31,train,0.164,0.1,15.019,0,0,-7.33,3.67,3,14,0.236,0.1121,1.655,60,1.452,1.575,0
B093,2024-08-31,train,0.666,0.13,13.504,0,0,0.0,0.0,0,12,0.376,0.0788,2.39,90,-0.428,1.368,0
B095,2024-08-31,train,0.693,0.485,15.937,0,0,0.0,0.0,0,21,0.5,0.1306,1.713,90,0.975,-0.891,0
B096,2024-08-31,train,0.446,0.861,13.927,1,0,0.0,0.67,2,23,0.661,0.0878,1.873,30,-1.636,0.233,0
B097,2024-08-31,train,0.235,0.816,15.702,9,0,9.0,1.5,1,22,0.421,0.0588,2.046,30,-0.053,1.179,0
B099,2024-08-31,train,0.517,0.378,14.925,0,0,0.0,0.0,0,8,0.503,0.1101,1.315,120,0.318,1.548,0
B100,2024-08-31,train,0.855,0.252,15.224,13,0,13.0,2.17,1,17,0.261,0.0762,0.919,60,-1.182,-0.144,0
B101,2024-08-31,train,0.771,1.003,17.036,0,0,-7.0,4.83,4,23,0.582,0.1116,1.74,60,1.048,0.114,0
B102,2024-08-31,train,0.006,0.72,15.552,0,0,-12.33,11.33,6,18,0.404,0.1154,1.547,90,-1.339,-0.865,0
B103,2024-08-31,train,0.588,0.239,14.751,0,0,-3.67,1.83,1,8,0.419,0.1568,1.303,120,-0.051,0.554,0
B104,2024-08-31,train,0.473,0.79,15.24,0,0,-4.33,3.17,3,15,0.297,0.1329,1.682,30,0.953,-1.664,0
B106,2024-08-31,train,0.764,0.687,15.444,18,0,18.0,9.67,4,17,0.425,0.1221,0.498,60,-1.271,-1.824,0
B107,2024-08-31,train,0.107,0.468,14.187,7,0,1.33,6.33,4,12,0.233,0.105,1.346,30,-0.048,0.251,0
B108,2024-08-31,train,0.842,0.477,14.377,0,0,-5.0,6.67,4,18,0.37,0.0307,2.06,60,0.158,-0.698,0
B109,2024-08-31,train,0.544,0.0,14.52,0,0,0.0,0.0,0,17,0.227,0.0614,1.64,60,-1.115,0.474,0
B110,2024-08-31,train,0.142,0.336,16.35,8,0,3.33,6.5,5,28,0.482,0.1244,1.151,30,1.184,1.906,0
B111,2024-08-31,train,0.057,0.101,13.907,0,0,-2.67,1.33,1,13,0.232,0.0086,1.431,60,0.653,1.418,0
B112,2024-08-31,train,0.144,0.262,15.821,0,0,-5.33,2.67,1,19,0.39,0.0808,1.73,30,-1.608,-0.131,0
B113,2024-08-31,train,0.546,0.184,15.128,14,0,11.33,4.67,3,13,0.178,0.1169,1.203,30,-1.106,0.3,0
B115,2024-08-31,train,0.643,1.115,14.924,13,0,3.0,8.0,6,21,0.491,0.1646,0.253,30,0.563,0.694,1
B116,2024-08-31,train,0.347,0.777,15.573,0,0,0.0,3.17,1,17,0.461,0.1833,1.367,60,-0.188,0.221,0
B117,2024-08-31,train,0.271,0.877,17.154,15,0,6.67,9.0,6,16,0.121,0.1213,0.551,90,-1.955,0.747,0
B118,2024-08-31,train,0.385,0.339,13.963,0,0,0.0,0.0,1,17,0.294,0.1487,0.921,60,1.548,1.103,0
B121,2024-08-31,train,0.417,0.492,16.711,0,0,-16.33,10.83,5,16,0.409,0.1097,1.448,90,0.166,-0.219,0
B125,2024-08-31,train,0.806,0.336,13.726,0,0,0.0,0.0,0,27,0.438,0.1205,0.605,90,-0.972,-1.753,0
B126,2024-08-31,train,0.667,0.0,13.711,0,0,0.0,0.0,0,12,0.214,0.1159,1.353,90,0.173,-0.073,0
B127,2024-08-31,train,0.3,0.0,15.093,0,0,-6.67,3.33,2,22,0.192,0.1062,1.96,90,1.484,-0.631,0
B128,2024-08-31,train,0.209,0.3,14.323,0,0,0.0,0.0,0,21,0.475,0.0336,1.522,30,-0.537,-0.68,0
B129,2024-08-31,train,0.691,0.608,14.336,0,0,-2.0,1.0,1,19,0.325,0.0668,1.607,30,-2.394,0.709,0
B130,2024-08-31,train,0.61,0.123,15.215,0,0,-7.33,3.67,3,13,0.193,0.1396,1.682,60,-0.435,-0.021,0
B131,2024-08-31,train,0.054,0.887,14.877,2,0,-11.67,12.67,7,19,0.48,0.1295,1.101,30,0.632,-0.41,0
B132,2024-08-31,train,0.503,0.469,12.732,0,0,0.0,0.0,0,23,0.296,0.1023,1.389,30,0.239,-0.018,0
B133,2024-08-31,train,0.203,0.265,14.027,0,0,0.0,0.0,0,22,0.344,0.101,1.451,60,0.978,0.1,0
B135,2024-08-31,train,0.124,0.0,14.739,0,0,0.0,0.0,0,15,0.476,0.0793,0.595,120,-0.542,0.795,0
B136,2024-08-31,train,0.707,0.525,15.494,8,0,2.0,8.33,5,24,0.246,0.0816,1.622,60,0.652,-2.203,0
B137,2024-08-31,train,0.635,0.058,14.781,0,0,0.0,0.0,0,13,0.297,0.0473,1.882,60,0.931,-1.66,0
B138,2024-08-31,train,0.761,0.622,15.167,16,0,10.33,8.33,4,14,0.467,0.0832,1.218,120,-0.171,-1.312,0
B139,2024-08-31,train,0.269,0.224,16.26,0,0,0.0,0.83,1,19,0.623,0.1023,1.72,60,0.259,-0.005,0
B140,2024-08-31,train,0.335,0.857,14.611,80,1,65.0,23.5,5,14,0.557,0.0609,1.172,30,-0.526,-0.751,0
B141,2024-08-31,train,0.095,0.401,15.982,11,0,5.67,4.5,2,15,0.624,0.0968,1.438,90,1.959,1.671,0
B142,2024-08-31,train,0.296,0.292,14.735,0,0,0.0,0.0,0,14,0.355,0.1222,1.799,30,0.517,-1.359,0
B143,2024-08-31,train,0.036,0.973,16.255,19,0,13.33,6.0,5,31,0.62,0.0856,1.327,90,0.335,1.66,1
B144,2024-08-31,train,0.263,0.283,14.501,0,0,0.0,0.0,0,17,0.352,0.075,2.0,60,1.989,0.392,0
B145,2024-08-31,train,0.678,0.365,15.624,14,0,14.0,2.33,1,25,0.421,0.0628,1.256,60,0.356,-0.228,0
B148,2024-08-31,train,0.744,0.466,15.744,0,0,0.0,0.0,1,14,0.233,0.1468,1.444,30,0.763,-2.1,0
B149,2024-08-31,train,0.912,0.485,15.28,0,0,0.0,0.0,1,19,0.392,0.0807,1.094,90,-0.526,0.973,0
B150,2024-08-31,train,0.41,0.534,15.303,6,0,-5.33,9.0,6,20,0.555,0.0986,1.1,30,0.577,1.044,0
B001,2024-09-30,train,0.726,0.248,15.671,0,0,0.0,0.0,0,20,0.183,0.0517,2.176,90,-0.545,-1.408,0
B002,2024-09-30,train,0.293,0.257,15.891,14,0,7.0,5.83,5,20,0.593,0.0918,2.15,120,0.137,-0.219,0
B003,2024-09-30,train,0.207,0.985,14.935,18,0,14.33,8.17,8,20,0.561,0.074,1.243,120,-0.905,0.608,1
B004,2024-09-30,train,0.083,0.769,13.959,14,0,14.0,2.33,3,19,0.322,0.1158,1.486,60,1.022,-0.072,0
B006,2024-09-30,train,0.515,0.756,16.074,0,0,-4.0,2.0,2,17,0.36,0.1059,2.06,60,0.8,0.561,0
B007,2024-09-30,train,0.126,0.187,14.566,0,0,0.0,0.0,0,14,0.215,0.1031,1.724,30,0.087,-0.43,0
B008,2024-09-30,train,0.283,0.0,14.905,0,0,0.0,0.0,0,15,0.352,0.0939,1.316,30,0.778,-1.145,0
B009,2024-09-30,train,0.089,1.056,14.086,0,0,-6.0,5.83,4,17,0.652,0.0696,2.366,60,-0.463,-0.365,0
B010,2024-09-30,train,0.927,1.175,14.704,64,1,7.0,41.83,6,18,0.548,0.1506,0.662,90,-0.466,-1.242,1
B011,2024-09-30,train,0.166,0.0,14.5,0,0,0.0,0.0,0,10,0.329,0.1963,1.641,30,1.398,0.438,0
B012,2024-09-30,train,0.599,0.033,14.981,0,0,0.0,0.0,0,25,0.503,0.1071,0.867,90,-0.001,0.165,0
B014,2024-09-30,train,0.647,0.649,15.102,13,0,9.33,4.0,4,24,0.303,0.0691,1.169,60,-0.514,-0.291,0
B015,2024-09-30,train,0.266,0.436,15.33,0,0,0.0,0.0,0,18,0.313,0.1161,1.526,60,2.321,-1.296,0
B016,2024-09-30,train,0.543,0.606,14.473,0,0,-2.0,1.0,2,22,0.344,0.1499,1.615,30,0.878,-0.459,0
B017,2024-09-30,train,0.674,1.231,15.001,13,0,-19.67,21.67,5,21,0.226,0.0917,0.618,30,-0.123,-0.809,1
B018,2024-09-30,train,0.189,0.415,14.017,0,0,-5.33,2.67,2,16,0.172,0.1297,1.938,30,0.105,0.549,0
B019,2024-09-30,train,0.749,0.319,14.35,0,0,-4.67,5.67,5,19,0.102,0.0812,1.15,60,-0.136,-0.094,0
B020,2024-09-30,train,0.198,0.58,15.909,0,0,-6.33,4.17,4,23,0.422,0.0521,0.76,120,1.023,1.314,0
B021,2024-09-30,train,0.817,0.463,15.322,0,0,0.0,0.0,0,8,0.243,0.1185,1.244,30,0.488,-1.205,0
B022,2024-09-30,train,0.273,0.498,15.725,1,0,1.0,0.17,1,21,0.021,0.0931,1.395,30,0.292,1.341,0
B023,2024-09-30,train,0.633,0.0,14.348,0,0,-6.0,3.0,1,9,0.162,0.1362,1.792,60,0.436,0.197,0
B024,2024-09-30,train,0.415,0.15,14.934,0,0,0.0,0.0,0,25,0.24,0.06,1.771,30,0.817,-0.131,0
B026,2024-09-30,train,0.574,0.248,14.78,0,0,0.0,2.17,2,18,0.25,0.1511,1.512,60,-0.725,-0.091,0
B027,2024-09-30,train,0.014,0.229,15.464,0,0,0.0,0.0,2,23,0.312,0.1425,1.915,60,-1.726,-0.718,0
B029,2024-09-30,train,0.536,0.0,15.201,0,0,0.0,0.0,0,10,0.154,0.0973,1.87,90,0.51,-1.053,0
B030,2024-09-30,train,0.455,0.24,14.983,0,0,0.0,0.0,0,21,0.303,0.1137,1.768,30,-0.428,-0.263,0
B031,2024-09-30,train,0.37,0.481,14.559,0,0,-10.0,5.0,3,20,0.344,0.0837,0.271,60,-1.576,0.023,0
B033,2024-09-30,train,0.843,0.71,14.172,14,0,-18.67,22.0,6,19,0.292,0.1311,0.731,60,-0.152,-0.758,1
B034,2024-09-30,train,0.351,1.3,13.963,34,1,-4.67,28.0,9,24,0.513,0.1042,0.093,60,1.464,-0.197,1
B035,2024-09-30,train,0.17,0.776,16.269,0,0,-8.33,4.17,3,15,0.756,0.0722,1.143,60,-0.675,-1.033,0
B036,2024-09-30,train,0.882,0.391,15.633,0,0,0.0,0.0,0,26,0.697,0.1352,1.077,60,0.975,1.816,0
B037,2024-09-30,train,0.663,0.054,14.159,0,0,0.0,0.0,0,16,0.377,0.0619,1.625,30,2.019,-0.92,0
B038,2024-09-30,train,0.892,0.71,14.865,33,1,-3.67,39.0,8,24,0.522,0.0857,0.28,60,-0.617,-0.228,0
B039,2024-09-30,train,0.411,0.424,14.231,0,0,0.0,0.0,0,11,0.421,0.1296,1.86,30,1.175,-0.041,0
B040,2024-09-30,train,0.43,0.435,16.647,10,0,6.0,5.67,3,26,0.302,0.1525,0.566,60,-0.297,-0.308,0
B042,2024-09-30,train,0.622,0.745,15.386,0,0,-1.0,3.67,3,18,0.525,0.0734,1.067,60,-0.128,0.831,0
B043,2024-09-30,train,0.667,0.491,13.379,0,0,0.0,0.0,0,12,0.122,0.1555,1.848,30,-1.065,-0.012,0
B045,2024-09-30,train,0.073,0.329,14.858,0,0,0.0,0.0,0,16,0.607,0.0452,1.139,60,-0.432,1.675,0
B046,2024-09-30,train,0.448,0.225,14.607,0,0,0.0,0.0,0,20,0.571,0.0638,1.123,30,-0.487,-0.953,0
B047,2024-09-30,train,0.174,0.0,15.089,0,0,0.0,0.0,0,16,0.455,0.0453,1.465,60,0.185,0.266,0
B049,2024-09-30,train,0.312,0.288,14.623,0,0,0.0,0.0,0,17,0.332,0.088,1.465,60,-0.971,1.193,0
B050,2024-09-30,train,0.068,0.086,14.183,0,0,0.0,0.0,0,14,0.408,0.063,1.366,30,-1.052,-0.45,0
B051,2024-09-30,train,0.428,0.0,14.783,0,0,0.0,0.0,0,22,0.196,0.16,2.084,30,0.775,1.474,0
B052,2024-09-30,train,0.796,0.728,15.43,0,0,0.0,0.0,0,17,0.233,0.1218,1.721,30,-1.918,1.542,0
B054,2024-09-30,train,0.084,0.349,15.474,0,0,0.0,0.0,0,16,0.178,0.1028,1.018,60,-0.248,0.68,0
B055,2024-09-30,train,0.445,0.344,13.275,10,0,9.33,2.0,2,16,0.495,0.1368,1.638,30,-0.535,0.29,0
B056,2024-09-30,train,0.569,0.706,13.521,0,0,0.0,0.0,1,17,0.288,0.1606,0.997,30,0.127,0.795,0
B057,2024-09-30,train,0.344,0.507,14.921,4,0,0.0,2.67,4,23,0.392,0.0904,0.502,30,-0.245,-0.3,0
B058,2024-09-30,train,0.482,0.373,16.359,0,0,0.0,2.17,2,18,0.27,0.0559,1.253,120,-1.159,-0.166,0
B059,2024-09-30,train,0.311,0.174,15.396,0,0,0.0,0.0,0,9,0.299,0.1185,1.094,90,-0.849,-0.59,0
B060,2024-09-30,train,0.299,0.327,13.023,0,0,0.0,3.17,2,12,0.18,0.1188,1.185,60,0.906,0.043,0
B061,2024-09-30,train,0.868,0.508,15.367,0,0,0.0,0.0,1,24,0.392,0.0582,1.276,90,-1.821,-2.354,0
B062,2024-09-30,train,0.845,0.229,14.387,0,0,0.0,0.0,0,20,0.432,0.1521,0.907,90,-0.238,-0.294,0
B063,2024-09-30,train,0.139,0.904,15.657,0,0,-3.33,3.0,6,19,0.578,0.1018,0.702,120,-1.403,-0.288,1
B064,2024-09-30,train,0.069,0.0,13.898,0,0,0.0,0.0,0,6,0.102,0.1229,2.009,30,1.303,-1.617,0
B067,2024-09-30,train,0.413,0.433,14.823,0,0,0.0,0.0,0,13,0.144,0.1495,1.518,30,-1.668,-0.039,0
B068,2024-09-30,train,0.484,0.358,14.511,0,0,0.0,0.0,0,11,0.633,0.1347,1.982,60,-1.884,-0.147,0
B069,2024-09-30,train,0.103,0.326,15.194,0,0,-6.33,3.17,1,9,0.288,0.101,0.233,90,-0.925,0.516,0
B070,2024-09-30,train,0.457,0.722,15.11,0,0,-5.0,2.5,1,9,0.266,0.068,1.875,60,1.317,0.162,0
B071,2024-09-30,train,0.104,0.191,13.806,0,0,-4.67,2.67,6,16,0.446,0.1213,2.064,60,-0.737,0.72,0
B072,2024-09-30,train,0.878,0.548,15.799,4,0,-2.33,8.83,5,27,0.528,0.0539,1.029,60,-0.359,0.669,1
B074,2024-09-30,train,0.376,0.21,15.13,0,0,0.0,0.0,0,23,0.211,0.0676,1.979,60,-0.67,-0.099,0
B075,2024-09-30,train,0.29,0.328,13.48,0,0,0.0,0.0,0,23,0.286,0.1439,1.377,60,-0.086,0.145,0
B076,2024-09-30,train,0.52,0.208,14.21,0,0,0.0,0.0,2,24,0.541,0.1106,1.854,120,-0.702,-1.431,0
B077,2024-09-30,train,0.626,0.26,16.378,9,0,6.0,3.0,3,16,0.225,0.1196,1.173,90,0.259,-1.264,0
B078,2024-09-30,train,0.413,0.0,15.342,0,0,0.0,0.0,1,15,0.27,0.1482,1.666,30,1.062,-1.243,0
B079,2024-09-30,train,0.54,0.0,15.186,0,0,0.0,0.0,0,14,0.242,0.0878,2.031,30,0.829,-0.33,0
B080,2024-09-30,train,0.332,0.07,14.111,0,0,0.0,0.0,1,18,0.368,0.1004,1.494,60,1.285,0.992,0
B082,2024-09-30,train,0.139,0.0,14.777,19,0,19.0,3.17,1,17,0.252,0.1673,1.284,90,-1.3,0.737,0
B083,2024-09-30,train,0.807,0.185,15.533,0,0,-2.0,1.0,1,17,0.405,0.0873,1.034,60,-0.552,-1.059,0
B084,2024-09-30,train,0.478,0.827,13.768,0,0,-5.67,2.83,3,20,0.324,0.1239,0.679,60,-0.46,0.45,0
B086,2024-09-30,train,0.158,0.321,14.916,0,0,0.0,0.0,0,21,0.453,0.1532,2.084,60,0.642,-1.634,0
B088,2024-09-30,train,0.238,0.39,16.544,1,0,1.0,0.17,2,21,0.194,0.102,1.094,60,-1.482,-0.241,0
B089,2024-09-30,train,0.71,0.476,15.552,3,0,1.33,1.33,3,13,0.561,0.1014,2.2,30,0.016,0.772,0
B090,2024-09-30,train,0.74,0.565,15.392,0,0,-38.67,30.33,7,25,0.42,0.1386,0.516,90,0.955,1.441,0
B092,2024-09-30,train,0.144,0.473,15.36,0,0,-1.67,3.67,3,18,0.347,0.1039,1.546,60,-1.622,-0.385,0
B094,2024-09-30,train,0.136,0.09,13.823,0,0,0.0,0.0,0,13,0.295,0.0626,1.518,30,1.395,0.537,0
B096,2024-09-30,train,0.468,0.38,14.152,0,0,-0.33,0.67,2,14,0.394,0.0241,1.732,30,-1.19,-0.251,0
B098,2024-09-30,train,0.463,0.656,17.138,0,0,0.0,0.0,0,17,0.588,0.0976,1.125,30,-1.051,0.644,0
B099,2024-09-30,train,0.541,0.108,14.866,0,0,0.0,0.0,0,17,0.091,0.1181,1.576,120,1.896,-0.725,0
B100,2024-09-30,train,0.819,0.572,15.518,0,0,-4.33,2.17,1,13,0.402,0.0524,1.317,60,-1.286,0.784,0
B101,2024-09-30,train,0.805,0.794,17.128,18,0,16.0,6.5,5,20,0.658,0.0221,1.961,60,1.379,-0.844,0
B102,2024-09-30,train,0.037,0.698,16.043,14,0,3.67,10.33,7,13,0.411,0.1217,1.483,90,-0.076,-1.702,0
B103,2024-09-30,train,0.678,0.176,14.824,0,0,-3.67,1.83,1,20,0.522,0.0725,1.104,120,-1.873,-0.608,0
B104,2024-09-30,train,0.431,0.472,14.931,18,0,13.67,5.17,4,16,0.411,0.129,1.757,30,1.061,0.005,0
B106,2024-09-30,train,0.77,0.872,15.695,0,0,-6.0,3.0,4,22,0.357,0.0724,0.449,60,-0.122,0.062,0
B107,2024-09-30,train,0.056,0.552,14.443,0,0,-2.33,6.33,4,21,0.255,0.12,1.134,30,0.44,-0.988,0
B108,2024-09-30,train,0.792,0.333,14.291,0,0,-2.0,5.0,4,14,0.369,0.1133,2.222,60,0.584,0.013,0
B109,2024-09-30,train,0.545,0.08,14.615,0,0,0.0,0.0,0,11,0.186,0.1257,1.552,60,-0.168,0.843,0
B111,2024-09-30,train,0.11,0.071,13.893,0,0,-2.67,1.33,1,11,0.17,0.1031,1.469,60,0.764,-1.229,0
B112,2024-09-30,train,0.234,0.0,15.148,0,0,0.0,2.67,1,20,0.423,0.0801,1.638,30,-0.994,-1.02,0
B113,2024-09-30,train,0.569,0.151,15.149,0,0,-4.67,4.67,3,26,0.406,0.0793,1.049,30,0.531,0.077,0
B115,2024-09-30,train,0.653,1.099,15.098,13,0,3.67,9.83,7,14,0.335,0.0892,0.263,30,0.87,-1.29,0
B117,2024-09-30,train,0.211,0.892,17.483,9,0,-1.67,8.83,7,11,0.249,0.1,0.613,90,0.71,-0.941,0
B119,2024-09-30,train,0.214,0.327,13.772,9,0,9.0,1.5,1,17,0.252,0.1382,1.858,120,0.63,-1.686,0
B121,2024-09-30,train,0.415,0.678,16.913,6,0,-5.33,9.17,6,14,0.637,0.1322,1.636,90,0.517,-0.221,0
B123,2024-09-30,train,0.034,0.29,15.804,0,0,0.0,0.33,1,16,0.323,0.1035,1.837,60,0.991,-1.697,0
B125,2024-09-30,train,0.903,0.307,13.94,0,0,0.0,0.0,0,13,0.356,0.0921,0.728,90,-0.98,-1.202,0
B126,2024-09-30,train,0.608,0.0,14.065,0,0,0.0,0.0,0,15,0.27,0.0745,1.535,90,0.145,-0.156,0
B127,2024-09-30,train,0.303,0.323,15.107,0,0,-6.67,3.33,2,20,0.347,0.1864,2.131,90,-1.495,0.605,0
B128,2024-09-30,train,0.254,0.492,14.238,0,0,0.0,0.0,0,17,0.298,0.049,1.43,30,-0.405,-1.315,0
B129,2024-09-30,train,0.697,0.297,13.801,0,0,0.0,1.0,1,14,0.31,0.0802,1.713,30,-0.663,0.925,0
B130,2024-09-30,train,0.664,0.631,15.601,6,0,4.67,4.67,4,15,0.477,0.1166,1.888,60,-0.075,1.097,0
B131,2024-09-30,train,0.044,0.918,15.113,0,0,-8.0,9.5,7,20,0.374,0.1091,1.086,30,-1.119,-1.775,0
B132,2024-09-30,train,0.512,0.484,12.714,0,0,0.0,0.0,0,20,0.365,0.1147,1.287,30,0.638,0.419,0
B134,2024-09-30,train,0.504,0.508,13.492,0,0,-3.0,2.17,2,14,0.342,0.1597,0.558,30,-1.526,-0.05,0
B137,2024-09-30,train,0.664,0.0,14.85,0,0,0.0,0.0,0,17,0.394,0.099,1.964,60,-0.083,0.142,0
B138,2024-09-30,train,0.763,0.963,15.133,0,0,-11.0,8.33,4,17,0.225,0.1135,1.032,120,-0.171,-1.771,0
B139,2024-09-30,train,0.192,0.387,16.622,20,0,20.0,3.33,2,21,0.145,0.1061,1.803,60,0.615,0.405,0
B141,2024-09-30,train,0.045,0.697,15.785,18,0,14.33,7.5,3,28,0.385,0.0992,1.907,90,1.372,-2.275,0
B142,2024-09-30,train,0.303,0.593,14.403,0,0,0.0,0.0,0,17,0.291,0.0954,1.837,30,0.772,0.497,0
B143,2024-09-30,train,0.004,1.3,16.281,24,0,15.67,10.0,6,17,0.538,0.1155,1.261,90,-0.191,-0.186,1
B144,2024-09-30,train,0.27,0.283,14.567,13,0,13.0,2.17,1,16,0.325,0.0744,2.212,60,2.412,0.682,0
B145,2024-09-30,train,0.648,0.502,15.717,0,0,-4.67,2.33,1,21,0.115,0.1424,1.203,60,-0.366,-0.122,0
B147,2024-09-30,train,0.127,0.417,15.007,8,0,4.33,3.33,6,24,0.333,0.1272,0.868,30,-0.913,-0.696,0
B148,2024-09-30,train,0.799,0.614,15.926,20,0,20.0,3.33,2,22,0.432,0.1456,1.557,30,-1.167,0.253,0
B149,2024-09-30,train,0.855,0.168,15.322,0,0,0.0,0.0,1,14,0.401,0.1064,1.082,90,2.341,0.104,0
B150,2024-09-30,train,0.489,0.332,15.368,1,0,-7.67,6.83,7,23,0.393,0.1511,1.101,30,-1.512,1.466,0
B002,2024-10-31,train,0.246,0.921,15.855,0,0,-7.0,5.83,5,24,0.323,0.0853,2.039,120,0.604,0.778,0
B003,2024-10-31,train,0.255,1.3,15.205,30,0,22.33,10.5,9,25,0.387,0.0644,1.41,120,1.224,1.462,1
B004,2024-10-31,train,0.123,0.547,14.416,14,0,9.33,4.67,4,24,0.454,0.0709,1.676,60,-1.095,1.22,0
B007,2024-10-31,train,0.108,0.004,14.564,0,0,0.0,0.0,0,15,0.567,0.1304,1.548,30,-1.41,-0.2,0
B008,2024-10-31,train,0.313,0.369,14.421,0,0,0.0,0.0,0,15,0.399,0.0594,1.437,30,0.366,-0.352,0
B009,2024-10-31,train,0.155,0.661,14.149,6,0,1.67,4.0,5,13,0.233,0.134,2.211,60,0.322,2.166,0
B011,2024-10-31,train,0.101,0.009,14.11,0,0,0.0,0.0,0,20,0.46,0.0844,1.848,30,0.037,-0.079,0
B012,2024-10-31,train,0.597,0.493,14.979,0,0,0.0,0.0,0,25,0.528,0.0561,0.883,90,-1.255,0.01,0
B013,2024-10-31,train,0.844,0.822,14.856,18,0,15.67,4.17,3,26,0.375,0.0855,2.511,90,0.289,-0.438,0
B014,2024-10-31,train,0.623,0.726,15.328,0,0,-8.0,4.0,4,28,0.787,0.1317,0.99,60,-0.242,0.988,0
B015,2024-10-31,train,0.246,0.305,15.534,0,0,0.0,0.0,0,15,0.231,0.0215,1.559,60,1.25,0.546,0
B016,2024-10-31,train,0.559,0.645,14.489,14,0,12.0,3.33,3,21,0.5,0.0587,1.731,30,0.725,1.09,0
B017,2024-10-31,train,0.707,1.3,14.813,21,0,-11.33,22.0,6,21,0.547,0.1068,0.706,30,0.445,-0.186,1
B018,2024-10-31,train,0.212,0.552,14.274,4,0,4.0,3.33,3,13,0.34,0.1087,1.986,30,1.18,0.939,0
B020,2024-10-31,train,0.13,0.579,15.92,0,0,-6.33,3.17,4,25,0.447,0.0673,0.628,120,-0.151,0.83,0
B022,2024-10-31,train,0.243,0.49,15.685,0,0,-0.33,0.17,1,14,0.322,0.0953,1.597,30,-1.936,1.001,0
B023,2024-10-31,train,0.648,0.0,14.704,0,0,-6.0,3.0,1,17,0.346,0.1587,1.762,60,0.303,-1.749,0
B024,2024-10-31,train,0.463,0.077,14.774,0,0,0.0,0.0,0,14,0.241,0.0765,1.762,30,0.572,-0.002,0
B025,2024-10-31,train,0.881,0.468,15.9,0,0,0.0,3.33,5,19,0.255,0.1161,1.333,60,0.489,2.131,0
B026,2024-10-31,train,0.551,0.718,15.081,5,0,5.0,3.0,3,14,0.561,0.1187,1.704,60,1.723,1.417,0
B028,2024-10-31,train,0.009,0.341,15.056,0,0,0.0,0.0,1,18,0.158,0.0928,2.348,60,0.062,0.341,0
B029,2024-10-31,train,0.493,0.0,14.862,1,0,1.0,0.17,1,14,0.072,0.0844,1.904,90,-1.368,2.02,0
B032,2024-10-31,train,0.395,0.295,16.839,3,0,-2.33,6.0,5,15,0.368,0.1122,1.003,60,0.344,-0.989,0
B033,2024-10-31,train,0.854,1.3,13.584,31,1,-3.67,26.17,7,14,0.112,0.0364,0.396,60,-0.819,-0.544,1
B034,2024-10-31,train,0.38,1.3,13.997,60,1,11.0,37.5,10,17,0.372,0.1002,0.214,60,-2.506,1.602,1
B036,2024-10-31,train,0.918,0.123,15.718,0,0,0.0,0.0,0,27,0.091,0.1246,1.15,60,-2.47,-0.881,0
B037,2024-10-31,train,0.657,0.0,14.004,0,0,0.0,0.0,0,15,0.596,0.1438,1.688,30,0.08,1.727,0
B038,2024-10-31,train,0.879,0.454,14.797,19,0,-17.67,42.17,9,14,0.363,0.119,0.347,60,0.971,-0.466,0
B039,2024-10-31,train,0.425,0.172,14.42,0,0,0.0,0.0,0,12,0.367,0.0811,2.014,30,0.673,-1.348,0
B040,2024-10-31,train,0.462,0.405,16.836,15,0,7.67,6.17,4,17,0.313,0.1325,0.932,60,0.691,0.603,0
B041,2024-10-31,train,0.72,0.331,14.524,0,0,0.0,2.33,1,12,0.146,0.0905,1.47,30,-0.433,-0.489,0
B043,2024-10-31,train,0.594,0.0,13.253,0,0,0.0,0.0,0,11,0.256,0.1574,1.556,30,-0.9,0.118,0
B046,2024-10-31,train,0.495,0.197,15.001,0,0,0.0,0.0,0,18,0.275,0.0965,1.232,30,1.531,-1.023,0
B049,2024-10-31,train,0.434,0.076,15.156,4,0,4.0,0.67,1,9,0.101,0.1475,1.574,60,2.223,1.58,0
B050,2024-10-31,train,0.018,0.262,14.03,11,0,11.0,1.83,1,19,0.384,0.1271,1.474,30,0.996,-0.726,0
B052,2024-10-31,train,0.855,0.474,15.275,0,0,0.0,0.0,0,19,0.046,0.1724,1.878,30,0.478,0.269,0
B053,2024-10-31,train,0.705,0.055,15.367,0,0,0.0,0.0,1,10,0.334,0.032,2.146,60,0.941,-1.641,0
B054,2024-10-31,train,0.092,0.116,15.338,0,0,0.0,0.0,0,25,0.384,0.1004,1.217,60,0.108,0.962,0
B055,2024-10-31,train,0.46,0.557,13.079,0,0,-4.0,2.0,2,18,0.466,0.1652,1.603,30,0.443,-0.653,0
B056,2024-10-31,train,0.539,0.795,13.42,0,0,0.0,0.0,1,14,0.2,0.1442,1.079,30,0.595,2.03,0
B057,2024-10-31,train,0.338,0.274,14.784,0,0,-5.33,2.67,4,27,0.377,0.0511,0.775,30,0.304,1.678,0
B058,2024-10-31,train,0.443,0.21,16.096,15,0,15.0,2.5,3,17,0.219,0.1044,1.31,120,-1.476,-1.865,0
B059,2024-10-31,train,0.36,0.074,15.078,0,0,0.0,0.0,0,19,0.216,0.0054,1.211,90,1.012,0.971,0
B060,2024-10-31,train,0.31,0.127,13.093,0,0,0.0,3.17,2,15,0.446,0.1165,1.357,60,-0.081,0.586,0
B061,2024-10-31,train,0.888,0.599,15.557,0,0,0.0,0.0,1,19,0.34,0.0652,1.097,90,1.83,-0.481,0
B062,2024-10-31,train,0.798,0.47,14.082,0,0,0.0,0.0,0,19,0.358,0.0894,1.143,90,-0.26,1.97,0
B066,2024-10-31,train,0.653,0.0,14.856,0,0,0.0,0.0,0,16,0.308,0.095,1.758,30,-1.051,0.038,0
B067,2024-10-31,train,0.451,0.084,15.132,0,0,0.0,0.0,0,17,0.695,0.0525,1.552,30,-0.042,0.694,0
B068,2024-10-31,train,0.451,0.302,15.127,0,0,0.0,0.0,0,21,0.453,0.087,2.068,60,0.09,-0.565,0
B069,2024-10-31,train,0.076,0.163,15.15,0,0,0.0,3.17,1,13,0.43,0.0805,0.286,90,-0.296,0.606,0
B070,2024-10-31,train,0.431,0.43,15.248,4,0,4.0,3.17,2,18,0.363,0.1525,1.902,60,-1.394,0.529,0
B071,2024-10-31,train,0.039,0.101,14.17,0,0,-4.67,2.33,6,11,0.398,0.1067,1.857,60,1.834,-0.08,0
B072,2024-10-31,train,0.927,1.095,15.35,72,1,70.67,19.0,6,21,0.402,0.065,1.015,60,1.899,-1.033,1
B073,2024-10-31,train,0.124,0.0,14.91,0,0,0.0,0.0,0,15,0.085,0.0887,2.549,60,-0.421,-0.883,0
B074,2024-10-31,train,0.393,0.526,14.818,0,0,0.0,0.0,0,14,0.282,0.1094,1.58,60,0.079,0.952,0
B075,2024-10-31,train,0.196,0.253,13.226,0,0,0.0,0.0,0,17,0.479,0.0673,1.419,60,2.352,0.141,0
B076,2024-10-31,train,0.507,0.0,14.154,0,0,0.0,0.0,2,16,0.508,0.0825,1.565,120,-0.929,0.003,0
B077,2024-10-31,train,0.578,0.322,15.942,0,0,-6.0,3.0,3,26,0.337,0.0831,1.168,90,0.532,0.381,0
B079,2024-10-31,train,0.515,0.0,15.032,0,0,0.0,0.0,0,19,0.329,0.1338,1.849,30,-0.408,-0.997,0
B080,2024-10-31,train,0.395,0.0,13.747,0,0,0.0,0.0,1,12,0.553,0.0537,1.504,60,-1.02,-0.654,0
B081,2024-10-31,train,0.109,0.535,14.751,0,0,-1.33,3.0,2,17,0.384,0.0602,1.102,60,1.414,-1.56,0
B082,2024-10-31,train,0.07,0.014,14.195,0,0,-6.33,3.17,1,17,0.342,0.1354,1.394,90,-0.17,-0.81,0
B085,2024-10-31,train,0.751,0.23,15.713,0,0,0.0,1.0,1,19,0.425,0.0804,1.651,120,1.359,-0.627,0
B086,2024-10-31,train,0.121,0.114,14.713,0,0,0.0,0.0,0,20,0.259,0.0988,2.179,60,-0.533,-1.726,0
B088,2024-10-31,train,0.216,0.755,16.381,13,0,12.67,2.33,3,17,0.333,0.08,0.906,60,-0.55,-0.034,0
B089,2024-10-31,train,0.697,0.505,15.429,0,0,-2.67,1.33,3,19,0.438,0.1237,1.968,30,-1.054,1.228,0
B090,2024-10-31,train,0.769,0.818,15.351,13,0,4.0,30.5,8,19,0.57,0.016,0.563,90,0.789,0.489,1
B092,2024-10-31,train,0.143,0.311,15.12,0,0,-1.67,3.67,3,18,0.584,0.0857,1.673,60,0.163,-1.057,0
B093,2024-10-31,train,0.629,0.257,13.687,0,0,0.0,0.0,0,9,0.41,0.1489,2.4,90,1.101,0.231,0
B094,2024-10-31,train,0.186,0.254,14.163,0,0,0.0,0.0,0,10,0.4,0.1811,1.389,30,-0.745,-0.153,0
B095,2024-10-31,train,0.755,0.829,15.774,0,0,0.0,0.0,0,18,0.164,0.0656,1.737,90,1.255,0.582,0
B096,2024-10-31,train,0.456,0.551,14.044,10,0,9.67,2.33,3,25,0.66,0.1728,1.662,30,-0.552,0.988,0
B097,2024-10-31,train,0.194,0.589,15.57,0,0,-6.33,3.17,2,14,0.462,0.1497,2.105,30,0.293,0.024,0
B098,2024-10-31,train,0.478,0.829,17.037,8,0,8.0,1.33,1,19,0.622,0.0577,1.321,30,-1.35,2.674,0
B099,2024-10-31,train,0.543,0.303,14.92,0,0,0.0,0.0,0,16,0.406,0.179,1.485,120,-0.644,0.451,0
B100,2024-10-31,train,0.866,0.314,15.168,0,0,-4.33,2.17,1,18,0.284,0.1186,1.373,60,-0.241,1.158,0
B101,2024-10-31,train,0.805,0.768,17.143,0,0,-8.0,6.5,5,15,0.336,0.1644,1.698,60,0.703,-0.526,0
B102,2024-10-31,train,-0.032,0.55,16.197,5,0,-3.33,9.33,8,15,0.458,0.1003,1.706,90,-1.372,-0.332,0
B103,2024-10-31,train,0.631,0.521,15.022,0,0,0.0,1.83,1,16,0.486,0.0241,1.197,120,-0.448,-1.015,0
B104,2024-10-31,train,0.49,0.566,14.993,19,0,8.67,8.33,5,27,0.233,0.1212,1.592,30,0.745,-0.749,0
B105,2024-10-31,train,0.731,0.433,15.87,0,0,-12.67,7.0,3,17,0.45,0.1041,1.805,60,0.185,-0.21,0
B106,2024-10-31,train,0.746,0.938,14.963,11,0,5.0,4.83,5,15,0.493,0.0798,0.373,60,0.836,0.089,0
B107,2024-10-31,train,0.003,0.491,14.167,12,0,9.67,6.0,5,17,0.254,0.1447,1.113,30,-0.25,1.616,0
B108,2024-10-31,train,0.841,0.458,14.537,15,0,15.0,5.0,5,22,0.321,0.085,2.188,60,0.037,1.801,0
B109,2024-10-31,train,0.635,0.1,14.71,1,0,1.0,0.17,1,19,0.343,0.0789,1.427,60,-0.828,-0.602,0
B110,2024-10-31,train,0.183,0.561,16.14,1,0,-2.0,4.0,7,14,0.287,0.1216,1.263,30,0.487,0.153,0
B111,2024-10-31,train,0.075,0.0,14.07,0,0,-2.67,1.33,1,14,0.013,0.0939,1.424,60,-0.191,0.137,0
B113,2024-10-31,train,0.561,0.155,14.961,0,0,-4.67,3.67,3,19,0.502,0.1412,1.096,30,-0.824,-0.334,0
B114,2024-10-31,train,0.414,0.761,13.879,24,0,-17.0,25.67,8,25,0.333,0.1716,0.484,90,-0.108,-1.054,1
B115,2024-10-31,train,0.635,0.425,15.221,18,0,9.33,12.33,8,17,0.541,0.0995,0.356,30,-2.346,1.05,0
B116,2024-10-31,train,0.359,0.668,15.31,0,0,0.0,0.0,1,16,0.467,0.0974,1.543,60,-0.381,1.363,0
B117,2024-10-31,train,0.26,0.361,17.33,13,0,3.0,10.33,8,22,0.559,0.1089,0.619,90,-1.917,-0.177,0
B118,2024-10-31,train,0.31,0.592,13.88,0,0,0.0,0.0,1,18,0.248,0.0666,1.052,60,-0.935,-0.641,0
B120,2024-10-31,train,0.144,0.858,16.24,3,0,-5.33,6.0,5,16,0.377,0.1729,0.691,30,-2.152,-0.361,0
B121,2024-10-31,train,0.448,0.314,16.476,0,0,-7.67,9.17,6,14,0.291,0.1155,1.792,90,1.724,0.027,0
B122,2024-10-31,train,0.757,0.028,16.189,0,0,0.0,0.0,0,17,0.169,0.0849,0.577,60,1.208,1.604,0
B123,2024-10-31,train,0.131,0.339,15.451,0,0,0.0,0.33,1,15,0.469,0.1021,1.903,60,-2.072,0.122,0
B124,2024-10-31,train,0.647,0.421,15.016,0,0,-2.33,1.17,2,16,0.477,0.1429,1.215,90,-0.243,1.078,0
B125,2024-10-31,train,0.782,0.517,14.022,0,0,0.0,0.0,0,19,0.444,0.0808,0.525,90,0.728,1.545,0
B126,2024-10-31,train,0.639,0.0,14.382,0,0,0.0,0.0,0,16,0.182,0.0891,1.324,90,-1.502,2.359,0
B127,2024-10-31,train,0.312,0.284,15.074,0,0,-6.67,3.33,2,18,0.297,0.065,1.905,90,-0.047,0.3,0
B128,2024-10-31,train,0.229,0.592,14.617,0,0,0.0,0.0,0,15,0.246,0.0918,1.349,30,-0.096,1.873,0
B129,2024-10-31,train,0.65,0.211,13.972,0,0,0.0,1.0,1,16,0.162,0.091,1.534,30,-0.377,-0.734,0
B131,2024-10-31,train,0.036,0.658,14.765,0,0,-1.33,7.17,7,21,0.483,0.172,0.983,30,0.197,0.966,0
B132,2024-10-31,train,0.495,0.445,12.691,0,0,0.0,0.0,0,14,0.247,0.1208,1.397,30,-1.154,1.205,0
B135,2024-10-31,train,0.047,0.248,14.502,0,0,0.0,0.0,0,8,0.435,0.0763,0.665,120,1.495,-0.12,0
B136,2024-10-31,train,0.765,0.512,15.127,17,0,8.0,7.33,7,17,0.44,0.1482,1.786,60,-0.041,0.428,0
B137,2024-10-31,train,0.62,0.638,14.761,0,0,0.0,0.0,0,18,0.299,0.0559,2.007,60,0.839,-0.821,0
B140,2024-10-31,train,0.321,0.542,14.8,9,0,-27.67,24.0,7,10,0.232,0.0316,0.839,30,-3.075,1.116,0
B141,2024-10-31,train,0.001,0.868,15.688,0,0,-9.67,7.5,3,26,0.874,0.1335,1.805,90,0.336,-1.277,0
B142,2024-10-31,train,0.327,0.466,14.78,0,0,0.0,0.0,0,24,0.27,0.0782,1.747,30,-0.223,-0.458,0
B143,2024-10-31,train,0.086,1.164,16.338,36,1,21.67,16.0,7,22,0.635,0.116,1.422,90,-0.718,0.443,1
B144,2024-10-31,train,0.262,0.632,14.57,0,0,-4.33,2.17,1,18,0.278,0.1153,2.193,60,-0.599,-1.656,0
B145,2024-10-31,train,0.624,0.402,15.569,0,0,-4.67,2.33,1,23,0.314,0.0842,1.202,60,1.015,0.546,0
B146,2024-10-31,train,0.44,0.56,15.382,0,0,0.0,0.17,2,16,0.699,0.1424,0.447,90,0.915,-0.406,0
B147,2024-10-31,train,0.149,0.991,15.245,9,0,4.33,4.67,7,25,0.354,0.1268,1.019,30,0.609,0.981,0
B148,2024-10-31,train,0.741,0.477,15.756,0,0,-6.67,3.33,2,14,0.295,0.1217,1.817,30,-0.104,1.972,0
B149,2024-10-31,train,0.875,0.241,15.381,0,0,0.0,0.0,1,14,0.435,0.0537,1.022,90,-0.497,-0.502,0
B150,2024-10-31,train,0.385,0.572,14.997,4,0,1.0,7.5,8,21,0.243,0.0711,1.247,30,3.369,0.752,0
B001,2024-11-30,train,0.672,0.625,15.7,0,0,0.0,0.0,0,22,0.17,0.0305,2.32,90,-0.107,-1.549,0
B003,2024-11-30,train,0.267,0.988,14.887,150,1,132.33,34.83,10,28,0.587,0.0643,1.458,120,-1.097,-2.065,1
B006,2024-11-30,train,0.546,0.681,16.065,18,0,12.33,7.83,4,18,0.38,0.1732,1.724,60,-1.499,1.385,0
B007,2024-11-30,train,0.136,0.382,14.63,0,0,0.0,0.0,0,17,0.462,0.123,1.868,30,-1.413,0.064,0
B008,2024-11-30,train,0.331,0.393,14.509,0,0,0.0,0.0,0,17,0.545,0.0883,1.767,30,-0.139,1.451,0
B009,2024-11-30,train,0.156,0.407,14.025,0,0,-6.33,4.0,5,16,0.578,0.0557,2.513,60,-1.597,-3.187,0
B011,2024-11-30,train,0.168,0.066,14.396,0,0,0.0,0.0,0,15,0.246,0.0948,1.853,30,1.341,-0.942,0
B012,2024-11-30,train,0.612,0.545,14.992,0,0,0.0,0.0,0,14,0.177,0.0815,0.923,90,-0.904,-0.958,0
B014,2024-11-30,train,0.599,0.729,15.318,0,0,-8.0,4.0,4,17,0.336,0.0435,1.187,60,-0.503,1.0,0
B015,2024-11-30,train,0.266,0.214,15.866,0,0,0.0,0.0,0,17,0.418,0.1171,1.578,60,-1.5,0.934,0
B016,2024-11-30,train,0.542,0.345,14.448,0,0,-6.0,3.33,3,18,0.216,0.0706,1.581,30,2.451,-0.489,0
B018,2024-11-30,train,0.228,0.618,14.309,0,0,-1.33,3.33,3,14,0.244,0.0973,1.737,30,0.954,-0.183,0
B019,2024-11-30,train,0.842,0.603,14.384,14,0,11.67,4.67,6,21,0.126,0.052,1.47,60,0.598,1.071,0
B020,2024-11-30,train,0.128,0.766,15.889,4,0,4.0,3.83,5,18,0.472,0.1095,0.759,120,0.146,0.95,0
B021,2024-11-30,train,0.838,0.235,15.781,0,0,0.0,0.0,0,23,0.108,0.0271,1.318,30,1.359,-0.945,0
B022,2024-11-30,train,0.219,0.077,15.971,0,0,-0.33,0.17,1,16,0.527,0.086,1.664,30,-0.685,-1.383,0
B023,2024-11-30,train,0.603,0.249,14.47,0,0,-6.0,3.0,1,13,0.395,0.1664,1.782,60,1.063,0.233,0
B024,2024-11-30,train,0.417,0.306,15.408,0,0,0.0,0.0,0,12,0.386,0.1177,1.831,30,-0.035,-0.174,0
B025,2024-11-30,train,0.86,0.373,16.195,2,0,2.0,0.33,6,11,0.257,0.1006,1.09,60,0.589,0.942,0
B026,2024-11-30,train,0.534,0.854,15.115,0,0,-1.67,0.83,3,14,0.413,0.0811,1.432,60,-1.143,1.091,0
B027,2024-11-30,train,0.066,0.627,15.568,16,0,16.0,2.67,3,17,0.283,0.1418,2.018,60,0.435,-0.992,0
B028,2024-11-30,train,0.019,0.253,15.038,0,0,0.0,0.0,1,18,0.707,0.0896,2.157,60,0.869,0.844,0
B029,2024-11-30,train,0.479,0.0,15.12,0,0,-0.33,0.17,1,16,0.128,0.0574,1.8,90,0.421,-1.227,0
B033,2024-11-30,train,0.847,0.882,14.116,150,1,109.67,48.83,8,17,0.107,0.1116,0.496,60,0.564,0.593,1
B034,2024-11-30,train,0.39,1.3,13.896,51,1,-15.33,43.5,11,19,0.612,0.031,0.165,60,2.149,0.92,1
B036,2024-11-30,train,0.915,0.199,15.777,0,0,0.0,0.0,0,15,0.119,0.0767,1.382,60,-0.403,-0.447,0
B037,2024-11-30,train,0.622,0.0,14.133,0,0,0.0,0.0,0,19,0.25,0.1349,1.732,30,-0.261,-0.747,0
B039,2024-11-30,train,0.351,0.058,14.569,0,0,0.0,0.0,0,15,0.377,0.0737,2.193,30,-0.15,1.962,0
B041,2024-11-30,train,0.693,0.07,14.532,0,0,0.0,0.0,1,21,0.058,0.0995,1.281,30,-1.435,0.066,0
B042,2024-11-30,train,0.591,0.644,15.412,0,0,-1.0,0.5,3,18,0.355,0.1328,1.002,60,2.389,-0.78,0
B043,2024-11-30,train,0.623,0.167,13.756,0,0,0.0,0.0,0,20,0.465,0.1215,1.803,30,0.235,-0.933,0
B045,2024-11-30,train,0.169,0.312,15.153,0,0,0.0,0.0,0,20,0.448,0.1309,1.148,60,-0.296,0.272,0
B046,2024-11-30,train,0.453,0.31,14.736,0,0,0.0,0.0,0,17,0.394,0.0973,1.034,30,0.193,0.467,0
B048,2024-11-30,train,0.791,0.628,16.429,7,0,4.33,5.17,4,22,0.463,0.0758,1.421,60,-0.289,-2.361,0
B049,2024-11-30,train,0.309,0.078,14.952,0,0,-1.33,0.67,1,26,0.176,0.0387,1.518,60,-1.624,-0.296,0
B050,2024-11-30,train,0.042,0.54,14.471,0,0,-3.67,1.83,1,16,0.399,0.1204,1.42,30,0.084,0.365,0
B051,2024-11-30,train,0.442,0.0,15.098,0,0,0.0,0.0,0,17,0.241,0.0902,2.193,30,0.388,-1.508,0
B052,2024-11-30,train,0.78,0.271,15.231,0,0,0.0,0.0,0,9,0.544,0.1161,1.654,30,-0.027,-1.645,0
B053,2024-11-30,train,0.689,0.073,15.151,0,0,0.0,0.0,1,16,0.083,0.0851,1.978,60,-1.109,0.966,0
B054,2024-11-30,train,0.04,0.161,15.368,0,0,0.0,0.0,0,13,0.079,0.1368,1.251,60,-1.569,0.123,0
B055,2024-11-30,train,0.544,0.41,13.315,0,0,-4.0,2.0,2,19,0.695,0.0738,1.637,30,-2.149,-1.973,0
B056,2024-11-30,train,0.561,0.586,13.485,5,0,5.0,0.83,2,21,0.364,0.0861,1.139,30,0.707,0.365,0
B057,2024-11-30,train,0.34,0.495,14.9,11,0,5.67,4.5,5,24,0.425,0.0637,0.715,30,-0.203,0.318,0
B058,2024-11-30,train,0.449,0.0,16.182,0,0,-5.0,2.5,3,10,0.596,0.1276,1.271,120,-1.254,0.385,0
B059,2024-11-30,train,0.257,0.601,15.05,0,0,0.0,0.0,0,20,0.436,0.0845,1.454,90,-1.479,-0.85,0
B060,2024-11-30,train,0.344,0.0,13.101,0,0,0.0,0.0,2,8,0.261,0.1343,1.138,60,-0.724,1.082,0
B061,2024-11-30,train,0.866,0.574,15.894,0,0,0.0,0.0,1,15,0.367,0.0629,1.076,90,-1.179,0.033,0
B062,2024-11-30,train,0.817,0.113,14.526,0,0,0.0,0.0,0,18,0.167,0.1521,1.131,90,0.528,0.256,0
B063,2024-11-30,train,0.125,1.124,15.385,17,0,10.0,7.17,8,15,0.495,0.1465,0.933,120,-0.636,-0.109,1
B064,2024-11-30,train,0.039,0.0,13.939,0,0,0.0,0.0,0,22,0.191,0.0831,2.148,30,-0.002,-2.7,0
B065,2024-11-30,train,0.102,0.158,15.782,0,0,0.0,0.0,0,21,0.44,0.0878,1.773,90,0.079,0.871,0
B066,2024-11-30,train,0.688,0.0,15.021,0,0,0.0,0.0,0,11,0.175,0.1433,1.84,30,1.102,1.046,0
B067,2024-11-30,train,0.43,0.0,15.101,7,0,7.0,1.17,1,18,0.047,0.0462,1.423,30,-0.51,-0.187,0
B068,2024-11-30,train,0.464,0.215,14.827,0,0,0.0,0.0,0,19,0.262,0.1229,1.756,60,-0.096,-0.584,0
B069,2024-11-30,train,0.112,0.439,15.049,0,0,0.0,3.17,1,16,0.125,0.1222,0.513,90,0.259,-1.908,0
B070,2024-11-30,train,0.425,0.179,15.212,0,0,-1.33,3.17,2,17,0.189,0.0666,1.875,60,-0.902,2.678,0
B071,2024-11-30,train,0.1,0.484,14.362,0,0,-1.67,2.33,6,20,0.58,0.1197,2.204,60,-0.328,0.449,0
B072,2024-11-30,train,0.901,0.947,15.703,56,1,30.67,25.17,7,27,0.289,0.0567,1.051,60,-1.464,-0.712,1
B073,2024-11-30,train,0.143,0.0,15.1,0,0,0.0,0.0,0,10,0.267,0.1468,2.335,60,-0.322,0.168,0
B074,2024-11-30,train,0.289,0.447,15.428,12,0,12.0,2.0,1,13,0.347,0.0696,1.867,60,2.083,0.204,0
B075,2024-11-30,train,0.21,0.373,13.241,0,0,0.0,0.0,0,11,0.191,0.0421,1.319,60,1.967,0.226,0
B076,2024-11-30,train,0.474,0.041,14.643,0,0,0.0,0.0,2,15,0.243,0.1077,1.903,120,-1.807,-0.07,0
B077,2024-11-30,train,0.63,0.236,16.427,0,0,-6.0,3.0,3,23,0.408,0.1281,1.317,90,-0.349,-1.211,0
B078,2024-11-30,train,0.468,0.116,15.416,0,0,0.0,0.0,1,25,0.285,0.0708,1.387,30,1.291,0.142,0
B079,2024-11-30,train,0.569,0.0,15.036,0,0,0.0,0.0,0,18,0.247,0.0579,2.024,30,-0.169,0.938,0
B081,2024-11-30,train,0.128,0.471,15.047,0,0,0.0,0.67,2,27,0.293,0.0836,1.108,60,0.803,-3.194,0
B082,2024-11-30,train,0.093,0.0,14.291,0,0,-6.33,3.17,1,14,0.38,0.0854,1.399,90,1.828,-1.576,0
B084,2024-11-30,train,0.505,0.471,13.584,0,0,0.0,2.83,3,21,0.48,0.1781,0.747,60,1.352,0.475,0
B085,2024-11-30,train,0.741,0.126,15.764,0,0,0.0,1.0,1,16,0.332,0.1305,1.565,120,0.564,0.663,0
B088,2024-11-30,train,0.252,0.586,16.3,0,0,-4.67,2.33,3,22,0.223,0.1626,1.283,60,-0.763,-0.302,0
B089,2024-11-30,train,0.699,0.118,15.427,5,0,4.0,2.17,4,21,0.287,0.0949,2.21,30,1.537,1.423,0
B090,2024-11-30,train,0.74,1.3,15.569,12,0,3.0,23.5,9,22,0.358,0.1208,0.505,90,-0.561,-0.562,0
B092,2024-11-30,train,0.128,0.347,15.126,0,0,0.0,0.83,3,15,0.586,0.1543,1.838,60,-0.865,0.164,0
B093,2024-11-30,train,0.662,0.047,13.654,0,0,0.0,0.0,0,15,0.519,0.1517,2.587,90,0.462,-0.039,0
B094,2024-11-30,train,0.175,0.0,13.953,0,0,0.0,0.0,0,12,0.191,0.095,1.331,30,-1.011,-0.802,0
B095,2024-11-30,train,0.691,0.317,15.964,0,0,0.0,0.0,0,23,0.157,0.1335,1.968,90,-1.616,-0.63,0
B096,2024-11-30,train,0.409,0.759,14.17,0,0,-3.67,1.83,3,18,0.389,0.0847,1.892,30,-0.661,-0.253,0
B098,2024-11-30,train,0.515,0.56,17.541,17,0,14.33,4.17,2,20,0.329,0.0537,1.195,30,-1.749,-0.287,0
B099,2024-11-30,train,0.53,0.247,14.906,0,0,0.0,0.0,0,21,0.353,0.025,1.462,120,0.22,0.508,0
B100,2024-11-30,train,0.881,0.507,15.301,6,0,1.67,3.17,2,27,0.363,0.0989,1.356,60,-0.711,0.381,0
B102,2024-11-30,train,0.047,0.152,15.728,10,0,3.67,10.0,9,13,0.637,0.0496,1.587,90,-0.881,-2.027,0
B103,2024-11-30,train,0.652,0.48,14.903,0,0,0.0,1.83,1,23,0.807,0.0718,1.314,120,-1.505,-0.401,0
B104,2024-11-30,train,0.461,0.789,15.385,0,0,-12.33,8.33,5,18,0.478,0.0938,1.585,30,-0.925,-1.348,0
B105,2024-11-30,train,0.794,0.891,16.009,0,0,-6.67,6.33,3,20,0.316,0.0439,1.66,60,-0.033,-0.098,0
B106,2024-11-30,train,0.754,0.308,15.264,0,0,-9.67,4.83,5,16,0.586,0.1113,0.617,60,-0.149,0.732,0
B107,2024-11-30,train,0.024,0.806,14.415,0,0,-6.33,3.17,5,15,0.458,0.1,1.417,30,0.152,-0.253,0
B108,2024-11-30,train,0.783,0.547,14.411,4,0,-1.0,4.17,6,14,0.422,0.0599,1.977,60,-0.023,-0.92,0
B110,2024-11-30,train,0.166,1.064,15.841,0,0,-3.33,1.83,7,9,0.425,0.1322,1.208,30,0.577,1.005,0
B111,2024-11-30,train,0.066,0.0,13.978,0,0,0.0,1.33,1,9,0.395,0.0728,1.654,60,-0.721,-1.124,0
B112,2024-11-30,train,0.218,0.245,15.415,0,0,0.0,0.0,1,15,0.249,0.1425,1.784,30,-0.127,-1.358,0
B113,2024-11-30,train,0.535,0.324,14.898,0,0,-4.67,2.33,3,25,0.136,0.0834,1.067,30,-1.141,1.241,0
B114,2024-11-30,train,0.471,1.036,13.712,44,1,-4.0,31.83,9,24,0.361,0.0849,0.361,90,0.151,-0.986,0
B115,2024-11-30,train,0.648,0.555,15.042,16,0,1.33,12.5,9,18,0.669,0.13,0.032,30,0.118,0.467,0
B116,2024-11-30,train,0.268,0.159,15.374,0,0,0.0,0.0,1,16,0.34,0.0541,1.406,60,2.389,-1.296,0
B117,2024-11-30,train,0.236,0.619,17.635,0,0,-12.33,9.0,8,22,0.233,0.0647,0.632,90,0.657,-0.01,0
B120,2024-11-30,train,0.185,0.671,16.048,0,0,-4.0,4.67,5,22,0.382,0.0719,0.671,30,-0.787,-1.038,0
B121,2024-11-30,train,0.48,0.315,16.775,0,0,-2.0,6.67,6,12,0.527,0.0988,1.754,90,-0.649,-1.672,0
B122,2024-11-30,train,0.701,0.0,16.058,0,0,0.0,0.0,0,18,0.357,0.0602,0.767,60,0.334,0.645,0
B123,2024-11-30,train,0.082,0.0,15.453,0,0,0.0,0.0,1,19,0.559,0.1225,1.847,60,-0.479,-0.521,0
B124,2024-11-30,train,0.637,0.134,14.932,0,0,0.0,1.17,2,14,0.328,0.0647,1.5,90,0.136,0.633,0
B126,2024-11-30,train,0.596,0.0,14.276,0,0,0.0,0.0,0,17,0.07,0.0971,1.642,90,-0.134,-1.779,0
B128,2024-11-30,train,0.278,0.202,14.579,0,0,0.0,0.0,0,17,0.365,0.094,1.143,30,-0.845,2.256,0
B129,2024-11-30,train,0.63,0.265,13.991,18,0,18.0,3.0,2,15,0.097,0.0553,1.424,30,1.498,-0.825,0
B130,2024-11-30,train,0.63,0.243,15.117,0,0,-6.33,3.83,5,23,0.297,0.089,1.52,60,0.982,-0.28,0
B132,2024-11-30,train,0.494,0.345,12.891,0,0,0.0,0.0,0,25,0.223,0.0842,1.522,30,0.856,0.378,0
B135,2024-11-30,train,0.057,0.13,14.679,5,0,5.0,0.83,1,16,0.188,0.127,0.535,120,-0.909,-0.044,0
B136,2024-11-30,train,0.667,0.582,15.242,17,0,8.33,10.17,8,18,0.566,0.0336,1.902,60,-0.442,-0.567,0
B137,2024-11-30,train,0.597,0.764,14.304,0,0,0.0,0.0,0,16,0.275,0.0387,2.157,60,-0.788,-0.627,0
B139,2024-11-30,train,0.238,0.354,16.209,0,0,-6.67,3.33,2,17,0.145,0.0853,2.059,60,-1.344,-0.787,0
B140,2024-11-30,train,0.286,0.759,15.138,8,0,-25.0,23.67,8,16,0.726,0.099,0.995,30,-0.368,-0.245,0
B141,2024-11-30,train,-0.0,0.741,15.878,9,0,-0.67,6.33,4,14,0.352,0.1032,1.595,90,-0.103,-0.289,0
B142,2024-11-30,train,0.3,0.055,14.858,0,0,0.0,0.0,0,15,0.211,0.0436,1.934,30,-0.497,-0.849,0
B143,2024-11-30,train,0.007,1.161,16.155,36,1,9.67,20.17,8,25,0.333,0.149,1.311,90,0.599,2.069,1
B144,2024-11-30,train,0.359,0.522,14.731,0,0,-4.33,2.17,1,28,0.057,0.1295,2.034,60,0.02,0.002,0
B145,2024-11-30,train,0.586,0.623,15.326,0,0,-4.67,2.33,1,16,0.022,0.0991,1.125,60,0.285,1.133,0
B146,2024-11-30,train,0.407,0.376,14.981,0,0,0.0,0.17,2,14,0.55,0.0614,0.37,90,0.564,1.842,0
B147,2024-11-30,train,0.162,0.949,15.261,1,0,-6.67,4.83,8,20,0.611,0.1196,0.827,30,-0.077,-0.963,1
B148,2024-11-30,train,0.764,0.312,15.729,0,0,-6.67,3.33,2,12,0.196,0.1192,1.727,30,0.561,0.555,0
B149,2024-11-30,train,0.88,0.271,15.381,0,0,0.0,0.0,1,18,0.431,0.1304,0.83,90,-0.078,0.273,0
B150,2024-11-30,train,0.476,0.517,15.324,2,0,-1.67,5.5,9,16,0.188,0.1216,1.084,30,-0.498,-0.107,0
B001,2024-12-31,train,0.723,0.488,15.73,0,0,0.0,0.0,0,21,0.002,0.1084,2.312,90,-0.066,0.696,0
B002,2024-12-31,train,0.273,0.78,15.8,4,0,-6.33,7.0,7,20,0.211,0.0753,2.111,120,2.408,0.498,0
B003,2024-12-31,train,0.291,0.925,15.074,11,0,-55.0,35.67,11,20,0.377,0.0638,1.438,120,2.339,-0.489,1
B007,2024-12-31,train,0.098,0.219,14.439,0,0,0.0,0.0,0,16,0.349,0.1828,1.855,30,1.318,1.292,0
B008,2024-12-31,train,0.3,0.358,14.563,2,0,2.0,0.33,1,17,0.189,0.0778,1.65,30,0.737,-0.686,0
B009,2024-12-31,train,0.108,0.679,13.973,6,0,4.0,4.17,6,18,0.38,0.075,2.376,60,0.403,-1.904,0
B010,2024-12-31,train,0.896,0.359,14.435,0,0,-25.0,40.17,7,20,0.449,0.0794,0.644,90,-0.002,-0.749,0
B011,2024-12-31,train,0.165,0.0,14.474,0,0,0.0,0.0,0,20,0.267,0.1244,1.84,30,-0.094,1.485,0
B012,2024-12-31,train,0.627,0.097,14.828,0,0,0.0,0.0,0,7,0.427,0.05,0.991,90,0.262,-0.576,0
B014,2024-12-31,train,0.537,0.499,15.348,3,0,-1.33,4.5,5,12,0.636,0.1088,1.16,60,-0.578,0.487,0
B015,2024-12-31,train,0.309,0.193,15.203,0,0,0.0,0.0,0,17,0.215,0.1103,1.378,60,0.646,0.293,0
B016,2024-12-31,train,0.53,0.666,14.332,0,0,-4.67,3.33,3,21,0.501,0.0058,1.558,30,-0.416,-0.537,0
B017,2024-12-31,train,0.679,1.195,14.996,21,0,-1.33,28.67,8,21,0.283,0.1541,0.704,30,0.369,0.115,1
B018,2024-12-31,train,0.237,0.766,13.993,0,0,-1.33,0.67,3,19,0.331,0.0499,1.816,30,-2.216,-0.308,0
B020,2024-12-31,train,0.138,0.941,15.517,0,0,-1.33,3.83,5,22,0.555,0.1083,0.727,120,-0.036,-0.836,0
B021,2024-12-31,train,0.817,0.012,15.51,0,0,0.0,0.0,0,12,0.019,0.0618,1.227,30,-0.304,-0.92,0
B022,2024-12-31,train,0.221,0.367,15.822,0,0,-0.33,0.17,1,18,0.291,0.1448,1.505,30,0.059,-1.013,0
B023,2024-12-31,train,0.643,0.0,14.556,0,0,0.0,3.0,1,12,0.149,0.091,1.847,60,-1.323,-0.363,0
B024,2024-12-31,train,0.416,0.253,15.005,0,0,0.0,0.0,0,13,0.301,0.0429,1.833,30,0.14,-0.191,0
B025,2024-12-31,train,0.843,0.01,16.241,0,0,-0.67,0.33,6,19,0.171,0.131,0.94,60,0.261,1.48,0
B026,2024-12-31,train,0.578,0.712,15.095,0,0,-1.67,0.83,3,24,0.505,0.0274,1.547,60,-0.26,0.508,0
B027,2024-12-31,train,0.096,0.743,15.604,2,0,-3.33,3.0,4,19,0.393,0.141,1.896,60,0.778,0.571,0
B028,2024-12-31,train,0.062,0.279,15.057,0,0,0.0,0.0,1,12,0.206,0.1231,1.995,60,-0.387,0.409,0
B029,2024-12-31,train,0.473,0.0,15.168,0,0,-0.33,0.17,1,15,0.034,0.1178,1.823,90,0.365,-1.068,0
B030,2024-12-31,train,0.421,0.0,15.037,0,0,0.0,0.0,0,7,0.569,0.0635,1.984,30,-1.606,0.284,0
B031,2024-12-31,train,0.372,0.131,14.693,0,0,-11.67,10.83,5,28,0.416,0.1114,0.283,60,1.006,-0.095,0
B032,2024-12-31,train,0.378,0.18,16.918,0,0,-5.67,3.17,5,23,0.503,0.1847,0.915,60,1.474,0.714,0
B033,2024-12-31,train,0.894,1.02,14.32,30,0,-35.0,52.5,9,21,0.457,0.0788,0.68,60,0.401,-0.707,1
B034,2024-12-31,train,0.383,1.278,14.166,38,1,-10.33,49.33,12,30,0.492,0.1109,0.037,60,0.242,0.716,0
B035,2024-12-31,train,0.125,0.607,16.272,10,0,4.67,7.67,6,27,0.405,0.0615,1.461,60,0.785,-0.857,0
B036,2024-12-31,train,0.84,0.207,15.453,0,0,0.0,0.0,0,19,0.32,0.0548,1.004,60,-1.28,0.637,0
B037,2024-12-31,train,0.623,0.0,14.084,0,0,0.0,0.0,0,16,0.161,0.0734,1.581,30,-1.764,-0.612,0
B038,2024-12-31,train,0.864,0.804,14.872,10,0,-7.33,23.17,10,27,0.333,0.144,0.457,60,-1.91,-1.109,0
B039,2024-12-31,train,0.366,0.451,14.249,0,0,0.0,0.0,0,15,0.331,0.0986,2.111,30,-0.728,-0.337,0
B041,2024-12-31,train,0.715,0.198,14.904,0,0,0.0,0.0,1,14,0.061,0.1517,1.437,30,-0.505,-0.72,0
B042,2024-12-31,train,0.574,0.656,15.339,0,0,0.0,0.5,3,13,0.457,0.0954,1.097,60,0.594,-1.883,0
B043,2024-12-31,train,0.585,0.017,13.269,0,0,0.0,0.0,0,8,0.155,0.0898,1.669,30,-0.286,-0.005,0
B044,2024-12-31,train,0.488,0.468,14.855,14,0,14.0,2.33,1,17,0.463,0.1365,1.912,60,0.979,0.382,0
B045,2024-12-31,train,0.138,0.212,14.611,0,0,0.0,0.0,0,24,0.094,0.1357,1.17,60,1.025,-0.176,0
B048,2024-12-31,train,0.787,0.504,16.497,0,0,-5.0,2.5,4,17,0.476,0.1217,1.652,60,0.031,0.472,0
B049,2024-12-31,train,0.345,0.129,14.738,0,0,-1.33,0.67,1,19,0.251,0.0929,1.722,60,-0.97,-0.786,0
B050,2024-12-31,train,0.03,0.52,14.433,0,0,-3.67,1.83,1,13,0.372,0.0619,1.416,30,-0.987,-0.297,0
B052,2024-12-31,train,0.841,0.351,15.456,11,0,11.0,1.83,1,15,0.332,0.0461,1.821,30,1.401,0.589,0
B054,2024-12-31,train,0.005,0.2,15.371,0,0,0.0,0.0,0,9,0.365,0.0539,1.076,60,0.389,0.073,0
B055,2024-12-31,train,0.514,0.413,13.298,1,0,-2.33,2.17,3,15,0.313,0.1064,1.579,30,0.846,-0.268,0
B056,2024-12-31,train,0.572,0.44,13.355,0,0,-1.67,0.83,2,19,0.43,0.1218,1.02,30,-0.709,1.075,0
B057,2024-12-31,train,0.297,0.448,14.8,18,0,13.0,7.5,6,18,0.383,0.1202,0.551,30,-0.376,-0.341,0
B058,2024-12-31,train,0.495,0.29,16.469,0,0,-5.0,2.5,3,15,0.519,0.1293,1.243,120,-1.523,-1.704,0
B059,2024-12-31,train,0.261,0.802,15.264,0,0,0.0,0.0,0,19,0.278,0.0353,1.173,90,-0.539,0.185,0
B060,2024-12-31,train,0.278,0.0,12.955,0,0,0.0,0.0,2,13,0.129,0.0549,1.169,60,-1.253,0.308,0
B061,2024-12-31,train,0.849,0.351,15.507,0,0,0.0,0.0,1,21,0.166,0.0794,1.28,90,-1.088,1.682,0
B062,2024-12-31,train,0.764,0.0,14.361,0,0,0.0,0.0,0,18,0.18,0.0987,1.222,90,-0.476,1.83,0
B063,2024-12-31,train,0.039,1.3,15.534,21,0,10.0,9.83,9,19,0.525,0.134,0.722,120,-0.621,-0.556,1
B064,2024-12-31,train,0.042,0.0,14.097,0,0,0.0,0.0,0,16,0.208,0.09,2.004,30,0.587,1.492,0
B065,2024-12-31,train,0.148,0.016,15.893,0,0,0.0,0.0,0,15,0.462,0.0622,1.888,90,-0.995,-0.202,0
B066,2024-12-31,train,0.652,0.0,14.924,0,0,0.0,0.0,0,18,0.079,0.0969,1.773,30,0.796,0.293,0
B067,2024-12-31,train,0.431,0.231,15.112,6,0,3.67,2.17,2,18,0.378,0.0571,1.529,30,-1.438,-0.133,0
B068,2024-12-31,train,0.453,0.462,14.931,0,0,0.0,0.0,0,15,0.494,0.0867,2.036,60,2.078,-1.092,0
B069,2024-12-31,train,0.142,0.351,15.28,19,0,19.0,3.17,2,21,0.394,0.1127,0.253,90,0.52,0.756,0
B070,2024-12-31,train,0.433,0.0,15.205,0,0,-1.33,0.67,2,22,0.006,0.094,1.636,60,1.149,-0.857,0
B071,2024-12-31,train,0.04,0.517,13.957,0,0,0.0,2.33,6,19,0.249,0.1238,1.981,60,1.353,-0.727,0
B072,2024-12-31,train,0.795,0.994,15.789,105,1,61.0,39.5,8,27,0.798,0.1027,0.975,60,-0.634,1.694,1
B073,2024-12-31,train,0.165,0.216,15.154,0,0,0.0,0.0,0,11,0.168,0.1178,2.549,60,-0.099,-0.401,0
B074,2024-12-31,train,0.318,0.225,15.299,0,0,-4.0,2.0,1,13,0.37,0.0531,1.7,60,-0.411,0.855,0
B075,2024-12-31,train,0.182,0.039,13.271,0,0,0.0,0.0,0,17,0.161,0.0502,1.327,60,0.782,-0.795,0
B076,2024-12-31,train,0.554,0.0,14.516,0,0,0.0,0.0,2,25,0.394,0.1024,1.649,120,-0.807,0.271,0
B077,2024-12-31,train,0.591,0.353,16.472,0,0,-3.0,3.0,3,29,0.346,0.0638,1.449,90,-0.217,1.666,0
B079,2024-12-31,train,0.483,0.01,15.374,0,0,0.0,0.0,0,17,0.241,0.0987,1.915,30,-0.811,-0.155,0
B080,2024-12-31,train,0.368,0.0,14.032,0,0,0.0,0.0,1,11,0.203,0.0856,1.527,60,-0.401,-1.725,0
B081,2024-12-31,train,0.121,0.508,14.8,18,0,18.0,3.67,3,21,0.548,0.1169,1.213,60,-0.637,-0.896,0
B083,2024-12-31,train,0.774,0.256,15.639,0,0,0.0,1.0,1,19,0.297,0.0639,1.058,60,1.583,0.822,0
B084,2024-12-31,train,0.449,0.26,13.672,0,0,0.0,0.83,3,24,0.425,0.1381,0.768,60,-0.879,-0.32,0
B085,2024-12-31,train,0.643,0.0,15.152,0,0,0.0,0.0,1,19,0.325,0.1193,1.704,120,0.687,-0.203,0
B088,2024-12-31,train,0.223,0.823,16.457,0,0,-4.67,2.33,3,21,0.214,0.1417,1.124,60,1.139,-1.199,0
B089,2024-12-31,train,0.66,0.66,15.515,0,0,-2.67,2.17,4,16,0.518,0.093,2.069,30,0.324,-0.639,0
B090,2024-12-31,train,0.732,0.506,15.231,10,0,1.67,10.33,10,29,0.409,0.0551,0.431,90,0.106,-0.122,0
B092,2024-12-31,train,0.085,0.037,15.124,0,0,0.0,0.83,3,21,0.165,0.0091,1.7,60,0.749,0.486,0
B094,2024-12-31,train,0.189,0.099,13.797,0,0,0.0,0.0,0,7,0.232,0.084,1.523,30,0.702,0.059,0
B096,2024-12-31,train,0.476,0.33,14.057,18,0,14.67,4.83,4,19,0.504,0.0879,1.874,30,-0.452,0.095,0
B097,2024-12-31,train,0.216,0.326,15.622,17,0,9.67,8.0,4,19,0.231,0.111,2.043,30,0.711,-2.044,0
B098,2024-12-31,train,0.461,0.356,17.419,4,0,-4.33,4.83,3,24,0.381,0.1059,1.298,30,1.606,1.027,0
B099,2024-12-31,train,0.516,0.055,14.942,0,0,0.0,0.0,0,18,0.389,0.1315,1.76,120,0.463,0.608,0
B100,2024-12-31,train,0.847,0.24,15.207,0,0,-2.0,3.17,2,15,0.372,0.1434,1.007,60,1.432,-0.583,0
B101,2024-12-31,train,0.778,0.617,16.849,17,0,6.33,9.17,7,20,0.414,0.1455,2.057,60,-0.884,0.513,0
B102,2024-12-31,train,0.054,0.633,16.052,0,0,-9.67,6.67,9,19,0.496,0.0484,1.463,90,-0.546,-0.944,0
B103,2024-12-31,train,0.638,0.728,15.111,0,0,0.0,0.0,1,22,0.334,0.1289,1.265,120,-0.117,-0.329,0
B104,2024-12-31,train,0.473,0.506,15.023,3,0,-9.33,8.83,6,19,0.415,0.0708,1.691,30,-1.241,1.774,0
B107,2024-12-31,train,0.058,0.556,14.342,0,0,-4.0,3.17,5,17,0.628,0.0782,1.349,30,-0.251,0.181,0
B108,2024-12-31,train,0.819,0.198,14.71,0,0,-6.33,3.17,6,17,0.297,0.0726,2.122,60,-0.197,-1.726,0
B109,2024-12-31,train,0.599,0.0,14.275,0,0,-0.33,0.17,1,14,0.458,0.0844,1.517,60,0.377,0.643,0
B110,2024-12-31,train,0.054,0.847,15.999,9,0,8.33,3.17,8,30,0.332,0.1095,1.259,30,-0.094,0.559,0
B111,2024-12-31,train,0.011,0.0,13.743,0,0,0.0,1.33,1,10,0.136,0.0194,1.059,60,-0.564,-0.675,0
B113,2024-12-31,train,0.56,0.36,14.917,0,0,0.0,2.33,3,15,0.238,0.1274,0.88,30,-1.038,-0.866,0
B114,2024-12-31,train,0.507,0.803,14.291,4,0,-52.33,32.5,10,24,0.743,0.0786,0.154,90,0.142,0.611,0
B115,2024-12-31,train,0.582,0.637,15.072,8,0,-7.67,11.33,10,20,0.273,0.0592,0.327,30,-0.658,0.438,1
B116,2024-12-31,train,0.32,0.222,15.33,0,0,0.0,0.0,1,18,0.347,0.0814,1.488,60,0.241,0.145,0
B117,2024-12-31,train,0.279,0.849,17.546,0,0,-7.33,7.17,8,21,0.416,0.046,0.459,90,0.325,0.527,0
B119,2024-12-31,train,0.18,0.031,13.52,0,0,-3.0,1.5,1,11,0.326,0.0787,2.011,120,-0.657,-0.473,0
B120,2024-12-31,train,0.226,0.865,16.383,6,0,2.0,5.67,6,18,0.516,0.1214,0.74,30,-0.962,0.575,0
B121,2024-12-31,train,0.439,0.371,16.89,11,0,9.0,5.67,7,14,0.464,0.123,1.664,90,-1.985,0.088,0
B122,2024-12-31,train,0.711,0.326,15.662,0,0,0.0,0.0,0,13,0.18,0.1442,0.918,60,0.031,-0.179,0
B123,2024-12-31,train,0.166,0.241,15.658,0,0,0.0,0.0,1,18,0.522,0.1518,1.784,60,-0.199,-0.889,0
B124,2024-12-31,train,0.648,0.309,15.146,0,0,0.0,1.17,2,15,0.355,0.0722,1.321,90,-0.305,-0.924,0
B125,2024-12-31,train,0.834,0.402,13.606,0,0,0.0,0.0,0,12,0.31,0.113,0.36,90,0.656,-0.456,0
B126,2024-12-31,train,0.622,0.0,14.018,0,0,0.0,0.0,0,17,0.43,0.1264,1.451,90,-0.931,0.91,0
B127,2024-12-31,train,0.242,0.45,15.348,0,0,0.0,3.33,2,23,0.297,0.1292,1.959,90,0.132,0.287,0
B128,2024-12-31,train,0.259,0.424,14.847,0,0,0.0,0.0,0,17,0.582,0.0222,1.395,30,-0.014,-0.963,0
B129,2024-12-31,train,0.645,0.319,14.205,19,0,13.0,6.17,3,17,0.164,0.0664,1.751,30,-0.04,0.827,0
B131,2024-12-31,train,0.028,0.622,15.172,16,0,15.67,3.5,9,23,0.337,0.0986,1.007,30,0.29,1.052,0
B133,2024-12-31,train,0.282,0.081,13.754,11,0,11.0,1.83,1,14,0.165,0.1149,1.595,60,-0.145,0.163,0
B135,2024-12-31,train,0.104,0.049,14.759,0,0,-1.67,0.83,1,22,0.321,0.104,0.742,120,0.3,-0.048,0
B136,2024-12-31,train,0.727,0.341,14.922,0,0,-11.67,10.17,8,29,0.565,0.0993,1.645,60,-1.698,0.915,0
B137,2024-12-31,train,0.642,0.763,14.778,0,0,0.0,0.0,0,16,0.448,0.0941,2.005,60,-0.507,-0.699,0
B140,2024-12-31,train,0.323,0.279,14.96,0,0,-9.0,21.17,8,25,0.478,0.0633,1.057,30,-0.477,0.586,0
B141,2024-12-31,train,0.05,0.742,15.697,0,0,-9.0,6.33,4,22,0.421,0.0897,1.705,90,-1.927,0.031,0
B142,2024-12-31,train,0.33,0.111,15.125,0,0,0.0,0.0,0,14,0.215,0.0413,1.764,30,0.948,0.815,0
B143,2024-12-31,train,0.05,1.3,16.481,17,0,-15.0,22.0,9,13,0.567,0.1022,1.21,90,-1.093,2.532,1
B144,2024-12-31,train,0.269,0.754,14.274,0,0,-4.33,2.17,1,16,0.288,0.0713,2.255,60,-0.058,-0.153,0
B145,2024-12-31,train,0.626,0.532,15.318,0,0,0.0,2.33,1,14,0.417,0.0742,1.294,60,-0.315,0.502,0
B148,2024-12-31,train,0.69,0.162,15.955,0,0,-6.67,3.33,2,21,0.35,0.0675,1.484,30,1.581,0.073,0
B149,2024-12-31,train,0.913,0.438,15.596,0,0,0.0,0.0,1,9,0.365,0.0898,1.021,90,-0.479,-0.363,0
B150,2024-12-31,train,0.438,1.096,15.248,3,0,0.67,3.0,10,20,0.469,0.0081,0.991,30,-0.466,-0.733,0
B001,2025-01-31,train,0.75,0.626,15.555,0,0,0.0,0.0,0,17,0.382,0.0623,2.292,90,0.867,-0.228,0
B002,2025-01-31,train,0.225,0.203,16.013,0,0,-7.0,7.0,6,23,0.65,0.0354,2.051,120,0.008,-0.172,0
B003,2025-01-31,train,0.238,0.945,14.766,30,0,-33.67,40.67,11,22,0.542,0.1264,1.36,120,-1.307,0.295,1
B005,2025-01-31,train,0.122,0.183,15.824,0,0,-4.33,2.17,1,10,0.435,0.0572,1.081,30,1.925,-2.361,0
B006,2025-01-31,train,0.481,0.464,16.268,0,0,-11.67,5.83,4,21,0.255,0.1198,1.97,60,0.455,0.688,0
B008,2025-01-31,train,0.322,0.33,14.484,0,0,-0.67,0.33,1,18,0.283,0.0717,1.653,30,-1.229,-1.562,0
B009,2025-01-31,train,0.152,0.674,14.392,17,0,13.0,7.0,7,25,0.186,0.1032,2.319,60,2.023,0.24,0
B011,2025-01-31,train,0.167,0.218,14.251,0,0,0.0,0.0,0,12,0.271,0.0934,1.94,30,0.093,2.47,0
B012,2025-01-31,train,0.608,0.383,15.092,0,0,0.0,0.0,0,19,0.303,0.1283,0.948,90,-0.742,-1.69,0
B014,2025-01-31,train,0.608,0.554,15.144,0,0,-1.0,4.5,4,14,0.319,0.0715,1.065,60,-1.057,0.19,0
B015,2025-01-31,train,0.296,0.0,15.549,0,0,0.0,0.0,0,17,0.38,0.1094,1.714,60,-0.924,-0.915,0
B016,2025-01-31,train,0.55,0.503,14.566,0,0,-4.67,3.0,3,23,0.243,0.0931,1.721,30,0.434,0.418,0
B017,2025-01-31,train,0.658,0.955,14.934,50,1,25.0,33.17,9,27,0.496,0.065,0.907,30,-1.616,0.038,1
B018,2025-01-31,train,0.177,0.246,14.08,0,0,-1.33,0.67,3,23,0.415,0.0137,1.76,30,-0.663,-1.845,0
B019,2025-01-31,train,0.768,0.387,14.436,9,0,4.33,5.0,7,21,0.262,0.0976,1.263,60,-0.363,-1.34,0
B020,2025-01-31,train,0.153,0.742,15.995,0,0,-1.33,0.67,4,22,0.488,0.0514,0.681,120,-0.112,-0.199,0
B022,2025-01-31,train,0.232,0.144,15.908,0,0,0.0,0.17,1,21,0.257,0.1062,1.35,30,-1.03,-2.89,0
B023,2025-01-31,train,0.59,0.266,14.122,0,0,0.0,3.0,1,10,0.236,0.0754,1.626,60,-0.243,-1.38,0
B024,2025-01-31,train,0.389,0.048,15.244,4,0,4.0,0.67,1,16,0.22,0.089,1.976,30,-1.325,-1.672,0
B025,2025-01-31,train,0.841,0.373,16.064,0,0,-0.67,0.33,5,15,0.355,0.0783,1.256,60,-0.452,0.182,0
B026,2025-01-31,train,0.583,0.956,15.343,0,0,-1.67,0.83,2,18,0.453,0.0703,1.6,60,-0.361,-1.902,0
B027,2025-01-31,train,0.063,0.517,15.893,0,0,-6.0,3.0,3,20,0.61,0.1379,1.891,60,1.212,-0.226,0
B029,2025-01-31,train,0.462,0.0,15.51,0,0,-0.33,0.17,1,17,0.134,0.0784,1.85,90,1.175,-0.021,0
B030,2025-01-31,train,0.452,0.455,14.843,0,0,0.0,0.0,0,17,0.151,0.0838,1.81,30,-0.908,-1.963,0
B031,2025-01-31,train,0.344,0.596,14.628,18,0,6.33,12.17,6,21,0.781,0.0944,0.181,60,-0.819,-0.974,0
B032,2025-01-31,train,0.378,0.296,17.139,0,0,-1.0,2.83,5,16,0.396,0.0887,0.847,60,-0.834,1.332,0
B033,2025-01-31,train,0.881,0.37,14.286,36,1,-34.33,56.17,10,24,0.337,0.0951,0.341,60,-2.938,-0.141,1
B034,2025-01-31,train,0.356,1.227,13.889,12,0,-37.67,50.0,12,18,0.305,0.1104,0.198,60,2.021,-0.561,0
B036,2025-01-31,train,0.935,0.313,15.771,0,0,0.0,0.0,0,17,0.582,0.0988,0.973,60,-0.194,-0.546,0
B037,2025-01-31,train,0.683,0.0,14.116,0,0,0.0,0.0,0,12,0.223,0.1112,1.576,30,1.279,0.27,0
B038,2025-01-31,train,0.883,0.59,14.939,6,0,-3.67,16.83,10,10,0.631,0.0415,0.033,60,0.484,-0.502,0
B039,2025-01-31,train,0.382,0.242,14.119,0,0,0.0,0.0,0,14,0.382,0.0612,1.961,30,-1.981,0.233,0
B040,2025-01-31,train,0.448,0.394,16.577,1,0,-4.0,4.33,5,17,0.573,0.1298,0.723,60,0.323,-1.512,0
B041,2025-01-31,train,0.72,0.0,14.416,0,0,0.0,0.0,1,21,0.164,0.1042,1.612,30,-0.264,0.824,0
B042,2025-01-31,train,0.61,0.407,15.273,0,0,0.0,0.5,3,23,0.357,0.0513,0.919,60,1.555,1.411,0
B044,2025-01-31,train,0.498,0.397,14.775,0,0,-4.67,2.33,1,15,0.436,0.0956,1.993,60,-0.658,-0.087,0
B045,2025-01-31,train,0.114,0.042,14.905,0,0,0.0,0.0,0,13,0.503,0.1079,1.443,60,-2.229,0.291,0
B046,2025-01-31,train,0.431,0.294,14.664,0,0,0.0,0.0,0,13,0.199,0.1238,1.118,30,-1.297,-0.577,0
B047,2025-01-31,train,0.159,0.111,14.856,10,0,10.0,1.67,1,12,0.678,0.0745,1.36,60,-0.589,-1.443,0
B049,2025-01-31,train,0.378,0.338,14.795,0,0,-1.33,0.67,1,21,0.302,0.1272,1.487,60,-0.238,1.564,0
B051,2025-01-31,train,0.445,0.0,15.233,0,0,0.0,0.0,0,19,0.283,0.0821,1.913,30,0.319,0.581,0
B052,2025-01-31,train,0.757,0.459,15.598,0,0,-3.67,1.83,1,14,0.095,0.0766,2.022,30,0.066,0.754,0
B053,2025-01-31,train,0.733,0.0,15.074,0,0,0.0,0.0,0,12,0.095,0.09,2.02,60,0.989,-0.242,0
B054,2025-01-31,train,0.09,0.312,15.502,0,0,0.0,0.0,0,11,0.248,0.1024,1.279,60,0.825,0.002,0
B055,2025-01-31,train,0.511,0.307,13.443,0,0,-0.33,2.17,3,18,0.279,0.088,1.731,30,0.29,-0.095,0
B056,2025-01-31,train,0.504,0.0,13.579,0,0,-1.67,0.83,2,24,0.207,0.1297,1.367,30,0.074,-0.983,0
B057,2025-01-31,train,0.325,0.8,14.891,18,0,8.33,10.5,6,15,0.337,0.022,0.62,30,1.209,-0.783,0
B058,2025-01-31,train,0.434,0.58,16.167,0,0,-5.0,2.5,3,25,0.376,0.0867,1.333,120,0.769,2.182,0
B059,2025-01-31,train,0.297,0.566,14.989,10,0,10.0,1.67,1,21,0.344,0.0139,1.332,90,0.73,-2.073,0
B060,2025-01-31,train,0.273,0.27,13.008,0,0,0.0,0.0,1,17,0.243,0.1558,1.441,60,0.71,0.547,0
B061,2025-01-31,train,0.88,0.598,15.725,0,0,0.0,0.0,1,19,0.383,0.0833,1.306,90,-0.311,0.141,0
B062,2025-01-31,train,0.745,0.0,14.067,0,0,0.0,0.0,0,21,0.009,0.0714,1.185,90,0.142,1.131,0
B063,2025-01-31,train,0.08,0.672,15.441,27,0,9.0,14.33,9,22,0.44,0.1222,0.864,120,-0.615,-0.313,1
B065,2025-01-31,train,0.116,0.0,15.83,0,0,0.0,0.0,0,10,0.21,0.1404,1.957,90,-1.044,0.696,0
B068,2025-01-31,train,0.439,0.063,15.016,0,0,0.0,0.0,0,15,0.276,0.0225,2.024,60,-0.446,-0.439,0
B069,2025-01-31,train,0.079,0.293,15.238,0,0,-6.33,3.17,2,12,0.366,0.0649,0.522,90,-0.884,0.339,0
B070,2025-01-31,train,0.457,0.005,15.063,0,0,-1.33,0.67,2,15,0.219,0.1195,1.766,60,-0.493,0.107,0
B071,2025-01-31,train,0.108,0.055,14.445,7,0,7.0,2.0,6,16,0.338,0.0772,1.908,60,-0.016,-0.491,0
B072,2025-01-31,train,0.873,0.878,15.508,38,1,-39.67,45.83,9,19,0.498,0.0445,1.182,60,-0.311,-0.078,1
B074,2025-01-31,train,0.368,0.558,15.091,0,0,-4.0,2.0,1,27,0.17,0.1056,1.892,60,-1.717,0.238,0
B075,2025-01-31,train,0.166,0.07,13.557,0,0,0.0,0.0,0,12,0.188,0.1032,1.389,60,-0.864,1.928,0
B076,2025-01-31,train,0.471,0.0,14.405,0,0,0.0,0.0,2,18,0.407,0.0482,1.753,120,0.511,0.188,0
B077,2025-01-31,train,0.538,0.123,16.401,0,0,0.0,3.0,2,19,0.662,0.081,1.227,90,0.576,0.582,0
B078,2025-01-31,train,0.462,0.075,15.553,0,0,0.0,0.0,1,14,0.041,0.1605,1.453,30,0.041,-0.351,0
B079,2025-01-31,train,0.54,0.0,15.138,0,0,0.0,0.0,0,19,0.634,0.1109,1.874,30,-1.741,0.793,0
B081,2025-01-31,train,0.084,0.383,14.847,14,0,8.0,5.33,4,28,0.312,0.0947,1.237,60,-0.536,2.596,0
B082,2025-01-31,train,0.115,0.338,14.537,0,0,0.0,3.17,1,19,0.282,0.1116,1.35,90,-0.257,0.008,0
B083,2025-01-31,train,0.798,0.042,15.3,0,0,0.0,1.0,1,18,0.306,0.0578,1.169,60,-1.977,0.145,0
B084,2025-01-31,train,0.571,0.68,13.67,0,0,0.0,0.0,3,23,0.801,0.057,0.666,60,0.033,-0.971,0
B086,2025-01-31,train,0.053,0.078,14.293,0,0,0.0,0.0,0,13,0.264,0.0983,1.929,60,-0.328,0.086,0
B087,2025-01-31,train,0.165,0.627,15.017,49,1,18.33,30.33,10,21,0.392,0.135,1.041,30,0.467,1.422,1
B088,2025-01-31,train,0.251,0.305,16.419,13,0,8.67,4.5,4,21,0.576,0.0546,1.195,60,-0.567,-2.012,0
B089,2025-01-31,train,0.66,0.439,15.326,0,0,-1.67,1.33,4,25,0.286,0.0316,2.109,30,-0.559,1.08,0
B090,2025-01-31,train,0.73,0.652,15.446,10,0,-1.67,9.83,10,21,0.455,0.1217,0.799,90,-1.136,0.845,1
B092,2025-01-31,train,0.106,0.389,15.422,0,0,0.0,0.0,2,16,0.385,0.0992,1.67,60,0.318,-0.168,0
B093,2025-01-31,train,0.649,0.0,13.422,0,0,0.0,0.0,0,17,0.214,0.1119,2.54,90,0.273,0.919,0
B094,2025-01-31,train,0.21,0.123,14.014,0,0,0.0,0.0,0,10,0.369,0.1327,1.328,30,0.841,0.314,0
B095,2025-01-31,train,0.699,0.357,15.88,0,0,0.0,0.0,0,14,0.296,0.0775,1.878,90,-2.013,0.028,0
B096,2025-01-31,train,0.42,0.194,13.642,19,0,9.67,8.0,5,21,0.393,0.0808,1.948,30,-0.917,1.383,0
B097,2025-01-31,train,0.269,1.012,15.899,0,0,-9.67,8.0,4,9,0.249,0.1034,2.23,30,-1.488,-0.011,0
B098,2025-01-31,train,0.44,0.452,17.152,0,0,-9.67,4.83,3,17,0.354,0.0213,1.106,30,-0.164,0.725,0
B099,2025-01-31,train,0.486,0.0,14.945,0,0,0.0,0.0,0,19,0.378,0.17,1.54,120,0.031,2.125,0
B100,2025-01-31,train,0.815,0.244,15.074,0,0,-2.0,3.17,2,19,0.209,0.1629,1.212,60,-0.073,0.769,0
B101,2025-01-31,train,0.756,0.579,17.246,0,0,-10.33,8.17,7,27,0.489,0.0699,1.636,60,1.425,0.315,0
B102,2025-01-31,train,0.063,0.522,15.873,0,0,-5.0,4.83,8,22,0.432,0.1151,1.427,90,0.929,-0.35,0
B104,2025-01-31,train,0.474,0.4,15.244,0,0,-7.33,6.67,6,18,0.185,0.1102,1.63,30,-0.161,1.518,0
B105,2025-01-31,train,0.756,0.636,15.848,10,0,10.0,5.0,4,20,0.54,0.1176,1.663,60,0.576,-0.948,0
B107,2025-01-31,train,0.029,0.685,14.27,0,0,-4.0,3.17,4,20,0.397,0.1086,1.512,30,1.266,0.009,0
B108,2025-01-31,train,0.753,0.527,14.105,8,0,1.67,4.5,7,17,0.531,0.1046,2.327,60,-0.067,0.694,0
B109,2025-01-31,train,0.611,0.238,14.659,0,0,-0.33,0.17,1,18,0.374,0.1153,1.385,60,2.082,0.678,0
B111,2025-01-31,train,0.093,0.0,13.759,0,0,0.0,0.0,1,16,0.225,0.0999,1.295,60,1.135,0.476,0
B112,2025-01-31,train,0.172,0.479,15.095,0,0,0.0,0.0,1,17,0.191,0.0934,1.845,30,-2.083,-1.354,0
B113,2025-01-31,train,0.518,0.337,15.161,1,0,1.0,2.5,4,23,0.427,0.1544,1.054,30,0.398,0.243,0
B114,2025-01-31,train,0.442,0.828,14.127,0,0,-24.0,32.0,9,31,0.389,0.0368,0.432,90,-0.17,-0.319,0
B115,2025-01-31,train,0.595,0.791,14.659,12,0,-2.0,13.33,10,21,0.568,0.1112,0.315,30,-0.791,-1.528,1
B116,2025-01-31,train,0.286,0.133,15.454,0,0,0.0,0.0,1,20,0.274,0.0602,1.365,60,0.928,-0.603,0
B117,2025-01-31,train,0.211,0.7,17.35,0,0,-4.33,6.17,8,19,0.343,0.0866,0.496,90,-0.131,-0.696,0
B118,2025-01-31,train,0.313,0.259,13.93,0,0,0.0,0.0,1,10,0.677,0.0791,1.111,60,1.134,0.176,0
B119,2025-01-31,train,0.14,0.284,13.579,0,0,0.0,1.5,1,11,0.694,0.1358,1.872,120,-1.244,-1.572,0
B120,2025-01-31,train,0.14,0.779,16.154,7,0,4.0,4.17,7,14,0.534,0.1039,0.878,30,2.104,0.54,0
B121,2025-01-31,train,0.43,0.526,16.49,0,0,-3.67,2.83,7,26,0.479,0.0777,1.716,90,0.061,-1.351,0
B123,2025-01-31,train,0.106,0.134,15.598,0,0,0.0,0.0,1,16,0.16,0.0468,1.8,60,0.085,1.032,0
B125,2025-01-31,train,0.811,0.584,13.886,0,0,0.0,0.0,0,18,0.028,0.0391,0.647,90,-1.435,1.27,0
B127,2025-01-31,train,0.364,0.46,14.902,0,0,0.0,0.0,1,16,0.431,0.1044,2.095,90,-0.897,-0.03,0
B128,2025-01-31,train,0.213,0.32,14.292,0,0,0.0,0.0,0,11,0.324,0.1324,1.262,30,-0.26,-0.766,0
B129,2025-01-31,train,0.699,0.348,14.428,0,0,-12.33,6.17,3,15,0.186,0.0484,1.409,30,0.93,2.069,0
B130,2025-01-31,train,0.643,0.461,15.324,0,0,-4.33,3.17,4,17,0.4,0.043,1.854,60,-0.53,-0.553,0
B131,2025-01-31,train,0.057,0.423,15.127,14,0,8.33,5.5,10,17,0.051,0.1123,0.988,30,-0.835,0.268,0
B134,2025-01-31,train,0.451,0.388,13.804,0,0,0.0,0.0,2,17,0.418,0.0726,0.374,30,-0.63,1.331,0
B135,2025-01-31,train,0.096,0.054,14.754,0,0,-1.67,0.83,1,17,0.191,0.1125,0.583,120,-0.445,-0.354,0
B136,2025-01-31,train,0.699,0.442,15.457,0,0,-11.33,7.17,8,25,0.575,0.1089,1.706,60,2.19,-2.218,0
B137,2025-01-31,train,0.617,0.689,14.37,0,0,0.0,0.0,0,26,0.281,0.0672,2.044,60,-1.537,-1.128,0
B139,2025-01-31,train,0.159,0.327,16.528,0,0,0.0,3.33,2,23,0.499,0.0005,1.708,60,0.691,-1.603,0
B140,2025-01-31,train,0.333,0.762,14.898,2,0,-3.67,18.17,9,16,0.624,0.1183,1.176,30,0.037,-0.122,0
B141,2025-01-31,train,0.021,0.75,16.058,16,0,13.0,9.0,5,20,0.439,0.0882,1.684,90,0.25,0.221,0
B142,2025-01-31,train,0.293,0.188,14.646,0,0,0.0,0.0,0,16,0.298,0.0429,1.951,30,0.689,-0.809,0
B143,2025-01-31,train,-0.0,1.027,16.426,44,1,14.33,29.33,9,22,0.591,0.1259,1.072,90,-1.489,-0.474,1
B144,2025-01-31,train,0.302,0.424,14.468,0,0,0.0,2.17,1,15,0.291,0.1058,1.977,60,-0.03,-0.617,0
B145,2025-01-31,train,0.672,0.535,15.517,0,0,0.0,2.33,1,19,0.455,0.0931,1.164,60,-0.171,1.749,0
B147,2025-01-31,train,0.127,1.227,15.433,42,1,34.0,13.33,9,22,0.321,0.0997,0.928,30,0.535,-0.616,1
B148,2025-01-31,train,0.775,0.638,15.998,0,0,0.0,3.33,2,19,0.427,0.1289,1.661,30,2.476,-1.069,0
B149,2025-01-31,train,0.893,0.093,15.124,0,0,0.0,0.0,0,16,0.575,0.0151,0.921,90,1.187,-0.906,0
B150,2025-01-31,train,0.399,0.802,15.334,4,0,1.0,3.33,10,20,0.371,0.0845,0.925,30,1.357,0.343,0
B001,2025-02-28,train,0.728,0.559,15.68,0,0,0.0,0.0,0,18,0.456,0.0929,2.267,90,0.422,1.682,0
B003,2025-02-28,train,0.255,1.3,14.974,20,0,-43.67,43.17,11,22,0.45,0.0759,1.44,120,1.246,-0.287,1
B006,2025-02-28,train,0.529,0.261,16.544,0,0,-6.0,5.83,3,18,0.493,0.1367,1.83,60,-0.279,-0.083,0
B007,2025-02-28,train,0.156,0.0,14.464,0,0,-3.0,1.5,1,23,0.31,0.1882,1.59,30,-0.335,-2.19,0
B008,2025-02-28,train,0.297,0.236,14.663,0,0,-0.67,0.33,1,18,0.372,0.1147,1.23,30,-0.615,0.951,0
B009,2025-02-28,train,0.176,0.318,13.943,0,0,-7.67,4.83,6,11,0.341,0.0591,2.463,60,-0.0,2.615,0
B010,2025-02-28,train,0.881,0.549,14.999,0,0,0.0,12.5,7,15,0.474,0.1397,0.635,90,0.075,0.085,0
B011,2025-02-28,train,0.161,0.0,14.092,0,0,0.0,0.0,0,14,0.284,0.0894,1.999,30,0.972,0.131,0
B012,2025-02-28,train,0.552,0.0,15.227,0,0,0.0,0.0,0,18,0.227,0.1134,0.854,90,-1.057,-0.394,0
B013,2025-02-28,train,0.775,0.56,14.744,0,0,-5.33,5.67,4,17,0.677,0.0856,2.424,90,-0.095,0.143,0
B014,2025-02-28,train,0.627,0.91,15.561,0,0,-1.0,2.67,4,23,0.273,0.0456,1.127,60,-0.857,0.967,0
B015,2025-02-28,train,0.291,0.067,15.196,0,0,0.0,0.0,0,18,0.307,0.1396,1.534,60,0.938,-0.009,0
B016,2025-02-28,train,0.571,0.343,14.442,0,0,0.0,2.33,3,14,0.464,0.1898,1.764,30,-1.268,0.063,0
B018,2025-02-28,train,0.14,0.622,14.115,0,0,0.0,0.67,3,13,0.472,0.0959,1.923,30,-0.803,1.447,0
B020,2025-02-28,train,0.137,0.779,15.634,10,0,8.67,2.33,5,27,0.247,0.1662,0.864,120,0.637,1.259,0
B021,2025-02-28,train,0.891,0.197,15.432,0,0,0.0,0.0,0,20,0.328,0.0604,0.779,30,-0.291,0.098,0
B022,2025-02-28,train,0.197,0.404,15.882,9,0,9.0,1.67,2,12,0.311,0.0939,1.445,30,-0.006,0.239,0
B023,2025-02-28,train,0.67,0.154,14.177,13,0,13.0,2.17,2,14,0.326,0.0951,1.914,60,-0.427,0.626,0
B024,2025-02-28,train,0.467,0.06,14.949,0,0,-1.33,0.67,1,15,0.392,0.1117,1.632,30,0.182,-1.088,0
B025,2025-02-28,train,0.858,0.527,16.02,0,0,-0.67,0.33,4,21,0.5,0.0618,1.247,60,-0.025,-0.608,0
B026,2025-02-28,train,0.621,0.939,15.177,17,0,17.0,3.67,3,17,0.41,0.1077,1.775,60,1.008,0.475,0
B028,2025-02-28,train,0.114,0.0,15.295,0,0,0.0,0.0,0,14,0.398,0.0939,2.305,60,-0.59,0.806,0
B029,2025-02-28,train,0.468,0.0,15.494,0,0,0.0,0.17,1,14,0.125,0.0652,1.886,90,0.825,1.489,0
B030,2025-02-28,train,0.437,0.356,15.389,0,0,0.0,0.0,0,18,0.499,0.0841,1.861,30,1.935,0.993,0
B031,2025-02-28,train,0.375,0.676,14.784,0,0,-11.0,8.83,6,17,0.356,0.085,0.185,60,-0.088,-1.062,0
B032,2025-02-28,train,0.409,0.363,16.572,0,0,0.0,2.83,5,18,0.257,0.1053,0.768,60,-0.167,-0.643,0
B033,2025-02-28,train,0.83,0.329,14.111,78,1,6.0,56.5,11,14,0.236,0.1084,0.695,60,0.568,-1.282,1
B034,2025-02-28,train,0.338,0.988,14.301,0,0,-33.67,32.5,11,23,0.404,0.1372,0.226,60,0.992,1.373,0
B035,2025-02-28,train,0.152,0.607,16.69,11,0,-1.0,9.33,8,17,0.191,0.1057,1.311,60,0.324,0.554,0
B036,2025-02-28,train,0.836,0.012,15.822,0,0,0.0,0.0,0,17,0.478,0.1238,1.117,60,-0.931,-0.468,0
B037,2025-02-28,train,0.627,0.0,14.255,0,0,0.0,0.0,0,17,0.206,0.1745,1.787,30,-0.278,-0.812,0
B038,2025-02-28,train,0.936,0.393,15.198,0,0,-5.33,11.33,9,18,0.342,0.1082,0.41,60,0.651,0.089,1
B039,2025-02-28,train,0.447,0.008,14.562,0,0,0.0,0.0,0,26,0.331,0.1031,2.013,30,-1.148,0.169,0
B040,2025-02-28,train,0.454,0.813,16.599,0,0,-0.33,4.33,5,18,0.3,0.0825,0.71,60,0.358,-0.296,0
B041,2025-02-28,train,0.77,0.0,14.306,0,0,0.0,0.0,1,19,0.455,0.0812,1.393,30,0.77,0.436,0
B044,2025-02-28,train,0.551,0.655,14.808,9,0,4.33,3.83,2,19,0.713,0.0926,1.917,60,-0.499,0.488,0
B045,2025-02-28,train,0.197,0.0,14.706,0,0,0.0,0.0,0,26,0.116,0.1094,1.429,60,-0.624,-0.485,0
B046,2025-02-28,train,0.441,0.0,15.23,0,0,0.0,0.0,0,16,0.314,0.098,1.078,30,-0.714,1.157,0
B047,2025-02-28,train,0.197,0.0,14.804,0,0,-3.33,1.67,1,15,0.295,0.0992,1.117,60,-1.204,1.621,0
B048,2025-02-28,train,0.719,0.219,16.738,10,0,7.67,4.17,5,16,0.418,0.1433,1.555,60,0.788,-0.705,0
B049,2025-02-28,train,0.349,0.392,14.886,2,0,2.0,1.0,2,22,0.365,0.1496,1.491,60,-0.701,2.3,0
B050,2025-02-28,train,0.087,0.411,14.202,0,0,0.0,1.83,1,22,0.278,0.1766,1.352,30,-0.869,0.545,0
B051,2025-02-28,train,0.422,0.0,15.22,0,0,0.0,0.0,0,16,0.532,0.1142,2.181,30,-0.504,1.715,0
B052,2025-02-28,train,0.797,0.085,15.596,0,0,-3.67,1.83,1,25,0.402,0.0925,1.763,30,-0.283,-0.007,0
B054,2025-02-28,train,0.158,0.204,14.915,0,0,0.0,0.0,0,21,0.081,0.1466,1.428,60,-0.001,0.061,0
B055,2025-02-28,train,0.519,0.482,13.043,0,0,-0.33,1.83,3,14,0.462,0.1112,1.78,30,-0.782,-0.454,0
B056,2025-02-28,train,0.553,0.336,13.371,0,0,-1.67,0.83,1,20,0.111,0.0227,1.167,30,-0.439,-0.584,0
B057,2025-02-28,train,0.29,0.699,14.978,13,0,-2.67,10.67,7,18,0.339,0.1,0.623,30,-0.383,-0.049,0
B058,2025-02-28,train,0.393,0.35,16.099,0,0,0.0,2.5,2,18,0.364,0.0758,1.323,120,1.347,1.57,0
B059,2025-02-28,train,0.247,0.345,15.264,0,0,-3.33,1.67,1,18,0.209,0.1168,1.244,90,-0.866,-0.857,0
B060,2025-02-28,train,0.289,0.142,12.897,0,0,0.0,0.0,1,15,0.153,0.0842,1.299,60,-0.595,0.335,0
B061,2025-02-28,train,0.86,0.261,15.691,0,0,0.0,0.0,1,12,0.484,0.1265,1.302,90,-0.424,0.423,0
B062,2025-02-28,train,0.819,0.373,14.154,0,0,0.0,0.0,0,14,0.278,0.1102,1.08,90,-0.685,-2.855,0
B063,2025-02-28,train,0.083,0.688,15.369,47,1,25.33,21.33,9,32,0.349,0.0907,0.863,120,-0.309,0.984,0
B064,2025-02-28,train,0.079,0.0,14.116,0,0,0.0,0.0,0,9,0.262,0.1561,2.164,30,1.121,0.032,0
B065,2025-02-28,train,0.088,0.0,15.624,0,0,0.0,0.0,0,18,0.036,0.0627,1.96,90,-0.286,1.297,0
B066,2025-02-28,train,0.712,0.0,14.971,17,0,17.0,2.83,1,14,0.511,0.0487,1.506,30,-0.545,0.734,0
B067,2025-02-28,train,0.429,0.357,15.026,0,0,-4.33,2.17,2,13,0.253,0.0971,1.299,30,0.448,1.32,0
B068,2025-02-28,train,0.493,0.296,14.734,6,0,6.0,1.0,1,19,0.191,0.1169,2.172,60,-0.918,0.422,0
B069,2025-02-28,train,0.08,0.077,15.119,0,0,-6.33,3.17,2,18,0.335,0.1126,0.483,90,-0.41,-0.162,0
B070,2025-02-28,train,0.404,0.423,15.06,0,0,0.0,0.67,2,15,0.18,0.113,2.052,60,-0.776,-0.87,0
B071,2025-02-28,train,0.051,0.425,14.362,6,0,3.67,2.17,6,14,0.243,0.1312,1.732,60,-1.007,1.742,0
B072,2025-02-28,train,0.861,0.8,15.746,19,0,-47.33,49.0,9,16,0.62,0.1163,0.997,60,0.171,-1.876,1
B073,2025-02-28,train,0.129,0.256,15.211,0,0,0.0,0.0,0,14,0.408,0.1013,2.578,60,-0.142,0.02,0
B074,2025-02-28,train,0.339,0.297,15.038,0,0,-4.0,2.0,1,16,0.224,0.1776,1.776,60,-1.429,0.856,0
B075,2025-02-28,train,0.172,0.13,13.412,0,0,0.0,0.0,0,17,0.166,0.1206,1.351,60,-1.248,-0.858,0
B076,2025-02-28,train,0.457,0.0,14.456,0,0,0.0,0.0,1,22,0.151,0.1032,1.835,120,-0.296,-0.498,0
B077,2025-02-28,train,0.586,0.359,16.58,10,0,10.0,3.17,3,16,0.222,0.144,1.085,90,0.174,-1.393,0
B078,2025-02-28,train,0.447,0.109,15.489,0,0,0.0,0.0,1,25,0.3,0.1332,1.507,30,0.155,0.692,0
B079,2025-02-28,train,0.535,0.0,15.005,0,0,0.0,0.0,0,20,0.176,0.0716,1.878,30,1.208,-2.496,0
B081,2025-02-28,train,0.111,0.458,14.782,0,0,-10.67,5.33,4,24,0.584,0.0878,1.002,60,0.354,0.883,0
B083,2025-02-28,train,0.793,0.0,15.62,0,0,0.0,0.0,1,14,0.309,0.0842,0.992,60,0.431,1.228,0
B084,2025-02-28,train,0.52,0.573,13.825,0,0,0.0,0.0,2,15,0.56,0.052,0.788,60,0.515,-0.343,0
B086,2025-02-28,train,0.136,0.206,14.426,0,0,0.0,0.0,0,13,0.288,0.1528,2.038,60,0.299,1.896,0
B087,2025-02-28,train,0.228,0.77,15.233,24,0,-15.67,34.33,11,13,0.339,0.1147,0.951,30,0.352,-0.9,0
B088,2025-02-28,train,0.222,0.219,16.349,0,0,-4.33,4.5,4,16,0.401,0.1298,1.063,60,-1.618,-0.165,0
B089,2025-02-28,train,0.663,0.298,15.779,0,0,-1.67,1.33,3,13,0.111,0.0179,2.064,30,-1.089,0.509,0
B090,2025-02-28,train,0.792,1.075,15.127,72,1,61.33,19.5,11,27,0.357,0.0455,0.605,90,1.639,0.582,1
B091,2025-02-28,train,0.266,0.058,16.244,0,0,0.0,0.0,1,17,0.29,0.0988,1.342,90,-0.079,-0.779,0
B092,2025-02-28,train,0.009,0.109,14.901,0,0,0.0,0.0,2,22,0.322,0.0825,1.692,60,-0.497,-0.295,0
B093,2025-02-28,train,0.672,0.0,13.637,0,0,0.0,0.0,0,8,0.115,0.0569,2.508,90,-1.169,1.774,0
B094,2025-02-28,train,0.135,0.187,14.024,0,0,0.0,0.0,0,18,0.042,0.1492,1.233,30,-1.506,-0.777,0
B095,2025-02-28,train,0.709,0.075,16.045,0,0,0.0,0.0,0,14,0.186,0.136,1.557,90,0.957,0.359,0
B096,2025-02-28,train,0.449,0.489,14.343,0,0,-12.33,7.83,5,18,0.437,0.1436,1.733,30,-0.12,-0.032,0
B098,2025-02-28,train,0.52,0.547,17.262,0,0,-7.0,4.83,3,20,0.386,0.0923,1.246,30,-0.747,1.654,0
B099,2025-02-28,train,0.555,0.114,14.91,0,0,0.0,0.0,0,17,0.223,0.1251,1.633,120,0.855,1.09,0
B100,2025-02-28,train,0.916,0.501,15.247,0,0,-2.0,1.0,2,19,0.435,0.1281,1.25,60,-0.541,0.864,0
B102,2025-02-28,train,0.064,0.547,15.745,15,0,11.67,7.33,9,19,0.537,0.1656,1.484,90,-1.645,-0.323,0
B103,2025-02-28,train,0.66,0.173,14.803,14,0,14.0,2.33,2,18,0.384,0.1268,1.395,120,-1.204,0.119,0
B104,2025-02-28,train,0.456,0.76,14.782,0,0,-1.0,6.67,5,14,0.43,0.0918,1.586,30,0.094,0.566,0
B106,2025-02-28,train,0.723,0.294,15.357,0,0,0.0,1.83,3,20,0.369,0.1225,0.608,60,0.118,0.744,0
B107,2025-02-28,train,0.087,0.671,14.527,5,0,5.0,2.83,5,19,0.251,0.1319,1.551,30,0.447,-0.785,0
B108,2025-02-28,train,0.832,0.641,14.335,0,0,-4.0,4.5,7,13,0.346,0.1162,2.136,60,-1.539,-0.221,0
B111,2025-02-28,train,0.106,0.0,13.962,0,0,0.0,0.0,1,10,0.162,0.0575,1.473,60,-1.42,-0.809,0
B112,2025-02-28,train,0.189,0.328,15.686,0,0,0.0,0.0,1,24,0.39,0.0777,1.922,30,0.453,0.851,0
B113,2025-02-28,train,0.554,0.579,15.138,0,0,-0.33,0.17,4,19,0.478,0.1003,1.16,30,-0.864,1.386,0
B114,2025-02-28,train,0.446,0.624,13.882,14,0,-2.0,31.17,9,26,0.598,0.0311,0.363,90,1.397,1.214,0
B116,2025-02-28,train,0.288,0.116,15.509,0,0,0.0,0.0,1,21,0.135,0.1069,1.429,60,-0.774,-1.895,0
B117,2025-02-28,train,0.206,0.478,17.118,5,0,5.0,4.5,9,24,0.255,0.0546,0.43,90,0.675,1.309,0
B119,2025-02-28,train,0.092,0.482,14.184,0,0,0.0,1.5,1,17,0.298,0.1243,1.826,120,-1.637,-1.727,0
B121,2025-02-28,train,0.468,0.562,16.664,18,0,14.33,5.83,7,20,0.378,0.1356,1.67,90,-0.982,-1.763,0
B122,2025-02-28,train,0.747,0.3,15.954,0,0,0.0,0.0,0,10,0.371,0.0798,0.863,60,0.356,-1.258,0
B123,2025-02-28,train,0.114,0.268,15.759,0,0,0.0,0.0,1,13,0.438,0.1244,1.925,60,0.906,0.611,0
B124,2025-02-28,train,0.632,0.179,14.987,0,0,0.0,0.0,2,14,0.301,0.0439,1.389,90,0.175,0.636,0
B125,2025-02-28,train,0.779,0.126,14.148,0,0,0.0,0.0,0,18,0.397,0.0863,0.673,90,-0.001,-0.094,0
B126,2025-02-28,train,0.598,0.279,14.229,0,0,0.0,0.0,0,15,0.21,0.0821,1.623,90,-0.15,0.919,0
B127,2025-02-28,train,0.323,0.36,15.093,0,0,0.0,0.0,1,30,0.618,0.0339,2.033,90,-0.67,0.56,0
B128,2025-02-28,train,0.217,0.345,14.294,0,0,0.0,0.0,0,21,0.458,0.0925,1.489,30,-1.342,-0.09,0
B129,2025-02-28,train,0.689,0.683,14.445,0,0,-12.33,6.17,3,26,0.397,0.0862,1.652,30,-0.123,-1.094,0
B130,2025-02-28,train,0.629,0.553,15.124,0,0,0.0,3.17,4,13,0.459,0.1327,1.735,60,-0.938,0.619,0
B132,2025-02-28,train,0.437,0.56,12.696,0,0,0.0,0.0,0,8,0.513,0.0809,1.551,30,-0.246,-0.606,0
B133,2025-02-28,train,0.28,0.355,14.077,0,0,-3.67,1.83,1,19,0.517,0.1851,1.68,60,-1.494,0.232,0
B134,2025-02-28,train,0.458,0.299,13.615,0,0,0.0,0.0,2,18,0.181,0.123,0.553,30,-1.352,0.36,0
B135,2025-02-28,train,0.091,0.0,14.703,0,0,-1.67,0.83,1,14,0.228,0.1113,0.768,120,-0.011,0.768,0
B136,2025-02-28,train,0.765,0.337,15.591,4,0,-1.67,6.5,8,15,0.381,0.1268,1.789,60,1.023,-0.509,0
B137,2025-02-28,train,0.656,0.209,14.781,0,0,0.0,0.0,0,24,0.236,0.1032,1.977,60,-0.412,0.464,0
B139,2025-02-28,train,0.238,0.255,16.289,0,0,0.0,3.33,2,18,0.381,0.1162,1.766,60,0.529,-1.283,0
B140,2025-02-28,train,0.332,0.739,14.796,14,0,10.67,7.17,10,25,0.624,0.0881,0.957,30,-1.239,-1.759,0
B141,2025-02-28,train,0.04,0.297,15.584,19,0,10.67,10.33,6,14,0.413,0.0707,1.516,90,0.702,-0.023,0
B142,2025-02-28,train,0.335,0.344,14.681,0,0,0.0,0.0,0,18,0.249,0.136,1.896,30,0.652,-1.046,0
B143,2025-02-28,train,-0.002,1.071,16.322,34,1,1.67,31.83,9,20,0.393,0.0899,1.504,90,0.281,0.825,0
B144,2025-02-28,train,0.293,0.441,14.782,0,0,0.0,2.17,1,11,0.098,0.0504,2.083,60,-0.992,-0.627,0
B148,2025-02-28,train,0.73,0.128,16.197,0,0,0.0,3.33,1,17,0.255,0.1071,1.574,30,1.729,0.32,0
B149,2025-02-28,train,0.896,0.1,15.394,0,0,0.0,0.0,0,12,0.723,0.1126,0.917,90,-1.806,-1.394,0
B150,2025-02-28,train,0.462,0.884,15.495,14,0,11.0,4.67,11,14,0.561,0.0361,1.019,30,2.233,0.897,0
B001,2025-03-31,train,0.771,0.355,15.824,0,0,0.0,0.0,0,23,0.26,0.0856,2.137,90,-0.448,0.83,0
B002,2025-03-31,train,0.228,0.399,15.956,0,0,-1.33,3.5,5,25,0.309,0.1194,2.061,120,1.336,-0.353,0
B003,2025-03-31,train,0.234,1.186,14.945,20,0,-0.33,43.5,11,20,0.636,0.0936,1.254,120,0.95,0.509,1
B005,2025-03-31,train,0.184,0.699,15.602,11,0,5.0,4.83,3,15,0.262,0.0965,0.847,30,1.276,1.799,0
B008,2025-03-31,train,0.291,0.181,14.462,0,0,-0.67,0.33,1,14,0.234,0.063,1.38,30,1.148,-1.461,0
B009,2025-03-31,train,0.141,0.422,14.226,9,0,1.33,6.33,7,17,0.414,0.1342,2.38,60,0.446,0.197,0
B010,2025-03-31,train,0.907,0.896,14.638,15,0,15.0,4.33,7,15,0.268,0.089,0.459,90,-0.265,-0.2,1
B011,2025-03-31,train,0.175,0.194,14.123,0,0,0.0,0.0,0,16,0.14,0.0861,1.936,30,1.921,-0.779,0
B012,2025-03-31,train,0.541,0.324,15.045,19,0,19.0,3.17,1,16,0.13,0.1097,0.953,90,-0.302,1.045,0
B014,2025-03-31,train,0.591,0.569,14.972,10,0,9.0,2.17,4,16,0.47,0.1028,1.187,60,0.231,-0.19,0
B015,2025-03-31,train,0.28,0.052,15.411,0,0,0.0,0.0,0,14,0.303,0.1038,1.535,60,0.875,0.6,0
B016,2025-03-31,train,0.565,0.0,14.474,4,0,4.0,3.0,4,10,0.247,0.1062,1.701,30,-0.629,-1.251,0
B017,2025-03-31,train,0.709,0.676,14.843,14,0,-20.67,28.67,11,20,0.389,0.0888,0.691,30,1.769,1.898,1
B018,2025-03-31,train,0.14,0.152,14.004,0,0,0.0,0.67,2,17,0.303,0.1122,1.938,30,-0.442,-1.827,0
B019,2025-03-31,train,0.833,0.694,14.343,19,0,10.0,10.0,7,17,0.28,0.1075,1.434,60,-0.093,1.146,0
B020,2025-03-31,train,0.142,1.065,16.03,0,0,-3.33,2.33,4,23,0.554,0.0679,0.85,120,-1.032,0.285,0
B021,2025-03-31,train,0.86,0.092,15.261,0,0,0.0,0.0,0,19,0.103,0.1249,1.088,30,0.901,-0.123,0
B022,2025-03-31,train,0.225,0.45,15.821,0,0,-3.0,1.5,2,19,0.599,0.1196,1.587,30,-2.832,0.173,0
B023,2025-03-31,train,0.634,0.053,14.264,0,0,-4.33,2.17,2,15,0.365,0.0923,1.995,60,-2.969,-1.041,0
B024,2025-03-31,train,0.394,0.389,15.166,0,0,-1.33,0.67,1,13,0.343,0.1304,1.664,30,0.958,3.065,0
B025,2025-03-31,train,0.847,0.133,15.73,0,0,0.0,0.33,3,15,0.473,0.0787,1.044,60,-1.286,0.891,0
B028,2025-03-31,train,0.014,0.337,15.269,0,0,0.0,0.0,0,22,0.43,0.0134,2.368,60,-3.64,0.362,0
B029,2025-03-31,train,0.491,0.074,15.053,0,0,0.0,0.17,1,13,0.103,0.0764,1.673,90,0.146,0.561,0
B031,2025-03-31,train,0.382,0.793,14.748,18,0,12.0,11.83,6,29,0.341,0.028,0.226,60,-0.07,-1.45,0
B033,2025-03-31,train,0.858,0.851,14.354,18,0,-30.0,57.17,12,27,0.125,0.0962,0.427,60,0.306,-0.202,0
B034,2025-03-31,train,0.355,0.657,14.014,18,0,1.33,29.83,11,16,0.31,0.065,0.174,60,0.648,0.061,0
B035,2025-03-31,train,0.127,0.645,16.049,0,0,-13.33,9.33,8,17,0.659,0.086,1.165,60,-0.992,1.063,0
B037,2025-03-31,train,0.62,0.0,14.158,0,0,0.0,0.0,0,13,0.115,0.047,1.694,30,-0.158,-1.297,0
B038,2025-03-31,train,0.899,1.053,15.461,16,0,10.67,8.5,9,18,0.473,0.102,0.037,60,-1.416,-0.523,1
B039,2025-03-31,train,0.4,0.06,14.343,0,0,0.0,0.0,0,16,0.349,0.1263,2.088,30,1.271,0.08,0
B040,2025-03-31,train,0.449,0.565,16.829,0,0,-0.33,2.67,5,23,0.377,0.0884,0.756,60,0.607,0.527,0
B041,2025-03-31,train,0.71,0.0,14.31,0,0,0.0,0.0,1,13,0.471,0.1807,1.348,30,-1.735,0.899,0
B042,2025-03-31,train,0.598,0.663,15.5,0,0,-5.33,2.67,3,19,0.215,0.0794,0.878,60,0.037,1.039,0
B043,2025-03-31,train,0.686,0.429,13.463,0,0,0.0,0.0,0,17,0.405,0.0604,1.707,30,1.352,0.557,0
B044,2025-03-31,train,0.466,0.941,15.045,3,0,-4.67,4.33,3,20,0.608,0.0464,2.014,60,-1.821,-0.591,0
B045,2025-03-31,train,0.129,0.0,14.93,0,0,0.0,0.0,0,17,0.317,0.0013,1.261,60,-1.994,-0.347,0
B047,2025-03-31,train,0.194,0.256,14.966,0,0,-3.33,1.67,1,16,0.517,0.1353,1.272,60,0.518,-1.132,0
B049,2025-03-31,train,0.411,0.0,15.043,0,0,-0.67,1.0,2,12,0.292,0.0778,1.623,60,-0.404,-1.757,0
B050,2025-03-31,train,0.071,0.621,14.167,18,0,18.0,4.83,2,11,0.619,0.0678,1.324,30,0.692,1.861,0
B051,2025-03-31,train,0.451,0.0,15.068,0,0,0.0,0.0,0,22,0.492,0.1287,2.043,30,0.661,-0.674,0
B052,2025-03-31,train,0.809,0.186,15.177,0,0,-3.67,1.83,1,19,0.095,0.1218,1.879,30,-0.306,-0.478,0
B053,2025-03-31,train,0.724,0.082,14.816,0,0,0.0,0.0,0,13,0.256,0.1458,1.994,60,1.407,-2.091,0
B054,2025-03-31,train,0.029,0.14,15.194,0,0,0.0,0.0,0,15,0.134,0.1276,1.25,60,-1.083,0.528,0
B055,2025-03-31,train,0.512,0.617,13.297,0,0,-0.33,0.17,3,13,0.267,0.1444,1.772,30,0.911,1.131,0
B056,2025-03-31,train,0.54,0.0,13.335,0,0,0.0,0.83,1,18,0.314,0.0779,1.22,30,0.81,0.817,0
B057,2025-03-31,train,0.371,0.665,14.62,15,0,-1.33,12.5,7,19,0.339,0.0425,0.625,30,-0.297,0.635,0
B058,2025-03-31,train,0.433,0.311,16.331,0,0,0.0,2.5,2,22,0.153,0.1337,1.225,120,1.846,0.206,0
B059,2025-03-31,train,0.276,0.259,14.988,0,0,-3.33,1.67,1,18,0.419,0.0641,1.439,90,0.766,-0.778,0
B060,2025-03-31,train,0.265,0.154,12.745,0,0,0.0,0.0,1,13,0.217,0.1311,1.258,60,1.406,-0.904,0
B061,2025-03-31,train,0.88,0.588,15.535,3,0,3.0,0.5,1,15,0.015,0.1382,1.261,90,0.665,1.233,0
B062,2025-03-31,train,0.759,0.064,14.163,0,0,0.0,0.0,0,11,0.163,0.122,1.352,90,-1.842,1.027,0
B063,2025-03-31,train,0.083,0.349,15.468,0,0,-31.67,21.33,8,12,0.417,0.1192,0.858,120,-1.543,0.77,0
B064,2025-03-31,train,0.058,0.0,13.998,0,0,0.0,0.0,0,18,0.033,0.0729,2.037,30,0.309,-0.802,0
B065,2025-03-31,train,0.158,0.085,15.848,0,0,0.0,0.0,0,21,0.259,0.0532,2.032,90,0.257,1.337,0
B066,2025-03-31,train,0.662,0.015,15.13,0,0,-5.67,2.83,1,15,0.412,0.1057,1.453,30,0.242,1.237,0
B067,2025-03-31,train,0.416,0.0,14.878,0,0,-2.0,2.17,2,16,0.255,0.133,1.69,30,0.853,0.159,0
B068,2025-03-31,train,0.51,0.353,15.205,0,0,-2.0,1.0,1,24,0.455,0.0607,1.925,60,1.309,1.719,0
B069,2025-03-31,train,0.087,0.201,14.762,0,0,-6.33,3.17,2,11,0.316,0.0783,0.464,90,0.3,-0.501,0
B070,2025-03-31,train,0.425,0.085,15.069,0,0,0.0,0.67,2,12,0.22,0.1037,2.01,60,-0.661,0.298,0
B071,2025-03-31,train,0.112,0.76,14.533,0,0,-4.33,2.17,5,20,0.31,0.1465,1.821,60,1.494,0.732,0
B073,2025-03-31,train,0.126,0.0,15.232,0,0,0.0,0.0,0,12,0.039,0.1164,2.56,60,-0.47,-0.527,0
B074,2025-03-31,train,0.35,0.365,15.085,0,0,0.0,2.0,1,18,0.209,0.1505,1.83,60,0.191,-0.66,0
B075,2025-03-31,train,0.186,0.0,13.573,8,0,8.0,1.33,1,15,0.214,0.1049,1.464,60,-0.932,-1.123,0
B076,2025-03-31,train,0.519,0.0,14.566,0,0,0.0,0.0,0,12,0.33,0.1199,1.392,120,0.121,1.088,0
B077,2025-03-31,train,0.505,0.345,16.346,0,0,-3.33,1.67,3,15,0.499,0.0691,1.308,90,-0.043,-0.478,0
B078,2025-03-31,train,0.517,0.034,15.406,0,0,0.0,0.0,0,17,0.314,0.1248,1.26,30,0.82,-0.071,0
B079,2025-03-31,train,0.554,0.0,15.008,0,0,0.0,0.0,0,18,0.224,0.0826,2.019,30,-0.165,0.719,0
B080,2025-03-31,train,0.342,0.195,13.971,0,0,0.0,0.0,0,15,0.459,0.1157,1.539,60,0.091,1.807,0
B081,2025-03-31,train,0.094,0.391,15.241,16,0,5.33,8.0,5,17,0.371,0.1201,1.24,60,0.172,-1.159,0
B082,2025-03-31,train,0.011,0.303,14.391,0,0,0.0,0.0,1,26,0.364,0.1142,1.462,90,1.123,-0.308,0
B084,2025-03-31,train,0.52,0.806,13.53,1,0,1.0,0.17,3,24,0.416,0.0585,0.577,60,-1.174,1.481,0
B085,2025-03-31,train,0.752,0.0,15.454,0,0,0.0,0.0,1,17,0.183,0.087,1.763,120,0.272,-0.433,0
B088,2025-03-31,train,0.215,0.463,16.551,0,0,-4.33,4.33,3,17,0.235,0.0843,1.225,60,0.845,0.592,0
B089,2025-03-31,train,0.686,0.25,15.705,0,0,0.0,0.83,3,22,0.353,0.1063,2.23,30,0.533,-1.185,0
B090,2025-03-31,train,0.763,1.156,15.166,41,1,10.33,26.33,11,25,0.614,0.0984,0.606,90,0.675,-1.211,1
B091,2025-03-31,train,0.222,0.107,16.509,0,0,0.0,0.0,1,15,0.63,0.0853,1.476,90,1.065,0.474,0
B092,2025-03-31,train,0.063,0.073,15.056,0,0,0.0,0.0,2,17,0.255,0.0894,1.498,60,0.431,-0.923,0
B093,2025-03-31,train,0.647,0.0,13.431,0,0,0.0,0.0,0,12,0.242,0.1509,2.494,90,-0.507,-1.018,0
B095,2025-03-31,train,0.7,0.087,16.021,0,0,0.0,0.0,0,13,0.263,0.1557,1.871,90,0.866,0.024,0
B096,2025-03-31,train,0.439,0.914,14.121,19,0,6.67,11.0,6,16,0.271,0.0977,1.945,30,1.434,-0.826,0
B097,2025-03-31,train,0.249,0.584,15.625,0,0,-5.67,4.83,4,18,0.23,0.1665,2.022,30,-0.144,1.289,0
B098,2025-03-31,train,0.52,0.592,17.246,0,0,-1.33,4.83,3,22,0.354,0.092,1.129,30,0.288,0.153,0
B099,2025-03-31,train,0.511,0.152,14.794,0,0,0.0,0.0,0,17,0.424,0.1469,1.635,120,-0.138,0.314,0
B100,2025-03-31,train,0.816,0.183,15.025,0,0,0.0,1.0,2,17,0.272,0.131,1.088,60,-1.271,-0.48,0
B101,2025-03-31,train,0.858,0.573,16.959,0,0,-12.0,8.33,6,20,0.164,0.0611,1.894,60,0.188,-0.752,0
B102,2025-03-31,train,0.082,0.586,15.886,6,0,1.0,6.0,9,22,0.413,0.0845,1.54,90,1.032,0.822,0
B103,2025-03-31,train,0.62,0.909,14.846,0,0,-4.67,2.33,2,18,0.323,0.0972,1.203,120,0.352,0.975,0
B104,2025-03-31,train,0.466,0.436,14.826,0,0,-1.0,3.67,4,20,0.367,0.0508,1.657,30,-2.28,1.35,0
B105,2025-03-31,train,0.758,0.334,15.655,4,0,0.67,2.33,5,19,0.18,0.1327,1.458,60,0.804,0.074,0
B106,2025-03-31,train,0.772,0.856,15.398,0,0,0.0,1.83,2,22,0.36,0.1829,0.746,60,1.626,1.575,0
B107,2025-03-31,train,0.023,0.567,14.437,0,0,-1.67,2.83,5,17,0.238,0.1559,1.659,30,-0.928,1.022,0
B108,2025-03-31,train,0.774,0.877,14.333,0,0,-2.67,4.5,6,17,0.524,0.1092,1.849,60,-0.487,0.289,0
B109,2025-03-31,train,0.581,0.237,14.695,0,0,0.0,0.17,1,16,0.339,0.12,1.572,60,-0.046,-1.381,0
B110,2025-03-31,train,0.106,0.752,16.24,16,0,8.0,6.83,10,20,0.253,0.0641,1.306,30,-0.397,-0.379,0
B111,2025-03-31,train,0.057,0.0,13.436,0,0,0.0,0.0,1,13,0.17,0.1551,1.832,60,-1.972,-0.457,0
B112,2025-03-31,train,0.159,0.282,15.656,0,0,0.0,0.0,1,21,0.294,0.1337,1.663,30,-0.172,0.463,0
B113,2025-03-31,train,0.601,0.52,14.833,0,0,-0.33,0.17,4,14,0.358,0.0653,1.392,30,-1.17,0.092,0
B114,2025-03-31,train,0.47,1.073,14.075,3,0,-3.0,14.83,10,25,0.566,0.0381,0.485,90,1.299,-2.73,0
B115,2025-03-31,train,0.626,0.647,14.629,12,0,-11.67,19.5,11,18,0.293,0.0846,0.211,30,-2.664,-0.586,0
B116,2025-03-31,train,0.318,0.01,15.697,0,0,0.0,0.0,0,13,0.149,0.1183,1.42,60,1.397,1.941,0
B117,2025-03-31,train,0.202,0.631,17.207,8,0,6.33,4.33,9,19,0.252,0.1153,0.69,90,-1.5,-0.492,0
B119,2025-03-31,train,0.154,0.097,13.457,0,0,0.0,0.0,1,14,0.421,0.0654,1.876,120,-3.005,0.822,0
B121,2025-03-31,train,0.427,0.118,16.549,0,0,-9.67,4.83,6,30,0.229,0.1445,1.729,90,0.446,0.391,0
B122,2025-03-31,train,0.76,0.16,15.561,0,0,0.0,0.0,0,20,0.362,0.0911,0.514,60,0.625,-2.735,0
B125,2025-03-31,train,0.86,0.412,13.96,0,0,0.0,0.0,0,17,0.225,0.222,0.555,90,-0.298,0.247,0
B126,2025-03-31,train,0.653,0.0,13.983,0,0,0.0,0.0,0,15,0.29,0.1516,1.578,90,-1.48,0.463,0
B127,2025-03-31,train,0.361,0.422,15.149,1,0,1.0,0.17,2,11,0.383,0.1393,1.921,90,-1.311,1.025,0
B129,2025-03-31,train,0.682,0.465,14.198,0,0,-6.33,6.17,3,18,0.333,0.0858,1.66,30,0.267,-0.091,0
B130,2025-03-31,train,0.652,0.534,15.093,4,0,4.0,2.83,5,27,0.435,0.1324,1.769,60,-1.261,-1.116,0
B131,2025-03-31,train,0.104,0.504,14.905,15,0,0.0,10.17,10,17,0.275,0.1588,0.952,30,0.083,-0.228,0
B133,2025-03-31,train,0.295,0.0,13.903,0,0,-3.67,1.83,1,15,0.055,0.1353,1.758,60,-0.901,-1.203,0
B134,2025-03-31,train,0.507,0.0,13.398,0,0,0.0,0.0,2,23,0.105,0.1063,0.698,30,2.242,1.641,0
B135,2025-03-31,train,0.107,0.259,14.964,13,0,13.0,3.0,2,21,0.437,0.1146,0.626,120,-1.557,-0.553,0
B136,2025-03-31,train,0.733,0.64,15.252,0,0,-1.33,6.33,7,17,0.436,0.1009,1.846,60,-1.478,-0.393,0
B137,2025-03-31,train,0.682,0.081,14.762,0,0,0.0,0.0,0,9,0.201,0.1103,1.978,60,-0.208,0.838,0
B138,2025-03-31,train,0.764,0.661,15.13,0,0,-11.33,8.33,7,19,0.519,0.1127,1.162,120,-0.543,2.576,0
B139,2025-03-31,train,0.239,0.3,16.37,17,0,17.0,2.83,2,20,0.198,0.1278,1.852,60,0.942,1.297,0
B140,2025-03-31,train,0.375,0.686,15.1,18,0,12.67,8.5,10,15,0.646,0.067,0.884,30,1.511,-0.037,0
B141,2025-03-31,train,0.077,1.055,15.948,18,0,6.33,10.33,7,17,0.59,0.1784,1.641,90,-1.108,0.925,0
B142,2025-03-31,train,0.286,0.0,14.697,0,0,0.0,0.0,0,14,0.106,0.0868,1.76,30,1.116,-0.109,0
B143,2025-03-31,train,0.074,1.025,16.383,7,0,-24.67,29.0,10,19,0.417,0.125,1.431,90,-0.404,-1.117,0
B144,2025-03-31,train,0.273,0.517,14.735,0,0,0.0,0.0,1,16,0.371,0.1077,2.083,60,-0.139,-1.048,0
B145,2025-03-31,train,0.602,0.884,15.33,6,0,4.33,1.83,3,23,0.597,0.0849,1.234,60,0.832,0.29,0
B147,2025-03-31,train,0.171,0.695,15.138,16,0,-38.33,31.5,10,24,0.393,0.1049,1.221,30,0.122,1.874,0
B148,2025-03-31,train,0.783,0.0,15.996,0,0,0.0,0.0,1,18,0.71,0.0751,1.666,30,-0.363,1.49,0
B149,2025-03-31,train,0.882,0.469,15.273,0,0,0.0,0.0,0,20,0.353,0.0905,1.034,90,-1.859,0.961,0
B001,2025-04-30,train,0.688,0.329,15.803,0,0,0.0,0.0,0,12,0.284,0.1426,2.152,90,0.088,-1.247,0
B003,2025-04-30,train,0.234,0.82,14.813,106,1,82.67,56.17,11,18,0.265,0.1232,1.191,120,0.338,-0.082,1
B004,2025-04-30,train,0.073,1.3,14.297,150,1,133.33,37.0,7,25,0.653,0.0985,1.686,60,-0.073,0.686,1
B005,2025-04-30,train,0.142,0.849,16.012,20,0,14.67,8.17,4,16,0.402,0.111,1.012,30,0.709,-0.18,0
B006,2025-04-30,train,0.48,0.46,16.049,0,0,0.0,3.0,3,12,0.169,0.08,1.823,60,-2.427,-0.348,0
B008,2025-04-30,train,0.291,0.401,14.384,0,0,0.0,0.33,1,29,0.391,0.1236,1.451,30,0.033,-0.567,0
B009,2025-04-30,train,0.176,0.506,14.236,0,0,-8.67,5.33,6,23,0.259,0.0962,2.558,60,0.308,0.047,0
B012,2025-04-30,train,0.604,0.202,14.928,0,0,-6.33,3.17,1,7,0.265,0.1432,0.772,90,-3.485,2.409,0
B013,2025-04-30,train,0.821,0.449,14.815,0,0,-1.0,2.67,4,16,0.232,0.0911,2.514,90,-0.212,1.112,0
B014,2025-04-30,train,0.617,0.645,15.443,0,0,-3.33,2.17,4,14,0.506,0.1425,1.074,60,-0.811,-1.542,1
B015,2025-04-30,train,0.326,0.0,15.432,0,0,0.0,0.0,0,10,0.51,0.0894,1.482,60,-0.222,1.383,0
B016,2025-04-30,train,0.563,0.117,14.453,0,0,-1.33,0.67,4,18,0.233,0.1207,1.7,30,2.648,-0.973,0
B018,2025-04-30,train,0.183,0.612,14.327,9,0,9.0,1.5,3,24,0.55,0.0068,1.839,30,1.143,-0.822,0
B020,2025-04-30,train,0.116,0.835,16.046,20,0,16.67,5.67,4,20,0.635,0.0549,0.718,120,-0.967,1.309,1
B021,2025-04-30,train,0.882,0.248,15.551,0,0,0.0,0.0,0,18,0.231,0.0754,1.279,30,-1.174,-0.333,0
B022,2025-04-30,train,0.244,0.602,15.969,0,0,-3.0,1.5,2,27,0.528,0.0434,1.394,30,0.645,-3.076,0
B023,2025-04-30,train,0.647,0.0,14.534,0,0,-4.33,2.17,2,17,0.402,0.1141,1.854,60,0.285,-1.05,0
B024,2025-04-30,train,0.428,0.003,15.151,0,0,-1.33,0.67,1,15,0.357,0.139,1.811,30,1.025,-0.051,0
B025,2025-04-30,train,0.887,0.394,16.216,0,0,0.0,0.33,2,15,0.308,0.0852,1.01,60,0.271,2.065,0
B026,2025-04-30,train,0.55,0.758,15.244,19,0,13.33,6.0,4,24,0.517,0.159,1.586,60,-0.107,-1.143,0
B027,2025-04-30,train,0.018,0.274,15.344,0,0,-6.0,6.0,4,19,0.521,0.1391,1.711,60,0.336,0.16,0
B028,2025-04-30,train,0.082,0.335,15.249,0,0,0.0,0.0,0,17,0.568,0.1323,2.302,60,2.118,-0.796,0
B029,2025-04-30,train,0.486,0.0,15.17,0,0,0.0,0.0,1,18,0.306,0.0862,1.876,90,0.23,0.466,0
B030,2025-04-30,train,0.416,0.191,14.842,0,0,0.0,0.0,0,11,0.36,0.0484,1.754,30,0.366,1.699,0
B031,2025-04-30,train,0.386,0.949,14.6,0,0,-12.0,8.5,6,24,0.532,0.0643,0.159,60,0.083,0.548,0
B032,2025-04-30,train,0.366,0.767,16.891,4,0,4.0,0.67,5,20,0.368,0.1407,1.131,60,0.732,-0.264,0
B033,2025-04-30,train,0.835,0.441,13.971,0,0,-44.0,52.0,11,17,0.654,0.1274,0.554,60,-0.59,-1.007,0
B034,2025-04-30,train,0.315,0.954,14.353,17,0,7.0,22.67,11,27,0.398,0.0916,0.056,60,-1.101,0.159,0
B035,2025-04-30,train,0.101,0.686,16.208,2,0,-8.0,8.17,9,19,0.573,0.0841,1.497,60,1.547,0.734,0
B037,2025-04-30,train,0.64,0.0,13.885,0,0,0.0,0.0,0,13,0.102,0.1128,1.543,30,2.636,1.262,0
B038,2025-04-30,train,0.93,1.244,14.977,150,1,142.67,30.33,10,23,0.39,0.1059,0.249,60,-0.586,0.038,1
B039,2025-04-30,train,0.414,0.062,14.201,0,0,0.0,0.0,0,16,0.326,0.0807,2.054,30,-0.894,1.817,0
B040,2025-04-30,train,0.464,0.264,17.186,0,0,-0.33,0.17,4,12,0.292,0.1405,0.726,60,-0.923,0.157,0
B041,2025-04-30,train,0.776,0.0,14.489,0,0,0.0,0.0,1,14,0.414,0.0664,1.293,30,-1.296,2.258,0
B042,2025-04-30,train,0.612,0.835,15.527,12,0,6.67,4.67,4,10,0.048,0.1209,0.898,60,-0.782,-0.668,0
B043,2025-04-30,train,0.586,0.065,13.837,0,0,0.0,0.0,0,19,0.264,0.0375,1.873,30,1.075,1.295,0
B045,2025-04-30,train,0.17,0.037,14.954,0,0,0.0,0.0,0,17,0.35,0.0674,1.177,60,-0.247,-0.636,0
B046,2025-04-30,train,0.493,0.006,14.602,0,0,0.0,0.0,0,18,0.519,0.094,0.965,30,0.412,-1.947,0
B048,2025-04-30,train,0.755,0.676,16.223,8,0,4.67,4.17,5,15,0.376,0.1286,1.606,60,0.755,1.163,0
B049,2025-04-30,train,0.363,0.063,15.008,0,0,-0.67,0.33,2,18,0.291,0.0585,1.596,60,-1.298,-0.06,0
B050,2025-04-30,train,0.092,0.036,14.552,0,0,-6.0,3.0,2,20,0.512,0.1399,1.537,30,0.797,1.338,0
B051,2025-04-30,train,0.478,0.0,14.973,0,0,0.0,0.0,0,14,0.551,0.1497,2.254,30,-0.008,-1.333,0
B052,2025-04-30,train,0.796,0.038,15.36,0,0,0.0,1.83,1,12,0.383,0.1159,1.859,30,-0.795,1.064,0
B053,2025-04-30,train,0.69,0.0,15.213,0,0,0.0,0.0,0,15,0.102,0.1459,2.048,60,0.196,-1.852,0
B054,2025-04-30,train,0.073,0.208,15.379,0,0,0.0,0.0,0,25,0.158,0.151,1.313,60,0.341,0.504,0
B055,2025-04-30,train,0.534,0.424,13.206,0,0,0.0,0.17,3,24,0.294,0.1237,1.679,30,0.98,0.855,0
B056,2025-04-30,train,0.481,0.394,13.448,8,0,8.0,2.17,2,25,0.083,0.116,1.39,30,0.376,2.97,0
B057,2025-04-30,train,0.334,1.098,14.59,9,0,-6.33,14.0,8,28,0.28,0.0533,0.868,30,1.303,-0.558,0
B058,2025-04-30,train,0.436,0.672,16.272,0,0,0.0,0.0,1,20,0.452,0.0796,1.065,120,1.172,0.25,0
B059,2025-04-30,train,0.28,0.282,14.845,0,0,-3.33,1.67,1,11,0.411,0.0745,1.161,90,-1.135,1.464,0
B060,2025-04-30,train,0.311,0.318,12.99,0,0,0.0,0.0,1,15,0.584,0.1399,1.461,60,1.477,-0.692,0
B062,2025-04-30,train,0.713,0.297,14.312,0,0,0.0,0.0,0,10,0.083,0.0673,1.198,90,-0.763,-0.935,0
B063,2025-04-30,train,0.135,0.332,15.285,11,0,-13.67,20.5,8,27,0.415,0.0848,0.761,120,0.005,-0.116,0
B064,2025-04-30,train,0.024,0.0,14.488,0,0,0.0,0.0,0,18,0.221,0.1637,1.906,30,0.029,-0.158,0
B065,2025-04-30,train,0.126,0.0,15.922,0,0,0.0,0.0,0,15,0.089,0.0802,1.823,90,-0.512,-0.993,0
B067,2025-04-30,train,0.394,0.0,15.031,0,0,0.0,2.17,2,12,0.242,0.1006,1.48,30,-0.954,0.318,0
B068,2025-04-30,train,0.502,0.62,14.727,0,0,-2.0,1.0,1,23,0.428,0.0803,1.998,60,-0.769,-0.764,0
B069,2025-04-30,train,0.118,0.298,15.137,0,0,0.0,3.17,2,14,0.354,0.1044,0.372,90,-0.403,-1.826,0
B070,2025-04-30,train,0.468,0.346,15.349,0,0,0.0,0.0,2,18,0.339,0.0769,1.677,60,-1.188,2.09,0
B071,2025-04-30,train,0.132,0.758,14.237,8,0,3.67,3.5,5,22,0.278,0.0198,1.929,60,-0.539,0.683,0
B072,2025-04-30,train,0.851,0.99,15.64,13,0,-14.0,42.5,10,21,0.302,0.1131,1.053,60,0.043,-1.399,1
B073,2025-04-30,train,0.156,0.373,14.747,0,0,0.0,0.0,0,17,0.225,0.0878,2.422,60,-0.307,-0.192,0
B074,2025-04-30,train,0.372,0.107,15.308,0,0,0.0,2.0,1,11,0.483,0.1153,1.938,60,0.18,0.682,0
B075,2025-04-30,train,0.138,0.048,13.084,0,0,-2.67,1.33,1,16,0.119,0.0588,1.21,60,0.486,-0.925,0
B076,2025-04-30,train,0.491,0.274,14.323,3,0,3.0,0.5,1,16,0.627,0.0718,1.723,120,0.495,-1.507,0
B077,2025-04-30,train,0.611,0.428,16.245,0,0,-3.33,1.67,3,17,0.399,0.109,1.153,90,0.004,0.294,0
B078,2025-04-30,train,0.535,0.0,15.253,0,0,0.0,0.0,0,16,0.335,0.0929,1.22,30,0.536,-0.699,0
B079,2025-04-30,train,0.581,0.0,15.187,0,0,0.0,0.0,0,13,0.356,0.1605,1.871,30,-0.51,2.044,0
B080,2025-04-30,train,0.394,0.252,14.351,0,0,0.0,0.0,0,8,0.283,0.1177,1.383,60,-0.883,0.998,0
B081,2025-04-30,train,0.141,0.35,14.636,0,0,-10.0,8.0,5,30,0.344,0.1078,1.067,60,0.617,-0.383,0
B082,2025-04-30,train,0.106,0.261,14.585,0,0,0.0,0.0,1,13,0.445,0.0459,1.483,90,1.358,-0.07,0
B084,2025-04-30,train,0.467,0.621,13.624,0,0,-0.33,0.17,3,21,0.563,0.1346,0.513,60,-2.206,0.559,0
B088,2025-04-30,train,0.268,0.299,16.422,13,0,8.67,4.33,4,16,0.365,0.1315,1.201,60,-1.227,2.385,0
B089,2025-04-30,train,0.679,0.366,15.726,0,0,0.0,0.83,3,15,0.154,0.1555,2.202,30,-1.289,2.297,0
B090,2025-04-30,train,0.765,1.207,15.587,19,0,-22.0,27.33,11,27,0.488,0.084,0.664,90,0.667,-0.359,1
B091,2025-04-30,train,0.226,0.091,16.407,0,0,0.0,0.0,1,21,0.559,0.111,1.522,90,-0.822,1.032,0
B092,2025-04-30,train,0.136,0.065,15.24,0,0,0.0,0.0,2,15,0.332,0.1225,1.677,60,-0.416,-2.158,0
B093,2025-04-30,train,0.719,0.0,12.932,0,0,0.0,0.0,0,17,0.354,0.0648,2.535,90,-0.723,0.326,0
B094,2025-04-30,train,0.206,0.206,14.06,0,0,0.0,0.0,0,19,0.186,0.1457,1.301,30,-0.304,-1.082,0
B095,2025-04-30,train,0.704,0.394,15.527,0,0,0.0,0.0,0,20,0.184,0.0721,2.221,90,0.143,-0.082,0
B096,2025-04-30,train,0.446,0.722,14.253,0,0,-12.67,9.33,6,22,0.527,0.0235,2.146,30,-0.652,0.403,0
B097,2025-04-30,train,0.279,0.634,15.297,7,0,7.0,6.0,5,12,0.468,0.1247,2.018,30,-0.456,-0.848,0
B098,2025-04-30,train,0.495,0.302,17.373,10,0,10.0,5.17,4,24,0.194,0.1019,1.232,30,0.543,-1.614,0
B099,2025-04-30,train,0.539,0.0,14.956,0,0,0.0,0.0,0,19,0.363,0.0864,1.443,120,-0.506,1.298,0
B100,2025-04-30,train,0.884,0.491,15.196,0,0,0.0,1.0,2,14,0.157,0.1646,1.225,60,-0.645,0.648,0
B102,2025-04-30,train,0.003,0.865,15.645,13,0,6.0,7.33,9,17,0.516,0.0928,1.706,90,1.168,0.635,0
B103,2025-04-30,train,0.631,0.365,14.728,0,0,-4.67,2.33,2,21,0.241,0.0594,1.173,120,-0.251,-1.166,0
B104,2025-04-30,train,0.524,0.35,14.762,0,0,0.0,0.5,4,19,0.243,0.1132,1.566,30,-0.147,0.862,0
B105,2025-04-30,train,0.787,0.845,15.712,16,0,11.33,5.0,6,23,0.53,0.0948,1.607,60,-2.102,-0.133,0
B106,2025-04-30,train,0.759,0.363,15.291,14,0,14.0,2.33,3,18,0.51,0.1196,0.724,60,0.356,0.435,0
B107,2025-04-30,train,0.04,0.624,14.569,0,0,-1.67,0.83,4,19,0.206,0.2039,1.487,30,-0.45,-1.363,0
B108,2025-04-30,train,0.812,0.592,14.516,19,0,16.33,5.17,6,19,0.556,0.0311,2.067,60,0.173,-0.356,0
B109,2025-04-30,train,0.618,0.234,14.804,0,0,0.0,0.0,1,12,0.215,0.1106,1.756,60,-0.136,-0.067,0
B110,2025-04-30,train,0.155,0.954,16.151,16,0,5.67,9.33,10,22,0.481,0.0192,1.209,30,-1.545,-0.625,0
B111,2025-04-30,train,0.123,0.0,13.777,0,0,0.0,0.0,1,13,0.076,0.1389,1.622,60,-0.349,-0.427,0
B112,2025-04-30,train,0.178,0.313,15.353,0,0,0.0,0.0,1,17,0.641,0.1167,1.961,30,1.31,1.168,0
B113,2025-04-30,train,0.518,0.468,14.831,0,0,-0.33,0.17,3,30,0.533,0.1009,1.211,30,0.303,0.654,0
B115,2025-04-30,train,0.642,0.946,14.836,2,0,-23.0,16.83,11,20,0.333,0.1031,0.311,30,1.42,-2.597,1
B116,2025-04-30,train,0.306,0.139,15.655,0,0,0.0,0.0,0,14,0.104,0.037,1.515,60,-0.672,0.111,0
B117,2025-04-30,train,0.211,0.852,17.387,2,0,-2.33,2.5,9,15,0.529,0.0442,0.578,90,-0.045,-1.063,0
B119,2025-04-30,train,0.191,0.128,13.592,0,0,0.0,0.0,1,22,0.29,0.0368,1.815,120,-0.055,1.923,0
B120,2025-04-30,train,0.239,0.999,16.304,13,0,9.0,5.17,8,19,0.128,0.0999,0.708,30,-0.15,-1.132,0
B121,2025-04-30,train,0.448,0.645,16.348,5,0,-1.0,5.67,7,18,0.563,0.1104,1.694,90,-0.922,-0.158,0
B123,2025-04-30,train,0.117,0.317,15.667,0,0,0.0,0.0,1,19,0.36,0.1384,1.761,60,-1.793,0.119,0
B124,2025-04-30,train,0.612,0.008,15.358,4,0,4.0,0.67,2,29,0.502,0.0993,1.233,90,0.139,0.865,0
B125,2025-04-30,train,0.843,0.467,13.999,14,0,14.0,2.33,1,18,0.235,0.1143,0.439,90,-1.055,-0.724,0
B126,2025-04-30,train,0.577,0.441,14.132,0,0,0.0,0.0,0,10,0.129,0.0745,1.242,90,1.24,1.374,0
B127,2025-04-30,train,0.346,0.512,14.972,8,0,7.67,1.5,3,19,0.475,0.0735,2.016,90,1.838,-0.131,0
B128,2025-04-30,train,0.182,0.0,14.523,0,0,0.0,0.0,0,20,0.282,0.0989,1.511,30,-0.88,0.727,0
B129,2025-04-30,train,0.672,0.46,14.272,0,0,0.0,6.17,3,12,0.5,0.1526,1.742,30,-0.611,-0.038,0
B130,2025-04-30,train,0.609,0.567,14.969,0,0,-1.33,0.67,5,14,0.252,0.115,1.695,60,0.894,0.581,0
B131,2025-04-30,train,0.116,0.735,14.874,20,0,5.33,13.5,10,13,0.407,0.0925,1.087,30,-0.845,1.091,0
B134,2025-04-30,train,0.495,0.192,13.524,0,0,0.0,0.0,2,16,0.372,0.123,0.485,30,0.029,-1.702,0
B135,2025-04-30,train,0.036,0.0,14.754,0,0,-4.33,3.0,2,15,0.321,0.1345,0.711,120,1.02,1.267,0
B136,2025-04-30,train,0.693,0.529,15.548,6,0,4.67,4.5,7,21,0.57,0.0984,1.727,60,0.997,0.331,0
B137,2025-04-30,train,0.677,0.324,14.811,0,0,0.0,0.0,0,19,0.47,0.1345,1.766,60,2.071,1.529,0
B138,2025-04-30,train,0.727,0.324,15.12,5,0,-0.67,9.0,7,14,0.343,0.1016,0.912,120,0.627,0.775,0
B139,2025-04-30,train,0.218,0.095,16.338,0,0,-5.67,2.83,2,23,0.408,0.1052,1.805,60,-0.058,1.497,0
B140,2025-04-30,train,0.286,0.767,14.831,17,0,5.67,9.83,11,18,0.309,0.1689,1.223,30,1.508,1.167,0
B142,2025-04-30,train,0.348,0.526,14.829,0,0,0.0,0.0,0,24,0.519,0.088,1.888,30,0.578,-0.077,0
B143,2025-04-30,train,0.013,1.26,16.558,10,0,-18.33,24.67,11,23,0.21,0.1155,1.282,90,1.709,-0.902,1
B144,2025-04-30,train,0.272,0.544,14.84,0,0,0.0,0.0,1,13,0.26,0.0958,2.054,60,-1.122,-1.288,0
B145,2025-04-30,train,0.621,0.788,16.069,1,0,-2.67,2.0,4,21,0.485,0.1211,1.255,60,1.827,-0.217,0
B146,2025-04-30,train,0.393,0.944,15.271,6,0,4.67,1.67,3,19,0.625,0.1098,0.701,90,-0.154,-1.91,0
B147,2025-04-30,train,0.125,0.418,15.41,0,0,-55.0,30.0,9,15,0.336,0.1404,0.776,30,-0.311,-0.14,0
B148,2025-04-30,train,0.751,0.322,16.134,0,0,0.0,0.0,1,13,0.196,0.1635,1.618,30,-0.876,-1.005,0
B149,2025-04-30,train,0.914,0.082,15.259,0,0,0.0,0.0,0,18,0.252,0.1324,1.107,90,1.308,1.145,0
B150,2025-04-30,train,0.463,0.93,15.337,19,0,8.0,9.5,12,19,0.706,0.0744,1.083,30,1.296,0.301,0
B001,2025-05-31,train,0.636,0.622,15.665,0,0,0.0,0.0,0,16,0.401,0.0441,2.256,90,-0.003,1.099,0
B003,2025-05-31,train,0.153,1.3,14.914,40,1,-8.67,37.83,11,25,0.659,0.1274,1.261,120,-0.38,-1.56,1
B004,2025-05-31,train,0.047,0.994,14.044,11,0,-55.67,38.5,8,17,0.383,0.1344,1.75,60,-1.831,-0.712,0
B006,2025-05-31,train,0.471,0.704,16.133,7,0,7.0,1.17,4,22,0.246,0.1579,1.758,60,0.694,-0.383,0
B007,2025-05-31,train,0.106,0.466,14.646,0,0,0.0,1.5,1,16,0.371,0.0498,1.548,30,-1.596,-1.056,0
B008,2025-05-31,train,0.313,0.252,14.845,0,0,0.0,0.33,1,18,0.093,0.1346,1.67,30,-0.359,-0.444,0
B009,2025-05-31,train,0.101,0.414,14.088,6,0,3.0,6.33,7,15,0.458,0.0589,2.284,60,-0.141,2.118,0
B010,2025-05-31,train,0.893,1.048,14.903,17,0,-8.67,15.67,8,14,0.355,0.0944,0.55,90,-0.652,1.005,1
B011,2025-05-31,train,0.132,0.0,13.934,0,0,0.0,0.0,0,15,0.365,0.0888,1.804,30,0.368,2.175,0
B012,2025-05-31,train,0.609,0.0,15.191,0,0,-6.33,3.17,1,21,0.112,0.1047,1.002,90,0.35,0.21,0
B013,2025-05-31,train,0.784,0.316,15.232,0,0,0.0,0.5,4,16,0.449,0.0651,2.606,90,0.67,-2.134,0
B014,2025-05-31,train,0.532,1.065,15.424,97,1,93.67,18.33,5,17,0.375,0.1067,1.215,60,0.205,-0.61,1
B015,2025-05-31,train,0.258,0.27,15.336,0,0,0.0,0.0,0,15,0.534,0.0752,1.665,60,-0.098,1.847,0
B016,2025-05-31,train,0.507,0.046,14.212,0,0,-1.33,0.67,4,19,0.188,0.0841,1.864,30,-0.356,-0.204,0
B017,2025-05-31,train,0.674,0.955,14.988,135,1,115.67,44.0,12,25,0.284,0.0635,0.734,30,-0.577,-0.142,1
B018,2025-05-31,train,0.157,0.419,14.246,0,0,-3.0,1.5,3,18,0.238,0.0411,1.839,30,-1.8,0.439,0
B019,2025-05-31,train,0.785,0.863,14.347,4,0,-8.33,8.33,7,16,0.316,0.0568,1.07,60,0.989,0.575,0
B020,2025-05-31,train,0.179,0.814,15.612,38,1,28.0,11.33,5,23,0.467,0.1199,0.842,120,1.751,0.612,1
B022,2025-05-31,train,0.236,0.437,15.753,0,0,-3.0,1.5,2,15,0.389,0.0557,1.407,30,-0.291,1.858,0
B023,2025-05-31,train,0.617,0.255,14.478,0,0,-4.33,2.17,2,22,0.558,0.0665,1.856,60,1.512,0.073,0
B024,2025-05-31,train,0.371,0.107,15.148,0,0,0.0,0.67,1,26,0.373,0.1374,1.601,30,1.086,2.047,0
B025,2025-05-31,train,0.805,0.424,15.923,0,0,0.0,0.0,1,20,0.183,0.057,1.022,60,0.534,-1.222,0
B026,2025-05-31,train,0.592,0.785,14.957,0,0,-12.0,6.0,3,19,0.503,0.085,1.465,60,0.14,-0.011,0
B028,2025-05-31,train,0.038,0.147,15.195,0,0,0.0,0.0,0,11,0.293,0.1243,2.291,60,1.348,0.633,0
B029,2025-05-31,train,0.486,0.0,14.867,0,0,0.0,0.0,1,19,0.211,0.1607,1.885,90,0.288,1.364,0
B031,2025-05-31,train,0.355,0.532,14.634,16,0,10.0,8.67,7,24,0.432,0.0793,0.309,60,0.108,1.272,0
B032,2025-05-31,train,0.4,0.38,17.055,1,0,-0.33,0.83,5,21,0.508,0.1047,0.831,60,-0.821,-1.612,0
B033,2025-05-31,train,0.844,0.489,13.65,0,0,-32.0,27.0,10,18,0.427,0.1097,0.535,60,-0.095,1.285,0
B034,2025-05-31,train,0.344,0.742,14.238,19,0,7.33,17.33,11,17,0.594,0.0415,0.343,60,-0.424,-0.182,1
B035,2025-05-31,train,0.143,0.424,16.153,3,0,-1.33,7.5,10,15,0.213,0.1005,1.16,60,-0.131,-1.376,0
B037,2025-05-31,train,0.55,0.0,13.769,0,0,0.0,0.0,0,14,0.167,0.0842,1.802,30,0.03,0.116,0
B038,2025-05-31,train,0.928,1.3,15.031,15,0,-40.33,32.83,10,17,0.796,0.1015,0.174,60,-0.365,-0.349,1
B039,2025-05-31,train,0.467,0.151,14.165,0,0,0.0,0.0,0,16,0.135,0.1207,2.114,30,-0.604,0.207,0
B040,2025-05-31,train,0.475,0.317,17.001,15,0,15.0,2.67,5,16,0.354,0.161,0.741,60,-1.322,1.121,0
B041,2025-05-31,train,0.658,0.058,14.247,0,0,0.0,0.0,0,15,0.562,0.0376,1.546,30,0.633,-1.181,0
B042,2025-05-31,train,0.622,0.373,15.427,7,0,-2.33,5.83,4,12,0.57,0.1002,1.042,60,0.312,1.323,0
B043,2025-05-31,train,0.619,0.127,13.429,0,0,0.0,0.0,0,21,0.317,0.1049,1.879,30,0.42,-0.536,0
B045,2025-05-31,train,0.114,0.029,14.468,0,0,0.0,0.0,0,20,0.345,0.1104,1.351,60,0.373,0.334,0
B046,2025-05-31,train,0.425,0.49,14.845,12,0,12.0,2.0,1,18,0.365,0.0851,1.347,30,-0.081,1.006,0
B047,2025-05-31,train,0.167,0.255,15.254,0,0,0.0,1.67,1,23,0.464,0.0245,1.298,60,-1.232,-0.536,0
B049,2025-05-31,train,0.368,0.0,14.832,0,0,-0.67,0.33,2,16,0.307,0.0751,1.792,60,1.221,2.997,0
B051,2025-05-31,train,0.469,0.023,14.879,0,0,0.0,0.0,0,24,0.274,0.1064,1.994,30,-0.561,0.219,0
B052,2025-05-31,train,0.801,0.467,15.578,0,0,0.0,1.83,1,22,0.037,0.0657,1.934,30,0.611,0.181,0
B054,2025-05-31,train,0.066,0.0,15.496,0,0,0.0,0.0,0,13,0.219,0.0708,1.147,60,1.179,0.359,0
B055,2025-05-31,train,0.493,0.098,13.326,10,0,10.0,1.83,4,20,0.365,0.0541,1.767,30,-1.465,1.379,0
B056,2025-05-31,train,0.531,0.0,13.579,0,0,-2.67,1.33,2,19,0.28,0.0826,0.987,30,0.132,0.104,0
B057,2025-05-31,train,0.26,0.611,15.029,0,0,-12.33,12.17,8,26,0.291,0.016,0.591,30,-1.9,0.686,0
B058,2025-05-31,train,0.406,0.31,16.294,0,0,0.0,0.0,1,19,0.533,0.0333,1.286,120,-1.296,-1.222,0
B060,2025-05-31,train,0.285,0.0,13.598,0,0,0.0,0.0,0,15,0.152,0.148,1.197,60,-0.164,-0.743,0
B061,2025-05-31,train,0.847,0.693,15.505,0,0,-3.67,1.83,2,23,0.58,0.109,1.331,90,-0.972,0.389,0
B063,2025-05-31,train,0.08,0.447,15.237,6,0,-13.33,18.67,9,24,0.46,0.0803,0.604,120,-1.371,-1.988,0
B064,2025-05-31,train,0.072,0.0,14.433,0,0,0.0,0.0,0,12,0.134,0.0429,2.016,30,1.769,0.947,0
B065,2025-05-31,train,0.141,0.0,15.527,0,0,0.0,0.0,0,12,0.281,0.16,1.953,90,0.385,-0.726,0
B066,2025-05-31,train,0.698,0.095,15.1,0,0,-5.67,2.83,1,14,0.323,0.1084,1.772,30,1.211,-0.239,0
B067,2025-05-31,train,0.403,0.105,15.063,0,0,0.0,1.0,2,18,0.211,0.0559,1.489,30,0.355,0.099,0
B068,2025-05-31,train,0.478,0.597,15.137,0,0,-2.0,1.0,1,14,0.446,0.0556,1.961,60,0.781,0.94,0
B069,2025-05-31,train,0.094,0.122,15.231,0,0,0.0,3.17,2,15,0.207,0.0757,0.574,90,0.936,-0.172,0
B070,2025-05-31,train,0.504,0.023,15.576,0,0,0.0,0.0,2,17,0.213,0.1246,1.997,60,-0.045,1.479,0
B071,2025-05-31,train,0.106,0.568,14.418,0,0,-4.67,3.5,5,18,0.389,0.1107,2.02,60,-0.868,-0.973,0
B073,2025-05-31,train,0.162,0.129,14.97,0,0,0.0,0.0,0,12,0.38,0.0509,2.603,60,-0.448,1.188,0
B074,2025-05-31,train,0.349,0.39,15.471,0,0,0.0,0.0,1,27,0.241,0.1443,1.75,60,0.262,0.356,0
B075,2025-05-31,train,0.164,0.292,13.342,0,0,-2.67,1.33,1,22,0.298,0.0963,1.57,60,-0.357,-0.243,0
B076,2025-05-31,train,0.51,0.278,14.515,9,0,8.0,2.0,2,26,0.248,0.129,1.545,120,-0.594,1.218,0
B077,2025-05-31,train,0.572,0.319,16.068,0,0,-3.33,1.67,3,21,0.411,0.1703,0.958,90,-0.949,1.157,0
B078,2025-05-31,train,0.413,0.095,15.162,0,0,0.0,0.0,0,15,0.308,0.0745,1.308,30,-1.696,0.078,0
B079,2025-05-31,train,0.481,0.0,15.314,0,0,0.0,0.0,0,14,0.284,0.1291,2.082,30,-0.705,-0.836,0
B080,2025-05-31,train,0.364,0.423,13.842,0,0,0.0,0.0,0,17,0.29,0.1079,1.491,60,-0.476,-0.542,0
B081,2025-05-31,train,0.114,0.57,15.113,0,0,-5.33,8.0,4,9,0.247,0.1052,1.161,60,0.308,0.033,0
B082,2025-05-31,train,0.141,0.46,14.453,0,0,0.0,0.0,1,25,0.306,0.1421,1.459,90,0.455,0.817,0
B084,2025-05-31,train,0.498,0.263,14.141,5,0,4.67,1.0,4,22,0.122,0.0846,0.596,60,0.056,1.408,0
B085,2025-05-31,train,0.739,0.17,15.759,0,0,0.0,0.0,1,15,0.373,0.061,1.77,120,0.198,0.278,0
B086,2025-05-31,train,0.112,0.0,14.834,0,0,-5.67,2.83,2,14,0.387,0.0457,1.878,60,1.174,-0.462,0
B087,2025-05-31,train,0.201,0.445,15.296,2,0,-16.33,20.33,11,23,0.441,0.0913,1.03,30,-0.603,1.045,0
B088,2025-05-31,train,0.239,0.671,16.485,15,0,10.67,6.83,5,20,0.305,0.0613,1.151,60,0.845,0.52,0
B089,2025-05-31,train,0.713,0.0,15.549,0,0,0.0,0.0,3,20,0.263,0.0599,2.147,30,-1.206,-2.195,0
B090,2025-05-31,train,0.802,1.031,15.334,21,0,-23.0,28.83,11,29,0.646,0.1356,0.442,90,0.192,-1.868,0
B091,2025-05-31,train,0.188,0.423,16.467,0,0,0.0,0.0,1,16,0.427,0.063,1.34,90,0.187,0.127,0
B092,2025-05-31,train,0.09,0.09,14.906,8,0,8.0,1.33,2,16,0.245,0.0413,1.352,60,1.116,-1.023,0
B093,2025-05-31,train,0.698,0.0,13.473,0,0,0.0,0.0,0,12,0.296,0.0393,2.393,90,2.084,-1.567,0
B094,2025-05-31,train,0.208,0.0,14.075,0,0,0.0,0.0,0,14,0.126,0.0977,1.247,30,-0.729,1.627,0
B095,2025-05-31,train,0.741,0.355,16.227,0,0,0.0,0.0,0,23,0.51,0.1314,1.775,90,-1.151,-0.939,0
B096,2025-05-31,train,0.468,1.103,14.066,0,0,-6.33,9.33,5,18,0.375,0.0719,2.086,30,-0.189,1.808,0
B097,2025-05-31,train,0.19,0.582,15.251,0,0,-2.33,4.0,5,15,0.182,0.1225,1.949,30,-1.021,-0.221,0
B099,2025-05-31,train,0.535,0.16,14.717,0,0,0.0,0.0,0,19,0.133,0.0588,1.533,120,0.278,0.068,0
B100,2025-05-31,train,0.826,0.541,15.128,0,0,0.0,0.0,2,13,0.404,0.0799,1.408,60,-0.749,-0.468,0
B101,2025-05-31,train,0.81,0.271,17.04,0,0,-6.33,6.0,5,23,0.355,0.1025,1.749,60,-0.998,0.414,0
B102,2025-05-31,train,0.019,0.477,15.816,0,0,-11.33,5.67,8,20,0.582,0.0532,1.521,90,-0.324,-1.423,0
B103,2025-05-31,train,0.587,0.177,15.005,0,0,-4.67,2.33,2,22,0.251,0.0492,1.102,120,-0.149,0.321,0
B104,2025-05-31,train,0.489,0.227,15.315,0,0,0.0,0.5,4,15,0.325,0.0825,1.774,30,-0.793,-0.336,0
B106,2025-05-31,train,0.773,0.725,15.385,0,0,-4.67,2.33,3,26,0.32,0.0991,0.524,60,-0.844,-1.001,0
B107,2025-05-31,train,0.005,0.378,14.42,0,0,-1.67,0.83,3,21,0.313,0.1258,1.168,30,0.742,-0.769,0
B108,2025-05-31,train,0.77,0.431,14.061,0,0,-6.33,4.5,5,15,0.559,0.1381,2.056,60,0.486,1.282,0
B109,2025-05-31,train,0.6,0.316,14.832,0,0,0.0,0.0,1,16,0.522,0.0854,1.694,60,-0.744,0.15,0
B110,2025-05-31,train,0.124,0.935,15.883,4,0,-7.0,10.0,10,27,0.338,0.077,1.305,30,-0.665,1.179,1
B111,2025-05-31,train,0.087,0.0,13.927,0,0,0.0,0.0,1,10,0.233,0.155,1.442,60,-0.325,2.147,0
B112,2025-05-31,train,0.175,0.285,15.505,0,0,0.0,0.0,0,23,0.571,0.0883,1.516,30,0.244,0.221,0
B113,2025-05-31,train,0.506,0.297,15.065,0,0,0.0,0.17,2,18,0.148,0.0645,1.067,30,1.159,-0.815,0
B114,2025-05-31,train,0.408,0.685,14.449,3,0,-3.33,4.33,10,14,0.378,0.0504,0.49,90,1.371,0.415,0
B116,2025-05-31,train,0.342,0.244,15.22,0,0,0.0,0.0,0,18,0.313,0.1248,1.578,60,-0.758,1.231,0
B117,2025-05-31,train,0.212,0.749,17.508,0,0,-5.0,2.5,8,14,0.185,0.1075,0.56,90,-1.457,0.032,0
B119,2025-05-31,train,0.174,0.0,13.576,16,0,16.0,2.67,2,13,0.252,0.08,2.089,120,1.547,0.182,0
B120,2025-05-31,train,0.174,0.647,16.083,0,0,-6.0,5.17,7,23,0.297,0.125,0.647,30,-1.398,0.496,0
B121,2025-05-31,train,0.481,0.65,16.393,20,0,12.33,9.0,7,21,0.497,0.0939,1.665,90,-0.401,-0.491,0
B123,2025-05-31,train,0.117,0.0,15.166,0,0,0.0,0.0,0,20,0.085,0.0593,1.686,60,0.097,-0.146,0
B124,2025-05-31,train,0.655,0.0,15.097,0,0,-1.33,0.67,2,15,0.428,0.0518,1.404,90,1.376,1.948,0
B125,2025-05-31,train,0.737,0.419,14.089,0,0,-4.67,2.33,1,13,0.089,0.0795,0.534,90,1.66,0.899,0
B126,2025-05-31,train,0.603,0.0,14.124,0,0,0.0,0.0,0,12,0.012,0.0841,1.637,90,-0.764,0.802,0
B127,2025-05-31,train,0.277,0.225,15.083,0,0,-3.0,1.5,3,21,0.181,0.1149,1.868,90,-0.353,-2.36,0
B128,2025-05-31,train,0.229,0.0,14.493,19,0,19.0,3.17,1,15,0.149,0.098,1.338,30,-2.199,-0.885,0
B129,2025-05-31,train,0.699,0.649,13.998,0,0,0.0,3.17,2,21,0.589,0.0953,1.728,30,-0.267,0.522,0
B131,2025-05-31,train,0.072,0.715,15.266,0,0,-16.67,13.33,9,19,0.256,0.0493,1.023,30,-1.966,-1.442,0
B132,2025-05-31,train,0.499,0.288,13.008,0,0,0.0,0.0,0,15,0.046,0.0862,1.152,30,-1.58,-0.048,0
B133,2025-05-31,train,0.254,0.189,13.657,0,0,0.0,1.83,1,13,0.056,0.0889,1.476,60,-0.243,-2.039,0
B134,2025-05-31,train,0.526,0.076,13.285,0,0,0.0,0.0,1,20,0.191,0.0813,0.524,30,0.248,-1.129,0
B135,2025-05-31,train,0.058,0.133,14.791,0,0,-4.33,2.17,2,13,0.189,0.1232,0.642,120,-0.314,0.752,0
B137,2025-05-31,train,0.589,0.149,14.625,0,0,0.0,0.0,0,18,0.269,0.096,1.738,60,0.398,-0.782,0
B138,2025-05-31,train,0.717,0.494,15.195,18,0,10.67,9.5,8,15,0.475,0.1289,1.153,120,1.642,-1.606,0
B139,2025-05-31,train,0.223,0.344,16.436,11,0,5.33,4.67,3,20,0.482,0.081,1.827,60,0.742,0.083,0
B140,2025-05-31,train,0.295,0.93,14.893,7,0,-9.33,9.67,11,21,0.305,0.0682,1.063,30,0.119,1.547,0
B141,2025-05-31,train,0.013,0.559,15.779,0,0,-18.0,11.67,7,21,0.62,0.135,1.683,90,-0.335,-1.501,0
B142,2025-05-31,train,0.337,0.0,14.618,0,0,0.0,0.0,0,11,0.487,0.0416,1.612,30,-0.124,1.274,0
B143,2025-05-31,train,0.076,1.3,16.29,10,0,-7.0,20.33,11,16,0.493,0.0825,1.204,90,0.773,-0.358,1
B144,2025-05-31,train,0.236,0.067,14.821,7,0,7.0,1.17,2,16,0.143,0.0413,2.203,60,-1.373,1.429,0
B145,2025-05-31,train,0.603,0.632,15.549,14,0,10.0,4.33,5,20,0.27,0.1246,1.273,60,-0.766,0.184,0
B146,2025-05-31,train,0.376,0.956,15.248,6,0,2.67,2.67,4,21,0.437,0.1057,0.564,90,-0.253,1.002,0
B147,2025-05-31,train,0.15,0.485,15.312,0,0,-41.0,29.83,9,27,0.403,0.0803,0.889,30,-0.372,-2.248,0
B148,2025-05-31,train,0.72,0.565,15.478,0,0,0.0,0.0,1,19,0.304,0.0217,1.539,30,-0.301,1.142,0
B149,2025-05-31,train,0.907,0.011,15.281,0,0,0.0,0.0,0,20,0.246,0.0835,0.967,90,-0.672,-1.954,0
B150,2025-05-31,train,0.461,0.889,15.377,7,0,-9.0,10.33,12,23,0.568,0.1141,0.991,30,-0.162,0.955,0
B001,2025-06-30,train,0.72,0.456,15.584,0,0,0.0,0.0,0,14,0.336,0.0994,2.299,90,-1.346,-1.002,0
B002,2025-06-30,train,0.232,0.376,15.928,0,0,-0.33,0.17,5,16,0.699,0.0651,2.276,120,0.887,-0.956,0
B003,2025-06-30,train,0.215,1.096,14.799,75,1,19.67,48.5,11,18,0.376,0.0698,1.313,120,1.303,-0.13,1
B004,2025-06-30,train,0.081,0.55,14.147,0,0,-68.0,35.17,8,25,0.488,0.0943,1.733,60,-0.205,0.452,0
B005,2025-06-30,train,0.17,0.264,15.866,0,0,-10.67,6.17,5,22,0.556,0.0731,0.968,30,1.025,-1.095,0
B006,2025-06-30,train,0.56,0.649,16.153,0,0,-2.33,1.17,3,19,0.584,0.0622,1.912,60,0.1,-1.008,0
B007,2025-06-30,train,0.112,0.0,14.567,0,0,0.0,1.5,1,16,0.053,0.1038,1.736,30,0.46,2.871,0
B008,2025-06-30,train,0.32,0.219,14.537,0,0,0.0,0.0,1,17,0.029,0.0392,1.312,30,-0.29,0.339,0
B009,2025-06-30,train,0.143,0.35,14.227,0,0,-5.0,5.33,6,15,0.343,0.0806,2.143,60,-0.102,-1.395,0
B011,2025-06-30,train,0.154,0.029,13.859,18,0,18.0,3.0,1,14,0.162,0.1212,1.924,30,-0.278,-0.78,0
B012,2025-06-30,train,0.602,0.115,15.042,0,0,-6.33,3.17,1,17,0.117,0.1204,1.004,90,-0.985,1.024,0
B014,2025-06-30,train,0.564,1.097,15.32,33,1,-2.67,23.33,6,24,0.198,0.035,1.172,60,-0.383,0.751,0
B015,2025-06-30,train,0.275,0.0,15.326,0,0,0.0,0.0,0,17,0.006,0.0562,1.737,60,-0.17,1.77,0
B016,2025-06-30,train,0.493,0.309,14.677,0,0,-1.33,0.67,4,15,0.391,0.0597,1.789,30,0.344,-0.034,0
B018,2025-06-30,train,0.172,0.263,14.337,0,0,-3.0,1.5,2,12,0.334,0.0705,1.988,30,-0.456,1.142,0
B019,2025-06-30,train,0.796,0.888,14.745,4,0,-3.67,9.0,8,12,0.363,0.0858,1.235,60,0.917,-1.117,0
B020,2025-06-30,train,0.102,0.997,15.977,97,1,77.67,27.5,6,22,0.48,0.1064,0.667,120,-0.663,0.271,1
B021,2025-06-30,train,0.858,0.071,15.484,0,0,0.0,0.0,0,13,0.309,0.0812,1.072,30,0.184,0.41,0
B022,2025-06-30,train,0.171,0.354,15.771,0,0,0.0,1.5,2,24,0.402,0.0763,1.287,30,-1.126,-1.415,0
B023,2025-06-30,train,0.623,0.235,14.526,0,0,0.0,2.17,2,12,0.156,0.0951,1.791,60,0.799,1.962,0
B024,2025-06-30,train,0.378,0.174,15.329,0,0,0.0,0.67,1,20,0.516,0.0265,1.795,30,-1.352,-0.708,0
B025,2025-06-30,train,0.896,0.34,15.917,0,0,0.0,0.0,1,18,0.336,0.0877,1.147,60,-0.59,0.313,0
B026,2025-06-30,train,0.582,0.654,15.271,0,0,-6.33,6.0,3,16,0.265,0.0942,1.327,60,-0.432,-0.952,0
B029,2025-06-30,train,0.509,0.0,15.332,0,0,0.0,0.0,1,8,0.321,0.0904,1.788,90,-0.661,-0.448,0
B031,2025-06-30,train,0.351,0.397,14.705,0,0,-11.33,8.67,7,11,0.24,0.1025,0.086,60,1.016,-0.76,0
B032,2025-06-30,train,0.415,0.397,16.703,0,0,-1.67,0.83,5,13,0.348,0.1102,1.234,60,1.045,-1.981,0
B033,2025-06-30,train,0.888,0.714,14.178,0,0,-6.0,22.0,9,12,0.477,0.102,0.716,60,1.088,-0.949,0
B034,2025-06-30,train,0.312,1.237,14.163,50,1,32.0,19.33,11,32,0.513,0.0812,0.254,60,-0.784,-0.215,1
B035,2025-06-30,train,0.162,0.94,16.009,13,0,11.33,8.0,10,22,0.522,0.0989,1.231,60,0.423,0.279,0
B036,2025-06-30,train,0.878,0.072,15.365,0,0,0.0,0.0,0,20,0.293,0.1312,1.226,60,-0.341,-0.485,0
B037,2025-06-30,train,0.638,0.0,14.339,0,0,0.0,0.0,0,15,0.269,0.1238,1.727,30,-0.353,-0.092,0
B039,2025-06-30,train,0.398,0.0,14.286,0,0,0.0,0.0,0,12,0.328,0.0979,1.901,30,0.503,0.094,0
B040,2025-06-30,train,0.44,0.555,17.136,0,0,-5.0,2.67,5,23,0.374,0.0983,0.759,60,1.387,0.617,0
B041,2025-06-30,train,0.711,0.136,14.202,0,0,0.0,0.0,0,17,0.393,0.1275,1.115,30,1.081,0.552,0
B042,2025-06-30,train,0.592,0.804,15.301,7,0,0.67,7.0,5,19,0.492,0.0625,0.937,60,-0.23,-0.354,0
B046,2025-06-30,train,0.505,0.473,14.749,17,0,13.0,4.83,2,13,0.482,0.0871,0.888,30,-0.655,1.557,0
B047,2025-06-30,train,0.21,0.022,15.207,0,0,0.0,1.67,1,9,0.3,0.0835,1.354,60,0.183,-0.402,0
B048,2025-06-30,train,0.747,0.608,16.73,0,0,-6.33,4.83,5,21,0.496,0.0812,1.629,60,-0.997,0.718,0
B049,2025-06-30,train,0.357,0.244,14.622,12,0,12.0,2.33,3,23,0.367,0.1148,1.647,60,-0.189,-1.042,0
B050,2025-06-30,train,0.089,0.0,14.19,0,0,-6.0,3.0,2,21,0.029,0.1092,1.417,30,1.648,-0.582,0
B051,2025-06-30,train,0.39,0.0,15.054,0,0,0.0,0.0,0,16,0.472,0.0865,2.122,30,0.737,-1.263,0
B052,2025-06-30,train,0.819,0.244,15.273,0,0,0.0,0.0,1,21,0.382,0.1598,1.787,30,-1.022,1.131,0
B053,2025-06-30,train,0.773,0.0,14.829,0,0,0.0,0.0,0,19,0.332,0.0991,2.267,60,-1.456,0.616,0
B054,2025-06-30,train,-0.004,0.262,15.312,0,0,0.0,0.0,0,15,0.511,0.1007,1.371,60,0.239,-0.282,0
B055,2025-06-30,train,0.444,0.265,13.093,0,0,-3.33,1.67,4,13,0.445,0.0726,1.726,30,-0.551,-0.289,0
B056,2025-06-30,train,0.53,0.0,13.667,0,0,-2.67,1.33,2,21,0.209,0.0247,1.106,30,-0.037,0.344,0
B057,2025-06-30,train,0.333,0.421,14.625,0,0,-8.0,9.17,8,19,0.259,0.0141,0.778,30,-0.286,0.587,0
B058,2025-06-30,train,0.39,0.35,16.395,11,0,11.0,1.83,2,25,0.501,0.0748,1.029,120,-1.115,0.777,0
B059,2025-06-30,train,0.207,0.623,15.138,6,0,6.0,2.67,2,18,0.177,0.1269,1.371,90,0.33,-0.532,0
B061,2025-06-30,train,0.848,0.726,15.644,2,0,-1.67,2.17,3,27,0.485,0.0848,1.135,90,0.946,-0.955,0
B062,2025-06-30,train,0.776,0.0,14.089,0,0,0.0,0.0,0,20,0.513,0.1157,1.136,90,-0.77,-2.174,0
B064,2025-06-30,train,0.036,0.0,14.194,0,0,0.0,0.0,0,14,0.361,0.1428,2.07,30,1.467,-0.528,0
B065,2025-06-30,train,0.113,0.0,15.763,0,0,0.0,0.0,0,21,0.117,0.0705,2.172,90,0.721,-1.139,0
B066,2025-06-30,train,0.637,0.0,14.734,0,0,0.0,2.83,1,18,0.098,0.1017,1.893,30,-0.271,-1.072,0
B067,2025-06-30,train,0.469,0.0,15.118,0,0,0.0,0.0,2,15,0.07,0.0888,1.555,30,-1.192,-0.105,0
B068,2025-06-30,train,0.528,0.244,14.986,13,0,13.0,3.17,2,17,0.261,0.0282,1.979,60,-0.054,0.565,0
B069,2025-06-30,train,0.076,0.228,15.288,0,0,0.0,0.0,1,19,0.539,0.0739,0.441,90,-1.31,0.158,0
B070,2025-06-30,train,0.458,0.47,14.828,16,0,16.0,2.67,2,19,0.373,0.0735,1.769,60,-1.09,-0.442,0
B071,2025-06-30,train,0.101,0.66,14.423,8,0,5.33,4.83,6,12,0.595,0.0944,1.839,60,-0.816,0.408,0
B072,2025-06-30,train,0.854,0.937,15.591,6,0,-14.33,20.67,10,24,0.571,0.0589,0.888,60,1.319,1.116,0
B073,2025-06-30,train,0.175,0.219,15.004,0,0,0.0,0.0,0,15,0.235,0.1568,2.548,60,-0.237,0.059,0
B074,2025-06-30,train,0.371,0.402,14.952,2,0,2.0,0.33,2,29,0.273,0.1183,1.811,60,-1.092,-0.411,0
B075,2025-06-30,train,0.234,0.512,13.098,0,0,-2.67,1.33,1,18,0.457,0.0947,1.538,60,-1.888,-0.926,0
B076,2025-06-30,train,0.488,0.0,14.017,18,0,14.0,5.0,3,17,0.155,0.1567,1.565,120,-1.376,-1.222,0
B077,2025-06-30,train,0.533,0.472,16.405,0,0,0.0,1.67,3,22,0.459,0.1279,1.218,90,1.921,1.354,0
B078,2025-06-30,train,0.486,0.0,15.171,0,0,0.0,0.0,0,22,0.457,0.1642,1.417,30,2.116,0.641,0
B079,2025-06-30,train,0.509,0.224,14.877,0,0,0.0,0.0,0,18,0.023,0.0204,1.789,30,0.463,-0.107,0
B080,2025-06-30,train,0.361,0.0,13.527,0,0,0.0,0.0,0,15,0.503,0.0425,1.365,60,0.762,0.113,0
B081,2025-06-30,train,0.074,0.282,14.716,0,0,-5.33,5.0,4,20,0.174,0.1362,1.159,60,0.601,0.309,0
B082,2025-06-30,train,0.059,0.304,14.436,0,0,0.0,0.0,1,19,0.174,0.1172,1.098,90,2.35,-0.485,0
B084,2025-06-30,train,0.499,0.169,13.791,0,0,-2.0,1.0,3,15,0.116,0.0599,0.719,60,1.015,0.399,0
B085,2025-06-30,train,0.694,0.433,15.695,0,0,0.0,0.0,0,21,0.329,0.0739,1.747,120,-2.036,0.428,0
B086,2025-06-30,train,0.148,0.211,14.784,0,0,-5.67,2.83,2,14,0.202,0.0705,1.879,60,-0.181,0.235,0
B087,2025-06-30,train,0.198,0.817,15.3,17,0,6.0,20.5,11,34,0.378,0.0693,1.035,30,0.181,-0.438,0
B088,2025-06-30,train,0.217,0.357,16.921,0,0,-9.33,6.83,5,19,0.459,0.0963,1.099,60,-1.192,2.18,0
B089,2025-06-30,train,0.706,0.439,15.808,0,0,0.0,0.0,3,19,0.321,0.028,2.033,30,-1.445,-0.544,0
B090,2025-06-30,train,0.72,0.736,15.686,14,0,-13.0,29.5,11,25,0.728,0.0746,0.844,90,-0.366,0.547,1
B091,2025-06-30,train,0.187,0.21,16.117,0,0,0.0,0.0,1,23,0.437,0.1315,1.746,90,-0.667,0.103,0
B092,2025-06-30,train,0.063,0.135,14.985,0,0,-2.67,1.33,2,13,0.149,0.1044,1.576,60,0.058,-1.317,0
B093,2025-06-30,train,0.644,0.0,13.468,0,0,0.0,0.0,0,23,0.251,0.0943,2.544,90,-0.828,-0.305,0
B094,2025-06-30,train,0.147,0.0,13.971,0,0,0.0,0.0,0,21,0.228,0.1432,1.347,30,1.248,0.146,0
B095,2025-06-30,train,0.737,0.282,16.134,0,0,0.0,0.0,0,14,0.466,0.1165,1.709,90,-1.405,-0.499,0
B096,2025-06-30,train,0.419,0.62,14.355,0,0,-6.33,6.33,5,13,0.31,0.1035,1.889,30,-1.309,0.012,0
B097,2025-06-30,train,0.177,0.666,15.609,19,0,16.67,4.33,6,17,0.616,0.153,1.986,30,0.193,0.429,0
B098,2025-06-30,train,0.458,0.347,17.272,0,0,-3.33,1.67,4,16,0.136,0.1004,1.04,30,-0.249,-0.043,0
B099,2025-06-30,train,0.518,0.0,15.017,0,0,0.0,0.0,0,24,0.171,0.0187,1.478,120,-0.942,-0.638,0
B100,2025-06-30,train,0.842,0.123,15.303,0,0,0.0,0.0,2,14,0.326,0.086,1.353,60,-1.302,0.912,0
B102,2025-06-30,train,0.069,0.477,16.065,0,0,-6.33,5.67,7,19,0.282,0.1677,1.727,90,-1.114,-0.546,0
B103,2025-06-30,train,0.628,0.192,14.632,0,0,0.0,2.33,1,23,0.416,0.075,1.169,120,-1.189,-0.475,0
B104,2025-06-30,train,0.528,0.303,15.155,0,0,0.0,0.0,4,25,0.738,0.125,1.411,30,-0.805,-0.336,0
B105,2025-06-30,train,0.791,0.545,15.973,0,0,-7.33,5.33,6,13,0.623,0.1325,1.348,60,-0.682,-0.043,0
B106,2025-06-30,train,0.82,0.559,15.619,0,0,-4.67,2.33,3,13,0.382,0.1841,0.622,60,1.23,-0.077,0
B107,2025-06-30,train,0.062,0.331,14.732,0,0,0.0,0.83,3,23,0.398,0.1011,1.448,30,-1.518,-1.05,0
B109,2025-06-30,train,0.558,0.29,14.67,0,0,0.0,0.0,1,15,0.519,0.1291,1.526,60,-0.592,-0.977,0
B110,2025-06-30,train,0.151,1.068,15.958,29,0,17.0,13.33,10,21,0.614,0.121,1.185,30,-0.952,1.265,1
B111,2025-06-30,train,0.073,0.0,13.831,0,0,0.0,0.0,1,20,0.16,0.059,1.367,60,1.023,-0.462,0
B112,2025-06-30,train,0.199,0.182,15.619,0,0,0.0,0.0,0,11,0.243,0.0424,1.642,30,-0.242,0.012,0
B113,2025-06-30,train,0.496,0.409,14.926,0,0,0.0,0.17,2,20,0.306,0.0849,1.02,30,0.061,0.767,0
B115,2025-06-30,train,0.594,0.926,14.961,11,0,-19.0,27.33,11,17,0.51,0.0666,0.182,30,-0.362,-2.205,0
B116,2025-06-30,train,0.338,0.1,15.17,0,0,0.0,0.0,0,13,0.251,0.0954,1.815,60,-0.131,0.249,0
B117,2025-06-30,train,0.242,0.822,17.476,4,0,0.67,3.17,8,23,0.502,0.1205,0.463,90,-2.194,1.491,0
B118,2025-06-30,train,0.355,0.332,13.751,0,0,-1.0,2.33,2,17,0.549,0.08,1.011,60,0.988,-0.577,0
B119,2025-06-30,train,0.175,0.0,13.836,0,0,-5.33,2.67,2,22,0.06,0.091,2.121,120,-0.282,2.147,0
B120,2025-06-30,train,0.207,0.0,16.182,0,0,-6.0,4.17,7,23,0.605,0.1299,0.906,30,0.067,0.743,0
B121,2025-06-30,train,0.432,0.27,16.662,0,0,-8.33,7.17,6,15,0.36,0.1281,1.656,90,1.065,-1.349,0
B122,2025-06-30,train,0.738,0.113,15.741,0,0,0.0,0.0,0,15,0.201,0.123,0.634,60,1.892,-0.188,0
B123,2025-06-30,train,0.156,0.151,15.647,0,0,0.0,0.0,0,14,0.478,0.0811,1.728,60,0.182,0.095,0
B125,2025-06-30,train,0.816,0.555,13.911,20,0,15.33,5.67,2,17,0.26,0.0732,0.579,90,-1.104,0.484,0
B126,2025-06-30,train,0.632,0.328,13.992,0,0,0.0,0.0,0,26,0.232,0.1224,1.458,90,-0.496,-0.114,0
B127,2025-06-30,train,0.298,0.321,15.384,0,0,-3.0,1.5,3,19,0.651,0.0747,1.788,90,0.969,1.836,0
B128,2025-06-30,train,0.272,0.339,14.58,0,0,-6.33,3.17,1,22,0.347,0.1041,1.555,30,-0.471,0.9,0
B129,2025-06-30,train,0.699,0.429,14.119,0,0,0.0,0.0,2,23,0.451,0.0854,1.616,30,-0.344,-1.338,0
B131,2025-06-30,train,0.097,0.533,15.085,0,0,-11.67,10.67,8,14,0.318,0.0912,0.886,30,-1.507,1.007,0
B132,2025-06-30,train,0.467,0.336,12.621,0,0,0.0,0.0,0,14,0.412,0.1188,1.443,30,-0.201,-0.376,0
B135,2025-06-30,train,0.096,0.0,14.722,0,0,-4.33,2.17,2,17,0.221,0.1493,0.416,120,0.074,1.021,0
B136,2025-06-30,train,0.701,0.323,15.313,18,0,16.0,4.67,8,17,0.307,0.0643,1.67,60,0.044,-0.41,0
B137,2025-06-30,train,0.62,0.0,14.631,0,0,0.0,0.0,0,18,0.201,0.0712,2.009,60,-1.065,0.083,0
B138,2025-06-30,train,0.685,0.232,15.186,7,0,-0.67,7.83,9,26,0.457,0.071,1.077,120,-0.322,-0.439,0
B139,2025-06-30,train,0.263,0.732,16.607,0,0,-9.33,4.67,3,19,0.522,0.0725,1.761,60,0.361,0.056,0
B140,2025-06-30,train,0.297,0.376,15.084,6,0,-8.0,10.67,11,22,0.424,0.117,1.155,30,0.192,0.033,0
B141,2025-06-30,train,-0.012,0.971,15.97,14,0,2.33,14.0,8,28,0.331,0.0458,1.514,90,1.187,0.158,0
B142,2025-06-30,train,0.313,0.0,14.518,0,0,0.0,0.0,0,13,0.007,0.1498,1.79,30,-1.062,0.576,0
B143,2025-06-30,train,0.083,1.166,16.273,15,0,6.0,20.0,11,27,0.562,0.0782,1.549,90,-0.053,-0.118,0
B144,2025-06-30,train,0.24,0.421,14.615,0,0,-2.33,1.17,2,14,0.401,0.1412,1.888,60,1.472,-1.416,0
B145,2025-06-30,train,0.692,0.307,15.721,0,0,-7.0,4.33,5,11,0.567,0.0917,1.34,60,-0.685,0.531,0
B146,2025-06-30,train,0.373,0.569,15.25,0,0,-5.33,2.67,3,21,0.699,0.1301,0.861,90,-1.559,1.418,0
B147,2025-06-30,train,0.093,0.145,15.589,4,0,-1.33,28.17,9,11,0.292,0.0982,0.832,30,0.215,0.169,0
B148,2025-06-30,train,0.759,0.044,15.558,0,0,0.0,0.0,1,20,0.23,0.087,1.637,30,0.06,0.188,0
B149,2025-06-30,train,0.872,0.191,15.556,0,0,0.0,0.0,0,21,0.295,0.034,1.127,90,-0.507,0.343,0
B150,2025-06-30,train,0.434,0.597,15.533,0,0,-13.67,9.83,11,28,0.48,0.0944,0.96,30,-0.065,-1.181,0
B001,2025-07-31,train,0.743,0.274,15.091,7,0,7.0,1.17,1,11,0.519,0.1312,1.893,90,-0.095,0.848,0
B002,2025-07-31,train,0.239,0.424,16.163,0,0,-0.33,0.17,5,19,0.426,0.0035,2.305,120,-0.756,1.535,0
B003,2025-07-31,train,0.206,1.221,15.07,14,0,-59.67,45.83,12,24,0.226,0.137,1.307,120,0.287,-0.838,1
B004,2025-07-31,train,0.109,0.475,13.893,4,0,-49.67,35.83,9,16,0.445,0.127,1.606,60,-0.178,-0.976,0
B006,2025-07-31,train,0.446,0.19,16.012,0,0,-2.33,1.17,3,19,0.394,0.0626,2.031,60,-1.229,-0.36,0
B007,2025-07-31,train,0.07,0.0,14.709,0,0,0.0,0.0,1,25,0.119,0.0856,1.445,30,0.338,-0.547,0
B008,2025-07-31,train,0.298,0.169,14.576,0,0,0.0,0.0,1,14,0.339,0.1694,1.411,30,0.276,0.246,0
B009,2025-07-31,train,0.106,0.57,13.913,0,0,-2.0,2.5,6,20,0.396,0.1936,2.507,60,0.384,-1.35,0
B011,2025-07-31,train,0.122,0.0,14.185,8,0,2.0,4.33,2,14,0.462,0.0895,1.997,30,0.924,1.318,0
B012,2025-07-31,train,0.57,0.0,14.881,0,0,0.0,3.17,1,21,0.345,0.1163,0.867,90,-0.145,-0.829,0
B014,2025-07-31,train,0.549,0.708,15.443,14,0,-29.33,25.67,7,19,0.382,0.115,1.103,60,-0.12,-0.745,0
B015,2025-07-31,train,0.233,0.083,15.895,0,0,0.0,0.0,0,18,0.623,0.0333,1.633,60,-1.774,1.055,0
B016,2025-07-31,train,0.564,0.371,14.536,1,0,1.0,0.83,4,16,0.328,0.1228,1.562,30,-0.216,-0.063,0
B018,2025-07-31,train,0.218,0.358,14.366,0,0,-3.0,1.5,2,26,0.355,0.081,2.003,30,-1.24,-0.02,0
B019,2025-07-31,train,0.784,0.169,14.245,10,0,7.33,9.17,8,23,0.579,0.1407,1.067,60,0.285,-0.158,0
B020,2025-07-31,train,0.143,1.272,15.605,24,0,-27.67,31.5,6,26,0.372,0.1003,0.894,120,0.678,0.09,1
B021,2025-07-31,train,0.841,0.102,15.445,0,0,0.0,0.0,0,17,0.607,0.1641,1.145,30,1.937,-1.064,0
B022,2025-07-31,train,0.29,0.346,15.838,10,0,10.0,3.17,3,21,0.152,0.0844,1.302,30,0.003,-1.596,0
B023,2025-07-31,train,0.685,0.224,14.475,0,0,0.0,2.17,2,11,0.234,0.1413,1.783,60,-0.894,0.304,0
B024,2025-07-31,train,0.405,0.079,15.255,0,0,0.0,0.0,1,22,0.273,0.1182,1.687,30,-0.881,-1.003,0
B025,2025-07-31,train,0.864,0.551,16.125,0,0,0.0,0.0,1,19,0.107,0.1736,1.08,60,1.046,-0.92,0
B028,2025-07-31,train,0.032,0.0,14.832,0,0,0.0,0.0,0,13,0.284,0.1059,2.282,60,-0.282,0.71,0
B029,2025-07-31,train,0.462,0.181,14.988,0,0,0.0,0.0,1,16,0.577,0.0863,1.716,90,1.717,1.556,0
B031,2025-07-31,train,0.35,0.531,14.761,0,0,-5.33,5.67,6,17,0.437,0.1037,0.234,60,-0.392,1.43,0
B032,2025-07-31,train,0.385,0.489,17.214,4,0,2.33,1.5,5,17,0.409,0.1144,0.697,60,0.08,-0.78,0
B033,2025-07-31,train,0.801,0.462,14.133,0,0,0.0,16.0,8,11,0.513,0.0775,0.559,60,0.301,-1.048,0
B035,2025-07-31,train,0.153,0.926,16.077,6,0,0.0,5.83,10,28,0.523,0.1174,1.061,60,-0.343,0.99,0
B036,2025-07-31,train,0.874,0.054,15.565,0,0,0.0,0.0,0,22,0.347,0.1235,1.131,60,-0.494,-0.799,0
B037,2025-07-31,train,0.611,0.0,13.913,0,0,0.0,0.0,0,10,0.293,0.1284,1.835,30,-0.69,-2.239,0
B038,2025-07-31,train,0.891,1.142,14.974,22,0,-38.0,36.33,10,12,0.659,0.136,0.176,60,-0.19,-0.387,1
B039,2025-07-31,train,0.387,0.0,14.149,0,0,0.0,0.0,0,23,0.276,0.0864,2.027,30,-2.416,1.357,0
B040,2025-07-31,train,0.454,0.491,16.912,12,0,7.0,4.5,5,19,0.249,0.0478,0.799,60,0.773,3.187,0
B041,2025-07-31,train,0.723,0.366,14.047,0,0,0.0,0.0,0,19,0.624,0.1293,1.058,30,0.651,0.005,0
B043,2025-07-31,train,0.637,0.178,13.457,0,0,0.0,0.0,0,18,0.357,0.0686,1.659,30,0.102,0.424,0
B044,2025-07-31,train,0.486,0.331,15.272,0,0,-2.67,3.33,4,13,0.167,0.0759,1.976,60,0.444,-0.1,0
B045,2025-07-31,train,0.113,0.0,14.752,6,0,6.0,1.0,1,12,0.441,0.1077,1.425,60,0.945,0.87,0
B046,2025-07-31,train,0.484,0.322,14.886,0,0,-9.67,4.83,2,23,0.516,0.1007,1.121,30,0.85,1.348,0
B048,2025-07-31,train,0.769,0.552,16.347,15,0,8.67,7.33,6,26,0.443,0.1429,1.657,60,-0.115,0.342,0
B049,2025-07-31,train,0.401,0.088,14.919,0,0,-4.0,2.33,3,19,0.265,0.059,1.516,60,-2.524,-0.105,0
B050,2025-07-31,train,0.083,0.276,14.336,7,0,7.0,4.17,3,14,0.374,0.1458,1.204,30,0.791,0.831,0
B051,2025-07-31,train,0.437,0.029,15.37,0,0,0.0,0.0,0,17,0.426,0.0936,1.934,30,-0.765,0.543,0
B052,2025-07-31,train,0.81,0.5,15.521,0,0,0.0,0.0,1,22,0.527,0.0579,1.761,30,-0.224,0.912,0
B054,2025-07-31,train,0.08,0.296,15.817,0,0,0.0,0.0,0,19,0.336,0.1132,1.237,60,0.812,0.854,0
B055,2025-07-31,train,0.488,0.35,13.233,0,0,-3.33,1.67,4,23,0.208,0.0713,1.736,30,-0.682,-1.994,0
B056,2025-07-31,train,0.522,0.013,13.631,0,0,-2.67,1.33,2,15,0.128,0.0839,1.507,30,-0.156,-1.52,0
B057,2025-07-31,train,0.336,0.753,15.137,10,0,7.0,7.83,9,23,0.419,0.1099,0.793,30,-0.323,-0.129,0
B058,2025-07-31,train,0.477,0.362,16.257,0,0,-3.67,1.83,2,32,0.342,0.1202,1.375,120,-1.32,-0.434,0
B059,2025-07-31,train,0.225,0.485,15.153,0,0,-2.0,1.0,2,20,0.559,0.0742,1.281,90,-0.822,-0.883,0
B060,2025-07-31,train,0.295,0.056,13.012,0,0,0.0,0.0,0,18,0.281,0.1284,1.139,60,-0.921,-1.412,0
B061,2025-07-31,train,0.848,0.761,15.777,10,0,6.67,3.83,4,24,0.473,0.1071,1.336,90,-0.463,-1.184,1
B062,2025-07-31,train,0.793,0.346,14.535,0,0,0.0,0.0,0,18,0.293,0.0839,1.022,90,-1.191,-0.911,0
B063,2025-07-31,train,0.061,0.623,15.249,0,0,-5.67,10.67,8,24,0.385,0.1577,0.91,120,0.386,0.949,0
B064,2025-07-31,train,0.053,0.0,14.145,0,0,0.0,0.0,0,14,0.391,0.1085,1.953,30,-1.149,0.461,0
B065,2025-07-31,train,0.146,0.0,15.843,0,0,0.0,0.0,0,20,0.224,0.0977,1.963,90,1.169,1.0,0
B066,2025-07-31,train,0.707,0.0,14.845,0,0,0.0,2.83,1,13,0.347,0.0853,1.509,30,1.328,0.318,0
B067,2025-07-31,train,0.346,0.0,15.007,0,0,0.0,0.0,2,19,0.375,0.1607,1.601,30,-0.07,-2.499,0
B068,2025-07-31,train,0.481,0.35,14.854,8,0,3.67,4.5,3,14,0.057,0.1656,1.872,60,-0.098,1.734,0
B069,2025-07-31,train,0.051,0.196,15.27,0,0,0.0,0.0,1,20,0.332,0.0906,0.543,90,0.469,1.124,0
B070,2025-07-31,train,0.5,0.132,15.28,0,0,-5.33,2.67,2,21,0.206,0.0636,1.862,60,-0.685,1.429,0
B071,2025-07-31,train,0.126,0.48,14.279,0,0,-5.33,3.67,5,21,0.077,0.0812,1.842,60,0.155,0.572,0
B072,2025-07-31,train,0.816,0.709,15.683,0,0,-14.33,14.33,10,21,0.852,0.0907,1.068,60,-0.674,1.521,0
B073,2025-07-31,train,0.143,0.04,15.16,0,0,0.0,0.0,0,9,0.345,0.0914,2.326,60,-0.461,-0.427,0
B074,2025-07-31,train,0.312,0.145,15.189,3,0,2.33,0.83,3,19,0.342,0.0824,1.914,60,-1.087,0.139,0
B075,2025-07-31,train,0.194,0.58,13.363,4,0,4.0,2.0,2,22,0.448,0.1318,1.477,60,1.051,0.248,0
B076,2025-07-31,train,0.507,0.0,13.892,0,0,-10.0,5.0,3,16,0.288,0.1272,1.545,120,-0.308,-0.766,0
B077,2025-07-31,train,0.583,0.543,16.346,0,0,0.0,1.67,3,10,0.126,0.044,1.184,90,0.468,-1.062,0
B078,2025-07-31,train,0.495,0.0,15.479,0,0,0.0,0.0,0,16,0.078,0.065,1.508,30,-1.193,0.009,0
B079,2025-07-31,train,0.541,0.188,15.291,0,0,0.0,0.0,0,17,0.301,0.1206,1.89,30,0.548,-0.756,0
B080,2025-07-31,train,0.354,0.285,13.535,0,0,0.0,0.0,0,16,0.335,0.1118,1.506,60,0.306,-1.652,0
B081,2025-07-31,train,0.08,0.141,14.855,0,0,0.0,2.67,3,20,0.316,0.1115,1.229,60,0.481,0.148,0
B082,2025-07-31,train,0.048,0.576,14.34,0,0,0.0,0.0,1,27,0.479,0.1334,1.282,90,0.952,1.72,0
B083,2025-07-31,train,0.78,0.169,15.566,0,0,-1.67,0.83,2,13,0.581,0.0666,1.164,60,0.381,-1.26,0
B084,2025-07-31,train,0.542,0.315,13.61,0,0,-1.67,1.0,2,24,0.294,0.0946,0.667,60,1.79,-0.824,0
B086,2025-07-31,train,0.122,0.01,14.581,0,0,-0.67,2.83,2,16,0.37,0.0671,2.013,60,-0.164,-0.802,0
B087,2025-07-31,train,0.277,0.707,15.045,10,0,-1.67,14.0,11,22,0.372,0.0721,1.109,30,-0.16,-0.1,0
B088,2025-07-31,train,0.212,0.518,16.359,0,0,-9.33,4.67,5,15,0.404,0.1088,1.186,60,0.027,-0.753,0
B089,2025-07-31,train,0.598,0.526,15.227,0,0,0.0,0.0,2,12,0.472,0.1403,2.004,30,0.803,0.071,0
B090,2025-07-31,train,0.78,0.88,15.349,64,1,46.0,38.5,11,22,0.664,0.0826,0.559,90,1.673,0.019,1
B091,2025-07-31,train,0.218,0.628,16.136,0,0,0.0,0.0,0,22,0.387,0.1338,1.371,90,0.131,-1.513,0
B092,2025-07-31,train,0.043,0.234,15.39,0,0,-2.67,1.33,1,14,0.384,0.082,1.679,60,0.348,0.298,0
B093,2025-07-31,train,0.684,0.026,13.523,0,0,0.0,0.0,0,16,0.301,0.153,2.446,90,0.791,-1.065,0
B094,2025-07-31,train,0.207,0.0,13.821,0,0,0.0,0.0,0,22,0.111,0.1927,1.616,30,-0.656,-0.436,0
B095,2025-07-31,train,0.783,0.306,15.924,0,0,0.0,0.0,0,15,0.503,0.1914,1.844,90,0.579,-0.761,0
B096,2025-07-31,train,0.466,0.524,14.119,0,0,0.0,3.17,5,27,0.292,0.051,1.752,30,-1.06,0.277,0
B097,2025-07-31,train,0.273,0.36,15.52,13,0,4.33,6.5,7,26,0.273,0.1314,1.964,30,1.0,0.285,0
B098,2025-07-31,train,0.467,0.328,17.061,0,0,-3.33,1.67,4,19,0.271,0.1048,1.258,30,1.027,-2.425,0
B099,2025-07-31,train,0.557,0.378,14.943,0,0,0.0,0.0,0,12,0.254,0.1439,1.592,120,0.173,0.896,0
B100,2025-07-31,train,0.848,0.0,15.377,0,0,0.0,0.0,2,12,0.397,0.1872,1.282,60,1.71,0.692,0
B101,2025-07-31,train,0.86,0.413,17.458,15,0,15.0,5.67,5,18,0.412,0.141,1.866,60,-0.856,1.256,0
B102,2025-07-31,train,0.04,0.47,15.835,0,0,-4.33,5.67,6,18,0.326,0.1495,1.671,90,-0.437,0.462,0
B103,2025-07-31,train,0.562,0.0,14.798,0,0,0.0,2.33,1,9,0.494,0.0822,1.325,120,1.476,-0.137,0
B104,2025-07-31,train,0.561,0.425,15.471,0,0,0.0,0.0,3,28,0.401,0.207,1.45,30,-0.304,1.078,0
B105,2025-07-31,train,0.74,0.658,16.284,1,0,-5.0,3.83,6,21,0.413,0.0206,1.567,60,-2.396,-0.319,0
B106,2025-07-31,train,0.735,0.403,15.242,0,0,-4.67,2.33,3,20,0.207,0.0825,0.778,60,0.372,0.253,0
B107,2025-07-31,train,0.073,0.842,14.695,8,0,8.0,2.17,4,14,0.279,0.084,1.25,30,-1.68,0.852,0
B108,2025-07-31,train,0.779,0.399,14.147,5,0,-4.33,5.5,6,13,0.47,0.1365,2.039,60,0.66,2.095,0
B109,2025-07-31,train,0.617,0.22,14.325,0,0,0.0,0.0,1,18,0.429,0.1198,1.366,60,-0.337,0.416,0
B110,2025-07-31,train,0.152,1.172,16.182,21,0,4.67,14.5,11,25,0.495,0.1286,1.326,30,0.95,2.08,1
B111,2025-07-31,train,0.086,0.0,13.575,0,0,0.0,0.0,0,17,0.009,0.066,1.677,60,-1.287,0.148,0
B112,2025-07-31,train,0.175,0.35,15.606,0,0,0.0,0.0,0,20,0.023,0.0671,1.851,30,0.705,0.523,0
B113,2025-07-31,train,0.526,0.593,15.379,16,0,16.0,2.67,3,16,0.534,0.147,1.323,30,-0.404,-0.288,0
B115,2025-07-31,train,0.62,0.255,15.075,2,0,-27.67,25.67,12,26,0.474,0.078,0.141,30,0.26,-0.996,0
B116,2025-07-31,train,0.359,0.0,15.467,0,0,0.0,0.0,0,11,0.422,0.0877,1.572,60,-0.139,-0.286,0
B117,2025-07-31,train,0.228,0.492,17.396,0,0,-2.0,3.17,7,19,0.56,0.1466,0.673,90,-0.442,-1.201,0
B118,2025-07-31,train,0.338,0.068,14.201,0,0,0.0,2.33,2,25,0.363,0.1154,0.989,60,0.24,-0.818,0
B119,2025-07-31,train,0.207,0.0,13.591,0,0,-5.33,2.67,2,13,0.307,0.0797,1.906,120,-0.746,-2.016,0
B121,2025-07-31,train,0.472,0.344,16.752,0,0,-8.33,7.17,5,11,0.493,0.0899,1.635,90,0.782,0.195,0
B122,2025-07-31,train,0.699,0.0,15.795,0,0,0.0,0.0,0,14,0.207,0.0615,0.901,60,-0.964,-0.314,0
B123,2025-07-31,train,0.128,0.06,15.911,0,0,0.0,0.0,0,19,0.231,0.0507,2.039,60,0.275,1.118,0
B124,2025-07-31,train,0.595,0.535,14.866,0,0,-1.33,0.67,1,15,0.422,0.1137,1.168,90,0.893,-0.453,0
B126,2025-07-31,train,0.647,0.354,14.281,0,0,0.0,0.0,0,21,0.27,0.104,1.613,90,0.733,0.731,0
B127,2025-07-31,train,0.269,0.263,14.979,0,0,-2.67,1.5,2,23,0.484,0.1612,1.839,90,0.738,-0.531,0
B128,2025-07-31,train,0.22,0.41,14.212,0,0,-6.33,3.17,1,23,0.154,0.0635,1.495,30,0.943,0.339,0
B129,2025-07-31,train,0.713,0.136,14.378,0,0,0.0,0.0,2,21,0.479,0.0294,1.584,30,0.303,0.514,0
B130,2025-07-31,train,0.658,0.383,15.391,0,0,0.0,0.67,3,15,0.721,0.0885,1.95,60,0.026,0.653,0
B131,2025-07-31,train,0.052,0.294,15.265,0,0,-6.67,8.33,7,16,0.585,0.119,0.899,30,-0.219,0.579,0
B132,2025-07-31,train,0.515,0.227,12.577,0,0,0.0,0.0,0,12,0.416,0.0735,1.673,30,-0.151,-1.187,0
B134,2025-07-31,train,0.483,0.0,13.782,0,0,0.0,0.0,0,16,0.55,0.1014,0.5,30,-0.356,-1.143,0
B135,2025-07-31,train,0.091,0.61,14.207,0,0,0.0,2.17,2,18,0.306,0.0814,0.693,120,0.812,-1.105,0
B136,2025-07-31,train,0.71,0.476,15.322,8,0,0.0,6.0,8,19,0.659,0.0907,1.836,60,-1.703,1.591,0
B137,2025-07-31,train,0.605,0.403,14.865,0,0,0.0,0.0,0,16,0.271,0.1282,2.015,60,-0.855,-0.695,0
B138,2025-07-31,train,0.703,0.804,14.941,0,0,-10.0,7.83,8,22,0.258,0.1176,1.186,120,-0.439,0.799,0
B139,2025-07-31,train,0.228,0.508,16.326,0,0,-3.67,4.67,3,15,0.33,0.11,1.912,60,-0.744,-0.813,0
B140,2025-07-31,train,0.307,0.678,14.638,7,0,-3.0,11.5,11,27,0.294,0.1063,1.132,30,-0.866,0.783,0
B141,2025-07-31,train,0.031,0.683,15.845,0,0,-10.33,11.33,8,18,0.339,0.138,1.649,90,-0.733,1.562,0
B142,2025-07-31,train,0.339,0.172,15.033,0,0,0.0,0.0,0,18,0.195,0.1092,1.871,30,-1.36,0.996,0
B143,2025-07-31,train,0.047,1.289,16.549,7,0,-4.67,13.83,12,29,0.832,0.134,1.216,90,-0.691,0.748,0
B144,2025-07-31,train,0.304,0.199,14.636,0,0,-2.33,1.17,2,20,0.222,0.0889,2.048,60,-0.757,-0.25,0
B147,2025-07-31,train,0.127,0.469,15.292,0,0,-1.33,21.17,9,25,0.419,0.0297,0.794,30,-1.443,0.834,0
B148,2025-07-31,train,0.726,0.237,15.897,1,0,1.0,0.17,2,21,0.324,0.0771,1.744,30,-1.221,1.52,0
B149,2025-07-31,train,0.933,0.051,15.132,0,0,0.0,0.0,0,14,0.284,0.1053,1.049,90,1.185,-0.188,0
B150,2025-07-31,train,0.433,0.851,15.361,19,0,10.33,12.33,11,23,0.282,0.1359,1.083,30,0.915,-0.972,0
B001,2025-08-31,train,0.744,0.433,15.425,8,0,5.67,2.5,2,18,0.325,0.1083,2.159,90,2.01,0.743,0
B002,2025-08-31,train,0.18,0.423,15.867,0,0,0.0,0.17,4,17,0.179,0.1671,2.024,120,-2.143,-0.244,0
B003,2025-08-31,train,0.263,1.062,14.928,43,1,0.0,49.67,12,17,0.566,0.1147,1.454,120,0.265,-1.598,1
B004,2025-08-31,train,0.136,0.892,13.877,0,0,-5.0,34.67,9,16,0.69,0.0923,1.57,60,0.221,1.075,0
B005,2025-08-31,train,0.201,0.457,15.589,11,0,10.67,7.17,6,18,0.242,0.1053,1.02,30,0.71,0.098,0
B006,2025-08-31,train,0.519,0.603,16.328,0,0,-2.33,1.17,3,12,0.249,0.1394,1.861,60,-0.652,0.893,0
B007,2025-08-31,train,0.049,0.0,14.543,0,0,0.0,0.0,1,14,0.356,0.0954,1.565,30,-0.736,0.166,0
B008,2025-08-31,train,0.291,0.161,14.411,0,0,0.0,0.0,1,14,0.152,0.0727,1.458,30,0.567,1.432,0
B009,2025-08-31,train,0.133,0.493,14.236,0,0,-2.0,2.5,5,13,0.349,0.1677,2.391,60,0.253,1.859,0
B010,2025-08-31,train,0.942,0.944,14.817,59,1,38.0,33.17,8,22,0.284,0.0822,0.718,90,-1.027,0.922,1
B011,2025-08-31,train,0.111,0.017,14.014,0,0,-8.67,4.33,2,21,0.119,0.048,2.007,30,-2.253,1.116,0
B012,2025-08-31,train,0.65,0.0,14.921,0,0,0.0,3.17,1,7,0.143,0.0643,0.807,90,0.553,0.164,0
B013,2025-08-31,train,0.77,0.482,15.261,11,0,11.0,1.83,4,17,0.453,0.1239,2.391,90,0.039,1.525,0
B014,2025-08-31,train,0.563,1.002,15.525,0,0,-48.0,25.67,6,17,0.487,0.0764,0.785,60,-0.582,0.072,0
B015,2025-08-31,train,0.309,0.054,15.169,0,0,0.0,0.0,0,17,0.406,0.1761,1.688,60,-0.205,0.056,0
B016,2025-08-31,train,0.578,0.853,14.452,0,0,-0.33,0.83,3,13,0.465,0.1709,1.94,30,0.586,-1.478,0
B017,2025-08-31,train,0.632,1.03,15.046,10,0,-48.0,34.83,12,15,0.469,0.1128,0.814,30,-2.33,1.275,1
B018,2025-08-31,train,0.134,0.128,14.388,0,0,0.0,1.5,2,19,0.378,0.1042,1.836,30,0.133,1.37,0
B019,2025-08-31,train,0.835,0.66,14.164,0,0,-6.0,6.17,7,15,0.414,0.0977,1.329,60,-0.479,1.37,0
B020,2025-08-31,train,0.167,1.131,15.796,30,0,-23.0,34.83,7,11,0.41,0.0781,0.718,120,-0.28,0.147,1
B021,2025-08-31,train,0.901,0.0,15.567,0,0,0.0,0.0,0,15,0.37,0.1824,1.058,30,1.444,-0.392,0
B022,2025-08-31,train,0.182,0.507,15.764,0,0,-3.33,1.67,3,19,0.319,0.0786,1.172,30,-0.258,1.777,0
B023,2025-08-31,train,0.629,0.093,14.627,0,0,0.0,0.0,1,11,0.04,0.0158,1.62,60,-0.661,-1.281,0
B024,2025-08-31,train,0.378,0.083,15.149,0,0,0.0,0.0,1,14,0.392,0.0975,1.814,30,-1.282,-1.122,0
B025,2025-08-31,train,0.885,0.178,16.064,0,0,0.0,0.0,1,14,0.338,0.1051,0.918,60,1.68,-0.338,0
B026,2025-08-31,train,0.592,0.453,15.095,0,0,-1.0,3.67,4,20,0.263,0.0247,1.638,60,-0.168,1.028,0
B027,2025-08-31,train,0.075,0.506,15.287,0,0,-3.0,2.0,5,19,0.563,0.0948,1.891,60,-0.191,0.172,0
B029,2025-08-31,train,0.508,0.0,15.133,0,0,0.0,0.0,1,17,0.226,0.0574,1.991,90,0.618,0.107,0
B030,2025-08-31,train,0.421,0.457,14.816,0,0,-4.0,2.0,2,23,0.412,0.0826,1.855,30,0.27,0.68,0
B031,2025-08-31,train,0.364,0.599,14.662,11,0,5.67,7.5,6,17,0.176,0.1608,0.197,60,0.925,0.015,0
B032,2025-08-31,train,0.445,0.251,17.038,0,0,-1.67,1.5,5,17,0.544,0.2075,0.888,60,0.866,1.009,0
B033,2025-08-31,train,0.861,0.446,14.131,0,0,0.0,3.0,7,12,0.457,0.1823,0.429,60,0.424,-1.295,0
B034,2025-08-31,train,0.369,0.892,13.758,16,0,-22.0,27.5,11,21,0.688,0.1505,0.156,60,-0.661,-0.454,1
B037,2025-08-31,train,0.63,0.0,13.876,0,0,0.0,0.0,0,11,0.27,0.0858,1.642,30,1.766,0.492,0
B038,2025-08-31,train,0.875,1.106,15.236,19,0,1.67,39.5,10,18,0.446,0.1494,0.036,60,0.349,-0.656,1
B039,2025-08-31,train,0.384,0.0,14.36,0,0,0.0,0.0,0,21,0.255,0.0628,2.071,30,-0.961,-1.09,0
B040,2025-08-31,train,0.449,0.982,17.089,19,0,10.0,7.67,6,18,0.382,0.1141,1.038,60,1.342,1.334,0
B041,2025-08-31,train,0.739,0.264,14.474,0,0,0.0,0.0,0,19,0.35,0.1538,1.44,30,1.853,0.976,0
B042,2025-08-31,train,0.582,0.631,15.672,0,0,-5.67,4.83,5,16,0.626,0.1685,0.849,60,0.478,0.221,0
B044,2025-08-31,train,0.503,0.162,14.95,0,0,-2.67,1.83,4,18,0.707,0.0839,1.791,60,-0.533,0.2,0
B045,2025-08-31,train,0.13,0.0,14.724,0,0,-2.0,1.0,1,17,0.134,0.0734,1.219,60,1.295,0.236,0
B046,2025-08-31,train,0.414,0.344,14.687,0,0,-9.67,4.83,2,11,0.338,0.1104,0.953,30,0.224,-2.466,0
B047,2025-08-31,train,0.207,0.0,15.225,0,0,0.0,0.0,1,16,0.307,0.0715,1.348,60,-0.121,-0.799,0
B048,2025-08-31,train,0.768,0.615,16.397,0,0,-8.67,5.67,6,21,0.403,0.0827,1.307,60,0.267,2.232,0
B049,2025-08-31,train,0.369,0.531,15.056,0,0,-4.0,2.0,3,29,0.223,0.0762,1.493,60,0.385,-1.001,0
B051,2025-08-31,train,0.462,0.267,15.312,0,0,0.0,0.0,0,18,0.428,0.0884,2.024,30,-1.041,1.144,0
B052,2025-08-31,train,0.816,0.594,15.503,0,0,0.0,0.0,1,26,0.118,0.1224,2.006,30,-0.945,0.001,0
B054,2025-08-31,train,0.106,0.0,15.477,0,0,0.0,0.0,0,18,0.3,0.1663,0.991,60,0.744,0.265,0
B055,2025-08-31,train,0.489,0.352,13.11,0,0,-3.33,1.67,3,16,0.27,0.0847,1.515,30,0.65,0.348,0
B056,2025-08-31,train,0.546,0.346,13.614,7,0,7.0,2.5,3,14,0.376,0.0796,1.211,30,1.161,-1.613,0
B057,2025-08-31,train,0.333,1.247,14.936,3,0,-0.33,6.17,9,15,0.558,0.1116,0.796,30,0.808,0.321,0
B058,2025-08-31,train,0.443,0.373,16.26,3,0,-0.67,2.33,3,25,0.665,0.0995,1.321,120,-0.225,0.509,0
B059,2025-08-31,train,0.333,0.514,15.153,0,0,-2.0,1.0,2,19,0.423,0.0916,1.196,90,0.931,-0.418,0
B060,2025-08-31,train,0.318,0.056,13.075,0,0,0.0,0.0,0,20,0.338,0.1093,1.525,60,1.002,0.06,0
B061,2025-08-31,train,0.788,0.916,15.892,36,1,32.0,9.83,5,13,0.538,0.1369,1.423,90,0.232,1.597,0
B062,2025-08-31,train,0.789,0.374,14.339,0,0,0.0,0.0,0,9,0.283,0.0549,1.281,90,-0.931,-0.629,0
B063,2025-08-31,train,0.115,0.41,15.599,11,0,9.0,4.67,8,23,0.308,0.0847,0.735,120,1.572,1.09,0
B064,2025-08-31,train,0.056,0.0,13.882,0,0,0.0,0.0,0,19,0.317,0.1182,2.088,30,0.565,0.717,0
B065,2025-08-31,train,0.131,0.0,15.831,0,0,0.0,0.0,0,11,0.124,0.1321,1.806,90,-0.157,2.128,0
B066,2025-08-31,train,0.709,0.0,15.14,0,0,0.0,0.0,1,12,0.152,0.1055,1.912,30,0.827,1.622,0
B067,2025-08-31,train,0.437,0.0,15.006,0,0,0.0,0.0,2,14,0.344,0.0556,1.511,30,0.17,0.3,0
B068,2025-08-31,train,0.497,0.093,14.715,0,0,-7.0,3.5,3,11,0.488,0.1207,1.982,60,-0.699,0.834,0
B069,2025-08-31,train,0.088,0.447,15.285,0,0,0.0,0.0,1,11,0.335,0.0648,0.415,90,-0.567,0.091,0
B070,2025-08-31,train,0.437,0.038,15.089,8,0,2.67,4.0,3,19,0.412,0.1026,1.819,60,1.025,-0.065,0
B071,2025-08-31,train,0.113,0.605,14.133,0,0,-2.67,2.67,4,7,0.437,0.0976,1.976,60,0.16,0.547,0
B072,2025-08-31,train,0.874,0.96,15.951,3,0,-7.0,11.67,11,23,0.581,0.1322,1.302,60,1.538,0.329,1
B074,2025-08-31,train,0.368,0.379,14.827,0,0,-1.67,0.83,3,18,0.022,0.0733,1.802,60,0.673,0.771,0
B075,2025-08-31,train,0.164,0.613,13.464,0,0,-1.33,2.0,2,19,0.096,0.0606,1.56,60,-2.121,0.988,0
B076,2025-08-31,train,0.501,0.0,14.549,0,0,-9.0,5.0,3,16,0.348,0.1125,1.699,120,-0.352,0.218,0
B077,2025-08-31,train,0.572,0.129,16.554,0,0,0.0,0.0,2,15,0.553,0.1534,1.374,90,0.851,-1.072,0
B078,2025-08-31,train,0.454,0.028,15.18,0,0,0.0,0.0,0,17,0.139,0.0915,1.456,30,0.196,-1.193,0
B079,2025-08-31,train,0.522,0.157,15.254,0,0,0.0,0.0,0,15,0.363,0.0772,1.808,30,-0.114,0.439,0
B080,2025-08-31,train,0.412,0.0,13.447,0,0,0.0,0.0,0,19,0.351,0.0839,1.624,60,0.001,0.988,0
B081,2025-08-31,train,0.118,0.653,14.616,0,0,0.0,2.67,3,21,0.477,0.0679,1.209,60,-1.243,0.757,0
B082,2025-08-31,train,0.068,0.176,14.302,0,0,0.0,0.0,1,27,0.456,0.0674,1.405,90,0.278,1.483,0
B083,2025-08-31,train,0.859,0.0,15.642,0,0,-1.67,0.83,1,18,0.344,0.146,1.278,60,0.821,0.004,0
B085,2025-08-31,train,0.718,0.383,15.675,0,0,0.0,0.0,0,14,0.427,0.072,1.675,120,-0.514,-1.063,0
B086,2025-08-31,train,0.115,0.158,14.918,0,0,0.0,2.83,2,26,0.402,0.0516,1.831,60,2.764,-0.633,0
B087,2025-08-31,train,0.259,0.553,14.936,14,0,4.33,12.33,12,25,0.447,0.1313,0.901,30,-2.008,-0.925,0
B088,2025-08-31,train,0.225,0.637,16.679,14,0,9.0,7.0,6,21,0.294,0.1376,1.337,60,-1.16,0.682,0
B089,2025-08-31,train,0.7,0.573,15.315,0,0,0.0,0.0,2,19,0.397,0.1057,2.258,30,-0.623,-0.828,0
B090,2025-08-31,train,0.768,1.135,15.254,16,0,-17.0,29.17,11,14,0.504,0.1103,0.492,90,1.089,-0.153,0
B091,2025-08-31,train,0.234,0.828,16.575,0,0,0.0,0.0,0,25,0.393,0.0814,1.527,90,-0.399,1.09,0
B092,2025-08-31,train,0.059,0.013,15.225,7,0,4.33,2.5,2,15,0.23,0.1294,1.543,60,2.161,0.4,0
B093,2025-08-31,train,0.682,0.335,13.554,0,0,0.0,0.0,0,19,0.47,0.0968,2.725,90,0.071,0.461,0
B095,2025-08-31,train,0.714,0.366,16.233,0,0,0.0,0.0,0,26,0.319,0.06,1.695,90,0.39,0.486,0
B096,2025-08-31,train,0.429,0.623,14.252,13,0,13.0,5.33,5,19,0.455,0.0381,1.842,30,-0.12,-1.121,0
B097,2025-08-31,train,0.186,0.374,15.294,0,0,-10.67,6.5,6,20,0.521,0.1219,2.145,30,0.607,2.786,0
B098,2025-08-31,train,0.469,0.587,17.228,0,0,0.0,1.67,4,14,0.446,0.1127,1.154,30,-0.163,-0.884,0
B099,2025-08-31,train,0.555,0.361,14.984,0,0,0.0,0.0,0,18,0.519,0.0858,1.64,120,-0.771,1.459,0
B100,2025-08-31,train,0.836,0.0,15.16,14,0,14.0,2.33,2,13,0.355,0.0972,1.414,60,-0.936,0.019,0
B101,2025-08-31,train,0.784,0.308,17.29,0,0,-5.0,2.5,5,18,0.417,0.0209,1.861,60,1.249,1.059,0
B102,2025-08-31,train,0.101,0.791,15.654,0,0,0.0,3.17,6,20,0.414,0.1162,1.507,90,0.055,-1.165,0
B103,2025-08-31,train,0.641,0.193,14.704,0,0,0.0,0.0,1,24,0.249,0.1089,1.163,120,0.946,-0.288,0
B104,2025-08-31,train,0.526,0.499,15.213,15,0,15.0,2.5,4,17,0.64,0.0738,1.868,30,1.087,-0.096,0
B105,2025-08-31,train,0.775,0.63,15.685,0,0,-1.0,3.83,6,20,0.646,0.069,1.668,60,-1.019,-0.687,0
B106,2025-08-31,train,0.779,0.119,14.971,0,0,0.0,2.33,2,16,0.659,0.1185,0.753,60,0.25,-1.602,0
B107,2025-08-31,train,0.035,0.916,14.696,0,0,-2.67,1.33,3,23,0.26,0.0596,1.358,30,0.983,-1.921,0
B108,2025-08-31,train,0.853,0.394,14.074,6,0,1.33,6.5,7,28,0.277,0.0919,2.24,60,-2.206,0.155,0
B110,2025-08-31,train,0.113,1.069,16.02,23,0,5.0,18.17,11,19,0.359,0.0455,1.377,30,-0.929,0.862,1
B111,2025-08-31,train,0.142,0.239,13.723,0,0,0.0,0.0,0,22,0.376,0.1304,1.426,60,-0.465,1.452,0
B112,2025-08-31,train,0.195,0.194,15.171,0,0,0.0,0.0,0,9,0.473,0.1062,1.635,30,1.799,-0.179,0
B113,2025-08-31,train,0.556,0.298,14.986,20,0,14.67,6.0,3,10,0.382,0.1117,1.051,30,-0.541,-1.311,0
B114,2025-08-31,train,0.465,0.962,13.592,11,0,1.33,7.5,11,16,0.395,0.0479,0.366,90,-0.283,0.587,0
B115,2025-08-31,train,0.681,0.617,14.48,0,0,-29.67,17.17,11,25,0.372,0.0978,0.208,30,1.397,-0.111,0
B116,2025-08-31,train,0.348,0.044,15.866,0,0,0.0,0.0,0,16,0.237,0.14,1.677,60,2.025,0.355,0
B117,2025-08-31,train,0.215,0.678,17.404,0,0,-1.33,2.33,6,19,0.233,0.1081,0.542,90,-0.487,-0.139,0
B118,2025-08-31,train,0.422,0.007,13.994,0,0,0.0,0.5,2,26,0.632,0.0376,0.717,60,-0.333,-0.57,0
B119,2025-08-31,train,0.148,0.0,13.707,0,0,-5.33,2.67,2,12,0.012,0.0629,2.121,120,-2.608,2.088,0
B120,2025-08-31,train,0.128,0.726,16.124,18,0,18.0,6.0,7,21,0.548,0.068,0.941,30,1.16,0.98,0
B121,2025-08-31,train,0.448,0.709,16.357,0,0,-6.67,4.17,5,18,0.45,0.1224,1.848,90,-1.269,-1.395,0
B122,2025-08-31,train,0.716,0.07,15.933,0,0,0.0,0.0,0,14,0.364,0.0623,0.611,60,-0.605,2.108,0
B123,2025-08-31,train,0.177,0.087,15.439,0,0,0.0,0.0,0,15,0.437,0.1443,1.734,60,-0.438,-1.023,0
B126,2025-08-31,train,0.65,0.208,14.331,0,0,0.0,0.0,0,19,0.211,0.0175,1.464,90,0.955,-0.213,0
B127,2025-08-31,train,0.349,0.449,15.518,0,0,0.0,1.5,2,15,0.241,0.0804,2.052,90,-0.246,-0.238,0
B128,2025-08-31,train,0.254,0.501,14.668,0,0,-6.33,3.17,1,15,0.365,0.1588,1.625,30,0.272,0.397,0
B129,2025-08-31,train,0.646,0.333,14.232,0,0,0.0,0.0,2,20,0.016,0.1191,1.58,30,-1.288,0.199,0
B131,2025-08-31,train,0.023,0.295,15.291,15,0,15.0,8.33,7,26,0.505,0.0989,0.823,30,-1.732,-1.248,0
B133,2025-08-31,train,0.314,0.441,14.013,0,0,-5.33,2.67,3,12,0.104,0.1071,1.545,60,-0.039,1.274,0
B135,2025-08-31,train,0.106,0.126,14.662,0,0,0.0,2.17,2,24,0.171,0.1153,0.597,120,0.227,0.815,0
B137,2025-08-31,train,0.64,0.144,14.741,9,0,9.0,1.5,1,19,0.43,0.0404,1.968,60,-1.125,0.457,0
B138,2025-08-31,train,0.7,1.096,15.119,17,0,8.67,7.83,8,12,0.797,0.1242,0.959,120,-0.537,-1.847,0
B140,2025-08-31,train,0.381,0.653,14.887,19,0,12.33,12.33,11,25,0.515,0.0422,0.966,30,1.696,-1.294,0
B141,2025-08-31,train,0.061,0.653,15.798,4,0,-0.67,8.83,8,19,0.267,0.1034,1.572,90,0.571,0.79,0
B142,2025-08-31,train,0.32,0.26,14.561,0,0,0.0,0.0,0,16,0.232,0.0745,1.923,30,-0.716,0.634,0
B143,2025-08-31,train,0.034,1.218,16.593,14,0,3.33,10.5,12,15,0.522,0.1385,1.365,90,-1.411,2.792,1
B144,2025-08-31,train,0.296,0.36,15.063,0,0,-2.33,1.17,2,20,0.138,0.0426,1.91,60,-0.352,0.617,0
B145,2025-08-31,train,0.653,0.765,15.451,0,0,-7.0,4.67,5,18,0.584,0.1607,1.328,60,-1.564,-0.257,0
B146,2025-08-31,train,0.428,0.615,15.349,0,0,-2.67,3.0,4,17,0.408,0.0585,0.565,90,-1.385,0.967,0
B147,2025-08-31,train,0.12,0.632,15.122,0,0,-1.33,3.33,8,15,0.437,0.0732,1.147,30,0.897,0.208,0
B148,2025-08-31,train,0.761,0.16,15.656,0,0,-0.33,0.17,2,17,0.489,0.0503,1.38,30,-0.536,0.732,0
B149,2025-08-31,train,0.917,0.425,15.444,19,0,19.0,3.17,1,20,0.344,0.1187,0.922,90,-1.388,-0.098,0
B150,2025-08-31,train,0.423,0.676,15.109,18,0,9.33,13.0,11,20,0.624,0.0883,1.028,30,0.445,0.642,0
B001,2025-09-30,train,0.737,0.458,15.51,0,0,-5.0,2.5,2,20,0.326,0.1366,2.284,90,-0.472,-0.263,0
B003,2025-09-30,train,0.221,1.3,15.265,27,0,-17.0,50.83,12,22,0.533,0.078,1.068,120,0.204,-0.096,1
B004,2025-09-30,train,0.078,0.74,13.817,0,0,-1.33,27.5,8,24,0.283,0.0996,1.518,60,0.605,-1.262,0
B005,2025-09-30,train,0.118,0.441,15.679,18,0,14.33,8.33,7,14,0.422,0.0357,0.922,30,0.381,0.045,0
B006,2025-09-30,train,0.474,0.607,16.083,0,0,0.0,1.17,3,16,0.442,0.1107,1.8,60,0.894,-0.183,0
B007,2025-09-30,train,0.057,0.081,14.321,0,0,0.0,0.0,1,15,0.224,0.1636,1.453,30,1.07,-1.655,0
B008,2025-09-30,train,0.371,0.109,14.628,0,0,0.0,0.0,1,22,0.349,0.108,1.478,30,-0.281,-1.553,0
B009,2025-09-30,train,0.223,0.291,14.547,0,0,0.0,1.0,5,22,0.352,0.0897,2.447,60,0.172,1.736,0
B010,2025-09-30,train,0.934,0.659,14.467,32,1,-3.0,36.0,8,22,0.328,0.0416,0.853,90,0.166,0.227,1
B011,2025-09-30,train,0.111,0.0,14.201,0,0,-8.67,4.33,2,13,0.445,0.0764,1.888,30,-0.276,1.507,0
B012,2025-09-30,train,0.568,0.0,14.902,0,0,0.0,0.0,1,13,0.101,0.1707,0.867,90,0.309,-2.461,0
B014,2025-09-30,train,0.627,0.844,15.39,13,0,-2.67,26.17,6,19,0.701,0.0781,1.054,60,-0.561,2.313,0
B015,2025-09-30,train,0.259,0.0,15.229,0,0,0.0,0.0,0,15,0.628,0.0815,1.608,60,-0.92,-2.208,0
B016,2025-09-30,train,0.572,0.446,14.834,0,0,-0.33,0.17,3,26,0.224,0.0706,1.796,30,0.467,0.566,0
B017,2025-09-30,train,0.69,1.172,14.86,83,1,66.67,46.33,12,27,0.428,0.0764,0.69,30,1.191,-0.009,1
B018,2025-09-30,train,0.217,0.2,14.065,0,0,0.0,1.5,2,17,0.351,0.036,1.976,30,-1.025,0.571,0
B019,2025-09-30,train,0.835,0.657,14.419,0,0,-4.67,3.0,7,19,0.108,0.0858,1.44,60,-0.05,-0.263,0
B020,2025-09-30,train,0.135,0.998,15.67,47,1,-3.33,42.67,8,20,0.486,0.0974,0.828,120,-0.306,-0.499,1
B021,2025-09-30,train,0.789,0.198,15.022,0,0,0.0,0.0,0,14,0.027,0.0445,1.142,30,-0.938,0.175,0
B022,2025-09-30,train,0.192,0.31,15.896,0,0,-3.33,1.67,2,9,0.16,0.0822,1.364,30,-0.023,-0.842,0
B023,2025-09-30,train,0.627,0.215,14.409,0,0,0.0,0.0,1,16,0.036,0.1037,1.765,60,0.365,-1.373,0
B024,2025-09-30,train,0.429,0.098,15.599,0,0,0.0,0.0,1,11,0.105,0.0729,1.828,30,-0.039,0.606,0
B025,2025-09-30,train,0.787,0.316,16.185,0,0,0.0,0.0,1,16,0.118,0.1348,0.892,60,0.767,0.45,0
B026,2025-09-30,train,0.572,0.321,14.976,0,0,-1.0,3.67,4,17,0.481,0.1253,1.46,60,0.181,1.291,0
B027,2025-09-30,train,0.054,0.474,15.584,0,0,-3.0,1.5,5,14,0.366,0.1167,1.808,60,0.244,-0.982,0
B028,2025-09-30,train,0.068,0.077,15.341,0,0,0.0,0.0,0,16,0.216,0.063,2.033,60,1.297,1.364,0
B029,2025-09-30,train,0.474,0.0,15.118,0,0,0.0,0.0,1,18,0.349,0.1737,1.94,90,-1.023,0.106,0
B030,2025-09-30,train,0.44,0.338,14.833,0,0,-1.0,2.0,2,24,0.518,0.0095,1.779,30,-0.306,-0.148,0
B031,2025-09-30,train,0.344,1.048,14.901,20,0,16.33,7.83,7,18,0.383,0.0732,-0.029,60,-1.147,0.564,0
B032,2025-09-30,train,0.4,0.026,16.77,0,0,-1.33,1.5,4,21,0.347,0.0511,0.603,60,-0.304,0.681,0
B034,2025-09-30,train,0.361,1.02,14.039,11,0,-26.0,26.33,11,22,0.486,0.1203,0.039,60,0.513,-0.906,0
B036,2025-09-30,train,0.872,0.124,15.635,3,0,3.0,0.5,1,18,0.472,0.0899,1.543,60,-1.361,-1.08,0
B037,2025-09-30,train,0.582,0.0,14.245,0,0,0.0,0.0,0,13,0.27,0.0967,1.766,30,-0.41,1.752,0
B038,2025-09-30,train,0.858,1.129,15.169,13,0,-5.67,39.0,10,28,0.221,0.0206,0.1,60,1.03,-0.146,1
B039,2025-09-30,train,0.42,0.026,14.274,0,0,0.0,0.0,0,21,0.095,0.1508,2.185,30,0.225,0.312,0
B040,2025-09-30,train,0.462,0.942,16.628,0,0,-10.33,7.67,5,10,0.346,0.1508,0.733,60,1.201,0.516,0
B041,2025-09-30,train,0.747,0.121,14.093,0,0,0.0,0.0,0,20,0.162,0.0734,1.378,30,1.514,0.538,0
B042,2025-09-30,train,0.605,0.578,15.557,0,0,-3.33,4.83,5,26,0.628,0.1441,0.925,60,-0.683,1.427,0
B043,2025-09-30,train,0.611,0.319,13.273,0,0,0.0,0.0,0,13,0.237,0.1395,1.692,30,0.402,-0.014,0
B045,2025-09-30,train,0.14,0.0,15.02,0,0,-2.0,1.0,1,21,0.316,0.1085,1.205,60,-0.325,0.607,0
B046,2025-09-30,train,0.407,0.427,15.049,0,0,-5.67,4.83,2,17,0.252,0.0904,1.132,30,0.786,0.771,0
B047,2025-09-30,train,0.194,0.0,14.82,0,0,0.0,0.0,1,19,0.023,0.0889,1.243,60,-1.07,0.002,0
B049,2025-09-30,train,0.377,0.033,14.754,0,0,-4.0,2.0,3,24,0.156,0.1214,1.679,60,-0.651,1.444,0
B050,2025-09-30,train,-0.004,0.227,13.976,0,0,-2.33,1.17,3,24,0.261,0.1171,1.443,30,0.714,0.859,0
B051,2025-09-30,train,0.434,0.0,14.886,0,0,0.0,0.0,0,15,0.263,0.1103,1.973,30,0.746,0.008,0
B052,2025-09-30,train,0.815,0.038,15.564,0,0,0.0,0.0,1,16,0.305,0.1421,1.83,30,-0.97,0.452,0
B053,2025-09-30,train,0.744,0.193,14.86,0,0,0.0,0.0,0,18,0.238,0.1102,2.156,60,0.833,0.803,0
B054,2025-09-30,train,0.059,0.23,15.591,0,0,0.0,0.0,0,17,0.324,0.0948,1.217,60,-0.68,-1.205,0
B055,2025-09-30,train,0.482,0.267,13.355,0,0,0.0,1.67,2,21,0.344,0.1341,1.854,30,-0.193,-1.077,0
B056,2025-09-30,train,0.546,0.217,13.558,0,0,-2.33,2.5,3,18,0.227,0.0693,1.177,30,1.44,0.505,0
B057,2025-09-30,train,0.332,1.154,15.01,8,0,3.67,5.0,9,18,0.334,0.1467,0.848,30,1.247,0.214,0
B058,2025-09-30,train,0.424,0.358,16.146,0,0,-4.67,2.33,3,15,0.133,0.1087,1.136,120,0.79,0.551,0
B059,2025-09-30,train,0.245,0.082,15.146,0,0,-2.0,1.0,2,22,0.414,0.1016,1.393,90,0.159,0.687,0
B060,2025-09-30,train,0.286,0.0,13.247,0,0,0.0,0.0,0,19,0.409,0.1105,1.287,60,0.181,-1.133,0
B061,2025-09-30,train,0.876,0.702,15.626,0,0,-16.0,9.33,5,27,0.118,0.0939,1.059,90,-1.432,0.276,0
B062,2025-09-30,train,0.839,0.455,14.196,0,0,0.0,0.0,0,17,0.319,0.0915,0.985,90,-0.087,0.985,0
B063,2025-09-30,train,0.091,0.683,15.445,13,0,9.33,6.83,9,19,0.138,0.1046,0.674,120,-1.439,-0.927,0
B064,2025-09-30,train,0.02,0.0,13.771,0,0,0.0,0.0,0,9,0.144,0.0989,1.766,30,-0.402,-1.214,0
B065,2025-09-30,train,0.134,0.0,15.756,0,0,0.0,0.0,0,16,0.361,0.1246,2.042,90,-1.021,1.301,0
B066,2025-09-30,train,0.646,0.0,14.92,0,0,0.0,0.0,1,10,0.224,0.0975,1.815,30,0.056,-0.366,0
B067,2025-09-30,train,0.435,0.242,15.074,0,0,0.0,0.0,2,15,0.07,0.1216,1.723,30,-0.94,-0.522,0
B068,2025-09-30,train,0.473,0.269,15.092,0,0,-7.0,3.5,3,20,0.445,0.0893,2.169,60,-0.007,0.944,0
B069,2025-09-30,train,0.105,0.3,15.076,0,0,0.0,0.0,1,20,0.289,0.134,0.567,90,0.432,-0.006,0
B071,2025-09-30,train,0.126,0.754,14.018,17,0,14.33,5.5,5,16,0.529,0.0543,1.858,60,-0.302,0.405,0
B072,2025-09-30,train,0.807,0.962,15.996,18,0,15.0,10.67,11,24,0.436,0.0546,1.155,60,0.477,0.031,1
B073,2025-09-30,train,0.138,0.0,14.994,0,0,0.0,0.0,0,19,0.13,0.1093,2.453,60,-0.739,0.597,0
B074,2025-09-30,train,0.379,0.0,15.189,0,0,-1.67,0.83,3,25,0.229,0.1219,1.827,60,0.201,1.086,0
B075,2025-09-30,train,0.182,0.528,13.308,7,0,5.67,1.83,3,23,0.672,0.1268,1.479,60,-1.182,0.61,0
B076,2025-09-30,train,0.538,0.0,14.252,0,0,-6.0,5.0,3,18,0.394,0.1523,1.618,120,0.221,-0.425,0
B077,2025-09-30,train,0.574,0.699,16.322,14,0,14.0,2.33,2,18,0.487,0.0886,1.079,90,0.492,-0.145,0
B078,2025-09-30,train,0.448,0.23,15.691,0,0,0.0,0.0,0,15,0.334,0.1327,1.407,30,0.935,1.208,0
B079,2025-09-30,train,0.514,0.114,15.171,0,0,0.0,0.0,0,19,0.104,0.1038,2.055,30,-0.799,-0.313,0
B080,2025-09-30,train,0.395,0.337,14.04,0,0,0.0,0.0,0,14,0.101,0.0907,1.353,60,1.504,0.662,0
B081,2025-09-30,train,0.096,0.649,14.898,0,0,0.0,0.0,3,23,0.412,0.1241,1.277,60,-0.876,0.796,0
B082,2025-09-30,train,0.11,0.474,14.641,0,0,0.0,0.0,0,25,0.431,0.0973,1.307,90,1.184,-1.691,0
B083,2025-09-30,train,0.817,0.0,15.85,0,0,-1.67,0.83,1,14,0.117,0.1125,0.794,60,-0.018,0.808,0
B084,2025-09-30,train,0.531,0.709,13.821,0,0,0.0,0.83,2,18,0.364,0.0668,0.741,60,1.982,0.627,0
B087,2025-09-30,train,0.259,0.64,15.178,19,0,5.33,13.0,12,24,0.222,0.0712,0.889,30,0.229,-1.282,0
B088,2025-09-30,train,0.216,0.559,16.334,5,0,0.33,7.83,6,10,0.438,0.0582,1.054,60,-0.432,0.397,0
B089,2025-09-30,train,0.631,0.383,15.964,0,0,0.0,0.0,1,14,0.497,0.0984,2.203,30,-1.81,-0.412,0
B090,2025-09-30,train,0.752,1.03,15.701,20,0,-11.33,25.67,12,16,0.597,0.0532,0.412,90,-0.3,-0.398,1
B091,2025-09-30,train,0.289,0.59,16.498,0,0,0.0,0.0,0,16,0.365,0.0616,1.352,90,-0.011,0.71,0
B092,2025-09-30,train,0.059,0.26,15.43,0,0,-2.33,2.5,2,17,0.171,0.1106,1.545,60,-0.022,1.621,0
B093,2025-09-30,train,0.647,0.0,13.394,0,0,0.0,0.0,0,15,0.299,0.1035,2.54,90,-0.251,0.259,0
B094,2025-09-30,train,0.21,0.04,14.281,0,0,0.0,0.0,0,10,0.268,0.1714,1.34,30,-0.522,0.627,0
B095,2025-09-30,train,0.742,0.333,15.766,0,0,0.0,0.0,0,23,0.607,0.0775,1.791,90,-0.371,0.031,0
B096,2025-09-30,train,0.464,0.638,14.095,6,0,1.67,3.17,6,16,0.324,0.1067,1.73,30,0.292,0.683,0
B097,2025-09-30,train,0.2,0.218,15.303,0,0,-10.67,6.5,5,22,0.246,0.0605,1.869,30,-0.583,-1.099,0
B098,2025-09-30,train,0.475,0.44,17.584,11,0,11.0,3.5,5,19,0.522,0.1491,1.218,30,-0.207,-0.395,0
B099,2025-09-30,train,0.529,0.164,14.936,0,0,0.0,0.0,0,15,0.104,0.0778,1.775,120,-1.839,0.086,0
B100,2025-09-30,train,0.813,0.0,15.324,0,0,-4.67,2.33,2,21,0.193,0.0674,1.297,60,1.385,0.473,0
B102,2025-09-30,train,0.051,0.622,15.8,0,0,0.0,2.17,5,18,0.45,0.1167,1.645,90,0.157,0.469,0
B103,2025-09-30,train,0.612,0.517,15.001,0,0,0.0,0.0,1,25,0.313,0.0863,1.072,120,-0.77,-0.058,0
B104,2025-09-30,train,0.546,0.21,14.942,0,0,-5.0,2.5,3,23,0.229,0.1262,1.795,30,-0.526,0.08,0
B106,2025-09-30,train,0.705,0.469,15.668,0,0,0.0,2.33,2,17,0.454,0.1473,0.623,60,1.48,0.915,0
B107,2025-09-30,train,0.11,0.593,14.437,0,0,-2.67,1.33,3,16,0.481,0.107,1.515,30,0.327,0.445,0
B109,2025-09-30,train,0.597,0.245,14.547,0,0,0.0,0.0,1,10,0.512,0.0384,1.701,60,-0.399,0.941,0
B110,2025-09-30,train,0.139,1.242,15.752,125,1,100.67,36.33,11,18,0.418,0.129,1.307,30,-0.321,1.085,1
B111,2025-09-30,train,0.095,0.0,13.816,0,0,0.0,0.0,0,13,0.595,0.081,1.609,60,0.944,-0.471,0
B112,2025-09-30,train,0.237,0.732,14.911,16,0,16.0,2.67,1,15,0.202,0.1323,1.653,30,0.123,-0.778,0
B113,2025-09-30,train,0.541,0.306,14.824,0,0,-12.0,6.0,3,14,0.375,0.1654,0.949,30,0.518,1.366,0
B114,2025-09-30,train,0.443,0.831,14.02,6,0,-6.33,8.0,11,26,0.587,0.0758,0.323,90,0.316,-0.929,0
B116,2025-09-30,train,0.278,0.0,15.304,0,0,0.0,0.0,0,8,0.023,0.0927,1.358,60,-1.005,-0.512,0
B117,2025-09-30,train,0.26,0.459,17.3,0,0,-1.33,1.0,5,24,0.505,0.1151,0.613,90,0.558,-0.122,0
B119,2025-09-30,train,0.177,0.062,13.661,0,0,0.0,2.67,1,18,0.132,0.1262,1.829,120,0.162,-0.401,0
B120,2025-09-30,train,0.148,0.826,16.104,16,0,10.0,7.83,7,23,0.212,0.0826,0.859,30,0.283,-0.338,0
B121,2025-09-30,train,0.456,0.601,16.701,13,0,13.0,6.33,5,18,0.204,0.1267,1.661,90,-1.056,0.61,0
B122,2025-09-30,train,0.712,0.02,15.426,0,0,0.0,0.0,0,16,0.616,0.1131,0.656,60,0.589,0.162,0
B123,2025-09-30,train,0.114,0.384,15.555,0,0,0.0,0.0,0,16,0.455,0.1259,1.734,60,-0.301,1.433,0
B124,2025-09-30,train,0.621,0.0,15.125,0,0,0.0,0.67,1,12,0.113,0.0594,1.234,90,-0.623,1.523,0
B125,2025-09-30,train,0.793,0.0,13.803,0,0,-6.67,5.67,2,17,0.233,0.1479,0.492,90,0.285,0.742,0
B126,2025-09-30,train,0.674,0.04,14.31,0,0,0.0,0.0,0,28,0.327,0.0079,1.373,90,-0.638,0.425,0
B127,2025-09-30,train,0.325,0.033,15.131,0,0,0.0,1.33,2,24,0.549,0.1066,1.946,90,0.467,-0.021,0
B128,2025-09-30,train,0.233,0.393,14.551,0,0,0.0,3.17,1,16,0.299,0.122,1.562,30,-0.308,0.835,0
B129,2025-09-30,train,0.671,0.358,14.231,0,0,0.0,0.0,2,14,0.413,0.1079,1.52,30,1.064,0.07,0
B130,2025-09-30,train,0.647,0.378,14.942,0,0,0.0,0.0,2,14,0.227,0.0482,1.741,60,-0.201,-1.424,0
B131,2025-09-30,train,0.113,0.078,15.221,16,0,11.0,8.5,8,22,0.58,0.0687,1.015,30,0.568,0.515,0
B132,2025-09-30,train,0.506,0.086,12.796,0,0,0.0,0.0,0,20,0.276,0.1415,1.445,30,-0.259,0.01,0
B133,2025-09-30,train,0.261,0.393,13.624,0,0,-5.33,2.67,3,15,0.3,0.1286,1.633,60,-0.98,-0.105,0
B134,2025-09-30,train,0.485,0.0,13.843,0,0,0.0,0.0,0,16,0.256,0.0424,0.545,30,0.226,-2.342,0
B135,2025-09-30,train,0.061,0.0,14.849,0,0,0.0,0.0,2,13,0.196,0.192,0.555,120,0.461,-0.208,0
B136,2025-09-30,train,0.741,0.655,15.477,11,0,-1.0,8.83,8,17,0.488,0.0315,1.831,60,0.659,-0.317,0
B137,2025-09-30,train,0.642,0.227,14.723,0,0,-3.0,1.5,1,15,0.141,0.0823,1.913,60,0.065,0.574,0
B138,2025-09-30,train,0.75,0.945,15.12,0,0,-8.0,7.83,8,14,0.437,0.1347,1.165,120,1.273,1.159,0
B140,2025-09-30,train,0.32,0.714,14.687,14,0,3.33,11.67,11,29,0.245,0.1717,1.065,30,-0.741,-0.133,0
B141,2025-09-30,train,0.076,0.734,15.979,7,0,1.0,7.0,8,25,0.322,0.1215,1.632,90,1.632,0.379,0
B142,2025-09-30,train,0.354,0.0,14.561,0,0,0.0,0.0,0,16,0.34,0.1144,1.718,30,0.919,-0.507,0
B143,2025-09-30,train,0.071,1.3,16.724,59,1,47.0,19.17,12,24,0.528,0.0305,1.353,90,-0.302,-1.231,1
B144,2025-09-30,train,0.291,0.699,14.753,7,0,7.0,2.33,2,21,0.642,0.137,2.26,60,0.393,0.749,0
B145,2025-09-30,train,0.653,0.641,15.4,10,0,7.67,5.33,6,22,0.7,0.0852,1.365,60,1.109,-0.035,0
B146,2025-09-30,train,0.417,0.212,15.541,0,0,-0.67,2.33,4,18,0.364,0.1193,0.402,90,-0.296,0.484,0
B147,2025-09-30,train,0.112,0.852,15.278,0,0,-1.33,0.67,7,18,0.15,0.1206,1.153,30,0.54,-0.472,0
B148,2025-09-30,train,0.775,0.28,15.765,0,0,-0.33,0.17,1,18,0.331,0.1234,1.594,30,-1.668,0.784,0
B149,2025-09-30,train,0.831,0.0,15.248,0,0,-6.33,3.17,1,17,0.363,0.1197,1.039,90,-0.378,0.493,0
B150,2025-09-30,train,0.444,1.173,15.237,17,0,4.67,13.33,11,16,0.658,0.0639,1.092,30,1.25,0.91,0
B001,2025-10-31,train,0.734,0.659,15.46,0,0,-5.0,2.5,2,13,0.613,0.0941,2.259,90,-1.25,1.067,0
B003,2025-10-31,train,0.211,1.3,15.014,36,1,8.0,39.17,12,25,0.602,0.0567,1.255,120,-1.875,-0.529,1
B004,2025-10-31,train,0.093,0.834,13.938,12,0,10.67,4.5,8,18,0.438,0.1369,1.707,60,1.255,-1.036,0
B005,2025-10-31,train,0.145,0.496,15.3,0,0,-9.67,5.0,7,17,0.396,0.0522,0.841,30,-0.165,-1.15,0
B006,2025-10-31,train,0.495,0.579,16.125,1,0,1.0,1.33,3,19,0.431,0.1006,1.967,60,0.808,-0.318,0
B007,2025-10-31,train,0.097,0.461,14.477,0,0,0.0,0.0,1,16,0.456,0.1004,1.209,30,0.792,-2.306,0
B008,2025-10-31,train,0.287,0.123,14.386,0,0,0.0,0.0,1,22,0.355,0.0503,1.545,30,0.169,-1.065,0
B009,2025-10-31,train,0.128,0.509,14.068,9,0,9.0,2.5,5,19,0.081,0.0692,2.147,60,-1.226,0.469,0
B011,2025-10-31,train,0.183,0.0,14.06,0,0,-2.67,4.33,2,14,0.27,0.075,1.737,30,-1.684,0.444,0
B012,2025-10-31,train,0.63,0.0,14.802,0,0,0.0,0.0,1,19,0.332,0.0876,0.879,90,-1.238,0.502,0
B014,2025-10-31,train,0.537,0.961,14.874,0,0,-9.0,26.17,6,18,0.42,0.1157,1.076,60,0.65,0.035,0
B015,2025-10-31,train,0.261,0.0,15.76,1,0,1.0,0.17,1,10,0.219,0.133,1.527,60,0.176,-1.15,0
B016,2025-10-31,train,0.58,0.292,14.426,0,0,-0.33,0.17,2,19,0.49,0.1303,1.935,30,-0.486,-0.944,0
B017,2025-10-31,train,0.69,0.89,15.055,15,0,-19.67,47.0,12,21,0.487,0.1351,0.627,30,0.951,0.911,1
B018,2025-10-31,train,0.261,0.229,14.139,0,0,0.0,0.0,1,22,0.232,0.1489,1.904,30,1.797,1.214,0
B019,2025-10-31,train,0.837,0.53,14.239,0,0,-3.33,3.0,7,23,0.398,0.0852,1.228,60,-2.58,-0.751,0
B020,2025-10-31,train,0.173,0.919,15.53,22,0,-11.67,43.0,9,14,0.606,0.1022,0.636,120,0.276,-0.4,1
B021,2025-10-31,train,0.832,0.0,15.402,0,0,0.0,0.0,0,12,0.318,0.1424,1.093,30,-0.493,-1.011,0
B022,2025-10-31,train,0.24,0.649,15.615,0,0,-3.33,1.67,2,26,0.323,0.1106,1.494,30,-0.885,0.719,0
B023,2025-10-31,train,0.663,0.0,14.291,0,0,0.0,0.0,1,12,0.274,0.1244,1.743,60,0.5,-0.634,0
B024,2025-10-31,train,0.416,0.231,15.228,0,0,0.0,0.0,1,12,0.446,0.0797,1.699,30,0.171,1.225,0
B025,2025-10-31,train,0.886,0.24,16.031,0,0,0.0,0.0,1,14,0.274,0.1425,0.999,60,0.431,-1.486,0
B026,2025-10-31,train,0.61,0.49,14.988,0,0,-1.0,0.5,3,17,0.561,0.1084,1.714,60,1.041,2.572,0
B027,2025-10-31,train,0.009,0.708,15.834,4,0,1.0,2.17,6,22,0.295,0.0311,1.88,60,1.024,3.388,0
B028,2025-10-31,train,0.028,0.225,15.332,0,0,0.0,0.0,0,15,0.109,0.0897,1.863,60,0.619,0.3,0
B029,2025-10-31,train,0.488,0.015,15.058,0,0,0.0,0.0,0,17,0.116,0.0668,1.871,90,-0.402,2.721,0
B030,2025-10-31,train,0.47,0.253,15.246,9,0,8.0,3.5,3,21,0.535,0.1358,2.073,30,-0.737,0.389,0
B031,2025-10-31,train,0.297,0.646,14.382,0,0,-10.33,7.83,6,21,0.348,0.1034,0.138,60,-0.174,0.559,0
B032,2025-10-31,train,0.465,0.293,16.828,8,0,6.67,2.17,4,13,0.516,0.064,1.026,60,-1.202,0.984,0
B033,2025-10-31,train,0.819,0.44,13.979,0,0,0.0,0.0,5,21,0.27,0.0613,0.773,60,-1.529,0.099,0
B034,2025-10-31,train,0.372,0.996,14.063,2,0,-22.0,23.83,11,21,0.576,0.0742,0.147,60,-1.112,-0.9,0
B035,2025-10-31,train,0.162,0.699,16.403,18,0,6.67,11.33,11,25,0.679,0.0981,1.357,60,-0.41,0.479,0
B036,2025-10-31,train,0.87,0.0,15.349,0,0,-1.0,0.5,1,16,0.289,0.142,1.223,60,-0.298,-1.779,0
B037,2025-10-31,train,0.646,0.0,14.211,0,0,0.0,0.0,0,12,0.093,0.1283,1.819,30,-0.873,0.823,0
B038,2025-10-31,train,0.935,0.903,15.094,11,0,-7.0,15.83,10,24,0.41,0.0691,0.15,60,-1.655,1.754,0
B039,2025-10-31,train,0.371,0.0,14.53,0,0,0.0,0.0,0,19,0.026,0.1272,2.049,30,0.936,-1.689,0
B040,2025-10-31,train,0.487,0.512,17.089,6,0,-4.33,8.67,5,17,0.504,0.0385,0.827,60,-0.029,2.826,0
B041,2025-10-31,train,0.698,0.15,14.592,0,0,0.0,0.0,0,13,0.075,0.076,1.424,30,-0.696,1.03,0
B042,2025-10-31,train,0.553,0.765,15.392,0,0,-1.0,2.83,5,20,0.433,0.0823,0.947,60,0.063,0.949,0
B043,2025-10-31,train,0.681,0.0,13.535,0,0,0.0,0.0,0,12,0.41,0.1394,1.475,30,0.33,0.676,0
B045,2025-10-31,train,0.173,0.0,14.63,0,0,-2.0,1.0,1,25,0.191,0.1447,1.237,60,-1.811,-0.381,0
B046,2025-10-31,train,0.436,0.103,14.624,0,0,0.0,4.83,2,16,0.372,0.0894,1.054,30,-0.747,0.896,0
B047,2025-10-31,train,0.135,0.151,15.025,0,0,0.0,0.0,1,11,0.378,0.0682,1.225,60,-0.685,1.171,0
B049,2025-10-31,train,0.4,0.351,14.813,12,0,12.0,4.0,3,15,0.297,0.0822,1.657,60,0.086,1.095,0
B050,2025-10-31,train,-0.006,0.403,13.899,0,0,-2.33,1.17,2,18,0.431,0.1547,1.345,30,-0.106,1.379,0
B052,2025-10-31,train,0.834,0.195,15.274,0,0,0.0,0.0,1,14,0.318,0.0636,1.818,30,0.53,0.53,0
B053,2025-10-31,train,0.757,0.155,14.787,0,0,0.0,0.0,0,19,0.368,0.0799,2.095,60,-0.403,0.881,0
B054,2025-10-31,train,0.061,0.419,15.461,0,0,0.0,0.0,0,12,0.211,0.0767,1.129,60,-1.591,1.302,0
B055,2025-10-31,train,0.562,0.321,13.193,0,0,0.0,1.67,2,18,0.451,0.1994,1.652,30,-1.305,1.631,0
B056,2025-10-31,train,0.521,0.121,13.544,0,0,-2.33,1.17,3,26,0.549,0.0967,1.279,30,0.942,-2.23,0
B058,2025-10-31,train,0.457,0.804,16.301,0,0,-1.0,2.33,2,14,0.538,0.078,1.221,120,0.044,-0.476,0
B059,2025-10-31,train,0.253,0.64,15.01,9,0,9.0,2.5,3,21,0.429,0.0642,1.3,90,-1.087,0.947,0
B060,2025-10-31,train,0.341,0.0,13.348,0,0,0.0,0.0,0,16,0.212,0.0791,1.223,60,-1.742,-0.372,0
B061,2025-10-31,train,0.839,0.579,15.824,0,0,-15.33,8.0,5,20,0.713,0.11,1.223,90,-1.264,-0.717,0
B062,2025-10-31,train,0.791,0.0,14.178,0,0,0.0,0.0,0,16,0.48,0.1415,1.139,90,-0.633,-1.495,0
B063,2025-10-31,train,0.081,0.75,15.259,0,0,-8.0,5.0,8,19,0.46,0.1392,0.767,120,-2.161,0.037,0
B064,2025-10-31,train,0.08,0.0,13.802,0,0,0.0,0.0,0,11,0.209,0.0832,2.093,30,-0.666,-0.163,0
B065,2025-10-31,train,0.15,0.0,15.902,0,0,0.0,0.0,0,20,0.11,0.0991,1.76,90,0.152,-0.263,0
B067,2025-10-31,train,0.461,0.052,15.132,0,0,0.0,0.0,2,16,0.348,0.0825,1.642,30,-0.36,0.863,0
B068,2025-10-31,train,0.523,0.053,15.278,14,0,11.33,5.83,4,20,0.144,0.1,2.133,60,-0.4,-0.168,0
B069,2025-10-31,train,0.142,0.032,14.874,0,0,0.0,0.0,1,19,0.321,0.0832,0.547,90,-0.176,-0.648,0
B070,2025-10-31,train,0.449,0.359,15.049,0,0,-2.67,4.0,2,25,0.629,0.1595,1.817,60,0.334,1.4,0
B071,2025-10-31,train,0.079,0.674,14.0,3,0,-2.67,4.67,6,23,0.484,0.0835,1.855,60,0.383,-0.951,0
B072,2025-10-31,train,0.836,0.987,15.609,12,0,5.0,10.5,11,26,0.79,0.0703,1.344,60,1.759,-1.019,1
B073,2025-10-31,train,0.183,0.0,15.151,0,0,0.0,0.0,0,11,0.232,0.1199,2.466,60,0.154,0.366,0
B074,2025-10-31,train,0.455,0.295,15.095,6,0,5.0,1.83,4,19,0.223,0.1103,1.761,60,0.322,-0.263,0
B075,2025-10-31,train,0.255,0.549,13.668,0,0,-3.67,1.83,3,17,0.184,0.1145,1.543,60,1.113,0.009,0
B076,2025-10-31,train,0.55,0.03,14.332,0,0,0.0,4.5,3,18,0.322,0.0465,1.615,120,0.751,2.092,0
B077,2025-10-31,train,0.583,0.342,16.225,0,0,-4.67,2.33,2,19,0.09,0.0653,1.336,90,0.976,-0.455,0
B078,2025-10-31,train,0.409,0.032,15.506,0,0,0.0,0.0,0,14,0.196,0.1302,1.491,30,0.308,-0.772,0
B079,2025-10-31,train,0.495,0.295,14.947,0,0,0.0,0.0,0,25,0.201,0.1165,1.962,30,0.467,1.007,0
B080,2025-10-31,train,0.364,0.0,13.968,0,0,0.0,0.0,0,14,0.476,0.0914,1.402,60,-0.148,-1.579,0
B081,2025-10-31,train,0.073,0.772,15.072,0,0,0.0,0.0,3,20,0.301,0.0999,0.947,60,-0.174,-0.156,0
B083,2025-10-31,train,0.817,0.0,15.652,0,0,0.0,0.83,1,10,0.027,0.1298,1.161,60,0.478,0.237,0
B084,2025-10-31,train,0.493,0.561,13.622,0,0,0.0,0.83,2,18,0.457,0.1461,0.579,60,0.543,-1.665,0
B085,2025-10-31,train,0.701,0.145,15.568,0,0,0.0,0.0,0,21,0.009,0.0207,1.625,120,-0.208,0.506,0
B086,2025-10-31,train,0.151,0.0,14.513,0,0,0.0,0.0,2,17,0.046,0.1499,2.205,60,0.499,-2.704,0
B088,2025-10-31,train,0.2,0.43,16.454,0,0,-6.33,5.67,5,18,0.257,0.0811,1.218,60,-0.252,0.515,0
B089,2025-10-31,train,0.676,0.537,15.827,0,0,0.0,0.0,1,16,0.332,0.09,2.056,30,-1.231,-0.932,0
B090,2025-10-31,train,0.765,1.276,15.398,97,1,63.67,38.67,12,20,0.206,0.137,0.629,90,0.641,-1.779,1
B091,2025-10-31,train,0.274,0.648,16.546,10,0,10.0,1.67,1,14,0.439,0.1297,1.256,90,1.122,0.221,0
B092,2025-10-31,train,0.092,0.234,15.171,0,0,-2.33,2.5,2,14,0.32,0.1209,1.53,60,0.028,0.079,0
B093,2025-10-31,train,0.67,0.0,13.292,0,0,0.0,0.0,0,15,0.088,0.1181,2.593,90,-0.643,0.571,0
B094,2025-10-31,train,0.176,0.0,14.002,0,0,0.0,0.0,0,7,0.094,0.1179,1.263,30,2.238,0.896,0
B095,2025-10-31,train,0.721,0.669,15.85,0,0,0.0,0.0,0,15,0.578,0.1302,2.0,90,1.217,0.682,0
B096,2025-10-31,train,0.38,0.415,14.089,0,0,-6.33,3.17,5,14,0.524,0.1199,1.765,30,-0.613,0.707,0
B097,2025-10-31,train,0.262,0.806,15.482,0,0,-4.33,5.33,5,19,0.39,0.1212,1.983,30,-0.982,-1.5,0
B098,2025-10-31,train,0.53,0.457,17.144,0,0,-3.67,1.83,4,16,0.201,0.0889,1.169,30,-1.516,-2.518,0
B099,2025-10-31,train,0.547,0.0,14.793,0,0,0.0,0.0,0,18,0.149,0.1362,1.643,120,0.257,0.951,0
B100,2025-10-31,train,0.838,0.103,15.097,0,0,-4.67,2.33,2,20,0.383,0.1483,1.322,60,0.298,-1.004,0
B101,2025-10-31,train,0.823,0.0,16.951,0,0,-5.67,2.83,5,10,0.211,0.0916,1.695,60,-2.116,1.054,0
B102,2025-10-31,train,0.088,0.617,15.826,12,0,12.0,2.0,5,24,0.626,0.1418,1.934,90,0.331,-0.643,0
B103,2025-10-31,train,0.578,0.64,14.731,0,0,0.0,0.0,1,21,0.436,0.1278,0.971,120,0.39,0.738,0
B104,2025-10-31,train,0.492,0.231,15.528,0,0,-5.0,2.5,2,23,0.515,0.089,1.679,30,2.965,-0.476,0
B107,2025-10-31,train,0.012,0.56,14.492,0,0,-2.67,1.33,2,13,0.34,0.1011,1.151,30,1.521,0.075,0
B108,2025-10-31,train,0.817,0.429,14.11,0,0,-3.67,3.33,6,35,0.184,0.0544,2.106,60,1.464,0.385,0
B109,2025-10-31,train,0.571,0.233,14.867,0,0,0.0,0.0,0,14,0.533,0.1121,1.498,60,0.033,1.657,0
B110,2025-10-31,train,0.143,0.961,16.006,46,1,-10.33,41.33,11,20,0.599,0.1417,1.3,30,0.938,-1.011,1
B111,2025-10-31,train,0.105,0.0,13.847,0,0,0.0,0.0,0,10,0.028,0.1106,1.498,60,1.087,-0.449,0
B112,2025-10-31,train,0.232,0.528,15.523,0,0,-5.33,2.67,1,19,0.251,0.1001,1.705,30,-0.021,-1.056,0
B113,2025-10-31,train,0.58,0.501,15.102,0,0,-12.0,6.0,3,21,0.504,0.1143,1.167,30,2.238,-0.14,0
B114,2025-10-31,train,0.466,1.078,13.981,20,0,10.67,11.0,11,21,0.436,0.1196,0.562,90,-1.491,0.787,0
B115,2025-10-31,train,0.622,0.745,15.122,20,0,19.33,18.17,10,21,0.201,0.0684,0.056,30,0.023,1.805,1
B116,2025-10-31,train,0.31,0.0,15.388,0,0,0.0,0.0,0,12,0.345,0.1281,1.659,60,-0.042,0.216,0
B117,2025-10-31,train,0.246,0.576,17.531,20,0,20.0,4.0,5,18,0.374,0.1382,0.67,90,-0.243,1.166,0
B118,2025-10-31,train,0.308,0.16,14.318,0,0,0.0,0.0,2,9,0.36,0.1695,0.689,60,-1.067,-1.063,0
B119,2025-10-31,train,0.193,0.021,13.481,0,0,0.0,2.67,1,16,0.281,0.067,1.829,120,-0.439,0.066,0
B120,2025-10-31,train,0.207,0.653,15.722,14,0,2.67,8.0,7,20,0.448,0.0847,0.74,30,-0.282,1.679,0
B121,2025-10-31,train,0.413,0.383,16.667,0,0,-4.33,5.5,5,13,0.022,0.164,1.753,90,0.784,0.372,0
B122,2025-10-31,train,0.705,0.266,16.037,0,0,0.0,0.0,0,19,0.035,0.0928,0.753,60,1.625,0.462,0
B123,2025-10-31,train,0.196,0.19,15.633,0,0,0.0,0.0,0,15,0.315,0.0877,1.812,60,-0.898,-0.665,0
B124,2025-10-31,train,0.616,0.292,15.053,0,0,0.0,0.0,1,16,0.432,0.1411,1.48,90,0.471,1.807,0
B125,2025-10-31,train,0.858,0.28,13.985,0,0,0.0,3.33,2,26,0.232,0.1496,0.541,90,-0.701,-1.229,0
B126,2025-10-31,train,0.648,0.0,13.912,0,0,0.0,0.0,0,14,0.391,0.0545,1.459,90,-0.409,-1.33,0
B128,2025-10-31,train,0.24,0.464,14.506,0,0,0.0,3.17,1,20,0.41,0.0595,1.347,30,2.156,-1.527,0
B129,2025-10-31,train,0.676,0.879,14.124,0,0,0.0,0.0,2,16,0.264,0.0745,1.498,30,0.672,0.73,0
B130,2025-10-31,train,0.607,0.526,14.998,0,0,0.0,0.0,1,21,0.555,0.1021,1.936,60,1.375,-0.497,0
B131,2025-10-31,train,0.071,0.259,15.221,0,0,-10.33,5.17,8,21,0.368,0.0728,0.689,30,-0.608,0.472,0
B132,2025-10-31,train,0.445,0.057,12.974,0,0,0.0,0.0,0,18,0.429,0.0485,1.315,30,-0.07,-0.157,0
B133,2025-10-31,train,0.242,0.0,13.914,0,0,-3.67,2.67,3,14,0.118,0.0977,1.67,60,0.266,0.288,0
B134,2025-10-31,train,0.51,0.0,13.636,16,0,16.0,2.67,1,10,0.233,0.1089,0.372,30,-0.47,-1.66,0
B135,2025-10-31,train,0.074,0.238,14.908,0,0,0.0,0.0,2,18,0.235,0.0658,0.642,120,0.158,0.09,0
B136,2025-10-31,train,0.711,0.338,15.442,16,0,6.33,10.5,8,21,0.44,0.0634,1.858,60,1.092,0.744,0
B137,2025-10-31,train,0.652,0.1,14.574,0,0,-3.0,1.5,1,17,0.37,0.1285,1.869,60,0.151,-1.629,0
B138,2025-10-31,train,0.789,0.858,15.379,13,0,7.33,9.17,8,15,0.341,0.0545,1.086,120,-0.233,0.966,0
B139,2025-10-31,train,0.231,0.612,16.078,15,0,15.0,4.33,3,16,0.557,0.1634,1.586,60,0.406,-0.33,0
B140,2025-10-31,train,0.323,0.908,14.935,11,0,-2.33,10.67,11,14,0.384,0.1152,0.892,30,-0.702,-0.132,0
B141,2025-10-31,train,0.03,0.683,15.802,0,0,-3.67,4.17,8,21,0.575,0.1099,1.834,90,-1.867,-1.894,0
B142,2025-10-31,train,0.322,0.08,14.42,0,0,0.0,0.0,0,20,0.127,0.0818,1.683,30,-0.508,0.271,0
B143,2025-10-31,train,0.029,1.3,16.205,31,1,4.33,22.67,12,22,0.364,0.1435,1.36,90,-1.048,-0.409,0
B144,2025-10-31,train,0.282,0.243,14.454,0,0,-2.33,2.33,2,23,0.244,0.1035,1.856,60,-1.772,-1.48,0
B145,2025-10-31,train,0.629,0.974,15.294,15,0,9.33,7.67,7,26,0.577,0.0612,1.37,60,2.775,-1.016,0
B146,2025-10-31,train,0.365,0.599,15.415,0,0,-0.67,1.33,4,25,0.258,0.1799,0.66,90,-0.107,0.769,0
B148,2025-10-31,train,0.789,0.256,15.957,0,0,-0.33,0.17,1,13,0.087,0.0811,1.634,30,-1.493,-0.428,0
B149,2025-10-31,train,0.911,0.0,15.575,0,0,-6.33,3.17,1,18,0.462,0.0937,1.105,90,-0.205,-0.424,0
B150,2025-10-31,train,0.44,0.681,15.509,0,0,-18.0,10.17,10,27,0.604,0.1164,0.944,30,0.013,0.337,0
B002,2025-11-30,train,0.201,0.405,15.939,0,0,-6.0,3.0,3,14,0.06,0.1095,1.924,120,0.487,0.938,0
B003,2025-11-30,train,0.299,1.3,15.232,71,1,35.67,44.33,12,20,0.239,0.0675,1.139,120,-0.148,0.285,1
B004,2025-11-30,train,0.099,0.617,14.315,9,0,5.0,4.17,8,24,0.531,0.0494,1.68,60,0.398,-1.484,0
B005,2025-11-30,train,0.174,0.531,15.536,0,0,-9.67,4.83,7,21,0.141,0.1047,0.708,30,0.605,-1.148,0
B007,2025-11-30,train,0.074,0.017,14.921,13,0,13.0,2.17,2,12,0.053,0.1127,1.656,30,-1.411,0.527,0
B008,2025-11-30,train,0.299,0.329,14.33,0,0,0.0,0.0,1,26,0.006,0.1023,1.533,30,-1.194,-0.192,0
B009,2025-11-30,train,0.109,0.326,13.976,8,0,5.0,2.83,6,12,0.392,0.1887,2.178,60,-0.981,-2.482,0
B010,2025-11-30,train,0.923,1.3,14.623,69,1,4.67,51.33,9,14,0.495,0.0833,0.713,90,-0.076,0.452,1
B011,2025-11-30,train,0.116,0.0,14.249,0,0,0.0,4.33,2,17,0.396,0.1408,1.827,30,-0.44,-1.222,0
B012,2025-11-30,train,0.51,0.03,14.845,0,0,0.0,0.0,1,25,0.289,0.056,1.006,90,-0.905,-0.142,0
B013,2025-11-30,train,0.806,0.468,15.309,4,0,-3.33,4.33,4,21,0.261,0.05,2.435,90,-1.975,0.596,0
B014,2025-11-30,train,0.604,0.883,15.173,14,0,9.67,12.33,7,19,0.241,0.1134,0.981,60,1.987,-0.909,0
B015,2025-11-30,train,0.312,0.011,15.145,0,0,-0.33,0.17,1,18,0.624,0.0897,1.422,60,1.459,-1.734,0
B016,2025-11-30,train,0.577,0.657,14.656,0,0,0.0,0.17,2,27,0.279,0.1858,1.68,30,0.51,1.661,0
B017,2025-11-30,train,0.69,0.9,15.023,38,1,2.0,30.83,12,20,0.409,0.0665,0.849,30,1.551,-0.267,1
B018,2025-11-30,train,0.178,0.035,14.502,0,0,0.0,0.0,1,15,0.323,0.083,1.762,30,0.964,-0.857,0
B019,2025-11-30,train,0.803,0.743,14.434,0,0,0.0,2.33,6,24,0.213,0.1307,1.42,60,0.908,-1.512,0
B020,2025-11-30,train,0.119,0.834,15.71,40,1,7.0,43.33,9,21,0.545,0.0644,0.684,120,-0.848,-0.099,1
B021,2025-11-30,train,0.849,0.0,15.841,0,0,0.0,0.0,0,11,0.269,0.1555,1.025,30,-0.802,0.295,0
B022,2025-11-30,train,0.222,0.478,15.598,0,0,0.0,1.67,2,19,0.429,0.1067,1.585,30,0.649,-0.918,0
B023,2025-11-30,train,0.626,0.0,14.465,0,0,0.0,0.0,1,11,0.258,0.1162,1.713,60,-1.241,-1.039,0
B024,2025-11-30,train,0.445,0.171,15.126,0,0,0.0,0.0,1,12,0.393,0.0909,1.642,30,-1.159,-0.169,0
B025,2025-11-30,train,0.89,0.42,15.902,0,0,0.0,0.0,0,16,0.286,0.0966,0.825,60,-0.315,0.507,0
B026,2025-11-30,train,0.592,0.168,14.941,0,0,0.0,0.5,3,19,0.385,0.0771,1.518,60,0.898,-1.458,0
B027,2025-11-30,train,0.075,0.8,15.661,0,0,-1.33,2.17,5,22,0.454,0.0843,2.069,60,0.581,-0.453,0
B028,2025-11-30,train,0.039,0.038,15.393,0,0,0.0,0.0,0,13,0.297,0.1023,2.144,60,-0.712,-0.031,0
B029,2025-11-30,train,0.491,0.0,15.013,0,0,0.0,0.0,0,16,0.216,0.1215,1.926,90,-0.543,1.445,0
B030,2025-11-30,train,0.445,0.026,15.322,0,0,-3.0,2.0,3,17,0.286,0.0408,1.92,30,0.06,0.683,0
B031,2025-11-30,train,0.407,0.421,14.786,0,0,-10.33,5.17,5,20,0.413,0.0635,0.329,60,0.652,-1.273,0
B032,2025-11-30,train,0.43,0.106,17.103,0,0,-2.67,2.0,4,21,0.11,0.1115,0.898,60,-0.426,1.815,0
B034,2025-11-30,train,0.346,0.886,13.907,20,0,10.33,24.0,11,15,0.504,0.1325,0.19,60,0.794,-0.914,0
B035,2025-11-30,train,0.139,0.297,16.506,3,0,-12.33,11.33,11,16,0.664,0.1228,1.273,60,0.346,0.698,0
B036,2025-11-30,train,0.927,0.0,15.514,0,0,-1.0,0.5,1,21,0.496,0.0419,1.35,60,0.288,-0.494,0
B037,2025-11-30,train,0.641,0.0,14.032,0,0,0.0,0.0,0,17,0.065,0.1362,1.888,30,0.707,0.955,0
B038,2025-11-30,train,0.88,0.738,14.883,20,0,5.67,16.67,11,14,0.215,0.1365,-0.093,60,1.384,2.8,0
B039,2025-11-30,train,0.386,0.0,14.18,0,0,0.0,0.0,0,19,0.07,0.145,1.905,30,-0.985,0.452,0
B040,2025-11-30,train,0.429,0.746,16.988,18,0,9.67,9.17,6,23,0.564,0.138,0.773,60,0.222,0.617,0
B041,2025-11-30,train,0.741,0.0,14.674,0,0,0.0,0.0,0,16,0.375,0.0932,1.37,30,-0.793,-1.883,0
B042,2025-11-30,train,0.566,0.324,15.546,0,0,0.0,1.67,5,18,0.554,0.1342,0.992,60,-1.882,0.544,0
B043,2025-11-30,train,0.626,0.086,13.527,0,0,0.0,0.0,0,14,0.324,0.1792,1.834,30,-0.706,-1.869,0
B044,2025-11-30,train,0.487,0.571,14.704,0,0,0.0,1.33,4,26,0.414,0.0703,2.06,60,1.535,1.281,0
B045,2025-11-30,train,0.132,0.033,14.965,10,0,10.0,2.67,2,13,0.345,0.1205,1.241,60,0.428,1.246,0
B046,2025-11-30,train,0.438,0.0,14.842,0,0,0.0,2.83,2,22,0.353,0.0895,1.054,30,-2.441,0.546,0
B047,2025-11-30,train,0.204,0.0,15.108,0,0,0.0,0.0,1,22,0.153,0.0884,1.432,60,1.375,0.316,0
B048,2025-11-30,train,0.803,0.388,16.33,0,0,0.0,2.5,4,18,0.196,0.0026,1.511,60,1.097,1.047,0
B049,2025-11-30,train,0.341,0.013,15.067,2,0,-2.0,4.33,4,22,0.421,0.1218,1.491,60,0.877,-1.237,0
B050,2025-11-30,train,-0.022,0.336,14.23,0,0,0.0,1.17,2,17,0.327,0.0594,1.427,30,0.458,-1.155,0
B052,2025-11-30,train,0.824,0.23,15.737,0,0,0.0,0.0,1,21,0.27,0.0839,2.039,30,0.719,0.363,0
B053,2025-11-30,train,0.646,0.24,15.061,0,0,0.0,0.0,0,21,0.264,0.0805,1.995,60,0.098,-0.636,0
B054,2025-11-30,train,0.046,0.251,15.721,0,0,0.0,0.0,0,22,0.462,0.0998,1.246,60,-0.114,0.693,0
B055,2025-11-30,train,0.483,0.74,12.958,0,0,0.0,0.0,2,18,0.208,0.1277,1.589,30,-0.798,-2.652,0
B056,2025-11-30,train,0.552,0.288,13.431,3,0,0.67,1.67,3,18,0.41,0.1299,1.201,30,-0.121,-0.117,0
B057,2025-11-30,train,0.285,0.589,15.046,1,0,-6.33,5.5,10,27,0.423,0.0941,0.653,30,0.007,-0.678,0
B058,2025-11-30,train,0.482,0.357,16.183,0,0,-1.0,2.33,2,19,0.428,0.0692,1.315,120,-1.476,0.318,0
B059,2025-11-30,train,0.228,0.306,14.875,0,0,-3.0,2.5,3,25,0.497,0.0961,1.263,90,0.142,0.878,0
B060,2025-11-30,train,0.364,0.299,13.182,0,0,0.0,0.0,0,9,0.464,0.1179,1.146,60,0.429,0.712,0
B061,2025-11-30,train,0.895,0.569,15.789,0,0,-12.0,8.0,5,17,0.487,0.074,1.171,90,-1.269,0.434,0
B062,2025-11-30,train,0.787,0.604,14.399,0,0,0.0,0.0,0,23,0.427,0.0961,1.064,90,-0.444,0.771,0
B064,2025-11-30,train,0.013,0.0,14.246,0,0,0.0,0.0,0,19,0.054,0.0648,2.143,30,0.002,0.934,0
B065,2025-11-30,train,0.105,0.0,15.823,0,0,0.0,0.0,0,18,0.174,0.1148,1.956,90,-1.138,0.618,0
B067,2025-11-30,train,0.445,0.0,15.101,0,0,0.0,0.0,1,15,0.446,0.123,1.804,30,0.592,-0.201,0
B068,2025-11-30,train,0.498,0.587,14.999,0,0,-4.67,5.83,4,25,0.462,0.113,2.002,60,0.091,1.213,0
B069,2025-11-30,train,0.094,0.0,15.096,0,0,0.0,0.0,1,12,0.29,0.1079,0.449,90,-0.045,0.899,0
B070,2025-11-30,train,0.428,0.237,14.966,4,0,1.33,4.67,3,22,0.38,0.0859,2.044,60,-0.967,2.944,0
B071,2025-11-30,train,0.112,0.766,13.826,5,0,-1.67,5.5,7,19,0.52,0.0401,1.948,60,0.834,-1.858,0
B072,2025-11-30,train,0.866,0.823,15.707,30,0,19.0,11.5,11,16,0.177,0.0892,1.013,60,0.859,1.174,1
B073,2025-11-30,train,0.141,0.0,14.9,0,0,0.0,0.0,0,20,0.303,0.0737,2.517,60,-0.617,-0.595,0
B074,2025-11-30,train,0.354,0.036,14.874,0,0,-2.0,1.83,3,18,0.204,0.1612,1.721,60,-1.198,-0.047,0
B075,2025-11-30,train,0.202,0.198,13.661,0,0,-2.33,1.83,3,18,0.438,0.0866,1.321,60,0.561,0.197,0
B076,2025-11-30,train,0.526,0.327,14.362,0,0,0.0,3.0,3,15,0.251,0.0393,1.676,120,-0.133,0.066,0
B077,2025-11-30,train,0.601,0.336,16.476,3,0,-1.67,2.83,3,8,0.442,0.043,1.227,90,1.11,0.158,0
B078,2025-11-30,train,0.441,0.256,15.442,0,0,0.0,0.0,0,16,0.418,0.0916,1.424,30,1.582,0.594,0
B079,2025-11-30,train,0.542,0.013,14.912,0,0,0.0,0.0,0,20,0.153,0.1538,2.036,30,1.62,0.926,0
B080,2025-11-30,train,0.359,0.0,13.852,0,0,0.0,0.0,0,20,0.207,0.1521,1.249,60,-1.366,0.184,0
B081,2025-11-30,train,0.071,0.634,14.995,9,0,9.0,1.5,4,25,0.513,0.0194,0.997,60,2.034,-0.582,0
B082,2025-11-30,train,0.101,0.298,14.457,0,0,0.0,0.0,0,24,0.48,0.1277,1.645,90,1.172,1.243,0
B084,2025-11-30,train,0.527,0.346,13.81,8,0,8.0,1.33,3,14,0.313,0.0557,0.88,60,-0.426,-0.158,0
B085,2025-11-30,train,0.721,0.212,15.296,0,0,0.0,0.0,0,17,0.044,0.1402,1.508,120,0.422,1.325,0
B086,2025-11-30,train,0.156,0.0,14.5,0,0,0.0,0.0,2,17,0.218,0.1107,1.936,60,1.214,0.997,0
B087,2025-11-30,train,0.203,0.246,14.899,0,0,-17.33,13.17,11,22,0.701,0.111,0.801,30,0.997,0.79,0
B088,2025-11-30,train,0.237,0.139,16.66,0,0,-6.33,3.17,5,13,0.404,0.0988,1.128,60,1.315,-0.402,0
B089,2025-11-30,train,0.702,0.653,15.585,18,0,18.0,3.0,1,24,0.083,0.1052,2.297,30,-1.705,0.314,0
B090,2025-11-30,train,0.789,0.92,14.954,34,1,-10.33,40.83,12,21,0.518,0.0642,0.488,90,0.803,-0.268,1
B091,2025-11-30,train,0.185,0.662,16.212,0,0,-3.33,1.67,1,18,0.383,0.0695,1.51,90,-1.165,1.346,0
B092,2025-11-30,train,0.061,0.362,15.406,0,0,-2.33,1.17,2,23,0.061,0.1585,1.766,60,-0.022,1.551,0
B094,2025-11-30,train,0.194,0.0,14.404,0,0,0.0,0.0,0,13,0.253,0.1252,1.459,30,1.552,0.1,0
B095,2025-11-30,train,0.694,0.495,15.789,18,0,18.0,3.0,1,15,0.374,0.116,1.971,90,-1.155,-1.654,0
B096,2025-11-30,train,0.455,0.185,14.002,1,0,-5.33,3.33,6,17,0.312,0.0997,1.858,30,0.751,-0.734,0
B097,2025-11-30,train,0.302,0.352,15.673,20,0,20.0,8.67,5,17,0.214,0.1006,2.058,30,0.105,0.016,0
B099,2025-11-30,train,0.522,0.178,15.013,0,0,0.0,0.0,0,26,0.389,0.0541,1.559,120,-2.401,-0.724,0
B100,2025-11-30,train,0.859,0.048,15.23,0,0,-4.67,2.33,1,20,0.008,0.1229,1.245,60,-0.762,-1.975,0
B101,2025-11-30,train,0.791,0.413,17.195,0,0,-0.67,2.83,4,20,0.256,0.1346,1.806,60,0.674,0.858,0
B102,2025-11-30,train,0.072,0.739,16.24,0,0,-4.0,2.0,4,24,0.596,0.1425,1.571,90,0.338,1.084,0
B103,2025-11-30,train,0.661,0.667,14.412,0,0,0.0,0.0,1,14,0.271,0.0679,1.313,120,-0.38,0.246,0
B104,2025-11-30,train,0.456,0.278,15.25,0,0,-5.0,2.5,2,21,0.258,0.1276,1.615,30,0.934,-0.83,0
B105,2025-11-30,train,0.731,0.372,15.774,18,0,18.0,3.17,6,17,0.189,0.0685,1.716,60,0.25,-1.004,0
B106,2025-11-30,train,0.756,1.004,15.071,0,0,0.0,0.0,1,17,0.239,0.1339,0.531,60,-0.152,-0.629,0
B107,2025-11-30,train,0.053,0.643,14.82,2,0,2.0,1.67,3,19,0.358,0.1014,1.461,30,-0.105,1.782,0
B108,2025-11-30,train,0.82,0.37,14.36,0,0,-2.0,3.33,5,24,0.767,0.186,1.867,60,-1.813,0.26,0
B109,2025-11-30,train,0.591,0.023,14.542,0,0,0.0,0.0,0,17,0.442,0.1083,1.52,60,2.503,-0.999,0
B110,2025-11-30,train,0.175,1.3,16.05,21,0,-43.67,44.17,12,12,0.277,0.1603,1.391,30,0.612,0.382,1
B111,2025-11-30,train,0.123,0.0,14.069,0,0,0.0,0.0,0,16,0.282,0.0798,1.512,60,-1.902,0.114,0
B112,2025-11-30,train,0.195,0.565,15.514,0,0,-5.33,2.67,1,15,0.454,0.0998,1.722,30,0.588,0.459,0
B113,2025-11-30,train,0.568,0.65,15.21,0,0,-6.67,6.0,3,17,0.392,0.0787,1.123,30,0.304,1.531,0
B115,2025-11-30,train,0.642,0.794,14.834,20,0,13.33,8.83,10,13,0.463,0.1072,0.192,30,1.693,-0.987,1
B116,2025-11-30,train,0.318,0.0,15.011,0,0,0.0,0.0,0,15,0.231,0.1347,1.54,60,2.112,-1.369,0
B117,2025-11-30,train,0.277,0.537,17.391,8,0,1.33,5.33,6,35,0.357,0.1434,0.648,90,-0.549,-0.625,0
B118,2025-11-30,train,0.379,0.278,14.021,0,0,0.0,0.0,2,16,0.52,0.001,0.984,60,0.152,0.371,0
B119,2025-11-30,train,0.184,0.023,14.01,0,0,0.0,0.0,1,28,0.173,0.1545,1.99,120,-0.407,0.205,0
B120,2025-11-30,train,0.179,0.669,16.017,0,0,-16.0,8.0,7,25,0.387,0.0413,0.669,30,-1.953,0.886,0
B121,2025-11-30,train,0.472,0.32,16.628,0,0,-4.33,2.17,5,17,0.479,0.115,1.687,90,0.399,2.529,0
B122,2025-11-30,train,0.729,0.26,15.945,0,0,0.0,0.0,0,22,0.273,0.0434,0.715,60,0.381,-0.216,0
B123,2025-11-30,train,0.101,0.0,15.77,0,0,0.0,0.0,0,20,0.166,0.0753,1.97,60,-1.102,-0.44,0
B124,2025-11-30,train,0.604,0.259,14.776,0,0,0.0,0.0,1,27,0.318,0.1527,1.463,90,0.019,-0.746,0
B125,2025-11-30,train,0.81,0.424,13.548,0,0,0.0,3.33,2,16,0.258,0.1266,0.607,90,-0.375,-2.932,0
B126,2025-11-30,train,0.657,0.0,14.012,0,0,0.0,0.0,0,8,0.16,0.0088,1.357,90,0.481,-0.709,0
B127,2025-11-30,train,0.338,0.57,15.339,12,0,12.0,2.0,3,24,0.237,0.0859,1.96,90,1.611,-0.593,0
B128,2025-11-30,train,0.215,0.47,14.311,1,0,1.0,0.17,2,14,0.174,0.0991,1.606,30,-0.331,0.667,0
B129,2025-11-30,train,0.629,0.633,13.902,2,0,2.0,0.33,2,13,0.224,0.0522,1.798,30,0.311,-1.414,0
B131,2025-11-30,train,0.054,0.0,14.832,0,0,-10.33,5.17,7,14,0.408,0.0997,0.954,30,-0.099,-2.807,0
B132,2025-11-30,train,0.441,0.127,12.785,0,0,0.0,0.0,0,24,0.277,0.1131,1.469,30,1.252,0.264,0
B133,2025-11-30,train,0.325,0.0,13.494,0,0,0.0,2.67,3,15,0.26,0.1628,1.474,60,0.677,0.814,0
B134,2025-11-30,train,0.437,0.106,13.412,0,0,-5.33,2.67,1,13,0.031,0.0929,0.55,30,1.283,-0.156,0
B135,2025-11-30,train,0.059,0.067,14.889,0,0,0.0,0.0,1,20,0.088,0.0349,0.469,120,-0.854,1.32,0
B136,2025-11-30,train,0.726,0.682,15.572,0,0,-12.33,10.5,7,14,0.411,0.0886,1.793,60,-0.005,-0.888,0
B137,2025-11-30,train,0.66,0.098,14.759,8,0,5.0,2.83,2,18,0.402,0.0436,2.044,60,-0.423,0.495,0
B138,2025-11-30,train,0.735,0.427,15.423,4,0,-6.0,6.83,8,15,0.663,0.1526,0.86,120,-0.005,0.97,0
B140,2025-11-30,train,0.332,0.672,15.051,0,0,-14.67,9.5,10,18,0.504,0.0574,1.369,30,3.148,1.428,0
B141,2025-11-30,train,0.05,0.698,15.988,0,0,-3.67,4.17,7,15,0.485,0.0408,1.755,90,-0.473,1.874,0
B142,2025-11-30,train,0.282,0.008,14.649,0,0,0.0,0.0,0,18,0.125,0.1205,1.809,30,-0.073,0.675,0
B143,2025-11-30,train,0.099,1.186,16.397,3,0,-31.67,21.5,12,18,0.42,0.1003,1.482,90,1.231,-1.193,0
B144,2025-11-30,train,0.287,0.353,14.662,0,0,-2.33,1.17,2,14,0.119,0.0871,2.069,60,0.487,-1.305,0
B145,2025-11-30,train,0.592,0.714,15.568,2,0,-6.33,5.67,8,16,0.307,0.068,1.394,60,-1.345,-1.258,0
B146,2025-11-30,train,0.453,0.259,15.281,10,0,10.0,2.0,5,24,0.474,0.1107,0.496,90,0.399,1.09,0
B147,2025-11-30,train,0.188,0.425,15.424,0,0,0.0,0.67,5,21,0.202,0.0731,0.872,30,-1.972,-0.929,0
B148,2025-11-30,train,0.789,0.551,15.691,0,0,0.0,0.17,1,25,0.315,0.0435,1.531,30,2.015,1.139,0
B149,2025-11-30,train,0.93,0.0,15.185,0,0,-6.33,3.17,1,16,0.246,0.1207,0.893,90,-0.768,0.808,0
B150,2025-11-30,train,0.392,0.81,15.425,4,0,-7.67,9.67,10,16,0.692,0.0543,0.908,30,0.806,0.833,0
B001,2025-12-31,train,0.679,0.798,15.683,0,0,0.0,2.5,2,12,0.276,0.1031,2.231,90,0.286,0.293,0
B002,2025-12-31,train,0.218,0.037,16.022,0,0,-6.0,3.0,2,19,0.158,0.1553,1.856,120,0.887,0.872,0
B003,2025-12-31,train,0.21,1.184,14.85,28,0,-16.67,36.5,12,28,0.584,0.071,1.179,120,-0.039,0.58,1
B004,2025-12-31,train,0.113,0.473,14.059,14,0,7.0,6.5,8,18,0.61,0.0966,1.707,60,0.207,0.179,0
B005,2025-12-31,train,0.125,0.653,15.742,0,0,-6.0,4.83,6,21,0.596,0.0884,0.978,30,-0.68,-1.449,0
B006,2025-12-31,train,0.481,0.741,15.96,0,0,-0.33,0.17,2,23,0.608,0.144,1.773,60,0.674,1.54,0
B007,2025-12-31,train,0.125,0.372,14.151,0,0,-4.33,2.17,2,19,0.058,0.12,1.808,30,-1.273,-0.028,0
B008,2025-12-31,train,0.329,0.277,14.462,0,0,0.0,0.0,0,23,0.461,0.1696,1.693,30,-1.176,0.174,0
B009,2025-12-31,train,0.168,0.352,14.092,0,0,-5.67,2.83,5,22,0.194,0.0654,2.237,60,1.652,0.107,0
B010,2025-12-31,train,0.918,1.16,14.583,41,1,-26.67,55.17,10,17,0.421,0.0711,0.42,90,0.139,1.024,1
B011,2025-12-31,train,0.121,0.075,14.269,0,0,0.0,1.33,2,13,0.229,0.0673,2.095,30,0.497,-2.047,0
B012,2025-12-31,train,0.612,0.427,14.709,0,0,0.0,0.0,1,20,0.304,0.1199,0.96,90,-0.712,-1.249,0
B014,2025-12-31,train,0.609,0.429,15.626,0,0,-9.0,6.83,6,22,0.464,0.1255,1.216,60,-1.268,-1.657,0
B015,2025-12-31,train,0.293,0.0,15.392,0,0,-0.33,0.17,1,16,0.437,0.1122,1.518,60,-0.013,-1.029,0
B016,2025-12-31,train,0.5,0.6,14.391,10,0,10.0,1.83,3,29,0.532,0.0856,1.777,30,-0.414,1.05,0
B018,2025-12-31,train,0.167,0.309,14.294,9,0,9.0,1.5,2,20,0.021,0.0728,1.683,30,1.414,0.323,0
B019,2025-12-31,train,0.794,0.81,14.438,9,0,9.0,3.17,7,18,0.434,0.0811,1.34,60,-0.215,2.546,0
B020,2025-12-31,train,0.175,0.727,15.898,96,1,59.67,43.17,10,20,0.398,0.0725,0.602,120,-1.11,-1.363,1
B021,2025-12-31,train,0.828,0.0,15.189,0,0,0.0,0.0,0,23,0.241,0.0934,1.088,30,-0.493,-0.864,0
B022,2025-12-31,train,0.231,0.492,15.604,0,0,0.0,1.67,2,15,0.393,0.0586,1.272,30,-1.349,2.169,0
B023,2025-12-31,train,0.637,0.0,14.365,0,0,0.0,0.0,1,14,0.299,0.1524,1.653,60,-1.054,-0.404,0
B024,2025-12-31,train,0.385,0.29,15.22,0,0,0.0,0.0,1,15,0.17,0.0833,1.706,30,1.138,-0.674,0
B025,2025-12-31,train,0.796,0.248,16.226,0,0,0.0,0.0,0,15,0.325,0.1016,1.019,60,1.051,-0.009,0
B026,2025-12-31,train,0.572,0.328,14.97,0,0,0.0,0.5,3,16,0.389,0.1154,1.819,60,-0.781,1.855,0
B027,2025-12-31,train,0.093,0.639,15.481,0,0,-1.33,2.17,4,22,0.17,0.1172,1.765,60,-2.097,0.355,0
B028,2025-12-31,train,-0.028,0.0,15.075,0,0,0.0,0.0,0,13,0.463,0.1593,2.322,60,0.58,1.418,0
B029,2025-12-31,train,0.513,0.0,15.084,0,0,0.0,0.0,0,14,0.296,0.1472,1.783,90,-0.027,1.571,0
B030,2025-12-31,train,0.459,0.244,14.785,0,0,-3.0,2.0,3,12,0.384,0.0966,1.902,30,-1.054,0.004,0
B031,2025-12-31,train,0.356,0.631,14.979,10,0,3.33,6.83,6,17,0.192,0.0901,0.063,60,2.143,0.16,0
B033,2025-12-31,train,0.798,0.325,14.185,18,0,17.67,3.17,5,12,0.258,0.1026,0.798,60,-1.423,-0.11,1
B034,2025-12-31,train,0.36,0.614,14.182,18,0,7.0,18.67,11,27,0.734,0.0695,0.025,60,1.257,1.371,0
B035,2025-12-31,train,0.085,0.124,16.116,9,0,-3.67,10.67,11,20,0.389,0.1209,0.943,60,-2.659,0.334,0
B036,2025-12-31,train,0.912,0.0,15.58,0,0,-1.0,0.5,1,14,0.261,0.1024,1.177,60,-0.366,-0.378,0
B037,2025-12-31,train,0.615,0.0,14.073,0,0,0.0,0.0,0,17,0.33,0.172,1.501,30,-0.111,-0.424,0
B038,2025-12-31,train,0.894,0.809,15.165,15,0,0.33,16.67,11,14,0.375,0.0815,0.361,60,0.213,-1.261,0
B039,2025-12-31,train,0.42,0.002,14.357,0,0,0.0,0.0,0,19,0.509,0.097,1.925,30,0.952,-1.075,0
B040,2025-12-31,train,0.431,0.478,16.903,0,0,-8.0,9.17,6,16,0.352,0.0709,0.693,60,-0.208,-1.398,0
B041,2025-12-31,train,0.757,0.322,14.608,0,0,0.0,0.0,0,13,0.451,0.0577,1.358,30,-1.647,-1.051,0
B042,2025-12-31,train,0.591,0.946,15.427,0,0,0.0,0.5,5,12,0.251,0.1126,0.878,60,0.52,-0.92,0
B043,2025-12-31,train,0.658,0.04,13.341,0,0,0.0,0.0,0,18,0.278,0.062,1.588,30,-0.415,-0.401,0
B044,2025-12-31,train,0.468,0.634,14.745,0,0,0.0,0.0,3,24,0.295,0.1531,2.102,60,0.448,1.074,0
B045,2025-12-31,train,0.159,0.312,14.906,0,0,-3.33,2.67,2,15,0.231,0.1174,1.426,60,-0.525,-0.13,0
B046,2025-12-31,train,0.435,0.0,14.492,0,0,0.0,0.0,2,13,0.241,0.1654,0.886,30,1.224,0.459,0
B047,2025-12-31,train,0.21,0.0,15.451,0,0,0.0,0.0,1,14,0.379,0.1315,1.327,60,1.162,0.66,0
B048,2025-12-31,train,0.71,0.603,16.464,0,0,0.0,2.5,4,15,0.276,0.1458,1.546,60,-0.461,-0.872,0
B049,2025-12-31,train,0.385,0.0,14.944,0,0,-4.67,2.33,4,21,0.416,0.1371,1.663,60,-1.208,0.493,0
B050,2025-12-31,train,0.083,0.122,14.285,0,0,0.0,1.17,2,18,0.514,0.0313,1.308,30,-1.496,-0.63,0
B051,2025-12-31,train,0.476,0.222,15.219,0,0,0.0,0.0,0,15,0.329,0.2013,1.968,30,0.192,-0.424,0
B052,2025-12-31,train,0.829,0.526,15.457,0,0,0.0,0.0,0,16,0.149,0.0767,1.905,30,-0.383,0.85,0
B054,2025-12-31,train,0.013,0.362,15.626,0,0,0.0,0.0,0,10,0.176,0.1523,1.023,60,1.483,-0.516,0
B055,2025-12-31,train,0.529,0.498,13.37,0,0,0.0,0.0,1,23,0.303,0.1391,1.642,30,-0.406,-0.251,0
B056,2025-12-31,train,0.555,0.434,13.38,0,0,-1.0,1.67,3,20,0.536,0.0367,1.288,30,0.338,-1.112,0
B057,2025-12-31,train,0.342,0.534,14.917,10,0,3.33,7.17,10,15,0.639,0.0585,0.79,30,0.138,-0.953,0
B058,2025-12-31,train,0.438,0.144,16.132,0,0,0.0,0.5,2,17,0.269,0.0255,1.2,120,-1.596,0.802,0
B059,2025-12-31,train,0.264,0.445,15.105,0,0,-3.0,1.5,3,12,0.604,0.108,1.258,90,-0.74,-0.329,0
B060,2025-12-31,train,0.316,0.222,13.192,0,0,0.0,0.0,0,17,0.194,0.0875,1.255,60,0.939,-0.041,0
B061,2025-12-31,train,0.84,0.335,15.547,15,0,15.0,10.17,6,16,0.332,0.0972,1.228,90,1.037,0.321,0
B062,2025-12-31,train,0.759,0.197,14.479,0,0,0.0,0.0,0,14,0.439,0.1799,1.096,90,-0.597,-0.282,0
B063,2025-12-31,train,0.072,0.699,15.508,15,0,8.67,7.5,8,20,0.519,0.037,0.649,120,-1.046,-0.463,0
B064,2025-12-31,train,0.038,0.0,13.663,0,0,0.0,0.0,0,14,0.356,0.1329,2.02,30,-1.138,-0.28,0
B065,2025-12-31,train,0.151,0.188,16.039,0,0,0.0,0.0,0,14,0.322,0.1003,1.755,90,0.248,-1.387,0
B066,2025-12-31,train,0.663,0.225,14.952,0,0,-0.33,0.17,2,15,0.366,0.0996,1.623,30,-1.159,-0.2,0
B067,2025-12-31,train,0.436,0.336,15.04,0,0,0.0,0.0,0,15,0.725,0.0953,1.526,30,1.12,0.23,0
B068,2025-12-31,train,0.47,0.077,14.879,12,0,7.33,5.67,5,17,0.181,0.0488,2.364,60,-0.262,-0.631,0
B069,2025-12-31,train,0.098,0.0,15.425,18,0,18.0,3.0,1,13,0.483,0.0008,0.46,90,1.741,3.204,0
B070,2025-12-31,train,0.468,0.0,15.387,0,0,-1.33,2.0,3,18,0.135,0.0645,1.741,60,1.098,1.147,0
B071,2025-12-31,train,0.143,0.619,14.461,4,0,-4.33,4.83,8,17,0.704,0.1203,1.935,60,0.199,0.068,0
B072,2025-12-31,train,0.878,0.763,15.303,25,0,5.0,14.67,11,26,0.468,0.1325,1.012,60,-1.257,0.111,0
B073,2025-12-31,train,0.145,0.0,15.069,0,0,0.0,0.0,0,9,0.175,0.1121,2.516,60,0.224,-0.351,0
B074,2025-12-31,train,0.35,0.098,15.354,0,0,-2.0,1.5,3,22,0.316,0.0997,1.912,60,0.68,-0.606,0
B075,2025-12-31,train,0.135,0.266,13.492,0,0,-2.33,1.83,3,16,0.327,0.0899,1.516,60,-0.062,0.064,0
B076,2025-12-31,train,0.463,0.228,14.322,0,0,0.0,0.0,3,11,0.337,0.0892,1.504,120,-0.18,-0.146,0
B077,2025-12-31,train,0.5,0.206,16.157,17,0,11.33,5.67,4,12,0.042,0.0771,1.172,90,-1.203,1.629,0
B078,2025-12-31,train,0.454,0.0,14.996,0,0,0.0,0.0,0,11,0.098,0.0615,1.316,30,-1.161,-0.493,0
B079,2025-12-31,train,0.56,0.109,15.011,0,0,0.0,0.0,0,19,0.017,0.0209,1.888,30,0.302,-1.984,0
B080,2025-12-31,train,0.361,0.0,13.764,0,0,0.0,0.0,0,17,0.115,0.0403,1.423,60,0.037,1.113,0
B081,2025-12-31,train,0.087,0.669,15.241,0,0,-3.0,1.5,3,19,0.35,0.0721,1.181,60,-2.304,-0.005,0
B082,2025-12-31,train,0.095,0.155,14.526,0,0,0.0,0.0,0,19,0.415,0.0359,1.279,90,-0.1,0.319,0
B083,2025-12-31,train,0.83,0.0,15.78,0,0,0.0,0.0,1,12,0.122,0.1058,1.0,60,1.726,-1.383,0
B084,2025-12-31,train,0.511,0.07,13.937,0,0,-2.67,1.33,3,24,0.051,0.0623,0.704,60,2.152,-0.356,0
B085,2025-12-31,train,0.742,0.0,15.13,0,0,0.0,0.0,0,18,0.381,0.0931,1.768,120,-1.83,-0.514,0
B086,2025-12-31,train,0.109,0.059,14.391,0,0,0.0,0.0,2,17,0.112,0.1196,2.037,60,-0.618,-0.515,0
B087,2025-12-31,train,0.193,0.471,15.179,12,0,-0.67,12.33,11,19,0.466,0.0509,0.727,30,-1.773,-1.023,0
B088,2025-12-31,train,0.248,0.52,16.273,0,0,-1.67,3.17,5,22,0.546,0.1357,1.245,60,-0.54,-1.58,0
B089,2025-12-31,train,0.691,0.43,15.638,0,0,-6.0,3.0,1,12,0.271,0.0566,2.188,30,-1.002,0.726,1
B090,2025-12-31,train,0.775,1.219,15.421,12,0,-38.33,40.5,12,23,0.48,0.1273,0.531,90,-0.035,0.033,1
B091,2025-12-31,train,0.29,0.694,16.496,19,0,15.67,4.83,2,18,0.367,0.1061,1.113,90,0.253,2.09,0
B092,2025-12-31,train,0.121,0.311,14.905,0,0,0.0,1.17,2,10,0.302,0.0574,1.606,60,0.407,0.502,0
B093,2025-12-31,train,0.656,0.0,13.549,0,0,0.0,0.0,0,13,0.457,0.0563,2.603,90,1.583,1.476,0
B094,2025-12-31,train,0.199,0.0,14.113,0,0,0.0,0.0,0,21,0.385,0.0946,1.415,30,-1.05,-0.31,0
B095,2025-12-31,train,0.702,0.556,16.056,20,0,14.0,6.33,2,20,0.206,0.1218,1.758,90,-0.316,-0.914,0
B096,2025-12-31,train,0.436,0.58,14.068,0,0,-2.33,3.33,5,18,0.432,0.0842,1.801,30,-0.181,1.468,0
B097,2025-12-31,train,0.245,0.42,15.699,0,0,-6.67,5.5,4,19,0.365,0.0707,2.236,30,-1.243,-0.876,0
B098,2025-12-31,train,0.49,0.135,17.395,8,0,4.33,3.17,3,22,0.444,0.1096,1.261,30,0.017,-0.685,0
B099,2025-12-31,train,0.542,0.251,14.957,17,0,17.0,2.83,1,13,0.38,0.0995,1.51,120,0.394,0.139,0
B100,2025-12-31,train,0.869,0.032,15.205,0,0,0.0,2.33,1,18,0.254,0.0598,1.125,60,-0.45,0.798,0
B101,2025-12-31,train,0.759,0.218,16.807,0,0,-0.67,2.83,3,24,0.468,0.0956,1.845,60,0.122,-0.573,0
B102,2025-12-31,train,0.083,0.614,16.08,0,0,-4.0,2.0,4,21,0.294,0.0995,1.612,90,-0.068,0.651,0
B103,2025-12-31,train,0.638,0.453,14.813,0,0,0.0,0.0,1,15,0.376,0.079,1.131,120,-0.384,-0.334,0
B104,2025-12-31,train,0.517,0.403,15.31,7,0,7.0,3.67,2,20,0.343,0.085,1.625,30,-2.859,-0.984,0
B106,2025-12-31,train,0.792,0.718,15.217,0,0,0.0,0.0,1,18,0.416,0.1047,0.506,60,1.012,0.828,0
B107,2025-12-31,train,0.061,0.466,14.648,18,0,17.33,4.67,4,19,0.256,0.0561,1.079,30,0.081,1.33,0
B108,2025-12-31,train,0.797,0.501,14.286,0,0,0.0,1.83,5,17,0.49,0.1025,2.23,60,-1.08,0.049,0
B109,2025-12-31,train,0.565,0.298,14.451,0,0,0.0,0.0,0,16,0.229,0.0772,1.756,60,-1.846,3.089,0
B110,2025-12-31,train,0.198,0.798,15.944,55,1,-9.0,48.5,12,20,0.454,0.1014,1.305,30,-2.156,-0.586,1
B111,2025-12-31,train,0.137,0.234,13.845,0,0,0.0,0.0,0,15,0.125,0.1155,1.514,60,-0.062,1.295,0
B112,2025-12-31,train,0.181,0.359,15.377,0,0,-5.33,2.67,1,26,0.386,0.0416,1.816,30,0.304,0.83,0
B114,2025-12-31,train,0.458,0.79,14.021,15,0,1.0,13.17,11,12,0.416,0.1068,0.381,90,0.728,2.068,0
B115,2025-12-31,train,0.626,1.3,14.892,76,1,62.67,19.67,10,15,0.351,0.1274,0.385,30,0.611,-1.125,1
B116,2025-12-31,train,0.245,0.0,15.137,0,0,0.0,0.0,0,22,0.054,0.0568,1.565,60,-0.895,-0.418,0
B117,2025-12-31,train,0.231,0.786,17.191,15,0,5.67,7.17,7,20,0.416,0.0768,0.446,90,-0.985,-0.204,0
B118,2025-12-31,train,0.353,0.061,14.08,0,0,0.0,0.0,2,28,0.404,0.1467,0.932,60,0.027,0.344,0
B119,2025-12-31,train,0.172,0.0,14.044,0,0,0.0,0.0,1,17,0.245,0.1477,2.023,120,0.715,-1.394,0
B120,2025-12-31,train,0.178,0.643,16.086,4,0,-6.0,8.67,7,18,0.606,0.0661,0.52,30,-1.53,-0.549,0
B121,2025-12-31,train,0.485,0.522,16.431,0,0,-4.33,2.17,4,15,0.587,0.1032,1.488,90,-0.53,0.621,0
B122,2025-12-31,train,0.716,0.361,15.792,0,0,0.0,0.0,0,23,0.143,0.1222,0.758,60,1.579,0.481,0
B123,2025-12-31,train,0.137,0.167,15.889,0,0,0.0,0.0,0,16,0.167,0.079,1.931,60,3.288,0.554,0
B124,2025-12-31,train,0.608,0.412,15.086,0,0,0.0,0.0,1,17,0.279,0.0685,1.283,90,-0.659,1.005,0
B125,2025-12-31,train,0.814,0.215,13.922,15,0,15.0,2.5,3,20,0.243,0.1393,0.542,90,-1.709,-0.002,0
B126,2025-12-31,train,0.605,0.0,14.126,0,0,0.0,0.0,0,15,0.274,0.1344,1.482,90,-0.17,-1.725,0
B128,2025-12-31,train,0.257,0.111,14.611,0,0,-0.33,0.17,2,20,0.528,0.0846,1.505,30,-0.302,-1.082,0
B129,2025-12-31,train,0.614,0.295,14.002,0,0,-0.67,0.33,1,19,0.541,0.1118,1.647,30,-0.224,0.801,0
B131,2025-12-31,train,0.059,0.26,15.112,0,0,-5.33,5.17,6,15,0.125,0.0418,0.924,30,-0.02,-0.461,0
B133,2025-12-31,train,0.267,0.0,13.728,0,0,0.0,1.83,2,18,0.323,0.0243,1.703,60,-0.859,-1.174,0
B135,2025-12-31,train,0.119,0.028,14.758,0,0,0.0,0.0,1,23,0.512,0.0985,0.785,120,-1.317,-0.143,0
B137,2025-12-31,train,0.607,0.512,14.707,0,0,-2.67,2.83,2,15,0.526,0.0849,1.6,60,-0.575,-0.643,0
B138,2025-12-31,train,0.717,0.8,15.187,11,0,5.33,7.5,8,23,0.412,0.0756,1.042,120,1.072,-0.609,0
B139,2025-12-31,train,0.26,0.58,16.682,14,0,7.67,5.5,5,18,0.268,0.1136,1.751,60,1.466,1.783,0
B140,2025-12-31,train,0.249,0.979,14.855,12,0,3.67,10.5,11,26,0.565,0.0881,0.974,30,0.262,1.813,0
B141,2025-12-31,train,0.028,0.589,15.679,0,0,-2.33,1.83,7,17,0.592,0.1151,1.549,90,-0.556,0.53,0
B142,2025-12-31,train,0.316,0.0,14.702,0,0,0.0,0.0,0,14,0.533,0.1345,1.974,30,-0.143,-0.762,0
B143,2025-12-31,train,0.052,1.3,16.304,3,0,-28.0,19.5,12,23,0.55,0.0874,1.328,90,1.222,-0.184,0
B144,2025-12-31,train,0.254,0.0,14.198,13,0,10.67,3.33,3,15,0.287,0.1347,2.047,60,-1.676,-0.65,0
B145,2025-12-31,train,0.657,0.806,15.411,0,0,-9.0,5.67,8,14,0.353,0.0919,1.15,60,0.96,-1.367,0
B146,2025-12-31,train,0.385,0.34,15.104,0,0,-3.33,2.0,5,20,0.299,0.0903,0.488,90,-0.138,0.244,0
B147,2025-12-31,train,0.118,0.712,15.123,4,0,4.0,0.67,5,14,0.366,0.1416,0.949,30,0.342,-2.387,0
B148,2025-12-31,train,0.746,0.203,15.9,0,0,0.0,0.17,1,21,0.212,0.0351,1.809,30,-0.494,-0.832,0
B149,2025-12-31,train,0.919,0.0,15.26,0,0,0.0,3.17,1,14,0.342,0.0877,1.05,90,-1.312,-0.94,0
B150,2025-12-31,train,0.478,0.782,15.517,5,0,-2.0,10.5,10,18,0.42,0.1223,0.862,30,-0.293,0.149,0
B001,2026-01-31,test,0.739,0.76,15.916,7,0,7.0,2.5,3,9,0.616,0.1045,2.071,90,1.752,-0.25,0
B002,2026-01-31,test,0.231,0.01,16.115,0,0,-6.0,3.0,2,17,0.431,0.1007,2.191,120,-0.462,1.249,0
B003,2026-01-31,test,0.253,0.913,15.016,14,0,-31.0,36.5,12,21,0.538,0.0766,1.344,120,-0.1,1.124,1
B004,2026-01-31,test,0.105,0.571,14.048,0,0,-11.67,5.83,8,28,0.542,0.0491,1.755,60,-0.273,1.141,0
B006,2026-01-31,test,0.48,0.437,15.804,7,0,6.67,1.33,3,15,0.103,0.1304,1.798,60,0.4,0.47,0
B007,2026-01-31,test,0.123,0.09,14.608,0,0,-4.33,2.17,1,17,0.041,0.0902,1.654,30,-0.161,0.497,0
B008,2026-01-31,test,0.331,0.0,14.924,0,0,0.0,0.0,0,12,0.204,0.0777,1.547,30,-0.989,1.624,0
B009,2026-01-31,test,0.123,0.357,14.044,0,0,-5.67,2.83,4,17,0.356,0.166,2.51,60,-0.704,0.537,0
B011,2026-01-31,test,0.174,0.0,14.276,0,0,0.0,0.0,2,17,0.202,0.1172,1.709,30,1.085,-1.181,0
B012,2026-01-31,test,0.635,0.372,14.78,0,0,0.0,0.0,1,19,0.33,0.0848,0.918,90,2.195,-0.065,0
B013,2026-01-31,test,0.73,0.438,15.118,10,0,5.0,6.0,4,16,0.526,0.0855,2.585,90,-1.386,0.529,0
B014,2026-01-31,test,0.604,0.301,15.113,0,0,-4.67,4.5,6,19,0.283,0.0713,0.837,60,-0.208,0.147,0
B015,2026-01-31,test,0.273,0.0,15.441,0,0,-0.33,0.17,1,14,0.192,0.062,1.488,60,2.439,-0.337,0
B016,2026-01-31,test,0.541,0.395,14.56,0,0,-3.33,1.67,3,12,0.298,0.1068,1.634,30,-1.264,0.073,0
B017,2026-01-31,test,0.709,1.293,15.074,22,0,0.67,29.83,12,21,0.193,0.1669,1.024,30,1.684,0.741,1
B018,2026-01-31,test,0.179,0.592,14.176,0,0,-3.0,1.5,2,19,0.322,0.0645,1.728,30,0.806,-0.611,0
B019,2026-01-31,test,0.833,0.726,14.3,17,0,14.0,4.33,7,22,0.508,0.0497,1.297,60,-0.57,0.585,0
B020,2026-01-31,test,0.155,0.668,15.774,12,0,-40.67,41.17,11,15,0.344,0.0427,0.807,120,-0.394,-0.576,0
B022,2026-01-31,test,0.231,0.384,15.483,0,0,0.0,0.0,2,21,0.537,0.0311,1.599,30,-2.267,1.288,0
B023,2026-01-31,test,0.581,0.0,14.413,0,0,0.0,0.0,1,18,0.273,0.0719,1.615,60,1.036,-0.587,0
B024,2026-01-31,test,0.433,0.094,15.359,0,0,0.0,0.0,0,17,0.342,0.08,1.843,30,-1.454,1.477,0
B025,2026-01-31,test,0.842,0.06,16.045,15,0,15.0,2.5,1,10,0.66,0.1586,0.941,60,0.583,-1.137,0
B028,2026-01-31,test,0.04,0.419,14.956,0,0,0.0,0.0,0,11,0.287,0.1235,2.187,60,-0.727,-0.291,0
B029,2026-01-31,test,0.524,0.0,15.251,0,0,0.0,0.0,0,12,0.409,0.0227,1.852,90,-0.597,-1.081,0
B030,2026-01-31,test,0.434,0.607,15.326,0,0,-3.0,1.5,3,18,0.306,0.1235,1.812,30,0.793,1.433,0
B031,2026-01-31,test,0.388,0.535,14.312,2,0,-1.33,7.17,6,16,0.721,0.1464,-0.007,60,-1.167,0.693,0
B032,2026-01-31,test,0.419,0.235,16.698,0,0,-2.67,1.33,4,23,0.779,0.1258,1.155,60,-0.419,-1.463,0
B033,2026-01-31,test,0.844,0.711,14.189,136,1,129.67,25.83,5,19,0.285,0.148,0.738,60,-0.209,0.694,1
B034,2026-01-31,test,0.386,0.981,13.894,19,0,5.67,14.33,11,29,0.707,0.1353,0.233,60,1.282,0.623,0
B035,2026-01-31,test,0.186,0.697,16.008,8,0,-2.0,11.0,11,23,0.267,0.0794,1.27,60,-0.813,1.71,0
B037,2026-01-31,test,0.676,0.0,13.783,0,0,0.0,0.0,0,17,0.161,0.038,1.668,30,-1.076,-0.458,0
B038,2026-01-31,test,0.869,0.839,14.978,19,0,3.67,16.17,11,30,0.495,0.1115,0.353,60,-1.55,-2.181,0
B039,2026-01-31,test,0.371,0.0,14.35,0,0,0.0,0.0,0,23,0.359,0.0884,2.088,30,1.982,0.74,0
B040,2026-01-31,test,0.463,0.626,17.137,0,0,-8.0,7.17,5,16,0.253,0.1023,0.787,60,-0.228,-0.639,0
B041,2026-01-31,test,0.728,0.156,14.492,0,0,0.0,0.0,0,21,0.444,0.1107,1.396,30,0.025,0.167,0
B042,2026-01-31,test,0.597,0.205,15.402,0,0,0.0,0.0,5,17,0.346,0.0895,0.877,60,0.484,0.085,0
B044,2026-01-31,test,0.528,0.76,14.903,0,0,0.0,0.0,3,20,0.299,0.005,1.984,60,0.848,0.364,0
B045,2026-01-31,test,0.15,0.0,14.823,0,0,-3.33,1.67,2,19,0.391,0.0391,1.175,60,0.106,0.617,0
B046,2026-01-31,test,0.423,0.319,14.869,0,0,0.0,0.0,2,16,0.043,0.0396,0.843,30,0.093,-0.297,0
B047,2026-01-31,test,0.173,0.288,15.135,0,0,0.0,0.0,0,15,0.204,0.1156,1.172,60,-1.292,0.732,0
B048,2026-01-31,test,0.785,0.152,16.113,0,0,0.0,0.0,4,19,0.451,0.1466,1.814,60,-0.2,-0.576,0
B049,2026-01-31,test,0.328,0.246,14.978,20,0,15.33,5.67,5,20,0.134,0.0791,1.657,60,0.191,1.583,0
B050,2026-01-31,test,0.047,0.635,13.833,0,0,0.0,0.0,2,18,0.548,0.0247,1.667,30,-2.402,-1.867,0
B051,2026-01-31,test,0.469,0.146,15.12,0,0,0.0,0.0,0,17,0.356,0.1006,2.131,30,-0.659,-0.578,0
B052,2026-01-31,test,0.777,0.468,15.786,15,0,15.0,2.5,1,20,0.523,0.1278,1.951,30,0.067,-2.059,0
B053,2026-01-31,test,0.713,0.0,15.502,0,0,0.0,0.0,0,11,0.224,0.1082,1.967,60,0.218,-0.082,0
B054,2026-01-31,test,0.027,0.432,15.665,20,0,20.0,3.33,1,20,0.17,0.0911,1.364,60,0.82,-0.147,0
B055,2026-01-31,test,0.477,0.431,13.355,0,0,0.0,0.0,1,19,0.558,0.1555,1.584,30,1.199,1.501,0
B056,2026-01-31,test,0.561,0.496,13.506,1,0,0.0,1.83,4,25,0.378,0.0831,1.191,30,-0.143,-0.338,0
B057,2026-01-31,test,0.327,0.774,14.523,1,0,-6.33,5.67,10,18,0.479,0.072,0.959,30,-1.679,0.474,0
B058,2026-01-31,test,0.43,0.493,16.237,0,0,0.0,0.5,2,18,0.211,0.129,1.141,120,0.064,-0.827,0
B059,2026-01-31,test,0.263,0.68,15.036,0,0,-3.0,1.5,2,16,0.285,0.1055,1.042,90,0.02,0.143,0
B060,2026-01-31,test,0.352,0.211,13.083,0,0,0.0,0.0,0,20,0.173,0.1773,1.249,60,-0.047,1.6,0
B062,2026-01-31,test,0.806,0.305,14.664,0,0,0.0,0.0,0,11,0.198,0.1543,1.013,90,-0.395,-0.235,0
B063,2026-01-31,test,0.028,0.67,15.248,8,0,1.0,8.83,8,23,0.736,0.0751,0.767,120,0.62,0.754,0
B064,2026-01-31,test,0.076,0.0,13.918,0,0,0.0,0.0,0,15,0.384,0.0717,1.952,30,-1.144,-0.563,0
B066,2026-01-31,test,0.672,0.0,15.142,0,0,-0.33,0.17,2,16,0.431,0.0915,1.854,30,0.16,1.464,0
B067,2026-01-31,test,0.349,0.0,14.943,0,0,0.0,0.0,0,13,0.598,0.0755,1.563,30,-0.116,-0.06,0
B068,2026-01-31,test,0.541,0.637,15.371,0,0,-8.67,4.33,5,17,0.298,0.0774,2.126,60,-0.701,-0.296,0
B069,2026-01-31,test,0.155,0.043,15.096,0,0,-6.0,3.0,1,18,0.312,0.1253,0.369,90,-1.15,-0.245,0
B070,2026-01-31,test,0.476,0.0,15.229,19,0,17.67,5.17,4,15,0.184,0.1261,2.021,60,-1.375,0.373,0
B071,2026-01-31,test,0.045,0.228,14.386,0,0,-4.0,4.83,7,15,0.318,0.0772,1.71,60,-2.369,0.208,0
B072,2026-01-31,test,0.832,0.361,15.68,0,0,-22.33,14.67,10,23,0.25,0.0884,1.067,60,-1.714,-1.114,0
B074,2026-01-31,test,0.351,0.57,15.233,17,0,15.0,3.83,4,13,0.237,0.1038,1.738,60,-1.229,-0.29,0
B075,2026-01-31,test,0.227,0.46,13.348,0,0,0.0,1.17,3,19,0.521,0.1098,1.599,60,0.042,-0.953,0
B076,2026-01-31,test,0.464,0.025,14.163,0,0,0.0,0.0,3,9,0.265,0.1673,1.678,120,-1.538,1.495,0
B077,2026-01-31,test,0.602,0.124,16.197,0,0,-6.67,5.67,4,16,0.493,0.1339,1.356,90,-2.076,-0.184,0
B078,2026-01-31,test,0.469,0.141,15.412,0,0,0.0,0.0,0,10,0.072,0.0119,1.31,30,0.609,-1.647,0
B079,2026-01-31,test,0.533,0.329,15.395,0,0,0.0,0.0,0,13,0.292,0.1348,1.999,30,0.214,0.312,0
B080,2026-01-31,test,0.326,0.0,13.797,0,0,0.0,0.0,0,24,0.051,0.1094,1.554,60,-0.622,-0.174,0
B081,2026-01-31,test,0.091,0.537,15.107,0,0,-3.0,1.5,2,20,0.271,0.0134,1.26,60,-0.261,1.167,0
B082,2026-01-31,test,0.117,0.335,14.582,11,0,11.0,1.83,1,20,0.316,0.1304,1.347,90,-0.574,1.351,0
B083,2026-01-31,test,0.784,0.0,15.685,0,0,0.0,0.0,1,19,0.221,0.1586,1.036,60,-0.807,0.685,0
B084,2026-01-31,test,0.469,0.232,13.628,0,0,-2.67,1.33,3,16,0.482,0.0969,0.716,60,-1.644,-0.172,0
B086,2026-01-31,test,0.119,0.077,14.496,0,0,0.0,0.0,2,21,0.317,0.1188,1.936,60,0.854,-0.347,0
B087,2026-01-31,test,0.192,0.994,15.335,13,0,2.67,12.83,11,22,0.483,0.154,1.007,30,0.509,-1.733,0
B088,2026-01-31,test,0.244,0.424,16.017,0,0,0.0,3.17,4,19,0.319,0.2065,0.99,60,1.299,0.172,0
B089,2026-01-31,test,0.631,0.724,15.47,19,0,13.0,6.17,2,22,0.36,0.0667,1.751,30,-0.158,1.214,1
B090,2026-01-31,test,0.758,1.121,15.46,37,1,-10.67,36.0,12,12,0.55,0.1242,0.794,90,0.437,0.975,1
B091,2026-01-31,test,0.237,0.551,16.51,3,0,-6.67,5.33,3,10,0.55,0.1265,1.483,90,1.972,-0.042,0
B092,2026-01-31,test,0.081,0.248,15.398,0,0,0.0,1.17,2,15,0.434,0.102,1.692,60,0.298,-0.143,0
B094,2026-01-31,test,0.196,0.0,13.866,0,0,0.0,0.0,0,8,0.049,0.0493,1.426,30,0.051,-0.185,0
B096,2026-01-31,test,0.476,0.586,14.067,0,0,-0.33,3.33,4,22,0.341,0.088,1.88,30,0.23,-0.305,0
B099,2026-01-31,test,0.528,0.101,14.7,0,0,-5.67,2.83,1,15,0.384,0.1045,1.49,120,0.655,-0.11,0
B100,2026-01-31,test,0.902,0.104,15.26,0,0,0.0,2.33,1,15,0.424,0.0896,1.136,60,1.526,0.171,0
B102,2026-01-31,test,0.061,0.676,16.424,11,0,7.0,3.83,5,22,0.6,0.0085,1.493,90,0.39,-1.796,0
B103,2026-01-31,test,0.622,0.412,14.881,0,0,0.0,0.0,1,24,0.175,0.0919,1.195,120,1.307,-0.556,0
B104,2026-01-31,test,0.563,0.343,15.375,0,0,-2.33,3.67,2,17,0.153,0.1149,1.849,30,-0.023,-0.211,0
B105,2026-01-31,test,0.777,0.618,15.775,0,0,-6.0,3.0,5,17,0.307,0.0565,1.572,60,-0.5,-0.616,0
B106,2026-01-31,test,0.786,0.64,15.383,0,0,0.0,0.0,1,16,0.241,0.0928,0.669,60,-0.547,0.564,0
B107,2026-01-31,test,0.072,0.581,14.577,15,0,8.33,5.83,5,20,0.378,0.0895,1.442,30,0.424,2.089,0
B108,2026-01-31,test,0.848,0.279,14.406,2,0,2.0,1.33,5,15,0.474,0.1315,1.959,60,-2.08,-0.29,0
B109,2026-01-31,test,0.589,0.221,14.627,0,0,0.0,0.0,0,16,0.379,0.0579,1.641,60,2.181,1.736,0
B110,2026-01-31,test,0.167,1.066,16.294,25,0,-15.67,49.17,12,26,0.614,0.0723,1.369,30,1.252,-1.639,1
B111,2026-01-31,test,0.121,0.0,13.851,0,0,0.0,0.0,0,15,0.119,0.1159,1.402,60,1.63,-1.554,0
B113,2026-01-31,test,0.532,0.614,15.176,0,0,0.0,3.33,2,23,0.412,0.1307,1.236,30,-1.17,0.279,0
B114,2026-01-31,test,0.466,0.978,13.885,8,0,-9.0,12.67,12,22,0.636,0.0995,0.565,90,-0.195,0.757,0
B115,2026-01-31,test,0.596,1.011,15.042,15,0,-23.67,21.83,10,16,0.527,0.0874,0.226,30,-0.577,-0.868,1
B116,2026-01-31,test,0.316,0.0,15.609,0,0,0.0,0.0,0,18,0.079,0.0905,1.37,60,-0.037,0.943,0
B117,2026-01-31,test,0.211,0.631,17.179,20,0,5.67,10.5,8,27,0.09,0.0576,0.635,90,-0.141,2.156,0
B118,2026-01-31,test,0.36,0.152,14.12,0,0,0.0,0.0,2,16,0.424,0.1214,0.605,60,0.931,1.166,0
B119,2026-01-31,test,0.15,0.0,13.712,0,0,0.0,0.0,1,26,0.414,0.0749,1.978,120,-0.869,-1.026,0
B120,2026-01-31,test,0.249,0.503,16.21,0,0,-6.0,8.67,6,18,0.527,0.094,0.704,30,-1.096,-0.607,0
B121,2026-01-31,test,0.443,0.461,16.282,10,0,10.0,3.83,5,16,0.473,0.123,1.653,90,0.58,-0.365,0
B122,2026-01-31,test,0.665,0.305,15.525,0,0,0.0,0.0,0,10,0.123,0.0971,0.668,60,-2.322,0.651,0
B123,2026-01-31,test,0.129,0.303,15.715,0,0,0.0,0.0,0,9,0.271,0.0538,1.906,60,0.628,-0.456,0
B124,2026-01-31,test,0.583,0.09,14.929,0,0,0.0,0.0,1,19,0.378,0.0578,1.404,90,-1.529,0.118,0
B125,2026-01-31,test,0.848,0.033,13.754,0,0,-5.0,2.5,3,23,0.532,0.0386,0.559,90,-2.007,-1.266,0
B126,2026-01-31,test,0.595,0.0,14.27,3,0,3.0,0.5,1,18,0.401,0.1118,1.191,90,0.954,-0.164,0
B128,2026-01-31,test,0.17,0.59,14.333,0,0,-0.33,0.17,2,20,0.234,0.1538,1.468,30,-1.6,-1.379,0
B129,2026-01-31,test,0.661,0.337,14.14,0,0,-0.67,0.33,1,19,0.206,0.0538,1.469,30,-0.944,1.004,0
B131,2026-01-31,test,-0.014,0.281,14.943,0,0,0.0,5.17,5,27,0.283,0.0643,1.031,30,2.535,-1.77,0
B132,2026-01-31,test,0.471,0.216,12.941,0,0,0.0,0.0,0,18,0.389,0.0922,1.627,30,1.132,-1.471,0
B133,2026-01-31,test,0.302,0.073,13.527,0,0,0.0,0.0,2,14,0.35,0.1135,1.466,60,0.341,0.588,0
B135,2026-01-31,test,0.092,0.616,14.866,0,0,0.0,0.0,1,15,0.201,0.0629,0.747,120,0.525,0.942,0
B136,2026-01-31,test,0.704,0.788,15.465,1,0,-10.0,9.17,9,20,0.504,0.0693,1.864,60,-0.215,0.828,0
B137,2026-01-31,test,0.643,0.757,14.676,0,0,-2.67,2.83,2,15,0.636,0.1075,2.062,60,0.964,-1.33,0
B138,2026-01-31,test,0.696,0.49,15.205,0,0,-9.33,7.5,8,23,0.365,0.0795,1.169,120,1.185,2.281,0
B139,2026-01-31,test,0.273,0.686,16.424,9,0,-2.0,7.0,6,20,0.486,0.1019,1.726,60,-1.924,-1.21,0
B140,2026-01-31,test,0.346,0.993,14.962,0,0,-7.67,9.33,10,16,0.335,0.1183,1.066,30,0.606,1.317,0
B142,2026-01-31,test,0.305,0.009,14.744,0,0,0.0,0.0,0,18,0.385,0.0755,1.798,30,0.294,-0.167,0
B143,2026-01-31,test,0.089,1.16,16.333,7,0,-5.33,19.5,12,23,0.573,0.0684,1.773,90,-0.457,-0.173,0
B144,2026-01-31,test,0.32,0.295,14.397,0,0,-4.33,3.33,3,25,0.338,0.0868,1.88,60,-0.311,-0.149,0
B145,2026-01-31,test,0.653,0.532,15.663,4,0,-1.67,5.17,9,16,0.458,0.0957,1.134,60,1.303,-1.045,0
B147,2026-01-31,test,0.165,0.8,15.039,0,0,-1.33,0.67,4,19,0.413,0.0854,0.795,30,-0.548,0.745,0
B148,2026-01-31,test,0.745,0.202,15.939,0,0,0.0,0.0,1,18,0.352,0.0934,1.51,30,0.022,-1.4,0
B149,2026-01-31,test,0.93,0.23,15.487,0,0,0.0,3.17,1,14,0.387,0.1472,1.098,90,1.202,0.414,0
B150,2026-01-31,test,0.439,0.586,15.486,0,0,-3.0,7.33,9,24,0.279,0.1215,1.026,30,1.556,0.25,0
B001,2026-02-28,test,0.713,0.791,15.558,14,0,11.67,3.5,4,13,0.491,0.096,2.022,90,-0.064,1.219,0
B002,2026-02-28,test,0.255,0.43,15.919,0,0,0.0,3.0,2,21,0.242,0.1148,2.241,120,1.619,0.823,0
B003,2026-02-28,test,0.213,1.107,15.247,37,1,-0.67,35.5,12,23,0.474,0.0785,1.256,120,-0.761,0.219,1
B005,2026-02-28,test,0.133,0.771,15.696,0,0,-1.67,3.83,6,25,0.473,0.0542,0.989,30,0.28,0.186,0
B006,2026-02-28,test,0.51,0.316,16.265,0,0,-2.33,1.33,3,24,0.329,0.0673,1.749,60,1.422,0.731,0
B008,2026-02-28,test,0.361,0.191,14.373,0,0,0.0,0.0,0,14,0.346,0.112,1.81,30,-0.938,0.458,0
B009,2026-02-28,test,0.111,0.235,14.107,0,0,-2.67,2.83,4,17,0.585,0.098,2.279,60,0.634,1.44,0
B010,2026-02-28,test,0.966,1.173,14.39,41,1,-4.0,51.67,12,23,0.473,0.1453,0.595,90,1.745,0.16,0
B011,2026-02-28,test,0.091,0.0,13.986,0,0,0.0,0.0,2,15,0.406,0.0754,1.846,30,1.338,1.673,0
B012,2026-02-28,test,0.599,0.217,14.782,0,0,0.0,0.0,1,18,0.202,0.106,0.826,90,-0.593,-0.674,0
B013,2026-02-28,test,0.772,0.7,14.923,0,0,-4.67,4.17,4,18,0.316,0.1247,2.391,90,0.162,-1.324,0
B014,2026-02-28,test,0.614,0.472,15.123,0,0,-4.67,4.5,6,19,0.031,0.0726,1.14,60,0.465,-0.61,0
B015,2026-02-28,test,0.275,0.0,15.527,0,0,0.0,0.17,1,20,0.422,0.0714,1.757,60,0.084,0.296,0
B016,2026-02-28,test,0.537,0.721,14.415,0,0,-3.33,1.67,3,23,0.137,0.0805,1.764,30,-1.923,-0.43,0
B018,2026-02-28,test,0.181,0.502,14.031,12,0,9.0,3.5,3,25,0.565,0.1529,1.832,30,0.585,0.445,0
B019,2026-02-28,test,0.788,0.989,14.478,0,0,-8.67,4.33,6,14,0.315,0.1308,1.157,60,1.677,-1.074,0
B020,2026-02-28,test,0.165,0.053,15.755,0,0,-49.33,36.17,10,17,0.337,0.0507,0.863,120,1.034,0.527,0
B021,2026-02-28,test,0.862,0.0,15.306,0,0,0.0,0.0,0,17,0.236,0.0953,1.092,30,1.197,-1.508,0
B022,2026-02-28,test,0.23,0.216,15.651,0,0,0.0,0.0,1,20,0.36,0.1629,1.585,30,1.121,0.762,0
B023,2026-02-28,test,0.645,0.107,14.261,0,0,0.0,0.0,0,14,0.193,0.1384,2.029,60,-0.384,-0.41,0
B024,2026-02-28,test,0.423,0.0,15.318,0,0,0.0,0.0,0,15,0.117,0.1423,1.765,30,-1.259,0.168,0
B025,2026-02-28,test,0.886,0.072,16.134,0,0,-5.0,2.5,1,15,0.122,0.1097,0.988,60,-0.383,1.6,0
B026,2026-02-28,test,0.564,0.28,15.319,0,0,-5.67,2.83,3,24,0.505,0.1203,1.763,60,-0.007,-0.357,0
B029,2026-02-28,test,0.457,0.0,14.717,0,0,0.0,0.0,0,15,0.175,0.0482,1.949,90,0.602,0.78,0
B030,2026-02-28,test,0.442,0.613,15.397,0,0,0.0,1.5,3,12,0.353,0.032,1.887,30,0.054,-0.647,0
B031,2026-02-28,test,0.379,0.562,14.684,0,0,-4.0,5.33,6,14,0.287,0.1146,0.134,60,1.259,-1.057,0
B032,2026-02-28,test,0.392,0.513,16.753,0,0,0.0,1.33,4,27,0.383,0.0576,1.08,60,-0.784,0.439,0
B033,2026-02-28,test,0.848,0.93,14.066,25,0,-26.67,30.0,5,21,0.493,0.1518,0.63,60,0.678,0.793,1
B034,2026-02-28,test,0.345,0.636,14.146,8,0,-11.0,13.0,12,18,0.449,0.1099,0.062,60,-0.219,-1.533,0
B036,2026-02-28,test,0.904,0.166,15.5,0,0,-5.33,3.17,2,17,0.234,0.0399,1.175,60,0.77,0.007,0
B037,2026-02-28,test,0.62,0.0,13.862,0,0,0.0,0.0,0,15,0.347,0.0685,1.51,30,1.439,-0.015,0
B038,2026-02-28,test,0.868,0.512,14.672,0,0,-18.0,13.0,11,15,0.231,0.0591,0.081,60,-0.783,0.326,0
B039,2026-02-28,test,0.467,0.014,14.415,0,0,0.0,0.0,0,16,0.101,0.0816,2.001,30,-0.478,1.147,0
B040,2026-02-28,test,0.44,0.461,17.081,0,0,-6.0,4.0,5,21,0.198,0.0818,0.52,60,-0.45,-2.402,0
B041,2026-02-28,test,0.701,0.0,14.33,0,0,0.0,0.0,0,16,0.061,0.1311,1.383,30,0.479,1.94,0
B043,2026-02-28,test,0.658,0.191,13.524,0,0,0.0,0.0,0,12,0.341,0.0617,1.857,30,-0.315,1.722,0
B044,2026-02-28,test,0.48,0.263,14.845,0,0,0.0,0.0,2,14,0.783,0.0998,1.88,60,-0.938,-0.239,0
B045,2026-02-28,test,0.134,0.102,14.659,0,0,-3.33,1.67,2,18,0.313,0.0654,1.435,60,2.203,-0.16,0
B046,2026-02-28,test,0.494,0.0,14.698,13,0,13.0,2.17,3,12,0.55,0.0738,0.97,30,-0.727,1.416,0
B048,2026-02-28,test,0.819,0.427,16.3,0,0,0.0,0.0,3,33,0.194,0.0586,1.635,60,0.573,-0.457,0
B049,2026-02-28,test,0.393,0.565,14.961,0,0,-7.33,5.67,4,27,0.305,0.1122,1.509,60,0.07,0.182,0
B050,2026-02-28,test,0.074,0.722,14.101,0,0,0.0,0.0,2,19,0.241,0.0906,1.252,30,-0.088,0.911,0
B051,2026-02-28,test,0.473,0.132,15.438,0,0,0.0,0.0,0,10,0.457,0.1263,1.989,30,0.449,-0.405,0
B052,2026-02-28,test,0.819,0.248,15.141,0,0,-5.0,2.5,1,17,0.347,0.1069,2.003,30,-0.654,0.529,0
B054,2026-02-28,test,0.111,0.691,15.684,0,0,-6.67,3.33,1,16,0.545,0.0998,1.133,60,2.041,-1.802,0
B055,2026-02-28,test,0.481,0.058,13.168,0,0,0.0,0.0,1,22,0.339,0.0266,1.845,30,-0.099,-0.681,0
B056,2026-02-28,test,0.532,0.31,13.434,12,0,10.67,2.67,5,27,0.342,0.1151,1.114,30,0.733,-0.282,0
B057,2026-02-28,test,0.368,0.983,14.86,12,0,8.0,7.17,10,25,0.622,0.1877,0.987,30,0.746,1.337,0
B058,2026-02-28,test,0.443,0.0,16.469,0,0,0.0,0.0,2,18,0.269,0.0129,1.366,120,-0.389,0.15,0
B059,2026-02-28,test,0.287,0.154,14.803,0,0,0.0,1.5,2,21,0.356,0.1014,1.339,90,0.848,-1.52,0
B060,2026-02-28,test,0.323,0.233,13.35,0,0,0.0,0.0,0,21,0.226,0.073,1.153,60,0.775,1.637,0
B061,2026-02-28,test,0.806,0.651,15.493,0,0,-5.0,2.5,6,25,0.342,0.0354,1.047,90,0.046,0.082,0
B062,2026-02-28,test,0.756,0.356,14.604,0,0,0.0,0.0,0,24,0.448,0.0323,1.227,90,-0.03,-0.581,0
B063,2026-02-28,test,0.138,0.923,15.275,4,0,-5.67,7.67,8,18,0.709,0.0489,1.021,120,0.056,-0.1,0
B065,2026-02-28,test,0.136,0.277,15.892,0,0,0.0,0.0,0,12,0.478,0.0337,1.913,90,0.845,0.814,0
B066,2026-02-28,test,0.634,0.0,14.926,0,0,-0.33,0.17,1,18,0.212,0.1442,1.774,30,-0.25,-1.105,0
B067,2026-02-28,test,0.357,0.147,14.816,0,0,0.0,0.0,0,18,0.333,0.0804,1.484,30,0.499,0.702,0
B068,2026-02-28,test,0.539,0.306,14.955,0,0,-4.0,4.33,4,20,0.482,0.0911,1.827,60,-0.648,0.768,0
B069,2026-02-28,test,0.027,0.507,15.101,9,0,3.0,4.5,2,18,0.347,0.0663,0.613,90,1.701,-0.802,0
B070,2026-02-28,test,0.512,0.0,15.178,0,0,-7.67,3.83,4,16,0.153,0.1416,1.834,60,-1.039,-1.326,0
B071,2026-02-28,test,0.091,0.288,14.468,12,0,9.0,6.83,7,19,0.356,0.0909,1.71,60,-0.331,1.254,0
B072,2026-02-28,test,0.874,0.957,15.924,16,0,-2.33,16.83,10,11,0.163,0.0907,1.105,60,1.448,-1.439,1
B073,2026-02-28,test,0.161,0.0,14.826,0,0,0.0,0.0,0,15,0.543,0.1279,2.626,60,-0.634,0.404,0
B074,2026-02-28,test,0.334,0.235,15.433,0,0,-5.67,3.83,4,16,0.403,0.1175,1.899,60,-0.493,0.138,0
B075,2026-02-28,test,0.18,0.427,13.44,3,0,3.0,1.67,4,14,0.213,0.1012,1.581,60,-1.049,0.421,0
B076,2026-02-28,test,0.544,0.145,14.307,0,0,0.0,0.0,3,18,0.275,0.1552,1.631,120,0.07,-0.277,0
B077,2026-02-28,test,0.531,0.443,16.611,0,0,-6.67,5.67,3,19,0.037,0.0981,1.297,90,1.631,1.355,0
B078,2026-02-28,test,0.444,0.321,15.375,0,0,0.0,0.0,0,10,0.238,0.1096,1.588,30,0.3,1.19,0
B079,2026-02-28,test,0.559,0.108,15.018,0,0,0.0,0.0,0,12,0.36,0.1388,1.985,30,-1.797,-0.583,0
B080,2026-02-28,test,0.326,0.112,13.753,0,0,0.0,0.0,0,18,0.157,0.11,1.344,60,-0.42,-1.239,0
B081,2026-02-28,test,0.101,0.362,14.57,0,0,-3.0,1.5,2,21,0.072,0.1153,1.07,60,0.148,0.893,0
B082,2026-02-28,test,0.1,0.241,14.269,0,0,-3.67,1.83,1,26,0.076,0.0928,1.357,90,-0.14,0.384,0
B083,2026-02-28,test,0.828,0.0,15.453,0,0,0.0,0.0,1,19,0.214,0.0622,0.875,60,-1.064,-0.32,0
B084,2026-02-28,test,0.522,0.101,13.815,0,0,-2.67,1.33,3,14,0.035,0.0824,0.775,60,-1.855,-1.309,0
B085,2026-02-28,test,0.663,0.0,15.208,0,0,0.0,0.0,0,13,0.066,0.1114,1.52,120,-1.205,0.631,0
B086,2026-02-28,test,0.083,0.171,14.352,0,0,0.0,0.0,2,15,0.097,0.1355,2.015,60,-2.026,-1.411,0
B088,2026-02-28,test,0.184,0.334,16.414,16,0,16.0,3.5,5,20,0.308,0.0423,1.233,60,0.144,-0.086,0
B089,2026-02-28,test,0.649,1.038,15.613,20,0,7.67,9.5,3,19,0.078,0.1139,2.343,30,-0.116,-0.179,1
B090,2026-02-28,test,0.78,1.026,15.774,28,0,0.33,38.0,12,19,0.519,0.0782,0.509,90,-0.392,-1.177,1
B091,2026-02-28,test,0.214,0.831,16.609,0,0,-7.33,5.33,3,18,0.538,0.0692,1.205,90,1.293,0.645,0
B092,2026-02-28,test,0.085,0.379,15.203,0,0,0.0,0.0,2,22,0.373,0.0889,1.591,60,-0.912,0.821,0
B093,2026-02-28,test,0.683,0.0,13.524,0,0,0.0,0.0,0,10,0.296,0.1023,2.437,90,0.446,0.59,0
B094,2026-02-28,test,0.217,0.0,14.052,0,0,0.0,0.0,0,20,0.189,0.0983,1.413,30,-0.568,-0.861,0
B095,2026-02-28,test,0.789,0.476,16.175,0,0,-12.67,6.33,2,18,0.387,0.1073,1.915,90,1.415,0.956,0
B096,2026-02-28,test,0.399,0.426,14.187,0,0,-0.33,1.17,4,15,0.168,0.1038,1.749,30,0.948,-0.702,0
B097,2026-02-28,test,0.22,0.5,15.249,8,0,1.33,4.67,5,16,0.227,0.1185,2.042,30,0.076,-0.303,0
B098,2026-02-28,test,0.457,0.001,17.3,0,0,-2.67,3.17,3,17,0.495,0.1125,1.219,30,-0.02,-0.83,0
B099,2026-02-28,test,0.497,0.54,14.712,0,0,-5.67,2.83,1,14,0.152,0.0689,1.509,120,-1.389,-1.845,0
B100,2026-02-28,test,0.884,0.0,15.105,0,0,0.0,0.0,1,26,0.108,0.0564,1.281,60,-0.994,2.307,0
B102,2026-02-28,test,0.019,0.724,16.461,12,0,8.33,5.83,5,10,0.175,0.1207,1.513,90,-0.415,0.335,0
B103,2026-02-28,test,0.715,0.652,14.889,0,0,0.0,0.0,0,19,0.47,0.1158,1.134,120,0.402,-0.909,0
B104,2026-02-28,test,0.509,0.316,15.125,12,0,9.67,3.17,3,24,0.411,0.0826,1.648,30,-0.471,0.294,0
B106,2026-02-28,test,0.743,0.263,15.023,0,0,0.0,0.0,1,15,0.351,0.1293,0.642,60,-0.124,-0.252,0
B107,2026-02-28,test,0.057,0.564,14.37,14,0,2.33,8.17,5,22,0.46,0.067,1.565,30,0.023,0.083,0
B108,2026-02-28,test,0.8,0.408,14.328,0,0,-0.67,0.33,5,6,0.515,0.0792,1.978,60,-0.977,-1.061,0
B109,2026-02-28,test,0.567,0.101,14.42,0,0,0.0,0.0,0,16,0.223,0.0825,1.571,60,0.006,0.398,0
B110,2026-02-28,test,0.12,1.3,15.836,44,1,10.33,52.67,12,16,0.711,0.0282,1.303,30,0.704,-1.745,1
B111,2026-02-28,test,0.049,0.0,13.91,0,0,0.0,0.0,0,14,0.209,0.1107,1.37,60,-0.376,-0.27,0
B112,2026-02-28,test,0.238,0.0,15.461,0,0,0.0,2.67,1,20,0.378,0.061,1.993,30,-0.201,0.88,0
B113,2026-02-28,test,0.544,0.492,14.899,0,0,0.0,0.0,2,23,0.25,0.1403,0.933,30,1.14,-0.985,0
B115,2026-02-28,test,0.656,0.777,15.066,49,1,12.0,30.0,10,23,0.381,0.0272,0.239,30,0.028,-0.286,1
B116,2026-02-28,test,0.305,0.0,15.644,0,0,0.0,0.0,0,10,0.238,0.1573,1.308,60,1.099,-1.051,0
B117,2026-02-28,test,0.248,0.082,17.333,0,0,-14.33,10.5,7,21,0.293,0.0905,0.741,90,-1.332,1.016,0
B118,2026-02-28,test,0.304,0.02,14.178,0,0,0.0,0.0,1,14,0.407,0.073,1.013,60,0.361,0.463,0
B119,2026-02-28,test,0.14,0.0,13.759,0,0,0.0,0.0,1,17,0.52,0.1199,1.925,120,-0.388,1.288,0
B121,2026-02-28,test,0.491,0.425,16.736,0,0,-3.33,3.83,4,22,0.217,0.088,1.378,90,-1.26,-0.224,0
B122,2026-02-28,test,0.674,0.02,16.22,0,0,0.0,0.0,0,15,0.175,0.0884,0.712,60,0.059,-0.903,0
B123,2026-02-28,test,0.106,0.058,15.66,0,0,0.0,0.0,0,14,0.166,0.0602,1.895,60,0.554,0.956,0
B124,2026-02-28,test,0.605,0.553,14.818,0,0,0.0,0.0,1,16,0.421,0.202,1.272,90,0.338,0.346,0
B125,2026-02-28,test,0.811,0.238,13.626,0,0,-5.0,2.5,3,15,0.357,0.1325,0.485,90,1.238,0.158,0
B126,2026-02-28,test,0.642,0.0,14.252,0,0,-1.0,0.5,1,6,0.034,0.0164,1.374,90,-0.871,-0.708,0
B127,2026-02-28,test,0.347,0.156,15.654,0,0,-7.0,3.5,4,13,0.515,0.0668,2.076,90,1.232,0.436,0
B128,2026-02-28,test,0.205,0.178,14.325,0,0,-0.33,0.17,2,20,0.364,0.096,1.332,30,-1.485,-0.299,0
B129,2026-02-28,test,0.654,0.0,14.256,0,0,-0.67,0.33,1,23,0.301,0.0746,1.782,30,0.049,0.114,0
B130,2026-02-28,test,0.658,0.456,15.443,0,0,-4.33,2.17,3,13,0.495,0.1375,1.76,60,1.593,-1.105,0
B131,2026-02-28,test,0.043,0.724,14.9,0,0,0.0,2.67,4,21,0.488,0.0864,1.047,30,-0.838,-1.118,0
B132,2026-02-28,test,0.458,0.118,12.472,0,0,0.0,0.0,0,20,0.205,0.0826,1.705,30,-0.297,0.735,0
B133,2026-02-28,test,0.301,0.136,13.692,0,0,0.0,0.0,2,16,0.471,0.048,1.655,60,-0.509,-0.506,0
B137,2026-02-28,test,0.625,0.6,14.677,0,0,-2.67,1.33,2,18,0.273,0.0851,2.091,60,-1.747,-0.155,0
B139,2026-02-28,test,0.245,0.377,16.489,15,0,6.0,9.5,7,16,0.231,0.1431,1.898,60,-0.561,-0.515,0
B140,2026-02-28,test,0.32,1.123,14.669,0,0,-4.0,6.17,9,21,0.584,0.0969,0.994,30,-1.284,0.124,0
B141,2026-02-28,test,0.023,0.279,16.034,14,0,12.67,4.17,7,20,0.134,0.1319,1.891,90,-0.434,-0.841,0
B142,2026-02-28,test,0.285,0.527,14.768,0,0,0.0,0.0,0,18,0.142,0.1095,1.754,30,-0.821,0.941,0
B143,2026-02-28,test,0.006,1.297,16.236,11,0,6.67,19.0,12,24,0.255,0.0705,1.242,90,-0.747,0.23,0
B144,2026-02-28,test,0.279,0.053,14.524,14,0,9.67,5.67,4,11,0.313,0.1139,2.093,60,-0.412,0.158,0
B145,2026-02-28,test,0.639,0.833,15.504,0,0,-2.0,5.17,8,21,0.651,0.135,1.169,60,-0.927,1.842,0
B147,2026-02-28,test,0.181,0.728,15.256,20,0,18.67,4.0,4,25,0.553,0.1649,0.955,30,-0.216,-0.752,0
B148,2026-02-28,test,0.79,0.263,16.008,0,0,0.0,0.0,1,22,0.281,0.0311,1.67,30,-0.547,-1.053,0
B149,2026-02-28,test,0.926,0.0,15.197,0,0,0.0,0.0,1,21,0.333,0.0976,1.119,90,-0.354,-1.833,0
B150,2026-02-28,test,0.417,0.053,15.756,14,0,11.0,6.67,9,19,0.286,0.0797,0.992,30,0.572,-0.103,0
B001,2026-03-31,test,0.698,0.452,15.529,0,0,-7.0,3.5,4,13,0.234,0.0608,2.187,90,-0.934,-0.025,0
B003,2026-03-31,test,0.242,0.98,15.265,54,1,27.67,40.0,12,18,0.33,0.0569,1.285,120,-1.96,1.482,1
B004,2026-03-31,test,0.051,0.59,13.92,13,0,8.33,8.0,7,17,0.765,0.1088,1.75,60,-1.757,0.277,0
B006,2026-03-31,test,0.561,0.374,16.066,0,0,-2.33,1.33,3,21,0.365,0.083,1.885,60,0.884,0.413,0
B008,2026-03-31,test,0.351,0.416,14.674,0,0,0.0,0.0,0,19,0.321,0.1059,1.266,30,-1.302,-0.341,0
B009,2026-03-31,test,0.142,0.324,13.989,9,0,9.0,4.33,4,23,0.038,0.0828,2.335,60,-0.498,-1.023,0
B011,2026-03-31,test,0.123,0.0,14.127,0,0,0.0,0.0,2,18,0.413,0.0931,1.906,30,-0.267,-0.132,0
B012,2026-03-31,test,0.616,0.145,14.652,0,0,0.0,0.0,0,21,0.46,0.1062,0.857,90,-1.411,-0.519,0
B014,2026-03-31,test,0.629,0.406,15.449,3,0,3.0,2.83,6,19,0.242,0.1207,0.97,60,0.328,1.672,0
B015,2026-03-31,test,0.246,0.0,15.697,0,0,0.0,0.17,1,17,0.685,0.0928,1.597,60,0.025,0.447,0
B016,2026-03-31,test,0.522,0.655,14.849,5,0,1.67,2.5,3,14,0.361,0.1289,1.778,30,1.939,-0.092,0
B017,2026-03-31,test,0.656,0.405,14.949,10,0,-14.67,22.83,12,18,0.383,0.0782,0.985,30,0.221,1.33,1
B018,2026-03-31,test,0.154,0.0,14.292,0,0,-7.0,3.5,3,21,0.302,0.0133,1.926,30,0.884,-0.809,0
B019,2026-03-31,test,0.802,0.525,14.532,0,0,-8.67,4.33,5,16,0.406,0.0671,1.327,60,0.375,1.412,0
B020,2026-03-31,test,0.129,0.65,16.032,19,0,-17.0,31.5,11,19,0.57,0.0841,0.685,120,0.317,0.489,0
B021,2026-03-31,test,0.864,0.02,15.011,0,0,0.0,0.0,0,19,0.54,0.0858,1.171,30,0.005,-0.837,0
B022,2026-03-31,test,0.264,0.497,15.946,12,0,12.0,2.0,2,11,0.258,0.0373,1.601,30,0.457,0.684,0
B023,2026-03-31,test,0.626,0.089,14.435,0,0,0.0,0.0,0,12,0.238,0.0319,1.9,60,-0.232,-1.219,0
B024,2026-03-31,test,0.441,0.0,15.008,0,0,0.0,0.0,0,18,0.187,0.1251,1.74,30,-1.373,0.769,0
B025,2026-03-31,test,0.844,0.026,15.76,0,0,-5.0,2.5,1,20,0.396,0.1574,1.263,60,-0.273,0.393,0
B026,2026-03-31,test,0.544,0.501,15.224,12,0,6.33,4.83,4,26,0.33,0.1139,1.458,60,-1.299,1.396,0
B027,2026-03-31,test,0.054,0.335,15.673,0,0,-3.0,2.17,3,20,0.36,0.0584,1.767,60,2.484,-0.059,0
B028,2026-03-31,test,0.046,0.085,15.144,0,0,-1.33,0.67,1,19,0.228,0.1179,2.51,60,-0.257,1.056,0
B029,2026-03-31,test,0.555,0.0,15.09,0,0,0.0,0.0,0,12,0.368,0.0148,1.821,90,0.832,0.425,0
B031,2026-03-31,test,0.31,0.201,14.762,0,0,-4.0,2.0,5,19,0.35,0.0281,0.214,60,-1.57,0.333,0
B032,2026-03-31,test,0.427,0.0,17.201,0,0,0.0,1.33,4,24,0.33,0.1149,0.953,60,0.693,-0.41,0
B034,2026-03-31,test,0.364,1.108,14.118,2,0,-13.0,11.5,12,21,0.699,0.1003,0.135,60,0.275,-0.463,0
B035,2026-03-31,test,0.046,0.885,16.269,12,0,6.33,8.33,11,14,0.485,0.1161,1.238,60,-0.928,-0.553,0
B037,2026-03-31,test,0.593,0.0,14.37,0,0,0.0,0.0,0,11,0.216,0.1046,1.803,30,-0.411,0.985,0
B038,2026-03-31,test,0.866,0.753,14.862,0,0,-11.33,10.83,10,19,0.506,0.107,0.264,60,-0.702,-0.959,0
B039,2026-03-31,test,0.356,0.0,14.521,0,0,0.0,0.0,0,11,0.225,0.1236,1.998,30,1.166,0.307,0
B040,2026-03-31,test,0.481,0.285,16.856,0,0,0.0,4.0,5,19,0.27,0.1072,0.855,60,2.122,1.102,0
B041,2026-03-31,test,0.712,0.0,14.619,0,0,0.0,0.0,0,14,0.13,0.1368,1.169,30,0.424,1.188,0
B042,2026-03-31,test,0.564,0.574,15.502,0,0,0.0,0.0,4,15,0.398,0.1135,1.037,60,-0.588,-0.275,0
B043,2026-03-31,test,0.683,0.0,13.458,0,0,0.0,0.0,0,14,0.088,0.1067,1.77,30,-0.035,-0.735,0
B044,2026-03-31,test,0.501,0.633,14.979,6,0,6.0,1.0,2,17,0.422,0.0626,1.948,60,1.461,-0.426,0
B045,2026-03-31,test,0.119,0.0,14.775,0,0,0.0,1.67,2,7,0.371,0.1607,1.544,60,0.755,0.153,0
B046,2026-03-31,test,0.42,0.004,14.916,0,0,-4.33,2.17,3,19,0.333,0.0869,0.937,30,0.016,1.72,0
B047,2026-03-31,test,0.17,0.006,15.421,0,0,0.0,0.0,0,14,0.384,0.0566,1.491,60,-0.799,-0.264,0
B049,2026-03-31,test,0.377,0.49,15.016,0,0,-6.67,5.67,4,16,0.293,0.1354,1.594,60,-0.253,-0.272,0
B050,2026-03-31,test,0.031,0.449,14.058,9,0,9.0,1.5,2,18,0.473,0.0533,1.357,30,1.053,1.446,0
B051,2026-03-31,test,0.412,0.0,15.135,0,0,0.0,0.0,0,18,0.525,0.0559,1.978,30,0.323,-0.632,0
B052,2026-03-31,test,0.835,0.06,15.358,5,0,0.0,3.33,2,21,0.21,0.0522,1.836,30,-0.173,0.332,0
B054,2026-03-31,test,0.024,0.404,15.662,0,0,-6.67,3.33,1,20,0.126,0.0968,1.123,60,-0.401,0.242,0
B055,2026-03-31,test,0.483,0.399,13.082,0,0,0.0,0.0,1,19,0.46,0.0807,1.698,30,0.04,-0.201,0
B056,2026-03-31,test,0.567,0.231,13.402,0,0,-4.33,2.67,5,22,0.359,0.1139,1.108,30,0.298,-0.14,0
B057,2026-03-31,test,0.312,0.87,14.675,16,0,8.33,8.5,10,18,0.67,0.0557,0.501,30,-2.53,0.172,0
B058,2026-03-31,test,0.468,0.098,16.171,0,0,0.0,0.0,2,19,0.269,0.081,1.01,120,-0.9,-1.8,0
B059,2026-03-31,test,0.211,0.14,14.677,0,0,0.0,1.5,2,20,0.533,0.0979,1.196,90,-0.908,-0.003,0
B060,2026-03-31,test,0.289,0.0,13.236,0,0,0.0,0.0,0,26,0.222,0.1284,1.326,60,-0.985,1.006,0
B061,2026-03-31,test,0.831,0.707,15.548,0,0,-5.0,2.5,5,14,0.476,0.119,1.269,90,1.085,-2.131,0
B062,2026-03-31,test,0.76,0.0,14.546,0,0,0.0,0.0,0,16,0.318,0.0596,1.163,90,-1.109,-2.302,0
B063,2026-03-31,test,0.07,0.74,15.176,0,0,-9.0,5.5,8,15,0.502,0.098,0.675,120,-0.745,2.328,0
B065,2026-03-31,test,0.074,0.0,15.825,0,0,0.0,0.0,0,14,0.106,0.1087,2.019,90,-0.886,0.824,0
B066,2026-03-31,test,0.716,0.0,15.008,0,0,0.0,0.17,1,11,0.045,0.1394,1.769,30,0.802,-0.403,0
B067,2026-03-31,test,0.402,0.083,14.782,0,0,0.0,0.0,0,15,0.368,0.0852,1.798,30,0.695,1.363,0
B068,2026-03-31,test,0.468,0.0,14.66,0,0,-4.0,4.33,4,17,0.441,0.1014,2.226,60,-0.388,1.811,0
B069,2026-03-31,test,0.098,0.231,14.883,0,0,-9.0,4.5,2,14,0.453,0.0398,0.423,90,-0.679,-2.103,0
B070,2026-03-31,test,0.429,0.153,15.563,0,0,-6.33,3.83,4,21,0.161,0.0964,1.794,60,1.777,-0.283,0
B071,2026-03-31,test,0.048,0.372,14.439,0,0,-5.33,4.0,7,18,0.293,0.0697,1.761,60,-0.026,-1.383,0
B072,2026-03-31,test,0.855,0.785,15.778,20,0,6.33,17.17,10,25,0.349,0.1051,1.155,60,0.474,-0.112,1
B073,2026-03-31,test,0.131,0.0,15.358,0,0,0.0,0.0,0,15,0.175,0.0961,2.589,60,1.7,-0.103,0
B074,2026-03-31,test,0.364,0.068,15.303,0,0,-5.67,3.83,4,22,0.525,0.0862,1.955,60,1.346,0.148,0
B075,2026-03-31,test,0.133,0.245,13.326,0,0,-1.0,0.5,3,20,0.588,0.16,1.312,60,0.645,0.131,0
B076,2026-03-31,test,0.449,0.517,14.324,0,0,0.0,0.0,3,14,0.324,0.0208,1.637,120,-0.089,-0.776,0
B077,2026-03-31,test,0.579,0.288,16.302,0,0,-5.67,3.33,3,22,0.186,0.156,1.297,90,0.998,1.78,0
B078,2026-03-31,test,0.501,0.0,15.296,0,0,0.0,0.0,0,20,0.055,0.1057,1.463,30,-1.601,0.179,0
B079,2026-03-31,test,0.532,0.05,14.858,0,0,0.0,0.0,0,15,0.134,0.0882,2.001,30,0.65,0.079,0
B080,2026-03-31,test,0.353,0.0,13.905,0,0,0.0,0.0,0,17,0.029,0.1201,1.337,60,0.72,-0.086,0
B081,2026-03-31,test,0.089,0.375,14.522,15,0,15.0,4.0,2,17,0.307,0.1677,0.959,60,0.382,0.294,0
B082,2026-03-31,test,0.07,0.284,14.562,0,0,-3.67,1.83,1,18,0.134,0.0955,1.585,90,-0.818,1.378,0
B084,2026-03-31,test,0.497,0.123,13.617,0,0,0.0,1.33,2,19,0.276,0.081,0.837,60,-0.696,2.743,0
B085,2026-03-31,test,0.725,0.0,15.507,0,0,0.0,0.0,0,14,0.048,0.0951,1.8,120,0.145,-0.006,0
B086,2026-03-31,test,0.173,0.505,14.847,0,0,0.0,0.0,1,10,0.432,0.0415,1.984,60,-0.562,1.263,0
B087,2026-03-31,test,0.207,1.041,14.867,3,0,-11.33,10.83,11,24,0.216,0.1921,1.035,30,-2.083,-2.393,0
B088,2026-03-31,test,0.214,0.549,16.661,0,0,-5.33,2.67,5,29,0.155,0.091,1.163,60,0.652,0.332,0
B089,2026-03-31,test,0.705,0.59,15.787,11,0,-2.0,11.33,4,25,0.586,0.1199,2.168,30,0.923,-1.533,1
B090,2026-03-31,test,0.773,0.931,15.49,43,1,17.33,41.83,12,14,0.548,0.141,0.807,90,-0.717,0.158,0
B092,2026-03-31,test,0.062,0.147,15.071,0,0,0.0,0.0,2,19,0.309,0.1632,1.783,60,-1.272,-0.288,0
B093,2026-03-31,test,0.725,0.0,13.646,0,0,0.0,0.0,0,14,0.216,0.0645,2.695,90,-0.124,0.507,0
B094,2026-03-31,test,0.149,0.0,14.002,0,0,0.0,0.0,0,22,0.311,0.1004,1.314,30,1.137,0.909,0
B095,2026-03-31,test,0.702,0.0,15.915,0,0,-6.67,6.33,2,21,0.228,0.0697,1.796,90,1.064,-0.302,0
B096,2026-03-31,test,0.441,0.254,14.228,0,0,0.0,0.17,3,26,0.255,0.1156,1.911,30,1.661,0.275,0
B097,2026-03-31,test,0.179,0.691,15.961,0,0,-2.67,4.67,5,17,0.565,0.0829,2.041,30,-1.289,0.167,0
B098,2026-03-31,test,0.441,0.101,17.27,0,0,-2.67,1.33,3,22,0.369,0.1445,1.239,30,-0.735,-0.957,0
B099,2026-03-31,test,0.531,0.0,14.799,0,0,-5.67,2.83,1,19,0.375,0.1335,1.581,120,-1.976,0.181,0
B100,2026-03-31,test,0.834,0.031,15.223,0,0,0.0,0.0,1,15,0.39,0.1184,1.266,60,1.067,-0.222,0
B101,2026-03-31,test,0.845,0.633,17.002,0,0,-1.0,0.5,3,18,0.388,0.1031,1.778,60,0.994,1.494,0
B102,2026-03-31,test,0.022,0.503,16.316,0,0,-7.67,5.83,4,15,0.448,0.0614,1.642,90,-2.527,0.529,0
B103,2026-03-31,test,0.68,0.404,14.898,0,0,0.0,0.0,0,15,0.525,0.0806,0.879,120,-0.576,0.035,0
B104,2026-03-31,test,0.498,0.265,15.178,0,0,-6.33,3.17,3,15,0.285,0.1395,1.575,30,-1.855,-0.504,0
B105,2026-03-31,test,0.767,0.731,15.954,0,0,-6.0,6.0,5,18,0.427,0.0297,1.554,60,-0.134,1.056,0
B106,2026-03-31,test,0.774,0.739,15.527,0,0,0.0,0.0,1,17,0.31,0.0961,0.684,60,-0.524,-0.199,0
B107,2026-03-31,test,0.036,0.586,14.265,0,0,-15.67,8.17,5,16,0.503,0.0602,1.209,30,0.966,0.878,0
B108,2026-03-31,test,0.791,0.48,14.401,0,0,-0.67,0.33,5,14,0.242,0.0944,1.968,60,-0.868,-0.039,0
B109,2026-03-31,test,0.585,0.157,14.569,0,0,0.0,0.0,0,24,0.297,0.1287,1.737,60,-0.659,1.198,0
B110,2026-03-31,test,0.134,1.159,16.075,29,0,-12.33,36.67,12,29,0.743,0.0684,1.395,30,0.003,-0.06,1
B111,2026-03-31,test,0.068,0.0,13.451,0,0,0.0,0.0,0,12,0.467,0.1024,1.236,60,-0.304,-1.062,0
B113,2026-03-31,test,0.513,0.026,14.869,11,0,11.0,1.83,3,16,0.532,0.034,1.377,30,0.055,-0.755,0
B114,2026-03-31,test,0.453,0.749,14.262,13,0,4.67,12.33,12,17,0.434,0.0342,0.675,90,1.622,0.434,0
B115,2026-03-31,test,0.643,1.098,15.43,35,1,-11.67,35.83,10,26,0.299,0.0624,0.18,30,0.227,2.143,1
B116,2026-03-31,test,0.289,0.0,15.127,0,0,0.0,0.0,0,21,0.254,0.1139,1.368,60,0.056,-0.907,0
B117,2026-03-31,test,0.219,0.204,17.303,0,0,-11.67,10.5,6,26,0.458,0.13,0.716,90,-0.942,-0.747,0
B118,2026-03-31,test,0.338,0.274,13.7,0,0,0.0,0.0,0,18,0.58,0.1244,0.888,60,0.37,0.022,0
B119,2026-03-31,test,0.188,0.0,13.955,0,0,0.0,0.0,1,15,0.157,0.0868,2.115,120,0.608,1.107,0
B121,2026-03-31,test,0.475,0.213,16.863,0,0,-3.33,1.67,4,20,0.302,0.11,1.506,90,0.357,0.743,0
B122,2026-03-31,test,0.744,0.066,15.735,0,0,0.0,0.0,0,15,0.328,0.0735,0.867,60,-0.007,-0.772,0
B123,2026-03-31,test,0.141,0.038,15.766,0,0,0.0,0.0,0,20,0.554,0.0423,1.95,60,-0.444,-0.147,0
B124,2026-03-31,test,0.568,0.017,15.192,0,0,0.0,0.0,1,19,0.449,0.1039,1.255,90,1.433,1.905,0
B126,2026-03-31,test,0.662,0.0,14.273,0,0,-1.0,0.5,1,13,0.208,0.0293,1.472,90,-0.429,-1.159,0
B127,2026-03-31,test,0.304,0.5,15.396,0,0,-3.0,3.5,3,20,0.279,0.1583,1.801,90,1.676,-0.817,0
B128,2026-03-31,test,0.27,0.375,14.202,0,0,0.0,0.17,2,24,0.151,0.1224,1.479,30,0.005,-0.377,0
B129,2026-03-31,test,0.634,0.059,14.117,0,0,0.0,0.33,1,22,0.268,0.0864,1.585,30,1.046,0.136,0
B130,2026-03-31,test,0.611,0.473,15.027,0,0,-2.0,2.17,2,10,0.43,0.0802,1.707,60,1.281,0.413,0
B131,2026-03-31,test,0.092,0.718,14.995,0,0,0.0,0.0,3,17,0.255,0.0816,0.821,30,-0.823,0.676,0
B132,2026-03-31,test,0.516,0.27,12.937,0,0,0.0,0.0,0,18,0.144,0.0945,1.473,30,-0.835,0.426,0
B133,2026-03-31,test,0.24,0.218,14.17,0,0,0.0,0.0,2,19,0.314,0.0222,1.604,60,2.581,-1.189,0
B134,2026-03-31,test,0.491,0.0,13.44,0,0,0.0,2.67,1,22,0.337,0.1159,0.322,30,-1.112,-0.417,0
B135,2026-03-31,test,0.067,0.349,14.695,0,0,-6.33,3.17,1,19,0.576,0.0988,0.684,120,2.113,0.535,0
B136,2026-03-31,test,0.712,0.872,15.673,0,0,-6.33,5.83,9,19,0.334,0.0663,1.461,60,-0.262,0.616,0
B137,2026-03-31,test,0.596,0.507,14.725,0,0,0.0,1.33,2,16,0.537,0.0984,1.859,60,-0.804,1.304,0
B139,2026-03-31,test,0.236,0.871,16.803,0,0,-12.67,9.5,6,18,0.667,0.1126,1.483,60,0.454,0.859,0
B140,2026-03-31,test,0.276,0.664,14.807,9,0,5.0,5.33,9,21,0.409,0.1105,1.045,30,-1.017,0.605,1
B141,2026-03-31,test,0.042,0.606,15.346,0,0,-6.0,3.0,6,13,0.437,0.1079,1.638,90,0.987,-0.115,0
B142,2026-03-31,test,0.278,0.0,14.702,13,0,13.0,2.17,1,18,0.282,0.1335,1.892,30,0.597,0.525,0
B143,2026-03-31,test,0.065,0.964,16.826,3,0,-4.0,9.67,12,30,0.516,0.1064,1.41,90,0.541,-1.111,0
B144,2026-03-31,test,0.262,0.0,14.462,0,0,-9.0,4.5,4,14,0.248,0.0925,2.004,60,1.598,0.592,0
B145,2026-03-31,test,0.64,1.039,15.636,4,0,2.67,4.17,8,17,0.396,0.1229,1.302,60,0.31,0.297,0
B147,2026-03-31,test,0.118,0.441,15.281,14,0,6.0,6.33,4,29,0.179,0.1039,1.143,30,-1.649,-1.075,0
B148,2026-03-31,test,0.766,0.109,16.11,0,0,0.0,0.0,1,17,0.346,0.1318,1.547,30,-1.929,1.109,0
B149,2026-03-31,test,0.869,0.0,15.179,0,0,0.0,0.0,1,28,0.274,0.1112,1.019,90,-0.391,-2.698,0
B150,2026-03-31,test,0.468,0.616,15.442,6,0,-0.33,4.83,9,17,0.415,0.1513,0.927,30,0.273,-0.222,0
B001,2026-04-30,test,0.711,0.627,15.379,0,0,-7.0,3.5,4,14,0.211,0.1127,2.183,90,1.046,-0.384,0
B002,2026-04-30,test,0.188,0.288,16.046,15,0,9.33,5.33,3,21,0.317,0.1308,2.264,120,0.119,-0.644,0
B003,2026-04-30,test,0.235,0.64,15.259,33,1,-2.0,39.5,12,22,0.394,0.1431,1.259,120,-0.155,-1.191,1
B004,2026-04-30,test,0.103,0.329,14.32,0,0,-4.33,6.0,6,17,0.279,0.1177,1.552,60,0.081,1.365,0
B005,2026-04-30,test,0.092,0.379,15.69,0,0,-1.67,0.83,4,20,0.531,0.0948,0.949,30,-0.432,0.461,0
B006,2026-04-30,test,0.534,0.424,16.282,0,0,-2.33,1.17,3,22,0.164,0.085,2.032,60,-0.21,-0.92,0
B007,2026-04-30,test,0.122,0.001,14.553,0,0,0.0,2.17,1,11,0.281,0.1242,1.475,30,0.265,-0.041,0
B008,2026-04-30,test,0.293,0.0,14.659,0,0,0.0,0.0,0,19,0.379,0.0939,1.478,30,0.497,0.156,0
B009,2026-04-30,test,0.109,0.3,14.056,0,0,-3.0,2.83,4,24,0.279,0.109,2.275,60,1.211,-0.219,0
B010,2026-04-30,test,0.896,0.753,14.608,17,0,-6.67,33.0,12,20,0.569,0.1386,0.602,90,0.123,2.159,0
B011,2026-04-30,test,0.099,0.0,13.998,0,0,0.0,0.0,2,16,0.202,0.0993,2.001,30,-1.515,-1.311,0
B012,2026-04-30,test,0.609,0.0,14.875,0,0,0.0,0.0,0,9,0.543,0.0741,0.969,90,-2.212,-0.557,0
B013,2026-04-30,test,0.776,0.459,15.312,0,0,-3.33,2.33,4,21,0.447,0.0946,2.517,90,-1.843,-0.845,0
B014,2026-04-30,test,0.558,0.548,15.479,18,0,17.0,5.83,7,26,0.571,0.0937,1.165,60,0.159,0.222,0
B015,2026-04-30,test,0.236,0.084,15.263,0,0,0.0,0.0,1,11,0.297,0.1403,1.562,60,0.466,-1.618,0
B016,2026-04-30,test,0.508,0.352,14.616,0,0,-1.67,2.5,3,23,0.567,0.0382,1.702,30,0.05,0.191,0
B018,2026-04-30,test,0.168,0.162,14.442,0,0,-4.0,3.5,2,18,0.557,0.0794,1.769,30,-0.034,0.011,0
B019,2026-04-30,test,0.801,0.6,14.343,0,0,-5.67,4.33,5,19,0.486,0.0964,1.267,60,0.186,-0.376,0
B020,2026-04-30,test,0.159,0.376,15.818,0,0,-10.33,27.83,10,19,0.489,0.0492,0.341,120,-1.263,-0.318,0
B021,2026-04-30,test,0.857,0.02,15.459,0,0,0.0,0.0,0,12,0.18,0.0704,1.092,30,-0.835,0.684,0
B022,2026-04-30,test,0.208,0.2,15.554,0,0,-4.0,2.0,2,16,0.428,0.0679,1.377,30,-0.182,2.652,0
B023,2026-04-30,test,0.621,0.141,14.237,0,0,0.0,0.0,0,16,0.183,0.0711,1.628,60,-1.707,1.485,0
B024,2026-04-30,test,0.451,0.0,15.199,0,0,0.0,0.0,0,15,0.277,0.1192,1.899,30,2.277,1.274,0
B025,2026-04-30,test,0.805,0.157,15.947,0,0,-5.0,2.5,1,15,0.217,0.0198,1.183,60,0.349,-0.363,0
B028,2026-04-30,test,0.015,0.0,15.334,0,0,-1.33,0.67,1,18,0.247,0.0685,2.132,60,-0.302,-1.206,0
B029,2026-04-30,test,0.465,0.0,14.719,0,0,0.0,0.0,0,17,0.275,0.0797,1.847,90,0.528,0.588,0
B030,2026-04-30,test,0.449,0.46,15.099,18,0,18.0,3.0,4,16,0.404,0.099,1.725,30,0.247,-0.106,0
B031,2026-04-30,test,0.326,0.115,14.816,11,0,10.33,3.83,6,12,0.437,0.0457,-0.035,60,0.861,1.703,0
B032,2026-04-30,test,0.442,0.0,16.931,0,0,0.0,0.0,3,20,0.067,0.0997,0.967,60,1.134,-0.333,0
B033,2026-04-30,test,0.84,0.704,14.34,22,0,-68.67,52.17,6,17,0.227,0.1423,0.421,60,-0.155,1.524,0
B034,2026-04-30,test,0.338,0.884,14.001,9,0,-0.67,12.67,12,20,0.243,0.1139,0.215,60,-1.652,1.407,0
B035,2026-04-30,test,0.112,0.936,16.149,18,0,11.33,8.33,11,32,0.192,0.0254,1.095,60,-2.378,1.879,0
B036,2026-04-30,test,0.904,0.24,15.492,0,0,-5.33,2.67,2,17,0.473,0.0515,0.979,60,-2.119,0.013,0
B037,2026-04-30,test,0.625,0.0,14.13,0,0,0.0,0.0,0,13,0.027,0.0725,1.759,30,0.682,0.804,0
B038,2026-04-30,test,0.84,0.392,14.975,15,0,8.67,11.5,10,21,0.45,0.0903,0.214,60,-0.268,0.366,1
B039,2026-04-30,test,0.357,0.0,14.503,0,0,0.0,0.0,0,16,0.406,0.1148,2.149,30,0.92,-1.134,0
B040,2026-04-30,test,0.445,0.39,16.803,0,0,0.0,3.0,5,17,0.443,0.0972,0.737,60,-0.599,-0.894,0
B041,2026-04-30,test,0.77,0.219,14.492,0,0,0.0,0.0,0,30,0.332,0.1249,1.363,30,-0.534,0.41,0
B042,2026-04-30,test,0.594,0.495,15.372,0,0,0.0,0.0,3,24,0.411,0.1132,0.862,60,-0.604,-0.878,0
B044,2026-04-30,test,0.501,0.372,15.277,0,0,-2.0,1.0,2,13,0.312,0.0641,2.07,60,1.066,1.261,0
B045,2026-04-30,test,0.157,0.0,14.895,0,0,0.0,1.67,2,14,0.197,0.0932,1.239,60,0.263,0.884,0
B046,2026-04-30,test,0.458,0.425,15.077,0,0,-4.33,2.17,3,22,0.504,0.0528,1.136,30,-0.571,0.792,0
B048,2026-04-30,test,0.759,0.174,16.486,20,0,20.0,3.33,3,18,0.278,0.1109,1.327,60,-1.266,-0.046,0
B049,2026-04-30,test,0.387,0.267,15.125,6,0,-0.67,4.67,5,17,0.31,0.0508,1.943,60,-0.299,-0.213,0
B050,2026-04-30,test,0.062,0.227,14.383,20,0,17.0,4.83,3,21,0.305,0.0959,1.533,30,1.641,-0.791,0
B051,2026-04-30,test,0.429,0.228,14.979,0,0,0.0,0.0,0,9,0.228,0.1162,2.15,30,-0.908,0.766,0
B052,2026-04-30,test,0.828,0.267,15.589,0,0,-6.67,3.33,2,19,0.315,0.0611,2.039,30,2.612,0.701,0
B053,2026-04-30,test,0.703,0.024,15.203,0,0,0.0,0.0,0,21,0.292,0.0735,2.192,60,0.057,0.619,0
B054,2026-04-30,test,0.073,0.296,15.391,0,0,-6.67,3.33,1,19,0.651,0.0655,1.386,60,0.136,-0.17,0
B055,2026-04-30,test,0.491,0.25,13.184,0,0,0.0,0.0,1,24,0.304,0.1073,1.568,30,0.825,-0.1,0
B056,2026-04-30,test,0.477,0.255,13.674,12,0,7.67,4.67,5,11,0.032,0.0594,1.351,30,1.509,0.261,0
B057,2026-04-30,test,0.297,0.833,15.028,6,0,-3.67,7.67,10,22,0.58,0.0545,0.881,30,-0.178,0.499,0
B058,2026-04-30,test,0.408,0.064,16.492,0,0,0.0,0.0,2,22,0.437,0.0629,1.108,120,0.118,0.601,0
B059,2026-04-30,test,0.213,0.116,14.922,0,0,0.0,0.0,2,21,0.028,0.1438,1.134,90,-0.247,0.806,0
B060,2026-04-30,test,0.286,0.0,12.94,0,0,0.0,0.0,0,16,0.427,0.0685,1.265,60,-0.426,-0.148,0
B061,2026-04-30,test,0.783,0.767,15.807,0,0,0.0,2.5,4,18,0.334,0.1819,1.202,90,0.128,0.316,0
B062,2026-04-30,test,0.779,0.071,14.489,0,0,0.0,0.0,0,16,0.044,0.0821,1.171,90,-0.289,1.916,0
B063,2026-04-30,test,0.141,0.359,15.261,20,0,16.0,8.83,8,21,0.614,0.0877,0.808,120,0.239,-0.876,0
B064,2026-04-30,test,0.005,0.0,13.992,0,0,-1.33,0.67,1,12,0.029,0.1005,1.872,30,0.226,-1.923,0
B066,2026-04-30,test,0.616,0.0,15.063,0,0,0.0,0.17,1,14,0.034,0.0741,1.945,30,0.601,-0.641,0
B067,2026-04-30,test,0.379,0.0,15.079,0,0,0.0,0.0,0,10,0.241,0.135,1.471,30,-1.864,-0.003,0
B068,2026-04-30,test,0.481,0.0,15.043,0,0,0.0,2.0,4,14,0.146,0.0517,2.058,60,0.448,0.349,0
B069,2026-04-30,test,0.064,0.0,15.096,0,0,-3.0,4.5,2,16,0.337,0.0696,0.502,90,-1.007,1.103,0
B070,2026-04-30,test,0.401,0.0,15.612,0,0,-6.33,3.83,4,25,0.364,0.0924,2.004,60,1.16,-0.404,0
B071,2026-04-30,test,0.095,0.418,14.01,0,0,-4.0,3.5,6,22,0.235,0.0847,1.702,60,-1.184,-0.099,0
B072,2026-04-30,test,0.911,1.024,15.974,34,1,22.0,20.83,10,27,0.316,0.1001,1.063,60,-0.08,-1.227,0
B073,2026-04-30,test,0.162,0.0,15.243,0,0,0.0,0.0,0,15,0.482,0.1295,2.651,60,0.751,-1.029,0
B074,2026-04-30,test,0.343,0.0,15.258,0,0,-5.67,2.83,4,10,0.319,0.0651,1.805,60,-1.867,0.793,0
B075,2026-04-30,test,0.195,0.166,13.291,0,0,-1.0,0.5,3,16,0.348,0.0975,1.317,60,0.808,-0.895,0
B076,2026-04-30,test,0.528,0.352,14.433,0,0,0.0,0.0,2,19,0.285,0.1352,1.573,120,-0.187,-1.027,0
B077,2026-04-30,test,0.597,0.085,16.452,0,0,0.0,3.33,3,12,0.416,0.0955,1.245,90,-0.847,-0.725,0
B078,2026-04-30,test,0.515,0.0,15.36,0,0,0.0,0.0,0,10,0.147,0.0602,1.347,30,0.429,-1.272,0
B079,2026-04-30,test,0.54,0.182,14.875,4,0,4.0,0.67,1,13,0.044,0.1041,2.133,30,-0.351,1.032,0
B080,2026-04-30,test,0.36,0.0,13.63,0,0,0.0,0.0,0,20,0.102,0.0634,1.427,60,0.539,-1.047,0
B081,2026-04-30,test,0.1,0.528,14.819,0,0,-5.0,4.0,2,13,0.268,0.1295,1.131,60,0.417,-0.029,0
B082,2026-04-30,test,0.087,0.8,14.507,3,0,-0.67,2.33,2,19,0.234,0.1518,1.386,90,-0.802,-0.269,0
B083,2026-04-30,test,0.774,0.0,15.432,0,0,0.0,0.0,1,24,0.2,0.0593,1.178,60,0.448,-0.702,0
B084,2026-04-30,test,0.477,0.338,13.607,0,0,0.0,1.33,2,20,0.414,0.1347,0.803,60,0.484,-0.309,0
B085,2026-04-30,test,0.679,0.0,15.533,0,0,0.0,0.0,0,24,0.141,0.0662,1.702,120,-0.43,0.317,0
B086,2026-04-30,test,0.083,0.018,14.914,0,0,0.0,0.0,0,15,0.214,0.0952,2.037,60,-1.401,-0.082,0
B087,2026-04-30,test,0.223,0.863,15.042,0,0,-11.33,7.67,10,27,0.207,0.0509,1.257,30,-0.437,-1.042,0
B088,2026-04-30,test,0.155,0.381,16.534,15,0,9.67,5.17,5,19,0.373,0.2119,1.122,60,-0.455,-0.532,0
B089,2026-04-30,test,0.713,0.759,15.863,32,1,15.33,16.67,5,23,0.427,0.0538,2.001,30,0.413,-0.915,1
B090,2026-04-30,test,0.74,0.546,15.25,5,0,-31.0,26.5,12,22,0.521,0.0844,0.359,90,0.936,2.202,1
B091,2026-04-30,test,0.205,0.351,16.206,17,0,16.0,6.5,4,22,0.338,0.1015,1.305,90,1.574,0.661,0
B092,2026-04-30,test,0.104,0.145,15.286,0,0,0.0,0.0,2,16,0.43,0.0963,1.569,60,0.232,1.322,0
B093,2026-04-30,test,0.681,0.0,13.581,0,0,0.0,0.0,0,18,0.23,0.1192,2.439,90,1.48,-0.218,0
B094,2026-04-30,test,0.205,0.0,14.008,0,0,0.0,0.0,0,15,0.13,0.1301,1.231,30,-0.446,0.503,0
B096,2026-04-30,test,0.409,0.515,14.463,1,0,1.0,0.33,4,9,0.255,0.0871,1.726,30,-2.759,0.004,0
B097,2026-04-30,test,0.211,0.539,15.832,0,0,-2.67,4.67,4,20,0.501,0.0749,2.363,30,1.668,1.033,0
B098,2026-04-30,test,0.502,0.166,17.49,0,0,0.0,1.33,2,15,0.328,0.1541,1.14,30,1.495,-0.655,0
B099,2026-04-30,test,0.478,0.051,14.645,0,0,0.0,2.83,1,15,0.203,0.0872,1.291,120,0.234,-1.53,0
B100,2026-04-30,test,0.885,0.096,15.43,0,0,0.0,0.0,1,18,0.448,0.0747,1.451,60,1.502,0.275,0
B101,2026-04-30,test,0.802,0.0,16.809,13,0,12.0,2.67,4,18,0.521,0.0757,1.874,60,0.998,-0.545,0
B102,2026-04-30,test,0.102,0.004,15.574,15,0,7.33,6.33,4,28,0.495,0.1526,1.614,90,-0.959,1.315,0
B103,2026-04-30,test,0.602,0.547,15.027,14,0,14.0,2.33,1,16,0.245,0.0849,1.137,120,1.112,-0.257,0
B104,2026-04-30,test,0.455,0.087,14.634,0,0,-4.0,3.17,3,13,0.421,0.0611,1.572,30,-1.096,0.117,0
B106,2026-04-30,test,0.706,0.102,15.315,0,0,0.0,0.0,0,18,0.086,0.097,0.589,60,-2.008,-0.694,0
B108,2026-04-30,test,0.77,0.435,14.084,0,0,-0.67,0.33,4,23,0.147,0.0159,2.097,60,-2.041,0.45,0
B109,2026-04-30,test,0.61,0.709,14.98,0,0,0.0,0.0,0,15,0.225,0.1392,1.627,60,0.13,0.018,0
B110,2026-04-30,test,0.18,1.184,16.023,73,1,40.33,41.17,12,16,0.47,0.1049,1.346,30,-0.092,-1.288,0
B111,2026-04-30,test,0.073,0.045,14.138,0,0,0.0,0.0,0,19,0.083,0.0453,1.465,60,-0.183,0.345,0
B112,2026-04-30,test,0.13,0.058,15.421,0,0,-2.67,1.33,2,16,0.224,0.0763,1.748,30,0.837,-0.079,0
B113,2026-04-30,test,0.491,0.261,14.988,0,0,-3.67,1.83,3,21,0.023,0.0973,1.097,30,0.528,1.305,0
B116,2026-04-30,test,0.312,0.2,15.504,0,0,0.0,0.0,0,19,0.41,0.0446,1.494,60,-0.176,0.865,0
B117,2026-04-30,test,0.196,0.064,17.418,0,0,-6.67,7.17,5,17,0.154,0.1141,0.679,90,-1.22,0.034,0
B120,2026-04-30,test,0.144,0.744,16.094,0,0,0.0,0.67,4,16,0.504,0.083,0.7,30,-1.686,0.068,0
B121,2026-04-30,test,0.423,0.176,16.685,0,0,-3.33,1.67,3,16,0.341,0.0593,1.754,90,0.174,0.571,0
B122,2026-04-30,test,0.726,0.0,15.729,0,0,0.0,0.0,0,16,0.186,0.0678,0.903,60,-1.101,-0.657,0
B123,2026-04-30,test,0.099,0.403,15.781,0,0,0.0,0.0,0,20,0.253,0.0334,2.058,60,0.754,0.859,0
B124,2026-04-30,test,0.668,0.0,15.045,0,0,0.0,0.0,0,16,0.216,0.1421,1.302,90,-0.014,-2.249,0
B125,2026-04-30,test,0.788,0.318,13.738,0,0,-4.67,4.83,3,12,0.046,0.1295,0.762,90,-1.223,-1.361,0
B126,2026-04-30,test,0.647,0.0,13.912,0,0,-1.0,0.5,1,17,0.24,0.1054,1.417,90,1.376,1.29,0
B127,2026-04-30,test,0.308,0.509,15.297,0,0,-3.0,3.5,2,16,0.584,0.0712,1.83,90,-1.531,0.904,0
B128,2026-04-30,test,0.21,0.447,14.258,0,0,0.0,0.17,2,14,0.379,0.0907,1.557,30,0.567,0.011,0
B129,2026-04-30,test,0.617,0.283,14.17,4,0,4.0,1.0,2,23,0.087,0.085,1.616,30,-1.038,-1.252,0
B131,2026-04-30,test,0.043,0.792,14.971,0,0,0.0,0.0,2,21,0.47,0.0989,0.91,30,-1.256,-1.285,0
B132,2026-04-30,test,0.477,0.435,12.779,0,0,0.0,0.0,0,20,0.281,0.1254,1.521,30,1.02,-0.138,0
B133,2026-04-30,test,0.299,0.239,14.127,0,0,0.0,0.0,2,22,0.326,0.0545,1.501,60,-2.263,-0.417,0
B134,2026-04-30,test,0.473,0.246,13.56,0,0,0.0,0.0,1,15,0.328,0.098,0.591,30,-0.256,1.391,0
B135,2026-04-30,test,0.062,0.701,15.021,0,0,-6.33,3.17,1,16,0.183,0.1485,0.518,120,-0.823,1.133,0
B137,2026-04-30,test,0.628,0.0,14.313,13,0,13.0,3.5,3,17,0.421,0.1827,1.893,60,-0.01,0.099,0
B138,2026-04-30,test,0.688,0.492,15.194,20,0,15.33,8.17,8,27,0.526,0.0779,1.103,120,-1.619,-0.01,0
B139,2026-04-30,test,0.217,0.788,16.544,5,0,-3.0,7.83,7,14,0.67,0.0712,1.672,60,-0.176,-0.706,0
B140,2026-04-30,test,0.339,1.251,15.175,21,0,18.0,7.0,9,24,0.446,0.1569,1.049,30,-0.113,0.308,1
B141,2026-04-30,test,0.024,0.543,15.804,0,0,-6.0,3.0,5,23,0.334,0.0517,1.8,90,1.259,2.015,0
B142,2026-04-30,test,0.278,0.209,14.754,0,0,-4.33,2.17,1,14,0.285,0.0667,1.997,30,0.919,0.837,0
B143,2026-04-30,test,-0.009,1.215,16.297,1,0,-6.0,4.67,12,23,0.301,0.1455,1.363,90,0.228,0.628,0
B144,2026-04-30,test,0.216,0.0,14.375,0,0,-4.67,4.5,4,16,0.403,0.0652,1.91,60,0.183,-0.56,0
B145,2026-04-30,test,0.679,0.265,15.713,18,0,15.33,4.67,8,22,0.497,0.0354,1.207,60,1.366,-0.474,0
B147,2026-04-30,test,0.129,0.401,15.163,16,0,4.67,9.0,5,16,0.496,0.1178,0.847,30,-0.919,-0.694,0
B148,2026-04-30,test,0.759,0.042,15.958,0,0,0.0,0.0,1,19,0.29,0.087,1.669,30,-0.748,0.773,0
B149,2026-04-30,test,0.856,0.0,15.533,0,0,0.0,0.0,1,11,0.304,0.0819,1.234,90,-0.15,-0.454,0
B150,2026-04-30,test,0.412,0.597,15.37,4,0,-2.67,5.5,9,18,0.446,0.1013,1.004,30,1.394,-2.561,0
B001,2026-05-31,test,0.748,0.625,15.822,0,0,-4.67,3.5,4,18,0.557,0.112,2.009,90,0.22,1.293,0
B002,2026-05-31,test,0.268,0.0,16.076,12,0,1.33,7.33,4,21,0.239,0.1034,2.218,120,-0.678,0.024,0
B003,2026-05-31,test,0.223,1.172,14.905,22,0,-19.33,31.33,12,25,0.517,0.1024,1.364,120,1.191,-0.58,1
B004,2026-05-31,test,0.066,0.0,14.229,0,0,-4.33,4.5,5,18,0.099,0.0572,1.488,60,-1.198,-1.917,0
B005,2026-05-31,test,0.159,0.0,15.447,0,0,0.0,0.83,3,17,0.143,0.0963,1.023,30,0.927,-0.033,0
B006,2026-05-31,test,0.526,0.33,16.16,0,0,0.0,1.17,2,21,0.172,0.058,1.861,60,0.631,-0.779,0
B007,2026-05-31,test,0.095,0.0,14.668,0,0,0.0,0.0,1,13,0.232,0.1165,1.587,30,-1.008,0.589,0
B008,2026-05-31,test,0.326,0.0,14.469,0,0,0.0,0.0,0,12,0.395,0.1169,1.344,30,-0.223,-0.214,0
B009,2026-05-31,test,0.127,0.27,14.074,0,0,-3.0,1.5,3,15,0.345,0.0621,2.389,60,-1.772,-0.575,0
B011,2026-05-31,test,0.097,0.0,14.064,0,0,0.0,0.0,2,22,0.252,0.0875,1.967,30,0.09,-0.622,0
B012,2026-05-31,test,0.616,0.004,14.57,0,0,0.0,0.0,0,12,0.116,0.1096,0.929,90,-0.698,1.069,0
B014,2026-05-31,test,0.567,0.502,15.359,19,0,12.0,6.67,7,20,0.252,0.0505,1.168,60,2.426,1.362,0
B015,2026-05-31,test,0.271,0.0,15.293,0,0,0.0,0.0,1,16,0.364,0.1036,1.593,60,-1.524,-0.253,0
B016,2026-05-31,test,0.528,0.519,14.675,0,0,-1.67,2.5,3,23,0.32,0.059,1.713,30,1.112,1.076,0
B018,2026-05-31,test,0.172,0.506,14.271,0,0,-4.0,3.5,2,19,0.305,0.1289,2.047,30,-1.063,0.133,0
B019,2026-05-31,test,0.785,0.384,14.741,0,0,0.0,4.33,4,23,0.425,0.1055,1.16,60,-0.202,-0.413,0
B020,2026-05-31,test,0.191,0.164,15.683,0,0,-6.33,21.17,9,22,0.359,0.1248,0.695,120,1.571,-1.091,0
B021,2026-05-31,test,0.821,0.0,15.345,0,0,0.0,0.0,0,16,0.112,0.058,1.159,30,0.704,-1.111,0
B022,2026-05-31,test,0.231,0.298,15.905,7,0,3.0,3.17,3,19,0.376,0.0828,1.498,30,-2.346,-1.204,0
B023,2026-05-31,test,0.638,0.0,14.712,0,0,0.0,0.0,0,26,0.153,0.0982,1.952,60,1.597,0.475,0
B024,2026-05-31,test,0.404,0.0,14.834,0,0,0.0,0.0,0,13,0.322,0.1273,1.773,30,-0.0,-1.526,0
B025,2026-05-31,test,0.814,0.206,16.186,0,0,0.0,2.5,1,18,0.175,0.1594,0.865,60,-0.301,0.375,0
B026,2026-05-31,test,0.541,0.689,15.082,0,0,-4.0,4.83,3,21,0.594,0.0556,1.444,60,0.305,-0.518,0
B027,2026-05-31,test,0.072,0.626,15.469,0,0,0.0,1.5,3,25,0.358,0.0533,1.771,60,-0.984,-2.165,0
B028,2026-05-31,test,0.065,0.0,15.017,0,0,-1.33,0.67,1,15,0.328,0.0988,2.26,60,0.009,0.223,0
B029,2026-05-31,test,0.502,0.0,15.385,0,0,0.0,0.0,0,13,0.347,0.0756,1.946,90,-0.665,-0.031,0
B031,2026-05-31,test,0.354,0.324,14.792,0,0,-3.67,3.83,5,22,0.48,0.1188,0.008,60,-0.496,1.869,0
B032,2026-05-31,test,0.385,0.084,16.753,0,0,0.0,0.0,2,20,0.277,0.1207,0.899,60,-0.899,1.152,0
B033,2026-05-31,test,0.875,0.0,13.76,0,0,-52.67,52.0,6,20,0.242,0.1217,0.748,60,-1.556,-0.6,0
B034,2026-05-31,test,0.368,0.821,14.166,9,0,2.67,10.83,12,22,0.429,0.091,0.081,60,1.47,-0.477,0
B035,2026-05-31,test,0.048,0.737,16.131,7,0,-3.0,9.0,11,23,0.434,0.0758,1.085,60,0.645,1.389,0
B037,2026-05-31,test,0.619,0.0,14.389,0,0,0.0,0.0,0,13,0.294,0.0733,1.784,30,0.78,-0.371,0
B038,2026-05-31,test,0.871,1.066,14.753,11,0,6.0,10.0,10,24,0.461,0.0848,0.321,60,0.533,0.332,1
B039,2026-05-31,test,0.381,0.0,14.396,0,0,0.0,0.0,0,16,0.184,0.1052,1.96,30,0.666,-1.591,0
B040,2026-05-31,test,0.434,0.393,16.942,0,0,0.0,0.0,4,19,0.35,0.0755,0.738,60,-0.747,2.069,0
B041,2026-05-31,test,0.76,0.0,14.545,0,0,0.0,0.0,0,16,0.118,0.1197,1.333,30,-0.509,0.105,0
B043,2026-05-31,test,0.641,0.0,13.253,0,0,0.0,0.0,0,15,0.224,0.1311,1.508,30,0.522,-0.028,0
B044,2026-05-31,test,0.467,0.699,15.286,0,0,-2.0,1.0,2,15,0.54,0.0649,1.854,60,0.245,0.819,0
B045,2026-05-31,test,0.087,0.0,14.918,0,0,0.0,0.0,2,19,0.117,0.0947,1.315,60,-0.951,2.2,0
B046,2026-05-31,test,0.516,0.092,14.92,0,0,-4.33,2.17,2,20,0.216,0.1115,1.101,30,-0.102,-1.072,0
B048,2026-05-31,test,0.699,0.22,16.413,0,0,-6.67,3.33,2,16,0.118,0.0834,1.491,60,0.384,0.328,0
B049,2026-05-31,test,0.291,0.347,15.212,0,0,-2.0,4.33,5,10,0.429,0.1323,1.944,60,0.222,0.541,0
B050,2026-05-31,test,-0.007,0.38,14.34,0,0,-9.67,4.83,3,17,0.342,0.1682,1.25,30,1.911,0.191,0
B052,2026-05-31,test,0.789,0.184,15.421,0,0,-1.67,3.33,2,21,0.064,0.0967,2.001,30,2.009,0.331,0
B053,2026-05-31,test,0.766,0.0,15.107,0,0,0.0,0.0,0,22,0.213,0.093,2.183,60,0.516,1.538,0
B054,2026-05-31,test,0.026,0.477,15.255,0,0,0.0,3.33,1,17,0.321,0.1346,1.05,60,-0.42,-0.088,0
B055,2026-05-31,test,0.491,0.477,13.351,0,0,0.0,0.0,0,13,0.138,0.1291,1.693,30,-0.061,0.123,0
B056,2026-05-31,test,0.513,0.352,13.619,0,0,-8.0,4.17,5,22,0.207,0.0198,1.165,30,-1.232,-0.717,0
B057,2026-05-31,test,0.319,1.204,14.788,3,0,-8.33,8.0,11,30,0.372,0.1018,0.596,30,0.008,1.26,1
B058,2026-05-31,test,0.455,0.541,16.022,0,0,0.0,0.0,2,25,0.336,0.0041,1.462,120,-0.417,-0.21,0
B059,2026-05-31,test,0.23,0.0,15.116,0,0,0.0,0.0,2,16,0.332,0.0744,1.54,90,0.274,0.144,0
B060,2026-05-31,test,0.307,0.0,13.32,0,0,0.0,0.0,0,16,0.107,0.1089,1.198,60,0.317,-1.592,0
B061,2026-05-31,test,0.856,0.444,15.548,18,0,18.0,5.5,5,14,0.488,0.0827,1.006,90,0.091,0.748,0
B062,2026-05-31,test,0.724,0.294,14.253,0,0,0.0,0.0,0,17,0.103,0.0768,1.181,90,-1.107,0.266,0
B063,2026-05-31,test,0.099,0.684,15.174,0,0,-8.0,7.83,7,16,0.558,0.1326,0.857,120,0.153,-0.739,0
B064,2026-05-31,test,0.054,0.0,13.71,0,0,-1.33,0.67,1,11,0.036,0.0804,2.002,30,-0.682,-0.477,0
B065,2026-05-31,test,0.089,0.0,15.896,0,0,0.0,0.0,0,14,0.355,0.1463,2.071,90,1.317,-0.145,0
B066,2026-05-31,test,0.634,0.0,14.855,0,0,0.0,0.0,1,18,0.28,0.1316,1.798,30,3.023,-0.213,0
B067,2026-05-31,test,0.443,0.19,15.305,0,0,0.0,0.0,0,10,0.413,0.0788,1.541,30,-0.083,0.401,0
B068,2026-05-31,test,0.46,0.234,14.888,0,0,0.0,2.0,4,15,0.521,0.0777,2.144,60,2.402,-1.847,0
B069,2026-05-31,test,0.091,0.377,15.327,0,0,-3.0,4.5,2,13,0.194,0.0768,0.634,90,-0.137,-0.677,0
B070,2026-05-31,test,0.52,0.026,15.277,0,0,0.0,3.17,4,16,0.222,0.0552,1.919,60,-0.316,-1.305,0
B071,2026-05-31,test,0.11,0.398,14.375,0,0,-4.0,2.67,6,24,0.508,0.0816,1.945,60,-0.492,0.497,0
B072,2026-05-31,test,0.866,0.478,15.845,9,0,-14.33,17.33,10,19,0.206,0.1658,1.064,60,0.288,-1.191,0
B073,2026-05-31,test,0.118,0.0,15.204,0,0,0.0,0.0,0,20,0.032,0.0491,2.724,60,1.255,-0.253,0
B074,2026-05-31,test,0.337,0.271,15.04,0,0,0.0,2.83,4,18,0.384,0.1303,1.9,60,0.031,0.824,0
B075,2026-05-31,test,0.165,0.23,13.511,0,0,-1.0,0.5,3,18,0.353,0.0635,1.269,60,-2.036,-0.148,0
B076,2026-05-31,test,0.458,0.0,14.731,0,0,0.0,0.0,1,17,0.577,0.0973,1.501,120,-0.089,1.635,0
B077,2026-05-31,test,0.595,0.22,16.182,0,0,0.0,2.83,3,23,0.397,0.0865,1.277,90,-0.539,0.713,0
B078,2026-05-31,test,0.446,0.0,15.259,0,0,0.0,0.0,0,13,0.27,0.0879,1.421,30,-2.372,-1.387,0
B079,2026-05-31,test,0.59,0.111,15.433,0,0,-1.33,0.67,1,15,0.373,0.0643,1.839,30,-0.739,0.237,0
B080,2026-05-31,test,0.348,0.0,13.792,0,0,0.0,0.0,0,14,0.078,0.1008,1.488,60,-1.336,-1.229,0
B081,2026-05-31,test,0.072,0.258,14.571,4,0,-1.0,3.17,3,22,0.464,0.0888,1.172,60,-0.223,-0.722,0
B082,2026-05-31,test,0.072,0.468,14.44,0,0,-1.0,2.33,2,23,0.372,0.1697,1.463,90,-0.577,-0.291,0
B083,2026-05-31,test,0.785,0.0,15.419,0,0,0.0,0.0,1,13,0.118,0.0709,1.318,60,0.072,0.705,0
B084,2026-05-31,test,0.518,0.025,14.038,0,0,0.0,0.0,1,23,0.323,0.088,0.716,60,1.684,1.474,0
B085,2026-05-31,test,0.726,0.0,15.733,0,0,0.0,0.0,0,11,0.342,0.0722,1.833,120,1.096,-2.11,0
B086,2026-05-31,test,0.122,0.299,14.585,0,0,0.0,0.0,0,17,0.186,0.1559,1.974,60,0.805,0.157,0
B088,2026-05-31,test,0.194,0.38,16.509,5,0,-5.33,6.0,5,20,0.767,0.0901,1.012,60,0.244,-0.215,0
B089,2026-05-31,test,0.686,0.676,15.718,75,1,54.0,26.17,6,17,0.289,0.0975,1.937,30,1.099,-0.89,0
B090,2026-05-31,test,0.767,0.985,15.515,47,1,21.67,28.67,12,29,0.4,0.0048,0.728,90,-0.033,0.549,1
B091,2026-05-31,test,0.2,0.135,16.241,0,0,-5.67,6.5,4,19,0.34,0.1325,1.197,90,-0.623,0.236,0
B092,2026-05-31,test,0.1,0.158,15.214,0,0,0.0,0.0,1,17,0.423,0.1003,1.902,60,-0.687,0.372,0
B093,2026-05-31,test,0.663,0.176,13.204,0,0,0.0,0.0,0,9,0.296,0.1106,2.698,90,0.557,0.154,0
B094,2026-05-31,test,0.151,0.0,14.108,0,0,0.0,0.0,0,12,0.209,0.0857,1.434,30,-0.313,-0.576,0
B095,2026-05-31,test,0.759,0.0,15.889,4,0,4.0,4.0,3,9,0.329,0.1208,1.908,90,0.771,0.764,0
B097,2026-05-31,test,0.212,0.228,15.763,0,0,-2.67,1.33,4,14,0.446,0.0912,1.99,30,-1.784,1.084,0
B098,2026-05-31,test,0.481,0.394,16.986,0,0,0.0,1.33,2,17,0.468,0.0622,1.13,30,2.17,1.836,0
B099,2026-05-31,test,0.581,0.0,14.679,0,0,0.0,2.83,1,20,0.496,0.0557,1.698,120,-0.303,0.542,0
B100,2026-05-31,test,0.804,0.25,14.961,0,0,0.0,0.0,1,23,0.542,0.162,1.38,60,0.081,1.549,0
B101,2026-05-31,test,0.81,0.463,16.955,0,0,-5.33,2.67,4,20,0.412,0.1592,1.794,60,-0.145,0.186,0
B102,2026-05-31,test,0.009,0.371,15.588,0,0,-9.0,6.33,4,23,0.34,0.1571,1.551,90,0.029,-0.067,0
B103,2026-05-31,test,0.593,0.44,14.555,0,0,-4.67,2.33,1,10,0.187,0.153,1.278,120,2.333,0.655,0
B104,2026-05-31,test,0.505,0.06,15.215,0,0,-4.0,3.17,3,19,0.365,0.091,1.661,30,-0.276,0.777,0
B105,2026-05-31,test,0.793,0.325,15.917,0,0,-6.0,3.0,3,22,0.26,0.1439,1.486,60,-0.635,-0.308,0
B106,2026-05-31,test,0.717,0.031,15.494,0,0,0.0,0.0,0,22,0.542,0.1219,0.62,60,0.141,-1.38,0
B107,2026-05-31,test,0.055,0.095,14.478,0,0,-7.0,9.0,6,20,0.467,0.1468,1.292,30,-0.202,0.387,0
B108,2026-05-31,test,0.802,0.125,14.065,0,0,0.0,0.33,4,20,0.324,0.1236,2.097,60,-0.235,0.068,0
B110,2026-05-31,test,0.145,0.956,15.786,16,0,-32.67,40.33,12,22,0.46,0.0989,1.159,30,-1.14,-0.776,0
B111,2026-05-31,test,0.061,0.0,13.876,0,0,0.0,0.0,0,12,0.13,0.0019,1.294,60,-0.719,-0.218,0
B112,2026-05-31,test,0.189,0.0,15.702,0,0,-2.67,1.33,2,18,0.149,0.1057,1.6,30,0.168,1.212,0
B113,2026-05-31,test,0.519,0.146,15.092,0,0,-3.67,1.83,3,17,0.378,0.0611,1.219,30,-0.236,1.27,0
B114,2026-05-31,test,0.484,1.067,14.03,12,0,1.67,11.0,12,24,0.472,0.0579,0.578,90,-0.356,0.817,1
B115,2026-05-31,test,0.62,0.995,14.956,43,1,-5.67,46.67,10,25,0.604,0.0778,0.484,30,-0.081,-1.153,1
B116,2026-05-31,test,0.309,0.126,15.374,0,0,0.0,0.0,0,11,0.285,0.1255,1.813,60,-1.046,-1.273,0
B117,2026-05-31,test,0.201,0.362,17.457,0,0,0.0,5.83,5,18,0.157,0.0739,0.478,90,1.088,-1.125,0
B119,2026-05-31,test,0.164,0.0,13.936,0,0,0.0,0.0,0,15,0.143,0.131,1.773,120,0.643,1.13,0
B120,2026-05-31,test,0.19,0.602,15.983,0,0,0.0,0.67,4,32,0.314,0.0194,0.517,30,-1.239,0.372,0
B121,2026-05-31,test,0.416,0.303,16.679,13,0,13.0,3.83,3,24,0.264,0.0797,1.757,90,-0.188,-1.322,0
B122,2026-05-31,test,0.728,0.0,15.853,0,0,0.0,0.0,0,16,0.261,0.0617,0.765,60,0.064,-0.81,0
B123,2026-05-31,test,0.122,0.188,15.742,0,0,0.0,0.0,0,12,0.171,0.0739,1.836,60,-0.808,-0.676,0
B124,2026-05-31,test,0.608,0.0,14.776,0,0,0.0,0.0,0,16,0.072,0.0589,1.224,90,0.388,-0.114,0
B125,2026-05-31,test,0.806,0.0,14.038,0,0,-4.67,4.83,3,12,0.4,0.0619,0.608,90,0.759,0.338,0
B126,2026-05-31,test,0.623,0.219,14.13,0,0,0.0,0.5,1,17,0.575,0.0598,1.244,90,1.396,-0.577,0
B127,2026-05-31,test,0.306,0.114,15.096,0,0,0.0,1.5,2,17,0.279,0.0819,1.844,90,0.895,0.783,0
B128,2026-05-31,test,0.219,0.379,14.77,0,0,0.0,0.0,1,16,0.102,0.1262,1.363,30,2.313,-1.025,0
B129,2026-05-31,test,0.623,0.385,14.513,0,0,-1.33,0.67,2,20,0.353,0.1259,1.753,30,0.387,0.758,0
B130,2026-05-31,test,0.661,0.318,15.366,0,0,0.0,1.0,2,13,0.382,0.0584,1.646,60,-0.625,0.404,0
B131,2026-05-31,test,0.025,0.425,15.106,12,0,12.0,2.0,3,19,0.494,0.0632,1.046,30,1.453,0.073,0
B132,2026-05-31,test,0.52,0.361,12.918,0,0,0.0,0.0,0,14,0.376,0.1262,1.454,30,1.37,-0.544,0
B134,2026-05-31,test,0.528,0.268,13.611,0,0,0.0,0.0,1,13,0.428,0.115,0.529,30,-0.458,0.946,0
B135,2026-05-31,test,0.113,0.344,14.775,0,0,-6.33,3.17,1,24,0.329,0.0852,0.661,120,0.3,-0.545,0
B136,2026-05-31,test,0.724,0.721,15.193,0,0,-2.67,4.33,9,17,0.428,0.0877,1.618,60,-0.667,-2.73,0
B137,2026-05-31,test,0.685,0.6,14.545,0,0,-4.33,2.17,3,18,0.208,0.1019,1.772,60,1.295,0.462,0
B138,2026-05-31,test,0.747,0.348,15.255,0,0,-11.33,7.5,7,20,0.415,0.1252,1.133,120,-2.496,1.518,0
B139,2026-05-31,test,0.288,0.706,16.699,16,0,9.33,9.83,7,17,0.192,0.0574,1.928,60,1.113,0.632,0
B140,2026-05-31,test,0.355,1.123,15.169,45,1,35.0,14.5,9,14,0.565,0.1008,0.909,30,-2.183,-0.307,1
B141,2026-05-31,test,-0.031,0.619,15.753,0,0,-4.67,3.0,5,25,0.447,0.1058,1.626,90,-0.662,1.724,0
B142,2026-05-31,test,0.333,0.069,14.619,0,0,-4.33,2.17,1,12,0.201,0.1107,1.85,30,0.493,-0.208,0
B143,2026-05-31,test,0.047,1.189,16.109,15,0,10.0,6.67,12,20,0.442,0.0995,1.246,90,-0.143,0.174,1
B144,2026-05-31,test,0.252,0.218,14.298,0,0,-4.67,4.5,3,8,0.298,0.108,2.014,60,-0.02,-1.235,0
B145,2026-05-31,test,0.638,0.482,15.887,0,0,-7.33,4.33,7,18,0.251,0.1695,1.083,60,1.118,0.691,0
B146,2026-05-31,test,0.352,0.287,15.251,0,0,-1.33,0.67,3,10,0.383,0.0861,0.674,90,0.774,0.518,0
B147,2026-05-31,test,0.167,0.845,15.324,12,0,-4.67,11.0,6,12,0.44,0.1444,0.947,30,-0.205,0.709,0
B148,2026-05-31,test,0.759,0.282,16.167,0,0,0.0,0.0,1,19,0.384,0.1298,1.616,30,4.517,-2.189,0
B149,2026-05-31,test,0.911,0.066,15.047,0,0,0.0,0.0,1,25,0.198,0.0828,1.195,90,0.117,-0.319,0
B150,2026-05-31,test,0.431,0.478,15.299,0,0,-8.0,4.83,8,12,0.178,0.0583,1.002,30,0.469,-2.401,0
B001,2026-06-30,test,0.766,0.244,15.364,0,0,0.0,3.5,4,17,0.295,0.1754,2.247,90,-1.251,1.607,0
B003,2026-06-30,test,0.207,1.012,14.942,22,0,-14.33,30.33,12,23,0.562,0.1394,1.14,120,-1.835,-1.667,1
B004,2026-06-30,test,0.033,0.342,13.842,11,0,6.67,4.0,6,22,0.274,0.0953,1.532,60,-2.037,-0.634,0
B005,2026-06-30,test,0.092,0.258,15.856,0,0,0.0,0.83,3,26,0.144,0.1461,1.066,30,0.04,-1.652,0
B006,2026-06-30,test,0.467,0.586,16.217,0,0,0.0,1.17,2,22,0.197,0.1515,1.735,60,0.336,-1.837,0
B007,2026-06-30,test,0.133,0.0,14.677,0,0,0.0,0.0,1,19,0.252,0.1162,1.544,30,-0.571,-0.444,0
B008,2026-06-30,test,0.314,0.022,14.285,0,0,0.0,0.0,0,16,0.213,0.0679,1.557,30,0.178,0.104,0
B009,2026-06-30,test,0.216,0.34,14.039,0,0,-3.0,1.5,3,23,0.452,0.1015,2.469,60,0.143,1.953,0
B010,2026-06-30,test,0.848,0.91,14.766,20,0,6.67,21.0,12,21,0.468,0.0949,0.696,90,-1.225,-0.051,0
B011,2026-06-30,test,0.16,0.142,14.223,0,0,0.0,0.0,1,13,0.618,0.0677,2.019,30,-1.339,0.005,0
B012,2026-06-30,test,0.596,0.592,15.128,0,0,0.0,0.0,0,13,0.634,0.167,0.794,90,0.799,0.384,0
B014,2026-06-30,test,0.654,0.152,15.171,17,0,3.67,9.5,7,22,0.531,0.0696,1.175,60,-0.062,-2.18,0
B015,2026-06-30,test,0.287,0.326,15.538,0,0,0.0,0.0,1,25,0.077,0.074,1.481,60,-1.009,0.393,0
B016,2026-06-30,test,0.553,0.214,14.467,0,0,-1.67,0.83,3,24,0.604,0.0291,1.789,30,1.44,-0.526,0
B017,2026-06-30,test,0.685,1.151,14.82,12,0,-17.0,27.0,12,19,0.409,0.0848,0.653,30,-1.314,-0.986,1
B018,2026-06-30,test,0.211,0.723,13.951,0,0,0.0,2.0,2,22,0.223,0.1076,1.87,30,-1.658,-0.736,0
B019,2026-06-30,test,0.771,0.49,14.692,14,0,14.0,5.17,4,15,0.373,0.0583,1.113,60,-0.015,-0.398,0
B020,2026-06-30,test,0.129,0.421,15.869,0,0,-6.33,5.17,8,21,0.122,0.1696,0.518,120,0.249,0.304,0
B021,2026-06-30,test,0.827,0.169,15.217,0,0,0.0,0.0,0,26,0.155,0.1468,1.197,30,2.008,0.947,0
B022,2026-06-30,test,0.233,0.288,15.999,0,0,-6.33,3.17,3,13,0.498,0.123,1.495,30,0.083,1.025,0
B023,2026-06-30,test,0.647,0.207,14.72,0,0,0.0,0.0,0,8,0.317,0.1469,1.733,60,0.038,0.579,0
B024,2026-06-30,test,0.416,0.0,15.147,0,0,0.0,0.0,0,15,0.33,0.0691,1.914,30,0.896,-1.287,0
B025,2026-06-30,test,0.867,0.0,16.018,0,0,0.0,2.5,1,21,0.296,0.0876,0.8,60,-1.732,0.811,0
B026,2026-06-30,test,0.556,0.209,15.42,0,0,-4.0,4.83,3,24,0.297,0.1047,1.636,60,0.563,1.908,0
B028,2026-06-30,test,0.074,0.194,15.281,0,0,0.0,0.67,1,15,0.46,0.1223,2.09,60,-0.212,-0.447,0
B029,2026-06-30,test,0.546,0.0,15.173,0,0,0.0,0.0,0,9,0.165,0.064,1.823,90,-1.145,2.216,0
B031,2026-06-30,test,0.368,0.315,14.925,14,0,10.33,4.5,6,20,0.305,0.1073,0.155,60,0.014,0.39,0
B032,2026-06-30,test,0.347,0.465,16.726,0,0,0.0,0.0,2,27,0.524,0.0917,0.818,60,-0.308,0.232,0
B033,2026-06-30,test,0.891,0.527,14.216,0,0,-44.33,49.0,6,24,0.343,0.0439,0.487,60,-0.267,0.398,0
B034,2026-06-30,test,0.337,0.656,13.927,17,0,10.33,10.67,12,28,0.356,0.0905,0.087,60,0.186,0.7,0
B035,2026-06-30,test,0.146,0.994,16.113,11,0,-1.33,9.33,11,28,0.609,0.0247,1.088,60,-1.221,0.876,0
B036,2026-06-30,test,0.91,0.084,15.333,0,0,0.0,2.67,2,18,0.461,0.0723,1.075,60,1.211,0.041,0
B037,2026-06-30,test,0.607,0.0,14.082,0,0,0.0,0.0,0,12,0.192,0.0819,1.949,30,0.868,-0.102,0
B038,2026-06-30,test,0.903,0.786,14.504,21,0,12.33,11.0,10,12,0.35,0.0987,0.247,60,0.758,-0.679,1
B039,2026-06-30,test,0.44,0.0,14.441,0,0,0.0,0.0,0,18,0.017,0.0917,2.019,30,0.884,-0.641,0
B040,2026-06-30,test,0.406,0.071,16.801,0,0,0.0,0.0,4,19,0.587,0.0518,0.826,60,0.861,-1.102,0
B041,2026-06-30,test,0.723,0.0,14.624,0,0,0.0,0.0,0,9,0.298,0.1088,1.319,30,-1.256,1.096,0
B043,2026-06-30,test,0.63,0.241,13.606,0,0,0.0,0.0,0,13,0.304,0.1124,1.649,30,-0.643,2.667,0
B044,2026-06-30,test,0.452,0.203,14.599,0,0,-2.0,1.0,1,25,0.276,0.069,1.822,60,0.495,-1.219,0
B045,2026-06-30,test,0.094,0.022,14.95,0,0,0.0,0.0,2,17,0.01,0.0771,1.465,60,0.373,0.129,0
B046,2026-06-30,test,0.418,0.306,14.806,0,0,0.0,2.17,1,17,0.207,0.0985,1.163,30,1.658,1.131,0
B047,2026-06-30,test,0.208,0.137,15.27,0,0,-2.33,1.17,1,10,0.201,0.1325,1.338,60,0.898,1.271,0
B048,2026-06-30,test,0.769,0.35,16.263,0,0,-6.67,3.33,2,18,0.221,0.0149,1.494,60,1.006,-0.001,0
B049,2026-06-30,test,0.374,0.235,14.972,0,0,-2.0,4.33,4,23,0.402,0.0946,1.464,60,0.235,1.245,0
B050,2026-06-30,test,0.079,0.0,14.06,0,0,-9.67,4.83,3,3,0.675,0.1122,1.263,30,1.004,-0.646,0
B051,2026-06-30,test,0.498,0.0,15.029,0,0,0.0,0.0,0,15,0.379,0.1084,2.061,30,1.143,-0.057,0
B052,2026-06-30,test,0.829,0.432,15.206,0,0,-1.67,3.33,2,17,0.368,0.084,1.988,30,0.063,1.992,0
B053,2026-06-30,test,0.654,0.0,14.939,0,0,0.0,0.0,0,17,0.154,0.0671,1.978,60,1.183,-0.696,0
B054,2026-06-30,test,0.02,0.316,15.387,0,0,0.0,3.33,1,16,0.265,0.1065,1.169,60,-0.806,0.63,0
B055,2026-06-30,test,0.489,0.132,13.135,0,0,0.0,0.0,0,18,0.462,0.1039,1.591,30,0.885,-1.921,0
B056,2026-06-30,test,0.547,0.595,13.592,3,0,-1.0,4.67,6,21,0.307,0.1234,1.271,30,-0.229,0.095,0
B057,2026-06-30,test,0.291,0.91,14.946,77,1,68.67,19.17,12,28,0.367,0.0677,0.794,30,-0.925,-0.002,1
B058,2026-06-30,test,0.424,0.582,15.977,0,0,0.0,0.0,1,18,0.485,0.0777,1.263,120,0.982,0.951,0
B059,2026-06-30,test,0.293,0.349,14.821,0,0,0.0,0.0,1,25,0.153,0.1055,1.19,90,-1.153,2.174,0
B060,2026-06-30,test,0.305,0.0,12.936,0,0,0.0,0.0,0,11,0.042,0.1187,1.168,60,1.887,-1.096,0
B061,2026-06-30,test,0.857,0.547,15.769,13,0,7.0,5.17,5,16,0.401,0.0669,1.254,90,-1.147,0.327,1
B062,2026-06-30,test,0.663,0.111,14.073,0,0,0.0,0.0,0,17,0.538,0.1206,1.108,90,-1.528,0.672,0
B063,2026-06-30,test,0.095,0.768,15.318,12,0,5.33,7.33,8,22,0.377,0.0963,0.829,120,-0.498,0.77,0
B064,2026-06-30,test,0.066,0.0,14.047,0,0,0.0,0.67,1,13,0.174,0.1541,2.034,30,-1.55,0.53,0
B065,2026-06-30,test,0.131,0.048,15.88,0,0,0.0,0.0,0,18,0.11,0.0697,1.833,90,0.72,0.623,0
B066,2026-06-30,test,0.704,0.0,14.879,0,0,0.0,0.0,1,19,0.223,0.0691,1.801,30,0.865,-0.031,0
B067,2026-06-30,test,0.418,0.116,15.334,0,0,0.0,0.0,0,13,0.204,0.0602,1.619,30,-0.844,0.655,0
B068,2026-06-30,test,0.499,0.803,15.211,0,0,0.0,0.0,3,16,0.165,0.1307,2.201,60,1.586,-0.92,0
B069,2026-06-30,test,0.152,0.0,15.045,0,0,0.0,1.5,2,23,0.195,0.1381,0.227,90,-0.475,-1.31,0
B070,2026-06-30,test,0.446,0.22,15.069,0,0,0.0,3.17,3,22,0.123,0.1288,1.766,60,0.674,0.705,0
B071,2026-06-30,test,0.132,0.083,14.356,0,0,0.0,2.0,5,20,0.343,0.1171,1.866,60,-2.259,0.512,0
B072,2026-06-30,test,0.853,0.0,15.778,0,0,-21.0,13.17,9,21,0.081,0.1179,0.916,60,0.451,0.913,1
B073,2026-06-30,test,0.132,0.0,15.047,0,0,0.0,0.0,0,14,0.267,0.1568,2.491,60,-0.75,-0.354,0
B075,2026-06-30,test,0.163,0.345,13.301,0,0,0.0,0.5,3,15,0.552,0.1181,1.422,60,-1.649,1.659,0
B076,2026-06-30,test,0.504,0.127,14.436,0,0,0.0,0.0,0,17,0.33,0.0555,1.441,120,0.507,-0.562,0
B077,2026-06-30,test,0.539,0.249,16.109,0,0,0.0,0.0,3,15,0.224,0.0751,1.249,90,-0.539,0.062,0
B078,2026-06-30,test,0.445,0.0,15.505,0,0,0.0,0.0,0,14,0.446,0.0865,1.386,30,-1.732,1.022,0
B079,2026-06-30,test,0.589,0.0,15.178,0,0,-1.33,0.67,1,6,0.172,0.0581,2.028,30,-0.519,-0.574,0
B080,2026-06-30,test,0.361,0.271,13.219,0,0,0.0,0.0,0,12,0.401,0.0608,1.591,60,-0.315,-0.011,0
B081,2026-06-30,test,0.124,0.558,14.79,0,0,-6.33,3.17,3,19,0.275,0.1612,1.204,60,1.319,1.482,0
B082,2026-06-30,test,0.059,0.585,14.618,0,0,-1.0,2.33,2,14,0.567,0.1825,1.394,90,0.571,-1.083,0
B084,2026-06-30,test,0.475,0.079,13.651,0,0,0.0,0.0,1,11,0.2,0.0856,0.715,60,1.673,-0.115,0
B085,2026-06-30,test,0.69,0.0,15.683,0,0,0.0,0.0,0,20,0.286,0.1298,1.825,120,-1.865,0.404,0
B086,2026-06-30,test,0.118,0.152,14.291,0,0,0.0,0.0,0,15,0.154,0.1255,1.948,60,-0.1,-0.024,0
B087,2026-06-30,test,0.246,0.474,14.822,0,0,-5.33,7.83,9,22,0.164,0.1611,0.879,30,-0.158,-1.314,0
B088,2026-06-30,test,0.195,0.261,16.415,10,0,3.33,7.67,6,21,0.439,0.1411,1.086,60,0.751,-1.953,0
B089,2026-06-30,test,0.658,0.582,16.025,0,0,-39.33,26.17,6,17,0.532,0.1233,2.134,30,0.205,0.312,0
B090,2026-06-30,test,0.811,0.843,15.289,15,0,-16.67,29.17,12,15,0.457,0.0802,0.563,90,1.23,0.698,1
B091,2026-06-30,test,0.249,0.048,16.574,0,0,-5.67,3.33,4,17,0.387,0.0973,1.421,90,0.639,0.475,0
B092,2026-06-30,test,0.136,0.11,15.066,0,0,0.0,0.0,1,12,0.216,0.0846,1.679,60,0.207,0.772,0
B093,2026-06-30,test,0.714,0.0,13.353,0,0,0.0,0.0,0,10,0.528,0.0597,2.504,90,0.291,-0.012,0
B094,2026-06-30,test,0.188,0.0,14.069,0,0,0.0,0.0,0,13,0.096,0.1003,1.362,30,1.066,-0.659,0
B095,2026-06-30,test,0.7,0.0,16.214,0,0,-1.33,0.67,3,13,0.29,0.1294,1.691,90,-0.933,0.418,0
B096,2026-06-30,test,0.434,0.29,14.346,0,0,-1.0,0.5,5,19,0.39,0.1183,1.828,30,-0.891,0.909,0
B097,2026-06-30,test,0.182,0.698,15.239,0,0,0.0,1.33,3,20,0.323,0.0786,2.166,30,-0.203,1.669,0
B099,2026-06-30,test,0.572,0.0,14.893,0,0,0.0,0.0,1,19,0.165,0.0377,1.523,120,0.733,-0.545,0
B100,2026-06-30,test,0.86,0.0,14.937,0,0,0.0,0.0,1,17,0.155,0.0936,1.256,60,0.196,1.616,0
B102,2026-06-30,test,0.074,0.385,16.21,0,0,-5.0,6.33,4,18,0.392,0.0979,1.476,90,0.382,0.356,0
B103,2026-06-30,test,0.612,0.593,14.873,0,0,-4.67,2.33,1,22,0.522,0.0762,1.42,120,-0.123,-0.21,0
B104,2026-06-30,test,0.479,0.0,15.276,0,0,0.0,2.0,3,23,0.409,0.1403,1.836,30,-0.195,-1.26,0
B105,2026-06-30,test,0.794,0.117,16.116,0,0,0.0,3.0,3,28,0.261,0.0572,1.718,60,-0.873,-0.576,0
B106,2026-06-30,test,0.761,0.277,15.376,0,0,0.0,0.0,0,21,0.63,0.1432,0.611,60,1.602,0.151,0
B107,2026-06-30,test,0.065,0.0,14.434,0,0,-2.33,6.0,6,17,0.278,0.1262,1.678,30,-1.389,-0.942,0
B108,2026-06-30,test,0.829,0.235,14.445,0,0,0.0,0.33,3,16,0.042,0.141,2.225,60,0.289,0.07,0
B109,2026-06-30,test,0.603,0.419,14.617,0,0,0.0,0.0,0,20,0.146,0.0756,1.746,60,-0.627,1.244,0
B110,2026-06-30,test,0.172,1.292,16.367,0,0,-39.33,31.17,11,18,0.662,0.119,1.274,30,0.35,0.402,0
B111,2026-06-30,test,0.099,0.0,13.849,0,0,0.0,0.0,0,14,0.264,0.1297,1.494,60,-0.855,0.44,0
B112,2026-06-30,test,0.213,0.118,15.44,0,0,-2.67,1.33,2,12,0.316,0.1117,1.792,30,0.132,-1.244,0
B113,2026-06-30,test,0.529,0.349,14.832,0,0,-3.67,1.83,3,17,0.209,0.1244,0.923,30,1.908,0.49,0
B114,2026-06-30,test,0.489,1.266,13.991,13,0,-0.67,10.67,12,17,0.346,0.1111,0.281,90,0.414,0.06,1
B115,2026-06-30,test,0.575,0.902,14.898,10,0,-36.67,35.67,10,21,0.405,0.08,0.196,30,-2.522,0.374,1
B116,2026-06-30,test,0.362,0.054,15.282,0,0,0.0,0.0,0,16,0.118,0.0271,1.763,60,-0.509,-0.104,0
B117,2026-06-30,test,0.19,0.852,17.499,0,0,0.0,3.33,4,23,0.295,0.092,0.694,90,0.667,-1.018,0
B119,2026-06-30,test,0.145,0.0,13.746,0,0,0.0,0.0,0,19,0.322,0.1068,2.092,120,0.095,-0.281,0
B120,2026-06-30,test,0.205,0.3,16.126,0,0,0.0,0.0,4,24,0.264,0.139,0.765,30,1.057,2.147,0
B121,2026-06-30,test,0.46,0.558,16.478,0,0,-4.33,3.83,3,21,0.068,0.1449,1.756,90,-0.705,0.487,0
B122,2026-06-30,test,0.764,0.088,15.654,0,0,0.0,0.0,0,16,0.301,0.0661,0.841,60,-0.691,0.851,0
B123,2026-06-30,test,0.174,0.0,15.921,0,0,0.0,0.0,0,16,0.258,0.1178,2.001,60,0.951,0.034,0
B124,2026-06-30,test,0.703,0.287,14.821,0,0,0.0,0.0,0,21,0.311,0.1537,1.388,90,-0.5,0.347,0
B125,2026-06-30,test,0.82,0.151,13.874,0,0,-4.67,2.33,2,16,0.271,0.0812,0.691,90,1.04,0.16,0
B126,2026-06-30,test,0.637,0.6,14.401,0,0,0.0,0.5,1,17,0.173,0.1083,1.421,90,-0.671,0.501,0
B127,2026-06-30,test,0.322,0.458,15.255,0,0,0.0,1.5,2,17,0.204,0.1164,2.098,90,0.789,1.616,0
B128,2026-06-30,test,0.196,0.202,14.679,0,0,0.0,0.0,1,15,0.52,0.0506,1.457,30,0.726,0.891,0
B129,2026-06-30,test,0.685,0.004,14.165,0,0,-1.33,0.67,2,20,0.371,0.1392,1.405,30,-2.318,1.213,0
B130,2026-06-30,test,0.642,0.182,15.038,0,0,0.0,1.0,2,19,0.487,0.1195,1.731,60,0.046,-1.537,0
B131,2026-06-30,test,0.073,0.561,15.161,20,0,16.0,5.33,4,24,0.279,0.0966,1.165,30,-2.186,-1.068,0
B132,2026-06-30,test,0.493,0.0,12.674,14,0,14.0,2.33,1,17,0.256,0.0419,1.368,30,0.858,0.782,0
B133,2026-06-30,test,0.301,0.335,13.618,0,0,0.0,0.0,1,17,0.099,0.1148,1.559,60,-0.771,0.116,0
B134,2026-06-30,test,0.539,0.347,13.375,0,0,0.0,0.0,1,20,0.435,0.131,0.505,30,-0.738,-2.355,0
B135,2026-06-30,test,0.1,0.667,14.662,0,0,0.0,3.17,1,19,0.342,0.096,0.711,120,-0.532,1.051,0
B136,2026-06-30,test,0.756,0.247,15.106,0,0,-2.33,1.5,8,27,0.47,0.0802,1.618,60,-0.403,0.463,0
B137,2026-06-30,test,0.609,0.041,14.406,0,0,-4.33,2.17,3,19,0.4,0.138,2.027,60,0.318,-1.299,0
B138,2026-06-30,test,0.685,0.776,15.425,12,0,0.67,7.67,7,29,0.515,0.2007,1.03,120,-1.257,0.895,0
B140,2026-06-30,test,0.338,0.913,14.891,26,0,1.0,16.83,9,25,0.443,0.1076,0.865,30,1.422,-1.604,1
B141,2026-06-30,test,0.011,0.457,15.896,0,0,0.0,3.0,4,19,0.39,0.0949,1.787,90,0.09,1.696,0
B142,2026-06-30,test,0.371,0.0,14.874,0,0,-4.33,2.17,1,20,0.561,0.1416,1.808,30,0.82,0.257,0
B143,2026-06-30,test,0.037,1.3,16.05,33,1,26.67,11.67,12,26,0.659,0.0784,1.256,90,0.222,2.034,1
B144,2026-06-30,test,0.285,0.224,14.745,0,0,0.0,2.33,3,16,0.37,0.0181,1.855,60,-0.277,3.604,0
B145,2026-06-30,test,0.601,0.384,15.631,4,0,-3.33,5.0,8,14,0.475,0.005,1.008,60,-1.305,0.806,0
B146,2026-06-30,test,0.358,0.115,14.974,14,0,14.0,3.0,4,14,0.219,0.0875,0.77,90,0.667,-1.57,0
B147,2026-06-30,test,0.11,0.795,15.089,0,0,-14.0,10.33,5,22,0.568,0.1391,0.946,30,1.434,1.15,0
B148,2026-06-30,test,0.687,0.36,15.554,0,0,0.0,0.0,1,12,0.232,0.1337,1.593,30,0.039,0.1,0
B149,2026-06-30,test,0.925,0.0,15.496,0,0,0.0,0.0,1,18,0.11,0.0713,1.035,90,-0.695,0.963,0
B150,2026-06-30,test,0.385,0.675,15.398,0,0,-3.33,4.0,8,16,0.407,0.172,0.966,30,0.14,1.174,0
B001,2026-07-31,test,0.711,0.097,15.762,0,0,0.0,2.33,3,23,0.286,0.0864,1.846,90,-0.081,0.529,0
B002,2026-07-31,test,0.239,0.133,16.197,0,0,-9.0,7.33,4,14,0.041,0.133,2.132,120,0.676,0.611,0
B003,2026-07-31,test,0.235,1.061,15.24,41,1,15.33,34.83,12,27,0.411,0.102,1.172,120,-0.706,-0.063,1
B004,2026-07-31,test,0.106,0.522,14.46,0,0,-3.67,4.0,5,21,0.279,0.0611,1.659,60,1.19,0.317,0
B005,2026-07-31,test,0.143,0.451,15.862,0,0,0.0,0.0,3,24,0.36,0.1315,0.889,30,0.18,0.444,0
B006,2026-07-31,test,0.471,0.431,16.166,0,0,0.0,0.0,2,20,0.188,0.073,1.993,60,0.276,-0.721,0
B007,2026-07-31,test,0.098,0.0,14.549,0,0,0.0,0.0,1,17,0.216,0.0892,1.605,30,0.88,-0.193,0
B008,2026-07-31,test,0.258,0.437,14.627,0,0,0.0,0.0,0,18,0.353,0.0821,1.66,30,0.666,-1.674,0
B009,2026-07-31,test,0.171,0.353,13.78,4,0,4.0,2.17,4,16,0.332,0.1048,2.392,60,0.161,0.059,0
B010,2026-07-31,test,0.901,0.557,14.644,0,0,-18.33,16.83,11,28,0.559,0.1049,0.538,90,0.108,0.771,0
B011,2026-07-31,test,0.17,0.0,14.316,0,0,0.0,0.0,0,15,0.32,0.1089,1.822,30,-0.081,-1.306,0
B012,2026-07-31,test,0.565,0.123,15.076,0,0,0.0,0.0,0,12,0.371,0.066,0.74,90,1.275,0.433,0
B014,2026-07-31,test,0.606,0.517,15.238,0,0,-18.0,9.5,6,18,0.438,0.1524,1.251,60,1.748,1.525,0
B015,2026-07-31,test,0.277,0.0,15.262,0,0,0.0,0.0,1,13,0.137,0.1704,1.438,60,0.45,0.491,0
B016,2026-07-31,test,0.547,0.493,14.219,0,0,0.0,0.83,2,14,0.207,0.1447,1.726,30,1.384,-2.201,0
B017,2026-07-31,test,0.627,1.241,14.672,31,1,1.33,28.5,12,18,0.523,0.0795,0.84,30,-0.972,-0.226,1
B018,2026-07-31,test,0.193,0.467,14.198,3,0,3.0,2.5,3,18,0.181,0.0815,1.753,30,-2.387,0.41,0
B019,2026-07-31,test,0.787,0.401,14.094,6,0,1.33,3.33,4,17,0.362,0.0641,1.323,60,0.883,0.538,0
B020,2026-07-31,test,0.161,0.07,15.874,16,0,16.0,5.83,8,23,0.405,0.1096,0.712,120,0.159,1.853,0
B021,2026-07-31,test,0.813,0.056,15.77,0,0,0.0,0.0,0,15,0.343,0.0845,1.133,30,0.301,-0.09,0
B022,2026-07-31,test,0.24,0.451,15.938,0,0,-2.33,3.17,2,15,0.254,0.1232,1.596,30,-1.624,-0.616,0
B023,2026-07-31,test,0.661,0.277,14.294,0,0,0.0,0.0,0,17,0.289,0.1085,1.908,60,0.297,-0.546,0
B024,2026-07-31,test,0.389,0.331,14.964,3,0,3.0,0.5,1,9,0.402,0.0242,1.903,30,1.019,0.481,0
B025,2026-07-31,test,0.824,0.0,15.954,0,0,0.0,0.0,1,21,0.588,0.1057,1.17,60,-1.053,0.358,0
B026,2026-07-31,test,0.527,0.612,14.938,0,0,0.0,2.0,2,17,0.246,0.0409,1.515,60,0.419,-0.857,0
B027,2026-07-31,test,0.062,0.854,15.448,0,0,-2.0,1.0,3,20,0.151,0.1326,1.924,60,0.731,-0.229,0
B028,2026-07-31,test,0.056,0.273,15.025,0,0,0.0,0.67,1,22,0.571,0.0587,2.067,60,-0.957,1.049,0
B029,2026-07-31,test,0.498,0.03,14.846,0,0,0.0,0.0,0,16,0.075,0.0543,1.846,90,0.563,0.339,0
B030,2026-07-31,test,0.422,0.181,15.175,0,0,-13.33,6.67,4,21,0.291,0.1181,1.723,30,-0.587,-0.346,0
B031,2026-07-31,test,0.314,0.444,14.906,0,0,-8.33,4.17,6,17,0.377,0.1048,0.039,60,0.039,0.686,0
B033,2026-07-31,test,0.887,0.621,14.008,0,0,-7.33,26.33,6,18,0.505,0.0504,0.713,60,0.428,1.232,0
B034,2026-07-31,test,0.399,0.905,14.067,18,0,6.33,10.5,12,26,0.519,0.1204,0.198,60,0.543,0.29,0
B035,2026-07-31,test,0.139,1.001,16.263,12,0,0.0,10.0,11,24,0.391,0.0751,1.008,60,0.436,-0.105,0
B036,2026-07-31,test,0.921,0.321,15.776,0,0,0.0,0.0,2,18,0.175,0.0947,1.118,60,-0.153,0.338,0
B037,2026-07-31,test,0.641,0.0,14.218,16,0,16.0,2.67,1,11,0.453,0.0752,1.685,30,1.668,0.497,0
B038,2026-07-31,test,0.877,1.013,15.12,20,0,4.33,11.17,10,14,0.193,0.0891,0.134,60,1.296,2.023,1
B040,2026-07-31,test,0.423,0.515,16.936,7,0,7.0,1.17,4,20,0.533,0.1112,0.809,60,0.96,0.77,0
B041,2026-07-31,test,0.677,0.227,14.563,0,0,0.0,0.0,0,21,0.516,0.1086,1.33,30,0.865,0.746,0
B042,2026-07-31,test,0.581,0.259,15.117,4,0,4.0,0.67,1,25,0.438,0.1164,0.748,60,-1.197,0.02,0
B043,2026-07-31,test,0.593,0.0,12.939,0,0,0.0,0.0,0,10,0.181,0.0838,1.581,30,1.086,-0.558,0
B045,2026-07-31,test,0.137,0.0,14.876,0,0,0.0,0.0,1,12,0.331,0.0378,1.574,60,0.661,-0.414,0
B046,2026-07-31,test,0.478,0.539,14.865,0,0,0.0,2.17,1,21,0.147,0.1416,0.995,30,0.904,1.624,0
B047,2026-07-31,test,0.198,0.404,14.978,0,0,-2.33,1.17,1,20,0.353,0.108,1.402,60,0.331,-0.771,0
B048,2026-07-31,test,0.762,0.277,15.985,0,0,-6.67,3.33,1,22,0.352,0.0984,1.454,60,0.133,-1.592,0
B049,2026-07-31,test,0.345,0.237,14.951,6,0,4.0,2.0,5,18,0.316,0.0402,1.531,60,0.1,-1.06,0
B050,2026-07-31,test,0.108,0.53,14.133,0,0,-6.67,4.83,2,26,0.332,0.133,1.257,30,-0.109,-1.175,0
B051,2026-07-31,test,0.476,0.0,14.986,0,0,0.0,0.0,0,19,0.276,0.1402,2.21,30,2.03,-0.851,0
B052,2026-07-31,test,0.828,0.119,15.473,0,0,0.0,0.83,2,22,0.196,0.1254,1.799,30,-0.56,-0.401,0
B053,2026-07-31,test,0.753,0.1,15.241,0,0,0.0,0.0,0,14,0.211,0.0829,2.153,60,0.572,-1.388,0
B054,2026-07-31,test,0.092,0.273,15.656,7,0,7.0,1.17,2,16,0.446,0.1271,1.278,60,-1.744,-0.824,0
B055,2026-07-31,test,0.462,0.402,12.918,0,0,0.0,0.0,0,14,0.487,0.0585,1.729,30,-0.318,0.66,0
B056,2026-07-31,test,0.605,0.481,13.61,0,0,-5.0,4.5,6,15,0.398,0.0964,1.363,30,0.53,-0.07,0
B057,2026-07-31,test,0.286,0.613,15.029,26,0,-2.67,23.33,12,23,0.129,0.0716,0.828,30,0.277,1.162,1
B058,2026-07-31,test,0.499,0.278,16.361,0,0,0.0,0.0,1,15,0.317,0.1291,1.164,120,-0.821,0.773,0
B059,2026-07-31,test,0.323,0.076,15.202,15,0,15.0,2.5,2,24,0.62,0.0524,1.35,90,-0.141,-0.284,0
B060,2026-07-31,test,0.266,0.0,13.282,0,0,0.0,0.0,0,9,0.149,0.051,1.45,60,0.161,-0.342,0
B061,2026-07-31,test,0.898,0.928,15.161,105,1,94.67,22.67,5,17,0.378,0.0778,1.227,90,0.648,1.49,1
B062,2026-07-31,test,0.803,0.657,14.426,0,0,0.0,0.0,0,11,0.324,0.0963,1.08,90,-0.91,2.149,0
B063,2026-07-31,test,0.063,0.516,15.335,0,0,-10.67,6.0,8,15,0.234,0.1063,0.678,120,0.451,-0.382,0
B064,2026-07-31,test,0.058,0.0,13.89,0,0,0.0,0.67,1,12,0.244,0.138,1.915,30,-0.498,-0.492,0
B065,2026-07-31,test,0.137,0.262,15.743,0,0,0.0,0.0,0,15,0.31,0.1112,1.781,90,0.339,0.943,0
B066,2026-07-31,test,0.658,0.0,14.739,0,0,0.0,0.0,1,12,0.047,0.0901,1.929,30,0.241,1.093,0
B067,2026-07-31,test,0.406,0.11,15.151,0,0,0.0,0.0,0,12,0.061,0.1169,1.478,30,-0.639,-0.431,0
B068,2026-07-31,test,0.469,0.039,14.822,0,0,0.0,0.0,2,11,0.12,0.1041,2.145,60,-1.004,0.341,0
B069,2026-07-31,test,0.161,0.0,15.192,0,0,0.0,1.5,2,20,0.315,0.0543,0.432,90,-0.926,1.163,0
B070,2026-07-31,test,0.45,0.148,15.448,0,0,0.0,0.0,3,14,0.332,0.1262,1.845,60,-0.612,0.588,0
B071,2026-07-31,test,0.143,0.189,14.337,0,0,0.0,2.0,5,25,0.406,0.0553,1.857,60,-0.693,2.04,0
B072,2026-07-31,test,0.881,0.224,15.761,26,0,11.67,17.5,10,26,0.214,0.0927,1.112,60,-1.987,-0.246,1
B073,2026-07-31,test,0.128,0.0,15.413,0,0,0.0,0.0,0,17,0.146,0.1478,2.598,60,0.146,0.852,0
B074,2026-07-31,test,0.327,0.174,15.018,0,0,0.0,0.0,2,18,0.165,0.1765,1.679,60,-0.292,0.0,0
B075,2026-07-31,test,0.195,0.156,13.265,0,0,0.0,0.5,2,15,0.416,0.1103,1.479,60,-0.135,-1.016,0
B076,2026-07-31,test,0.514,0.256,14.629,0,0,0.0,0.0,0,21,0.358,0.0467,1.685,120,-0.401,0.393,0
B077,2026-07-31,test,0.623,0.326,16.075,0,0,0.0,0.0,3,15,0.339,0.0809,1.037,90,-0.369,-0.916,0
B078,2026-07-31,test,0.387,0.0,15.436,0,0,0.0,0.0,0,24,0.078,0.1479,1.551,30,-0.708,0.404,0
B079,2026-07-31,test,0.511,0.43,15.16,0,0,-1.33,0.67,1,13,0.311,0.0121,1.921,30,-0.364,-0.547,0
B080,2026-07-31,test,0.35,0.0,14.02,0,0,0.0,0.0,0,14,0.192,0.05,1.249,60,-0.595,0.364,0
B081,2026-07-31,test,0.098,0.479,15.056,0,0,-1.33,3.17,3,20,0.431,0.1087,1.05,60,-0.106,0.032,0
B082,2026-07-31,test,0.036,0.291,14.57,0,0,-1.0,0.5,2,12,0.424,0.1096,1.437,90,-0.228,-0.728,0
B083,2026-07-31,test,0.814,0.14,15.451,0,0,0.0,0.0,0,11,0.299,0.094,1.311,60,0.169,-1.559,0
B084,2026-07-31,test,0.527,0.009,13.047,0,0,0.0,0.0,1,21,0.178,0.0758,0.972,60,-0.502,0.352,0
B085,2026-07-31,test,0.721,0.0,15.579,0,0,0.0,0.0,0,17,0.142,0.1316,1.744,120,0.582,-0.076,0
B086,2026-07-31,test,0.146,0.0,14.326,11,0,11.0,1.83,1,18,0.283,0.1524,2.044,60,1.461,1.213,0
B087,2026-07-31,test,0.187,0.806,15.228,0,0,-4.33,5.67,8,25,0.412,0.054,1.193,30,0.414,-1.125,0
B088,2026-07-31,test,0.203,0.472,16.212,0,0,-10.0,7.67,6,21,0.485,0.0804,1.148,60,-0.085,0.993,0
B089,2026-07-31,test,0.704,0.787,15.896,0,0,-35.67,23.0,6,19,0.595,0.1409,2.142,30,1.859,2.335,0
B090,2026-07-31,test,0.791,1.163,15.223,35,1,12.67,28.83,12,20,0.599,0.098,0.55,90,0.874,1.071,1
B092,2026-07-31,test,0.126,0.336,14.962,0,0,0.0,0.0,1,12,0.503,0.081,1.504,60,1.478,-0.1,0
B093,2026-07-31,test,0.674,0.405,13.461,0,0,0.0,0.0,0,15,0.344,0.0895,2.478,90,-1.774,-0.912,0
B094,2026-07-31,test,0.131,0.0,14.029,0,0,0.0,0.0,0,12,0.189,0.0986,1.374,30,-0.088,-2.285,0
B095,2026-07-31,test,0.692,0.12,15.768,0,0,-1.33,0.67,3,12,0.343,0.0337,1.798,90,-0.478,1.214,0
B096,2026-07-31,test,0.451,0.295,13.711,0,0,-1.0,0.5,5,22,0.425,0.1055,1.84,30,0.56,-0.339,0
B097,2026-07-31,test,0.185,0.145,15.503,0,0,0.0,1.33,2,10,0.509,0.1676,1.94,30,0.94,2.068,0
B098,2026-07-31,test,0.493,0.0,17.29,0,0,0.0,0.0,2,17,0.212,0.1346,0.97,30,0.332,0.214,0
B099,2026-07-31,test,0.506,0.0,14.749,0,0,0.0,0.0,1,8,0.362,0.107,1.528,120,1.638,-0.923,0
B100,2026-07-31,test,0.82,0.0,15.339,0,0,0.0,0.0,1,20,0.242,0.1479,1.203,60,0.611,0.183,0
B101,2026-07-31,test,0.796,1.021,16.729,20,0,15.67,6.0,4,21,0.528,0.0895,1.685,60,-0.913,-0.583,1
B102,2026-07-31,test,0.066,0.334,16.159,0,0,-5.0,4.5,4,16,0.399,0.1012,1.652,90,-0.627,0.969,0
B103,2026-07-31,test,0.652,0.19,14.853,0,0,-4.67,2.33,1,12,0.022,0.1261,1.269,120,-0.312,-1.328,0
B104,2026-07-31,test,0.483,0.173,15.129,0,0,0.0,2.0,3,15,0.075,0.0168,1.543,30,-0.329,0.677,0
B106,2026-07-31,test,0.759,0.188,15.097,0,0,0.0,0.0,0,12,0.273,0.1529,0.523,60,-0.027,-0.758,0
B107,2026-07-31,test,0.03,0.412,14.232,1,0,-1.33,3.67,6,20,0.346,0.1304,1.296,30,0.297,-0.555,0
B108,2026-07-31,test,0.837,0.491,14.392,0,0,0.0,0.0,2,16,0.321,0.1244,2.172,60,0.848,1.024,0
B109,2026-07-31,test,0.622,0.214,14.688,0,0,0.0,0.0,0,14,0.288,0.097,1.486,60,0.885,0.122,0
B110,2026-07-31,test,0.172,0.472,16.002,6,0,-23.67,28.0,11,16,0.537,0.127,1.23,30,-0.404,0.718,0
B111,2026-07-31,test,0.043,0.0,13.737,0,0,0.0,0.0,0,21,0.102,0.0961,1.433,60,-0.877,-2.244,0
B112,2026-07-31,test,0.11,0.276,15.279,0,0,0.0,1.33,2,25,0.313,0.1151,1.642,30,1.401,-0.145,0
B113,2026-07-31,test,0.537,0.726,15.175,0,0,0.0,1.83,2,22,0.319,0.1201,1.08,30,0.694,0.477,0
B114,2026-07-31,test,0.508,0.938,13.865,39,1,25.33,15.83,12,28,0.462,0.08,0.254,90,-0.414,-0.061,1
B115,2026-07-31,test,0.575,1.179,14.846,39,1,0.67,39.67,10,18,0.623,0.1369,0.285,30,-1.62,-0.357,1
B117,2026-07-31,test,0.231,0.694,17.203,0,0,0.0,0.0,4,29,0.601,0.0519,0.629,90,-1.027,-0.261,0
B118,2026-07-31,test,0.413,0.0,14.074,0,0,0.0,0.0,0,16,0.399,0.1252,0.972,60,-1.577,2.01,0
B119,2026-07-31,test,0.184,0.192,13.882,0,0,0.0,0.0,0,16,0.14,0.0975,1.858,120,-1.787,-1.147,0
B120,2026-07-31,test,0.173,0.62,15.999,0,0,0.0,0.0,4,29,0.317,0.0898,0.854,30,-0.155,0.423,0
B121,2026-07-31,test,0.457,0.158,16.915,0,0,-4.33,2.17,3,19,0.549,0.0548,1.685,90,0.773,-0.018,0
B122,2026-07-31,test,0.696,0.178,15.505,0,0,0.0,0.0,0,17,0.144,0.1348,0.718,60,0.227,-0.656,0
B123,2026-07-31,test,0.157,0.161,15.858,0,0,0.0,0.0,0,21,0.253,0.1533,2.048,60,0.093,2.126,0
B124,2026-07-31,test,0.637,0.0,14.836,4,0,4.0,0.67,1,17,0.254,0.1085,1.333,90,0.71,0.153,0
B125,2026-07-31,test,0.808,0.0,13.877,0,0,0.0,2.33,2,13,0.404,0.1027,0.758,90,-1.677,-0.599,0
B126,2026-07-31,test,0.558,0.02,14.222,0,0,0.0,0.0,1,24,0.374,0.0996,1.293,90,-0.186,0.823,0
B127,2026-07-31,test,0.335,0.0,15.064,0,0,0.0,0.0,2,15,0.421,0.1235,2.135,90,-0.417,-0.785,0
B128,2026-07-31,test,0.229,0.428,14.226,0,0,0.0,0.0,1,22,0.533,0.0832,1.332,30,0.246,-0.279,0
B129,2026-07-31,test,0.647,0.176,14.269,0,0,-1.33,0.67,2,22,0.334,0.0812,1.511,30,0.069,1.644,0
B130,2026-07-31,test,0.636,0.487,15.231,0,0,0.0,0.0,2,19,0.13,0.1141,1.709,60,0.511,1.456,0
B132,2026-07-31,test,0.468,0.057,12.922,0,0,-4.67,2.33,1,21,0.417,0.1349,1.69,30,0.124,-3.086,0
B133,2026-07-31,test,0.264,0.234,13.896,0,0,0.0,0.0,0,14,0.421,0.0869,1.666,60,-1.117,-0.788,0
B134,2026-07-31,test,0.477,0.173,13.569,0,0,0.0,0.0,1,17,0.389,0.1395,0.681,30,-0.393,-1.697,0
B135,2026-07-31,test,0.054,0.236,14.335,0,0,0.0,3.17,1,13,0.321,0.179,0.555,120,2.567,-1.151,0
B136,2026-07-31,test,0.762,0.443,15.435,10,0,7.67,3.0,8,21,0.123,0.0455,1.808,60,-0.485,1.144,0
B137,2026-07-31,test,0.678,0.165,14.802,4,0,-0.33,2.83,4,22,0.373,0.0789,1.682,60,0.031,-0.984,0
B138,2026-07-31,test,0.711,0.492,15.229,0,0,-10.67,7.67,7,18,0.433,0.0706,0.919,120,1.224,0.489,0
B140,2026-07-31,test,0.33,1.163,15.028,20,0,-10.67,20.17,9,30,0.482,0.1323,0.91,30,-0.568,0.783,1
B141,2026-07-31,test,0.084,0.738,15.954,0,0,0.0,2.33,4,16,0.04,0.1261,1.844,90,1.247,2.93,0
B142,2026-07-31,test,0.288,0.132,14.68,0,0,0.0,2.17,1,18,0.572,0.1101,1.652,30,0.206,-0.212,0
B143,2026-07-31,test,0.065,1.3,16.123,36,1,19.67,16.5,12,26,0.572,0.1153,1.388,90,0.098,0.719,1
B144,2026-07-31,test,0.23,0.0,14.451,20,0,20.0,5.67,4,27,0.299,0.0871,2.039,60,-0.269,-1.221,0
B145,2026-07-31,test,0.607,0.808,15.519,0,0,-7.33,4.33,7,12,0.338,0.036,1.48,60,-0.468,0.499,0
B146,2026-07-31,test,0.425,0.284,15.677,0,0,-4.67,3.0,3,15,0.371,0.0967,0.568,90,-1.691,-0.855,0
B147,2026-07-31,test,0.153,0.779,15.541,1,0,-8.33,10.5,6,22,0.573,0.0933,0.915,30,0.777,-1.303,0
B148,2026-07-31,test,0.764,0.121,15.816,0,0,0.0,0.0,0,15,0.378,0.096,1.386,30,-1.238,0.494,0
B149,2026-07-31,test,0.889,0.252,15.079,0,0,0.0,0.0,1,15,0.496,0.0989,1.138,90,-0.228,-0.33,0
B150,2026-07-31,test,0.503,0.488,15.468,0,0,-1.33,4.0,7,19,0.297,0.1494,1.016,30,-1.608,0.997,0
B001,2026-08-31,test,0.711,0.16,15.366,5,0,5.0,0.83,3,21,0.335,0.0852,2.112,90,-0.136,-0.362,0
B003,2026-08-31,test,0.194,1.021,15.057,94,1,65.67,44.33,12,19,0.337,0.1349,1.228,120,1.315,1.713,1
B004,2026-08-31,test,0.068,0.339,14.182,6,0,2.33,5.0,6,13,0.225,0.1058,1.552,60,-0.26,0.991,0
B005,2026-08-31,test,0.135,0.239,15.552,0,0,0.0,0.0,2,21,0.484,0.0953,1.026,30,-0.853,-0.107,0
B006,2026-08-31,test,0.491,0.538,16.375,7,0,7.0,1.17,3,22,0.463,0.1131,1.714,60,-0.409,-0.231,0
B007,2026-08-31,test,0.116,0.0,14.543,0,0,0.0,0.0,1,15,0.6,0.04,1.668,30,1.667,-0.824,0
B008,2026-08-31,test,0.356,0.089,14.531,0,0,0.0,0.0,0,19,0.344,0.104,1.58,30,1.104,1.374,0
B009,2026-08-31,test,0.094,0.264,14.117,0,0,-1.33,2.17,4,17,0.28,0.0418,2.399,60,-0.989,1.676,0
B010,2026-08-31,test,0.867,0.383,15.036,0,0,-12.67,10.0,10,21,0.389,0.0671,0.646,90,1.049,0.473,0
B011,2026-08-31,test,0.134,0.0,14.369,0,0,0.0,0.0,0,15,0.152,0.0972,1.634,30,-0.98,-0.783,0
B012,2026-08-31,test,0.634,0.0,14.674,0,0,0.0,0.0,0,19,0.019,0.042,0.798,90,-1.103,-0.057,0
B013,2026-08-31,test,0.807,0.706,14.904,0,0,0.0,0.0,3,24,0.874,0.065,2.696,90,-2.214,-0.113,0
B014,2026-08-31,test,0.567,0.486,15.623,0,0,-12.0,9.5,6,23,0.28,0.0645,1.078,60,0.922,0.263,0
B015,2026-08-31,test,0.222,0.0,15.745,0,0,0.0,0.0,1,11,0.322,0.0565,1.405,60,0.403,2.024,0
B016,2026-08-31,test,0.57,0.42,14.228,0,0,0.0,0.83,2,26,0.61,0.1272,1.71,30,0.319,1.216,0
B017,2026-08-31,test,0.669,0.825,14.94,15,0,-5.33,24.17,12,24,0.549,0.163,0.818,30,1.366,-0.72,1
B018,2026-08-31,test,0.168,0.364,14.317,0,0,-1.0,0.5,3,19,0.307,0.1096,2.013,30,-0.512,0.19,0
B019,2026-08-31,test,0.799,0.748,14.342,0,0,-6.67,3.33,4,24,0.513,0.0891,1.372,60,-0.608,0.658,0
B020,2026-08-31,test,0.139,0.007,15.666,0,0,-5.33,5.83,7,18,0.4,0.0946,0.784,120,-0.03,1.375,0
B021,2026-08-31,test,0.856,0.147,15.386,0,0,0.0,0.0,0,13,0.444,0.134,1.191,30,0.713,1.942,0
B022,2026-08-31,test,0.208,0.056,15.744,0,0,-2.33,3.17,2,20,0.352,0.082,1.403,30,-0.433,0.912,0
B023,2026-08-31,test,0.64,0.0,13.894,0,0,0.0,0.0,0,14,0.15,0.0625,1.741,60,-0.476,1.142,0
B024,2026-08-31,test,0.415,0.028,15.175,0,0,-1.0,0.5,1,18,0.461,0.0726,1.691,30,0.26,-1.601,0
B025,2026-08-31,test,0.872,0.0,15.662,0,0,0.0,0.0,1,22,0.232,0.1339,1.208,60,-1.385,0.183,0
B026,2026-08-31,test,0.563,0.527,14.968,8,0,8.0,3.33,3,10,0.488,0.1111,1.663,60,0.11,0.089,0
B027,2026-08-31,test,0.041,0.718,15.63,12,0,10.0,3.0,4,27,0.239,0.1241,2.063,60,-0.582,0.147,0
B028,2026-08-31,test,0.112,0.338,15.001,0,0,0.0,0.0,1,20,0.187,0.0544,2.317,60,-0.008,-1.44,0
B029,2026-08-31,test,0.554,0.153,14.89,0,0,0.0,0.0,0,8,0.196,0.0924,1.883,90,0.327,0.398,0
B030,2026-08-31,test,0.441,0.366,15.065,0,0,-7.33,6.67,4,22,0.215,0.1166,1.918,30,0.357,1.307,0
B031,2026-08-31,test,0.369,0.421,14.6,1,0,-3.67,4.33,6,19,0.501,0.0863,-0.016,60,-0.065,1.052,0
B032,2026-08-31,test,0.353,0.089,17.087,0,0,0.0,0.0,1,27,0.386,0.1125,1.11,60,1.886,0.623,0
B033,2026-08-31,test,0.811,0.416,13.858,0,0,0.0,22.17,6,12,0.313,0.0898,0.677,60,1.51,-0.544,0
B034,2026-08-31,test,0.362,0.644,14.059,1,0,-13.67,9.33,12,21,0.489,0.0729,0.138,60,0.455,-0.322,0
B035,2026-08-31,test,0.125,0.996,16.153,17,0,7.0,12.83,11,17,0.757,0.0247,1.188,60,1.191,0.802,0
B036,2026-08-31,test,0.907,0.208,15.635,0,0,0.0,0.0,2,19,0.341,0.0318,0.857,60,-1.075,1.073,0
B037,2026-08-31,test,0.594,0.0,14.272,0,0,-5.33,2.67,1,12,0.32,0.1156,1.757,30,-1.916,-0.059,0
B038,2026-08-31,test,0.88,0.822,15.08,80,1,62.67,24.5,10,22,0.361,0.1064,0.408,60,-0.115,0.257,1
B039,2026-08-31,test,0.411,0.0,14.3,0,0,0.0,0.0,0,12,0.544,0.0733,1.935,30,0.904,1.62,0
B040,2026-08-31,test,0.437,0.432,17.045,0,0,-2.33,1.17,3,20,0.586,0.1462,0.601,60,-0.135,-0.793,0
B041,2026-08-31,test,0.702,0.075,14.558,0,0,0.0,0.0,0,21,0.489,0.0429,1.149,30,1.603,-0.21,0
B042,2026-08-31,test,0.552,0.034,15.325,0,0,-1.33,0.67,1,22,0.234,0.1386,1.112,60,-0.784,-0.139,0
B043,2026-08-31,test,0.66,0.0,13.852,0,0,0.0,0.0,0,15,0.015,0.0509,1.727,30,-1.286,0.161,0
B044,2026-08-31,test,0.488,0.581,14.973,0,0,-4.67,3.33,2,18,0.203,0.0576,1.859,60,-1.396,-0.288,0
B045,2026-08-31,test,0.158,0.0,14.748,0,0,0.0,0.0,1,21,0.345,0.0875,1.24,60,-1.776,1.605,0
B046,2026-08-31,test,0.41,0.404,14.995,0,0,0.0,0.0,1,13,0.373,0.0808,1.154,30,1.633,-0.055,0
B048,2026-08-31,test,0.781,0.733,16.652,0,0,0.0,3.33,1,20,0.464,0.0636,1.529,60,-0.084,-1.596,0
B049,2026-08-31,test,0.377,0.391,14.818,0,0,-2.0,2.0,5,14,0.528,0.1357,1.707,60,0.841,-1.135,0
B050,2026-08-31,test,0.069,0.0,14.187,0,0,0.0,4.83,2,18,0.538,0.0906,1.182,30,0.39,-0.963,0
B051,2026-08-31,test,0.47,0.185,15.189,0,0,0.0,0.0,0,19,0.207,0.1075,2.197,30,0.295,0.246,0
B052,2026-08-31,test,0.845,0.0,15.373,0,0,0.0,0.83,2,22,0.633,0.0969,1.661,30,-1.4,0.541,0
B054,2026-08-31,test,0.014,0.0,15.189,0,0,-2.33,1.17,2,14,0.689,0.027,1.195,60,-0.591,-2.332,0
B055,2026-08-31,test,0.48,0.133,13.146,19,0,19.0,3.17,1,17,0.176,0.1832,1.708,30,0.463,-0.164,0
B056,2026-08-31,test,0.555,0.618,13.362,0,0,-1.0,2.5,5,20,0.624,0.0814,1.2,30,-0.869,0.134,0
B057,2026-08-31,test,0.348,1.174,14.992,70,1,34.67,33.0,12,19,0.265,0.1511,0.701,30,-1.215,-0.89,1
B058,2026-08-31,test,0.448,0.149,16.448,0,0,0.0,0.0,0,22,0.196,0.0944,1.243,120,0.95,0.947,0
B059,2026-08-31,test,0.307,0.668,15.081,0,0,-5.0,2.5,2,24,0.301,0.1733,1.317,90,0.798,-0.819,0
B060,2026-08-31,test,0.34,0.0,13.04,0,0,0.0,0.0,0,15,0.48,0.083,1.358,60,-0.041,1.384,0
B061,2026-08-31,test,0.919,0.77,15.701,24,0,-21.33,26.67,5,15,0.475,0.1216,1.309,90,-1.655,-1.417,1
B062,2026-08-31,test,0.748,0.003,14.322,0,0,0.0,0.0,0,22,0.363,0.0849,1.067,90,-1.359,-1.53,0
B063,2026-08-31,test,0.109,0.667,14.963,0,0,-4.0,5.33,7,20,0.575,0.0893,0.665,120,0.069,1.747,0
B064,2026-08-31,test,0.067,0.0,13.715,0,0,0.0,0.0,1,11,0.213,0.1118,2.068,30,0.769,-1.372,0
B065,2026-08-31,test,0.161,0.0,15.841,0,0,0.0,0.0,0,11,0.406,0.0597,1.84,90,-0.587,0.5,0
B066,2026-08-31,test,0.623,0.0,14.865,0,0,0.0,0.0,1,17,0.025,0.1249,1.893,30,-0.275,0.805,0
B067,2026-08-31,test,0.362,0.0,15.123,0,0,0.0,0.0,0,12,0.433,0.1172,1.505,30,0.482,-3.722,0
B068,2026-08-31,test,0.482,0.421,14.731,0,0,0.0,0.0,2,19,0.48,0.0956,1.878,60,-1.467,0.507,0
B069,2026-08-31,test,0.068,0.0,15.187,0,0,0.0,0.0,2,16,0.385,0.1023,0.416,90,0.506,0.519,0
B070,2026-08-31,test,0.413,0.351,15.248,0,0,0.0,0.0,2,17,0.368,0.1244,1.986,60,0.342,0.219,0
B071,2026-08-31,test,0.066,0.3,13.991,12,0,12.0,2.0,6,21,0.192,0.0856,2.039,60,-0.407,-0.198,0
B072,2026-08-31,test,0.846,0.796,15.5,34,1,22.33,20.5,10,13,0.429,0.0515,1.088,60,-0.217,-0.031,1
B073,2026-08-31,test,0.149,0.0,15.182,0,0,0.0,0.0,0,17,0.285,0.0835,2.418,60,-1.546,-0.075,0
B074,2026-08-31,test,0.382,0.0,15.352,0,0,0.0,0.0,2,18,0.466,0.1569,1.978,60,0.035,1.329,0
B075,2026-08-31,test,0.236,0.308,13.302,0,0,0.0,0.0,2,12,0.352,0.0658,1.527,60,-1.074,0.374,0
B076,2026-08-31,test,0.467,0.314,14.417,0,0,0.0,0.0,0,14,0.469,0.1082,1.619,120,-0.334,-0.813,0
B077,2026-08-31,test,0.57,0.499,16.548,0,0,0.0,0.0,3,32,0.206,0.0874,1.207,90,-0.396,1.453,0
B078,2026-08-31,test,0.425,0.0,15.692,0,0,0.0,0.0,0,20,0.277,0.0961,1.44,30,-0.656,0.543,0
B079,2026-08-31,test,0.528,0.153,15.095,0,0,0.0,0.67,1,10,0.286,0.1164,1.888,30,-1.814,1.689,0
B080,2026-08-31,test,0.367,0.0,13.787,0,0,0.0,0.0,0,26,0.239,0.0805,1.568,60,-0.584,-0.885,0
B081,2026-08-31,test,0.139,0.626,14.539,0,0,-1.33,3.17,3,18,0.417,0.1348,0.953,60,-0.989,-0.659,0
B082,2026-08-31,test,0.058,0.15,14.471,4,0,4.0,1.17,3,23,0.219,0.024,1.352,90,0.291,1.365,0
B084,2026-08-31,test,0.485,0.099,13.719,7,0,7.0,1.17,2,19,0.028,0.0526,0.855,60,0.913,0.811,0
B086,2026-08-31,test,0.164,0.123,14.575,0,0,-3.67,1.83,1,19,0.256,0.0528,1.783,60,0.694,0.049,0
B087,2026-08-31,test,0.319,0.636,15.018,12,0,7.67,4.67,8,16,0.246,0.1417,1.056,30,0.972,-2.036,0
B088,2026-08-31,test,0.182,0.105,16.697,11,0,6.0,6.83,6,15,0.453,0.0886,1.078,60,-0.662,0.892,0
B089,2026-08-31,test,0.718,0.404,15.645,18,0,-7.0,22.67,7,17,0.281,0.117,1.992,30,0.095,-2.538,0
B090,2026-08-31,test,0.832,1.127,15.222,34,1,1.67,29.83,12,26,0.409,0.0782,0.562,90,-0.987,0.687,0
B092,2026-08-31,test,0.095,0.247,15.111,0,0,0.0,0.0,0,22,0.487,0.0977,1.575,60,-0.263,-0.021,0
B093,2026-08-31,test,0.648,0.888,13.29,0,0,0.0,0.0,0,17,0.091,0.117,2.362,90,0.065,0.49,0
B094,2026-08-31,test,0.127,0.0,14.01,0,0,0.0,0.0,0,19,0.168,0.1281,1.347,30,0.478,-1.021,0
B095,2026-08-31,test,0.735,0.266,16.24,0,0,-1.33,0.67,3,13,0.165,0.0745,1.753,90,0.771,-0.474,0
B096,2026-08-31,test,0.494,0.085,14.202,0,0,-0.67,0.5,4,29,0.204,0.1248,2.113,30,-0.597,-0.129,0
B097,2026-08-31,test,0.216,0.464,15.563,0,0,0.0,0.0,2,27,0.197,0.0976,2.249,30,-1.347,1.399,0
B098,2026-08-31,test,0.477,0.0,17.442,0,0,0.0,0.0,2,15,0.183,0.1372,1.102,30,-0.508,0.366,0
B099,2026-08-31,test,0.54,0.0,14.967,0,0,0.0,0.0,1,12,0.132,0.0958,1.602,120,-0.71,0.16,0
B100,2026-08-31,test,0.902,0.275,15.276,0,0,0.0,0.0,0,8,0.528,0.0916,0.968,60,1.469,-0.384,0
B101,2026-08-31,test,0.77,0.569,17.166,50,1,43.33,13.83,5,11,0.378,0.1225,1.73,60,0.429,0.987,1
B102,2026-08-31,test,0.078,0.584,16.012,15,0,15.0,5.0,5,15,0.371,0.0618,1.612,90,-1.896,0.184,0
B103,2026-08-31,test,0.579,0.21,15.205,12,0,12.0,4.33,2,24,0.353,0.1269,1.178,120,-0.825,-0.472,0
B104,2026-08-31,test,0.509,0.043,15.303,0,0,0.0,0.0,2,12,0.196,0.1319,1.505,30,-0.205,0.076,0
B105,2026-08-31,test,0.778,0.731,15.879,0,0,0.0,0.0,2,21,0.544,0.1076,1.595,60,-0.787,1.516,0
B106,2026-08-31,test,0.766,0.56,15.308,0,0,0.0,0.0,0,20,0.426,0.119,0.774,60,-0.522,-1.775,0
B107,2026-08-31,test,0.058,0.414,14.526,0,0,-0.33,1.33,6,22,0.209,0.0874,1.311,30,0.369,-1.503,0
B108,2026-08-31,test,0.786,0.0,14.57,0,0,0.0,0.0,1,21,0.289,0.0583,2.183,60,0.631,-0.054,0
B109,2026-08-31,test,0.586,0.311,14.726,0,0,0.0,0.0,0,15,0.119,0.0701,1.587,60,-1.911,-0.539,0
B110,2026-08-31,test,0.167,0.466,15.772,0,0,-7.33,20.67,10,27,0.589,0.0813,1.354,30,-0.276,2.057,0
B111,2026-08-31,test,0.066,0.156,14.095,1,0,1.0,0.17,1,12,0.251,0.1235,1.418,60,0.323,0.316,0
B112,2026-08-31,test,0.244,0.22,15.431,0,0,0.0,1.33,2,15,0.362,0.0796,1.987,30,-1.001,1.127,0
B113,2026-08-31,test,0.572,0.629,15.19,15,0,15.0,4.33,2,21,0.484,0.0679,0.951,30,0.199,-0.385,0
B114,2026-08-31,test,0.475,0.774,13.892,35,1,13.67,21.33,12,24,0.523,0.0559,0.465,90,-1.35,-0.283,1
B115,2026-08-31,test,0.599,1.202,15.029,13,0,-17.67,33.67,11,15,0.43,0.1166,0.269,30,-1.322,-0.816,1
B116,2026-08-31,test,0.348,0.0,15.494,0,0,0.0,0.0,0,18,0.175,0.1034,1.347,60,2.122,0.478,0
B117,2026-08-31,test,0.22,1.047,17.301,0,0,0.0,0.0,4,23,0.522,0.145,0.474,90,-0.602,0.032,0
B118,2026-08-31,test,0.36,0.153,14.112,0,0,0.0,0.0,0,17,0.323,0.0526,0.788,60,-0.778,2.235,0
B119,2026-08-31,test,0.192,0.007,13.486,0,0,0.0,0.0,0,25,0.32,0.0697,2.036,120,0.442,-0.278,0
B120,2026-08-31,test,0.189,0.693,16.18,17,0,17.0,2.83,4,14,0.703,0.1179,0.937,30,1.457,-1.935,0
B121,2026-08-31,test,0.473,0.185,16.748,0,0,-4.33,2.17,3,16,0.45,0.0729,1.65,90,0.036,-0.166,0
B122,2026-08-31,test,0.694,0.0,15.856,0,0,0.0,0.0,0,23,0.363,0.0817,0.695,60,-0.581,-1.123,0
B123,2026-08-31,test,0.148,0.258,15.927,0,0,0.0,0.0,0,18,0.13,0.086,1.889,60,0.252,0.148,0
B124,2026-08-31,test,0.592,0.0,15.292,0,0,-1.33,0.67,1,18,0.407,0.1186,1.298,90,0.226,0.902,0
B125,2026-08-31,test,0.783,0.0,13.906,0,0,0.0,2.33,2,21,0.044,0.1358,0.473,90,-1.136,-0.04,0
B126,2026-08-31,test,0.626,0.179,14.373,0,0,0.0,0.0,1,10,0.266,0.1016,1.496,90,-2.315,-0.312,0
B127,2026-08-31,test,0.296,0.666,14.994,0,0,0.0,0.0,2,12,0.251,0.0783,1.861,90,0.186,-0.338,0
B128,2026-08-31,test,0.171,0.242,14.419,0,0,0.0,0.0,1,22,0.343,0.1031,1.606,30,-1.065,1.638,0
B129,2026-08-31,test,0.657,0.516,14.052,0,0,0.0,0.67,2,16,0.265,0.1019,1.575,30,0.029,0.182,0
B131,2026-08-31,test,-0.004,0.683,14.857,6,0,-9.0,8.5,5,14,0.394,0.1072,0.946,30,-0.247,-0.692,0
B132,2026-08-31,test,0.494,0.257,12.966,0,0,-4.67,2.33,1,16,0.316,0.1301,1.433,30,0.586,-0.454,0
B133,2026-08-31,test,0.251,0.203,13.796,0,0,0.0,0.0,0,22,0.275,0.0753,1.7,60,0.093,1.436,0
B134,2026-08-31,test,0.46,0.287,13.816,0,0,0.0,0.0,1,16,0.319,0.0696,0.517,30,-0.994,-1.699,0
B135,2026-08-31,test,0.098,0.526,14.934,0,0,0.0,0.0,1,14,0.216,0.0854,0.542,120,-0.297,0.277,0
B136,2026-08-31,test,0.743,0.401,15.086,0,0,-3.33,2.83,7,28,0.227,0.0312,1.614,60,0.409,-0.037,0
B137,2026-08-31,test,0.621,0.163,14.813,12,0,10.67,4.83,4,15,0.377,0.0562,1.896,60,-0.255,0.66,0
B138,2026-08-31,test,0.699,0.957,15.052,0,0,-4.0,7.67,6,19,0.092,0.154,1.003,120,-1.564,0.59,0
B139,2026-08-31,test,0.257,0.857,16.65,10,0,-1.67,8.33,9,18,0.503,0.1036,1.794,60,-0.395,0.84,1
B140,2026-08-31,test,0.301,1.199,14.711,65,1,34.67,31.0,9,19,0.373,0.1074,0.685,30,0.117,0.645,1
B141,2026-08-31,test,0.065,0.577,16.079,15,0,15.0,2.5,4,16,0.558,0.0844,1.572,90,1.672,-0.38,0
B142,2026-08-31,test,0.321,0.027,14.922,0,0,0.0,2.17,1,16,0.539,0.0532,1.652,30,-2.01,1.055,0
B143,2026-08-31,test,-0.017,1.3,16.488,16,0,-12.0,17.33,12,25,0.41,0.1096,1.258,90,-0.749,0.39,1
B144,2026-08-31,test,0.284,0.199,14.717,0,0,-6.67,3.33,4,21,0.583,0.0689,2.177,60,2.036,0.571,0
B145,2026-08-31,test,0.615,0.59,15.483,0,0,-1.33,4.33,7,14,0.394,0.0899,1.286,60,-0.016,0.984,0
B146,2026-08-31,test,0.405,0.444,15.17,0,0,-4.67,2.33,3,17,0.197,0.1246,0.568,90,0.72,1.05,0
B147,2026-08-31,test,0.159,0.561,15.141,0,0,-4.33,7.17,6,17,0.383,0.0531,0.943,30,1.543,-0.197,0
B148,2026-08-31,test,0.815,0.142,16.043,0,0,0.0,0.0,0,11,0.224,0.0457,1.471,30,-1.056,0.74,0
B149,2026-08-31,test,0.931,0.223,15.737,0,0,0.0,0.0,0,23,0.271,0.1639,1.023,90,-0.615,1.139,0
B150,2026-08-31,test,0.435,0.639,15.247,0,0,0.0,1.67,6,16,0.501,0.0785,1.101,30,-0.022,1.505,0
